1517495400,42.800,42.800,42.800,42.800,0,0
1517496900,43.920,43.920,43.920,43.920,806,0
1517497140,43.920,43.920,43.920,43.920,0,0
1517497200,43.910,43.910,43.910,43.910,518,806
1517498400,43.450,43.240,43.240,43.450,2395,1324
1517498460,43.450,43.240,43.240,43.450,0,0
1517498520,43.230,43.230,43.230,43.230,0,0
1517499300,43.100,43.100,43.100,43.100,302,3719
1517499420,43.100,43.100,43.100,43.100,0,0
1517499600,42.910,42.910,42.910,42.910,300,4021
1517499840,42.910,42.910,42.910,42.910,0,0
1517499900,42.810,42.790,42.790,42.950,2006,4321
1517500200,42.540,42.540,42.540,42.540,200,6327
1517500380,42.540,42.540,42.540,42.540,0,0
1517502000,42.550,42.550,42.550,42.550,508,6527
1517502060,42.550,42.550,42.550,42.550,0,0
1517502600,42.330,42.330,42.330,42.330,3079,7035
1517502780,42.330,42.330,42.330,42.330,0,0
1517502840,42.590,42.600,42.590,42.760,0,0
1517505900,43.330,43.370,43.330,43.370,1363,10114
1517506140,43.330,43.370,43.330,43.370,0,0
1517506200,43.380,43.380,43.380,43.380,570,11477
1517508600,43.900,43.900,43.900,43.900,211,12047
1517508840,43.900,43.900,43.900,43.900,0,0
1517510400,44.080,44.080,44.080,44.080,292,12258
1517510580,44.080,44.080,44.080,44.080,0,0
1517511000,43.870,43.870,43.870,43.870,100,12550
1517511900,43.870,43.870,43.870,43.870,180,12650
1517512200,43.870,43.870,43.870,43.870,116,12830
1517513100,43.800,43.800,43.800,43.800,235,12946
1517513340,43.800,43.800,43.800,43.800,0,0
1517513400,43.770,43.770,43.770,43.770,404,13181
1517513460,43.770,43.770,43.770,43.770,0,0
1517513520,43.750,43.750,43.750,43.750,0,0
1517514600,43.870,43.870,43.870,43.870,416,13585
1517514660,43.870,43.870,43.870,43.870,0,0
1517514900,43.950,43.950,43.950,43.950,120,14001
1517516400,43.950,44.020,43.950,44.020,688,14121
1517516580,43.950,44.020,43.950,44.020,0,0
1517516700,43.650,43.650,43.650,43.650,300,14809
1517516760,43.650,43.650,43.650,43.650,0,0
1517516880,43.950,43.950,43.950,43.950,0,0
1517516940,43.950,43.950,43.950,43.950,0,0
1517517000,43.210,43.210,43.210,43.210,1977,15109
1517517060,43.950,43.950,43.950,43.950,0,0
1517517120,43.950,43.940,43.940,43.950,0,0
1517517180,43.180,43.970,43.180,43.970,0,0
1517517240,43.950,43.950,43.950,43.950,0,0
1517517600,43.870,43.870,43.870,43.870,2317,17086
1517517840,43.850,43.850,43.850,43.850,0,0
1517518500,43.300,43.300,43.300,43.300,4417,19403
1517518620,43.820,43.820,43.820,43.820,0,0
1517518740,43.870,43.930,43.870,44.070,0,0
1517581800,43.540,43.540,43.540,43.540,0,0
1517582100,42.690,42.690,42.690,42.690,355,0
1517582280,42.690,42.690,42.690,42.690,0,0
1517583000,43.400,43.400,43.400,43.400,697,355
1517583300,43.010,43.010,43.010,43.010,570,1052
1517583480,43.010,43.010,43.010,43.010,0,0
1517583900,43.010,43.000,43.000,43.010,1482,1622
1517584020,42.990,42.670,42.670,42.990,0,0
1517584080,42.360,42.360,42.360,42.360,0,0
1517584500,42.270,42.270,42.270,42.270,114,3104
1517584680,42.270,42.270,42.270,42.270,0,0
1517584800,42.360,42.250,42.250,42.360,5429,3218
1517584860,42.360,42.250,42.250,42.360,0,0
1517584920,42.250,42.700,42.230,42.700,0,0
1517584980,42.780,42.800,42.780,42.800,0,0
1517585100,42.240,42.240,42.240,42.240,288,8647
1517585280,42.240,42.240,42.240,42.240,0,0
1517586000,42.460,42.200,42.200,42.520,3058,8935
1517586060,42.530,42.530,42.530,42.530,0,0
1517586120,42.540,42.550,42.540,42.750,0,0
1517586300,42.310,42.310,42.310,42.310,353,11993
1517586540,42.310,42.310,42.310,42.310,0,0
1517586600,42.500,42.500,42.500,42.500,500,12346
1517586720,42.230,42.230,42.230,42.230,0,0
1517586900,42.310,42.310,42.310,42.310,830,12846
1517587080,42.310,42.310,42.310,42.310,0,0
1517587500,42.230,42.230,42.230,42.230,100,13676
1517588100,42.230,42.230,42.230,42.230,111,13776
1517588340,42.230,42.230,42.230,42.230,0,0
1517588400,42.250,42.250,42.250,42.250,101,13887
1517588640,42.250,42.250,42.250,42.250,0,0
1517589000,42.300,42.300,42.300,42.300,1452,13988
1517589060,42.300,42.300,42.300,42.300,0,0
1517589120,42.310,42.310,42.310,42.310,0,0
1517589180,42.350,42.350,42.350,42.350,0,0
1517589240,42.410,42.230,42.230,42.410,0,0
1517589300,42.230,42.180,42.180,42.240,1684,15440
1517589900,42.010,42.010,42.010,42.010,275,17124
1517590080,42.010,42.010,42.010,42.010,0,0
1517590200,41.620,42.100,41.620,42.100,3194,17399
1517590440,41.620,42.100,41.620,42.100,0,0
1517590800,41.750,41.750,41.750,41.750,144,20593
1517590860,41.750,41.750,41.750,41.750,0,0
1517591100,41.650,41.900,41.650,41.900,668,20737
1517591220,41.650,41.900,41.650,41.900,0,0
1517591400,42.000,42.000,42.000,42.000,240,21405
1517591580,42.000,42.000,42.000,42.000,0,0
1517591700,42.000,42.000,42.000,42.000,100,21645
1517591880,42.000,42.000,42.000,42.000,0,0
1517592300,41.880,41.880,41.880,41.880,210,21745
1517592540,41.880,41.880,41.880,41.880,0,0
1517592600,41.930,42.100,41.930,42.110,500,21955
1517592720,41.930,42.100,41.930,42.110,0,0
1517592900,42.110,42.110,42.110,42.110,144,22455
1517593140,42.110,42.110,42.110,42.110,0,0
1517593500,41.880,41.880,41.880,41.880,120,22599
1517593740,41.880,41.880,41.880,41.880,0,0
1517593800,42.110,42.110,42.110,42.110,131,22719
1517594040,42.110,42.110,42.110,42.110,0,0
1517594100,41.960,42.110,41.960,42.110,1470,22850
1517594340,41.960,42.110,41.960,42.110,0,0
1517594400,42.030,42.030,42.030,42.030,2600,24320
1517594460,41.960,42.110,41.960,42.110,0,0
1517594640,42.110,42.050,42.050,42.110,0,0
1517594700,41.920,41.920,41.920,41.920,1112,26920
1517595000,41.570,41.570,41.570,41.570,1172,28032
1517595060,41.570,41.570,41.570,41.570,0,0
1517595180,41.510,41.530,41.510,41.550,0,0
1517595300,41.340,41.340,41.340,41.340,411,29204
1517595540,41.340,41.340,41.340,41.340,0,0
1517596200,41.300,41.300,41.300,41.300,200,29615
1517596320,41.300,41.300,41.300,41.300,0,0
1517596500,41.300,41.300,41.300,41.300,600,29815
1517596680,41.300,41.300,41.300,41.300,0,0
1517597400,41.350,41.350,41.350,41.350,200,30415
1517597520,41.350,41.350,41.350,41.350,0,0
1517597640,41.300,41.300,41.300,41.300,0,0
1517598300,41.490,41.490,41.490,41.490,530,30615
1517598360,41.490,41.490,41.490,41.490,0,0
1517598900,41.300,41.300,41.300,41.300,1935,31145
1517599020,41.250,41.290,41.250,41.290,0,0
1517599080,41.340,41.340,41.340,41.340,0,0
1517599200,41.340,41.340,41.340,41.340,1768,33080
1517599260,41.340,41.340,41.340,41.340,0,0
1517599380,41.300,41.200,41.200,41.300,0,0
1517599440,41.220,41.220,41.220,41.220,0,0
1517599800,41.250,41.250,41.250,41.250,1800,34848
1517599980,41.250,41.250,41.250,41.250,0,0
1517600040,41.210,41.350,41.210,41.350,0,0
1517600100,41.220,41.220,41.220,41.220,807,36648
1517600160,41.240,41.240,41.240,41.240,0,0
1517600340,41.280,41.270,41.270,41.280,0,0
1517600400,41.270,41.270,41.270,41.270,100,37455
1517600460,41.270,41.270,41.270,41.270,0,0
1517601000,41.360,41.360,41.360,41.360,663,37555
1517601060,41.360,41.360,41.360,41.360,0,0
1517601120,41.300,41.300,41.300,41.300,0,0
1517601240,41.240,41.240,41.240,41.240,0,0
1517601900,41.220,41.220,41.220,41.220,140,38218
1517602140,41.220,41.220,41.220,41.220,0,0
1517602200,41.220,41.250,41.220,41.250,2917,38358
1517602260,41.220,41.270,41.220,41.270,0,0
1517602320,41.300,41.300,41.300,41.300,0,0
1517602500,41.150,41.150,41.150,41.150,2314,41275
1517602560,41.300,41.300,41.300,41.300,0,0
1517602620,41.370,41.480,41.370,41.480,0,0
1517602800,41.890,41.890,41.890,41.890,2014,43589
1517602980,41.890,41.890,41.890,41.890,0,0
1517603100,42.000,42.000,42.000,42.000,722,45603
1517603340,42.000,42.000,42.000,42.000,0,0
1517603400,41.990,41.990,41.990,41.990,612,46325
1517603580,41.990,41.990,41.990,41.990,0,0
1517603640,41.980,41.980,41.980,41.980,0,0
1517604000,42.000,42.000,42.000,42.000,1732,46937
1517604180,42.000,42.000,42.000,42.000,0,0
1517604300,42.180,42.000,42.000,42.180,308,48669
1517604540,42.180,42.000,42.000,42.180,0,0
1517604600,41.760,41.980,41.760,42.000,4181,48977
1517604660,42.000,42.030,42.000,42.030,0,0
1517604840,42.000,42.000,42.000,42.000,0,0
1517604900,42.030,41.770,41.770,42.030,14968,53158
1517605020,41.770,42.000,41.770,42.000,0,0
1517605080,41.980,42.000,41.980,42.000,0,0
1517605140,41.990,41.790,41.690,42.000,0,0
1517841000,41.070,41.070,41.070,41.070,2109,0
1517841060,41.430,41.400,41.400,41.430,0,0
1517841300,41.730,40.810,40.810,41.730,1087,2109
1517841540,41.730,40.810,40.810,41.730,0,0
1517842200,41.250,41.250,41.250,41.250,1366,3196
1517842320,41.250,41.250,41.250,41.250,0,0
1517842440,41.000,41.000,41.000,41.000,0,0
1517843100,40.900,40.900,40.900,40.900,197,4562
1517843160,40.900,40.900,40.900,40.900,0,0
1517843400,41.460,41.460,41.460,41.460,333,4759
1517844000,41.000,41.000,41.000,41.000,130,5092
1517844060,41.000,41.000,41.000,41.000,0,0
1517844600,40.950,40.950,40.950,40.950,130,5222
1517844900,40.840,40.840,40.840,40.840,1149,5352
1517845200,41.240,41.250,41.240,41.250,2304,6501
1517845320,41.240,41.250,41.240,41.250,0,0
1517845440,41.300,41.300,41.300,41.300,0,0
1517845500,41.330,41.330,41.330,41.330,235,8805
1517845680,41.300,41.300,41.300,41.300,0,0
1517845800,41.180,41.180,41.180,41.180,620,9040
1517847300,41.300,41.300,41.300,41.300,392,9660
1517847360,41.300,41.300,41.300,41.300,0,0
1517848200,41.190,41.140,41.140,41.190,2248,10052
1517848320,41.190,41.140,41.140,41.190,0,0
1517848380,41.100,41.100,41.100,41.100,0,0
1517848800,40.850,40.850,40.850,40.850,775,12300
1517848980,40.850,40.850,40.850,40.850,0,0
1517849400,41.130,41.150,41.130,41.150,1326,13075
1517849580,41.130,41.150,41.130,41.150,0,0
1517850000,41.210,41.210,41.210,41.210,300,14401
1517850300,41.440,41.440,41.440,41.440,100,14701
1517850480,41.440,41.440,41.440,41.440,0,0
1517851200,40.940,40.940,40.940,40.940,1000,14801
1517851380,41.200,41.200,41.200,41.200,0,0
1517851440,41.220,41.290,41.220,41.290,0,0
1517852400,41.020,41.020,41.020,41.020,128,15801
1517852640,41.020,41.020,41.020,41.020,0,0
1517853900,41.270,41.270,41.270,41.270,139,15929
1517854200,41.150,41.150,41.150,41.150,748,16068
1517854320,41.120,41.120,41.120,41.120,0,0
1517854440,41.030,41.030,41.030,41.030,0,0
1517854500,41.150,41.150,41.150,41.150,901,16816
1517854560,41.150,41.150,41.150,41.150,0,0
1517854620,41.120,41.120,41.120,41.120,0,0
1517855100,41.300,41.180,41.180,41.300,801,17717
1517855160,41.300,41.180,41.180,41.300,0,0
1517856000,41.110,41.250,41.110,41.250,590,18518
1517856240,41.120,41.120,41.120,41.120,0,0
1517856900,41.210,41.280,41.210,41.280,510,19108
1517856960,41.210,41.280,41.210,41.280,0,0
1517857200,41.250,41.250,41.250,41.250,312,19618
1517857260,41.250,41.250,41.250,41.250,0,0
1517857500,41.170,41.170,41.170,41.170,100,19930
1517857560,41.170,41.170,41.170,41.170,0,0
1517858100,41.160,41.190,41.160,41.190,941,20030
1517858220,41.160,41.190,41.160,41.190,0,0
1517858400,41.030,41.030,41.030,41.030,300,20971
1517859000,40.970,41.010,40.970,41.010,428,21271
1517859180,41.000,41.000,41.000,41.000,0,0
1517859300,40.950,40.950,40.950,40.950,200,21699
1517859420,40.950,40.950,40.950,40.950,0,0
1517859540,40.870,40.870,40.870,40.870,0,0
1517859600,40.850,40.840,40.840,40.850,1396,21899
1517859780,40.850,40.840,40.840,40.850,0,0
1517859840,40.810,40.810,40.810,40.810,0,0
1517860200,40.750,40.750,40.750,40.750,720,23295
1517860260,40.750,40.750,40.750,40.750,0,0
1517860500,40.600,40.550,40.550,40.600,510,24015
1517860560,40.600,40.550,40.550,40.600,0,0
1517860620,40.430,40.430,40.430,40.430,0,0
1517861100,40.500,40.500,40.500,40.500,465,24525
1517861400,40.000,40.000,40.000,40.000,1648,24990
1517861460,40.000,40.000,40.000,40.000,0,0
1517861520,39.740,39.740,39.740,39.740,0,0
1517861580,40.100,40.100,40.100,40.100,0,0
1517861640,40.040,40.040,40.040,40.040,0,0
1517861700,40.100,40.100,40.100,40.100,960,26638
1517861760,40.130,40.130,40.130,40.130,0,0
1517861880,40.270,40.270,40.270,40.270,0,0
1517862600,40.320,40.320,40.320,40.320,407,27598
1517862900,40.470,40.470,40.470,40.470,318,28005
1517863080,40.470,40.470,40.470,40.470,0,0
1517863200,40.490,40.490,40.490,40.490,1371,28323
1517863260,40.480,40.480,40.480,40.480,0,0
1517863800,40.500,40.500,40.500,40.500,5176,29694
1517863920,40.500,40.500,40.500,40.500,0,0
1517863980,40.500,40.480,40.450,40.500,0,0
1517864040,40.470,40.450,40.450,40.470,0,0
1517864100,40.450,40.450,40.450,40.450,6647,34870
1517864280,40.470,40.480,40.470,40.500,0,0
1517864340,40.500,40.500,40.500,40.530,0,0
1517927400,39.590,39.590,39.590,39.590,0,0
1517928000,40.000,39.870,39.870,40.000,3355,0
1517928180,40.000,39.870,39.870,40.000,0,0
1517928240,40.130,40.130,40.130,40.130,0,0
1517928300,40.550,40.550,40.550,40.550,1050,3355
1517928480,40.480,40.500,40.480,40.500,0,0
1517928600,40.450,40.450,40.450,40.450,281,4405
1517928720,40.450,40.450,40.450,40.450,0,0
1517928900,40.480,40.480,40.480,40.480,1689,4686
1517928960,40.480,40.480,40.480,40.480,0,0
1517929200,40.030,40.030,40.030,40.030,130,6375
1517929320,40.030,40.030,40.030,40.030,0,0
1517929500,40.650,40.650,40.650,40.650,252,6505
1517929680,40.650,40.650,40.650,40.650,0,0
1517930400,40.470,40.470,40.470,40.470,374,6757
1517930700,39.990,39.990,39.990,39.990,1035,7131
1517931600,40.200,40.200,40.200,40.200,1001,8166
1517931660,40.200,40.200,40.200,40.200,0,0
1517932500,40.400,40.400,40.400,40.400,373,9167
1517932560,40.400,40.400,40.400,40.400,0,0
1517932800,40.010,40.010,40.010,40.010,124,9540
1517932920,40.010,40.010,40.010,40.010,0,0
1517934300,40.520,40.520,40.520,40.520,412,9664
1517934360,40.520,40.520,40.520,40.520,0,0
1517935200,40.850,40.850,40.850,40.850,692,10076
1517935440,40.850,40.850,40.850,40.850,0,0
1517935800,40.510,40.510,40.510,40.510,1164,10768
1517935860,40.510,40.510,40.510,40.510,0,0
1517935980,40.180,40.180,40.180,40.180,0,0
1517936400,40.230,40.230,40.230,40.230,484,11932
1517936580,40.230,40.230,40.230,40.230,0,0
1517936640,40.400,40.400,40.400,40.400,0,0
1517937000,40.510,40.510,40.510,40.510,128,12416
1517937240,40.510,40.510,40.510,40.510,0,0
1517937300,40.400,40.400,40.400,40.400,383,12544
1517937480,40.400,40.400,40.400,40.400,0,0
1517937600,40.340,40.290,40.290,40.340,1205,12927
1517937660,40.340,40.290,40.290,40.340,0,0
1517937780,40.270,40.270,40.270,40.270,0,0
1517939400,40.120,40.120,40.120,40.120,745,14132
1517939640,40.120,40.120,40.120,40.120,0,0
1517939700,40.030,40.030,40.030,40.030,600,14877
1517939760,40.030,40.030,40.030,40.030,0,0
1517940900,40.340,40.340,40.340,40.340,396,15477
1517941200,40.200,40.200,40.200,40.200,1755,15873
1517941320,40.200,40.200,40.200,40.200,0,0
1517941800,40.020,40.020,40.020,40.020,1636,17628
1517942100,40.020,40.020,40.020,40.020,111,19264
1517942220,40.020,40.020,40.020,40.020,0,0
1517942400,40.000,40.000,40.000,40.000,110,19375
1517942640,40.000,40.000,40.000,40.000,0,0
1517943300,40.030,40.030,40.030,40.030,208,19485
1517943480,40.030,40.030,40.030,40.030,0,0
1517943900,39.950,40.020,39.950,40.020,4801,19693
1517944020,39.950,40.020,39.950,40.020,0,0
1517944800,39.860,39.860,39.860,39.860,269,24494
1517944920,39.860,39.860,39.860,39.860,0,0
1517945100,39.620,39.620,39.620,39.620,150,24763
1517945280,39.620,39.620,39.620,39.620,0,0
1517946900,39.620,39.620,39.620,39.620,244,24913
1517947200,39.880,39.880,39.880,39.880,102,25157
1517947320,39.880,39.880,39.880,39.880,0,0
1517947500,40.090,40.090,40.090,40.090,901,25259
1517947560,40.000,40.000,40.000,40.000,0,0
1517947800,39.910,39.910,39.910,39.910,1102,26160
1517947920,39.910,39.910,39.910,39.910,0,0
1517948100,39.720,39.720,39.720,39.720,199,27262
1517948280,39.720,39.720,39.720,39.720,0,0
1517948700,39.710,39.710,39.710,39.710,851,27461
1517948820,39.710,39.710,39.710,39.710,0,0
1517948880,39.710,39.710,39.710,39.710,0,0
1517949000,39.690,39.690,39.690,39.690,600,28312
1517949180,39.690,39.690,39.690,39.690,0,0
1517949300,39.700,39.690,39.690,39.700,1424,28912
1517949360,39.700,39.690,39.690,39.700,0,0
1517949420,39.850,39.850,39.850,39.850,0,0
1517949480,39.870,39.870,39.870,39.870,0,0
1517949600,39.730,39.730,39.730,39.730,1778,30336
1517949660,39.730,39.730,39.730,39.730,0,0
1517949720,39.740,39.740,39.740,39.740,0,0
1517949780,39.680,39.680,39.680,39.680,0,0
1517949840,39.680,39.680,39.680,39.680,0,0
1517949900,39.590,39.590,39.590,39.590,683,32114
1517950020,39.590,39.590,39.590,39.590,0,0
1517950080,39.600,39.620,39.600,39.620,0,0
1517950140,39.590,39.590,39.590,39.590,0,0
1517950200,39.590,39.500,39.500,39.590,2742,32797
1517950260,39.160,39.210,39.160,39.210,0,0
1517950320,39.210,39.180,39.170,39.210,0,0
1517950380,39.170,39.270,39.170,39.270,0,0
1517950440,39.170,39.270,39.170,39.270,0,0
1517950500,39.170,39.240,39.170,39.240,11533,35539
1517950560,39.150,39.160,39.150,39.160,0,0
1517950620,39.150,39.160,39.060,39.160,0,0
1517950680,39.140,38.740,38.740,39.140,0,0
1517950740,38.740,38.900,38.100,38.900,0,0
1518013800,38.830,38.830,38.830,38.830,0,0
1518014400,39.010,38.780,38.780,39.010,1507,0
1518014640,39.010,38.780,38.780,39.010,0,0
1518016200,39.410,39.410,39.410,39.410,334,1507
1518016260,39.410,39.410,39.410,39.410,0,0
1518017400,39.390,39.390,39.390,39.390,133,1841
1518017460,39.390,39.390,39.390,39.390,0,0
1518018000,39.310,39.310,39.310,39.310,110,1974
1518018240,39.310,39.310,39.310,39.310,0,0
1518022800,39.410,39.410,39.410,39.410,456,2084
1518023040,39.410,39.410,39.410,39.410,0,0
1518024300,39.900,39.900,39.900,39.900,1319,2540
1518026700,39.950,39.950,39.950,39.950,823,3859
1518026760,39.950,39.950,39.950,39.950,0,0
1518027900,39.870,39.870,39.870,39.870,675,4682
1518028080,39.870,39.870,39.870,39.870,0,0
1518028200,39.950,39.950,39.950,39.950,200,5357
1518028260,39.950,39.950,39.950,39.950,0,0
1518028500,39.970,39.650,39.650,39.970,1089,5557
1518028680,39.970,39.650,39.650,39.970,0,0
1518029400,39.980,39.980,39.980,39.980,300,6646
1518029580,39.980,39.980,39.980,39.980,0,0
1518029700,39.950,39.950,39.950,39.950,100,6946
1518030000,39.580,39.580,39.580,39.580,206,7046
1518030300,39.970,39.970,39.970,39.970,139,7252
1518030420,39.970,39.970,39.970,39.970,0,0
1518032700,39.960,39.960,39.960,39.960,920,7391
1518032820,39.960,39.960,39.960,39.960,0,0
1518032940,39.930,39.930,39.930,39.930,0,0
1518034500,39.970,39.970,39.970,39.970,206,8311
1518036000,40.450,40.450,40.450,40.450,332,8517
1518036060,40.450,40.450,40.450,40.450,0,0
1518036600,39.990,39.990,39.990,39.990,244,8849
1518036660,39.970,39.970,39.970,39.970,0,0
1518036900,39.990,39.990,39.990,39.990,2965,9093
1518037140,39.740,39.950,39.740,39.950,0,0
1518100200,39.950,39.950,39.950,39.950,0,0
1518100800,39.780,39.780,39.780,39.780,2125,0
1518100860,39.780,39.780,39.780,39.780,0,0
1518100920,39.660,39.650,39.650,39.660,0,0
1518102000,39.560,39.560,39.560,39.560,588,2125
1518102060,39.560,39.560,39.560,39.560,0,0
1518106500,39.500,40.100,39.500,40.100,928,2713
1518106800,39.960,39.960,39.960,39.960,148,3641
1518108000,39.140,39.140,39.140,39.140,165,3789
1518110100,39.530,39.530,39.530,39.530,273,3954
1518110340,39.530,39.530,39.530,39.530,0,0
1518111300,39.210,39.210,39.210,39.210,861,4227
1518111420,39.210,39.210,39.210,39.210,0,0
1518111600,39.050,39.050,39.050,39.050,1315,5088
1518111840,39.050,39.050,39.050,39.050,0,0
1518111900,38.900,38.970,38.860,39.000,6061,6403
1518111960,38.830,38.830,38.830,38.830,0,0
1518112020,38.790,38.920,38.790,38.920,0,0
1518112080,38.720,38.650,38.570,38.720,0,0
1518112140,38.450,38.450,38.450,38.450,0,0
1518112500,38.330,38.330,38.330,38.330,512,12464
1518112680,38.330,38.330,38.330,38.330,0,0
1518112800,38.330,38.330,38.330,38.330,100,12976
1518113700,38.560,38.560,38.560,38.560,1547,13076
1518113820,38.560,38.560,38.560,38.560,0,0
1518113880,38.660,38.660,38.660,38.660,0,0
1518114000,38.800,38.800,38.800,38.800,176,14623
1518116400,38.920,38.920,38.920,38.920,724,14799
1518116700,39.310,39.310,39.310,39.310,100,15523
1518118800,39.250,39.250,39.250,39.250,329,15623
1518118860,39.250,39.250,39.250,39.250,0,0
1518120600,38.700,38.700,38.700,38.700,106,15952
1518121500,38.730,39.450,38.730,39.450,818,16058
1518121620,38.730,39.450,38.730,39.450,0,0
1518122400,38.750,38.750,38.750,38.750,879,16876
1518122580,38.750,38.750,38.750,38.750,0,0
1518122700,39.020,39.020,39.020,39.020,105,17755
1518122880,39.020,39.020,39.020,39.020,0,0
1518123000,38.830,38.830,38.830,38.830,115,17860
1518123180,38.830,38.830,38.830,38.830,0,0
1518123300,38.760,38.760,38.760,38.760,1772,17975
1518123360,38.760,38.760,38.760,38.760,0,0
1518123420,38.540,38.600,38.540,38.600,0,0
1518123480,38.650,38.650,38.650,38.650,0,0
1518123540,38.650,38.550,38.550,38.650,0,0
1518186600,39.030,39.030,39.030,39.030,0,0
1518187800,39.000,39.000,39.000,39.000,824,0
1518188400,39.000,39.000,39.000,39.000,972,824
1518188640,39.000,39.000,39.000,39.000,0,0
1518188700,39.000,39.000,39.000,39.000,952,1796
1518188760,39.000,39.000,39.000,39.000,0,0
1518188820,39.000,39.000,39.000,39.000,0,0
1518188880,39.000,38.800,38.800,39.000,0,0
1518189600,38.750,38.750,38.750,38.750,400,2748
1518189660,38.750,38.750,38.750,38.750,0,0
1518189900,38.620,38.620,38.620,38.620,210,3148
1518190020,38.620,38.620,38.620,38.620,0,0
1518190200,38.560,38.500,38.500,38.560,1360,3358
1518190500,38.310,38.310,38.310,38.310,515,4718
1518190680,38.310,38.310,38.310,38.310,0,0
1518190740,38.290,38.290,38.290,38.290,0,0
1518190800,38.250,38.250,38.250,38.250,685,5233
1518190920,38.250,38.250,38.250,38.250,0,0
1518191100,38.190,38.190,38.190,38.190,556,5918
1518191340,38.190,38.190,38.190,38.190,0,0
1518192000,38.380,38.380,38.380,38.380,906,6474
1518192060,38.370,38.370,38.370,38.370,0,0
1518192240,38.420,38.420,38.420,38.420,0,0
1518193200,38.400,38.400,38.400,38.400,457,7380
1518193380,38.400,38.400,38.400,38.400,0,0
1518193440,38.390,38.380,38.380,38.390,0,0
1518195300,38.380,38.340,38.340,38.380,436,7837
1518195480,38.380,38.340,38.340,38.380,0,0
1518195540,38.340,38.340,38.340,38.340,0,0
1518195900,38.030,38.010,38.010,38.030,1329,8273
1518196020,38.030,38.010,38.010,38.030,0,0
1518196080,38.090,38.090,38.090,38.090,0,0
1518196140,38.390,38.390,38.390,38.390,0,0
1518196200,38.170,38.170,38.170,38.170,500,9602
1518196380,38.170,38.170,38.170,38.170,0,0
1518196500,38.010,38.010,38.010,38.010,210,10102
1518196680,38.010,38.010,38.010,38.010,0,0
1518196800,38.300,38.300,38.300,38.300,546,10312
1518196980,38.300,38.300,38.300,38.300,0,0
1518197400,38.130,38.130,38.130,38.130,1896,10858
1518197580,38.130,38.130,38.130,38.130,0,0
1518198000,37.730,37.730,37.730,37.730,316,12754
1518198240,37.730,37.730,37.730,37.730,0,0
1518198300,37.700,37.700,37.700,37.700,1628,13070
1518198360,37.700,37.700,37.700,37.700,0,0
1518198900,37.690,37.690,37.690,37.690,1671,14698
1518198960,37.700,37.700,37.700,37.700,0,0
1518199080,37.800,37.800,37.800,37.800,0,0
1518199500,37.810,37.810,37.810,37.810,457,16369
1518199740,37.810,37.810,37.810,37.810,0,0
1518200400,38.000,38.000,38.000,38.000,121,16826
1518200640,38.000,38.000,38.000,38.000,0,0
1518200700,38.160,38.160,38.160,38.160,100,16947
1518200760,38.160,38.160,38.160,38.160,0,0
1518201600,38.100,38.100,38.100,38.100,740,17047
1518201720,38.100,38.100,38.100,38.100,0,0
1518201840,38.100,38.100,38.100,38.100,0,0
1518203400,38.970,38.970,38.970,38.970,569,17787
1518204000,39.030,39.110,39.030,39.110,1401,18356
1518204060,39.080,39.080,39.080,39.080,0,0
1518204240,39.310,39.310,39.310,39.310,0,0
1518204300,39.650,39.650,39.650,39.650,300,19757
1518204600,39.410,39.410,39.410,39.410,485,20057
1518204720,39.410,39.410,39.410,39.410,0,0
1518204780,39.400,39.400,39.400,39.400,0,0
1518204840,39.400,39.400,39.400,39.400,0,0
1518206700,39.400,39.400,39.400,39.400,103,20542
1518206940,39.400,39.400,39.400,39.400,0,0
1518208500,39.400,39.400,39.400,39.400,326,20645
1518208680,39.400,39.400,39.400,39.400,0,0
1518209400,39.250,39.250,39.250,39.250,250,20971
1518209580,39.250,39.250,39.250,39.250,0,0
1518209700,39.250,39.250,39.250,39.250,1181,21221
1518209820,39.730,39.730,39.730,39.730,0,0
1518209940,39.220,39.450,39.190,39.670,0,0
1518445800,39.610,39.610,39.610,39.610,0,0
1518446700,39.700,39.700,39.700,39.700,828,0
1518446940,39.700,39.700,39.700,39.700,0,0
1518447600,39.750,39.750,39.750,39.750,261,828
1518447840,39.750,39.750,39.750,39.750,0,0
1518447900,39.510,39.510,39.510,39.510,113,1089
1518448020,39.510,39.510,39.510,39.510,0,0
1518449700,39.210,39.210,39.210,39.210,1170,1202
1518450600,39.440,39.440,39.440,39.440,194,2372
1518450660,39.440,39.440,39.440,39.440,0,0
1518452100,39.100,39.100,39.100,39.100,312,2566
1518452340,39.100,39.100,39.100,39.100,0,0
1518455700,39.490,39.490,39.490,39.490,1044,2878
1518455760,39.480,39.530,39.480,39.530,0,0
1518455880,39.400,39.400,39.400,39.400,0,0
1518456000,39.400,39.400,39.400,39.400,1105,3922
1518456240,39.400,39.400,39.400,39.400,0,0
1518456900,39.420,39.420,39.420,39.420,713,5027
1518457140,39.420,39.420,39.420,39.420,0,0
1518457500,39.470,39.470,39.470,39.470,287,5740
1518457680,39.470,39.470,39.470,39.470,0,0
1518459600,39.480,39.480,39.480,39.480,462,6027
1518459720,39.480,39.480,39.480,39.480,0,0
1518459840,39.180,39.180,39.180,39.180,0,0
1518460200,39.160,39.160,39.160,39.160,100,6489
1518460440,39.160,39.160,39.160,39.160,0,0
1518461400,39.560,39.560,39.560,39.560,566,6589
1518461700,39.830,39.830,39.830,39.830,1452,7155
1518461760,39.880,39.880,39.880,39.880,0,0
1518461820,39.830,39.830,39.830,39.830,0,0
1518461940,39.770,39.680,39.680,39.770,0,0
1518462300,39.620,39.620,39.620,39.620,534,8607
1518462420,39.600,39.600,39.600,39.600,0,0
1518462480,39.600,39.600,39.600,39.600,0,0
1518462600,39.570,39.510,39.510,39.570,3394,9141
1518462720,39.570,39.510,39.510,39.570,0,0
1518463500,39.400,39.400,39.400,39.400,552,12535
1518463740,39.400,39.400,39.400,39.400,0,0
1518465600,39.470,39.470,39.470,39.470,708,13087
1518465780,39.470,39.470,39.470,39.470,0,0
1518465900,39.750,39.750,39.750,39.750,235,13795
1518466080,39.750,39.750,39.750,39.750,0,0
1518466800,39.500,39.500,39.500,39.500,106,14030
1518466920,39.500,39.500,39.500,39.500,0,0
1518467100,39.500,39.500,39.500,39.500,200,14136
1518467220,39.480,39.480,39.480,39.480,0,0
1518467400,39.680,39.680,39.680,39.680,107,14336
1518467460,39.680,39.680,39.680,39.680,0,0
1518468300,39.450,39.450,39.450,39.450,1212,14443
1518468360,39.440,39.440,39.440,39.440,0,0
1518468600,39.480,39.070,39.070,39.480,351,15655
1518468780,39.480,39.070,39.070,39.480,0,0
1518468900,39.030,39.030,39.030,39.030,2843,16006
1518469140,38.820,39.420,38.820,39.420,0,0
1518532200,39.080,39.080,39.080,39.080,0,0
1518535200,38.840,38.840,38.840,38.840,1273,0
1518535440,38.840,38.840,38.840,38.840,0,0
1518535500,38.790,38.790,38.790,38.790,100,1273
1518535740,38.790,38.790,38.790,38.790,0,0
1518537600,39.010,39.400,39.010,39.400,596,1373
1518537720,39.160,39.160,39.160,39.160,0,0
1518537900,39.380,39.380,39.380,39.380,215,1969
1518537960,39.380,39.380,39.380,39.380,0,0
1518538140,39.640,39.640,39.640,39.640,0,0
1518539100,39.200,39.200,39.200,39.200,108,2184
1518539340,39.200,39.200,39.200,39.200,0,0
1518540000,39.220,39.220,39.220,39.220,479,2292
1518540060,39.220,39.220,39.220,39.220,0,0
1518540120,39.220,39.220,39.220,39.220,0,0
1518540300,39.220,39.220,39.220,39.220,274,2771
1518540420,39.220,39.220,39.220,39.220,0,0
1518543000,39.160,39.160,39.160,39.160,431,3045
1518544200,39.000,39.000,39.000,39.000,848,3476
1518544260,39.000,39.000,39.000,39.000,0,0
1518544380,38.900,38.870,38.870,38.900,0,0
1518544500,38.750,38.750,38.750,38.750,302,4324
1518544800,38.700,38.700,38.700,38.700,840,4626
1518544980,38.700,38.700,38.700,38.700,0,0
1518545040,38.750,38.750,38.750,38.750,0,0
1518545100,38.780,38.780,38.780,38.780,220,5466
1518548100,38.830,38.830,38.830,38.830,667,5686
1518548160,38.830,38.830,38.830,38.830,0,0
1518550200,39.150,39.150,39.150,39.150,3406,6353
1518550380,39.500,39.500,39.500,39.500,0,0
1518551400,39.830,39.830,39.830,39.830,1467,9759
1518551460,39.830,39.830,39.830,39.830,0,0
1518551700,39.560,39.560,39.560,39.560,150,11226
1518552000,39.560,39.560,39.560,39.560,106,11376
1518552120,39.560,39.560,39.560,39.560,0,0
1518555000,39.350,39.350,39.350,39.350,613,11482
1518555060,39.350,39.350,39.350,39.350,0,0
1518555300,39.340,39.340,39.340,39.340,1543,12095
1518555420,39.350,39.350,39.350,39.350,0,0
1518555540,39.320,39.520,39.320,39.520,0,0
1518618600,39.120,39.120,39.120,39.120,0,0
1518619800,38.830,38.830,38.830,38.830,687,0
1518619860,38.830,38.830,38.830,38.830,0,0
1518621000,39.240,39.240,39.240,39.240,1039,687
1518621240,39.240,39.240,39.240,39.240,0,0
1518632100,39.300,39.300,39.300,39.300,1958,1726
1518632160,39.300,39.300,39.300,39.300,0,0
1518632280,39.600,39.600,39.600,39.600,0,0
1518632400,39.660,39.660,39.660,39.660,233,3684
1518632460,39.660,39.660,39.660,39.660,0,0
1518634800,39.670,39.670,39.670,39.670,957,3917
1518634980,39.670,39.670,39.670,39.670,0,0
1518635400,39.940,39.940,39.940,39.940,212,4874
1518636000,40.000,40.000,40.000,40.000,440,5086
1518636600,40.220,40.220,40.220,40.220,379,5526
1518636660,40.220,40.220,40.220,40.220,0,0
1518637200,40.470,40.470,40.470,40.470,234,5905
1518637500,40.060,40.060,40.060,40.060,300,6139
1518637800,40.060,40.060,40.060,40.060,210,6439
1518637980,40.380,40.380,40.380,40.380,0,0
1518638100,40.270,40.270,40.270,40.270,2265,6649
1518638160,40.270,40.270,40.270,40.270,0,0
1518638280,40.230,40.230,40.230,40.230,0,0
1518638340,40.270,40.270,40.270,40.270,0,0
1518638400,40.310,40.310,40.310,40.310,1312,8914
1518638460,40.370,40.590,40.370,40.590,0,0
1518638580,40.630,40.630,40.630,40.630,0,0
1518638640,40.630,40.630,40.630,40.630,0,0
1518638700,40.710,40.710,40.710,40.710,918,10226
1518638880,40.930,40.950,40.930,40.950,0,0
1518638940,40.950,40.950,40.950,40.950,0,0
1518639000,40.780,40.780,40.780,40.780,1290,11144
1518639120,41.000,41.000,41.000,41.000,0,0
1518639300,41.000,41.000,41.000,41.000,3336,12434
1518639360,41.000,41.000,41.000,41.000,0,0
1518639420,41.060,41.050,41.050,41.060,0,0
1518639600,40.900,40.900,40.900,40.900,1648,15770
1518639720,40.950,41.000,40.950,41.000,0,0
1518639780,40.950,40.950,40.950,40.950,0,0
1518639900,41.000,41.000,41.000,41.000,1518,17418
1518639960,41.000,41.000,41.000,41.000,0,0
1518640080,41.000,40.950,40.950,41.000,0,0
1518640500,40.820,40.820,40.820,40.820,3136,18936
1518640620,40.820,40.820,40.820,40.820,0,0
1518640680,40.770,40.770,40.770,40.770,0,0
1518640800,40.770,40.770,40.770,40.770,1196,22072
1518640980,40.820,40.870,40.820,40.870,0,0
1518641700,40.510,40.510,40.510,40.510,3481,23268
1518641820,40.510,40.510,40.510,40.510,0,0
1518641880,40.540,40.540,40.540,40.540,0,0
1518641940,40.870,40.870,40.870,40.870,0,0
1518705000,41.250,41.250,41.250,41.250,253,0
1518705120,41.000,41.000,41.000,41.000,0,0
1518705300,40.990,40.990,40.990,40.990,1388,253
1518705360,40.990,40.990,40.990,40.990,0,0
1518705480,40.990,40.990,40.990,40.990,0,0
1518705540,41.180,41.180,41.180,41.180,0,0
1518706200,41.070,41.070,41.070,41.070,312,1641
1518706320,41.070,41.070,41.070,41.070,0,0
1518706800,41.010,41.010,41.010,41.010,100,1953
1518707040,41.010,41.010,41.010,41.010,0,0
1518707100,41.070,41.070,41.070,41.070,453,2053
1518708300,41.090,41.090,41.090,41.090,431,2506
1518709200,40.850,40.850,40.850,40.850,212,2937
1518709440,40.850,40.850,40.850,40.850,0,0
1518711000,40.260,40.260,40.260,40.260,326,3149
1518711120,40.260,40.260,40.260,40.260,0,0
1518715200,40.020,40.020,40.020,40.020,213,3475
1518715380,40.020,40.020,40.020,40.020,0,0
1518716700,40.020,40.020,40.020,40.020,128,3688
1518716760,40.020,40.020,40.020,40.020,0,0
1518717300,41.010,41.010,41.010,41.010,136,3816
1518717360,41.010,41.010,41.010,41.010,0,0
1518721800,40.170,40.170,40.170,40.170,246,3952
1518721920,40.170,40.170,40.170,40.170,0,0
1518722100,40.190,40.190,40.190,40.190,144,4198
1518722160,40.190,40.190,40.190,40.190,0,0
1518723300,40.290,40.250,40.250,40.290,1212,4342
1518723420,40.290,40.250,40.250,40.290,0,0
1518723480,40.290,40.290,40.290,40.290,0,0
1518724200,40.510,40.510,40.510,40.510,328,5554
1518724380,40.510,40.510,40.510,40.510,0,0
1518724500,40.290,40.290,40.290,40.290,484,5882
1518724680,40.290,40.290,40.290,40.290,0,0
1518725700,40.520,40.520,40.520,40.520,383,6366
1518725880,40.520,40.520,40.520,40.520,0,0
1518726000,40.320,40.320,40.320,40.320,102,6749
1518726240,40.320,40.320,40.320,40.320,0,0
1518726300,40.550,40.550,40.550,40.550,102,6851
1518726360,40.550,40.550,40.550,40.550,0,0
1518726900,40.300,40.300,40.300,40.300,296,6953
1518727800,40.290,40.290,40.290,40.290,414,7249
1518727980,40.300,40.300,40.300,40.300,0,0
1518728100,40.580,40.560,40.560,40.580,3800,7663
1518728220,40.190,40.190,40.190,40.190,0,0
1518728340,40.210,40.500,40.210,40.500,0,0
1518791400,40.320,40.320,40.320,40.320,0,0
1518792600,40.470,40.470,40.470,40.470,1364,0
1518792840,40.470,40.470,40.470,40.470,0,0
1518793500,40.530,40.530,40.530,40.530,100,1364
1518793800,40.170,40.170,40.170,40.170,301,1464
1518794040,40.170,40.170,40.170,40.170,0,0
1518794700,40.200,40.440,40.200,40.440,2525,1765
1518794760,40.200,40.440,40.200,40.440,0,0
1518795600,40.590,40.590,40.590,40.590,1535,4290
1518795720,40.590,40.590,40.590,40.590,0,0
1518795780,40.590,40.590,40.590,40.590,0,0
1518797700,40.220,40.220,40.220,40.220,516,5825
1518797820,40.220,40.220,40.220,40.220,0,0
1518798300,40.010,40.010,40.010,40.010,102,6341
1518798420,40.010,40.010,40.010,40.010,0,0
1518799200,40.100,40.100,40.100,40.100,527,6443
1518799800,40.390,40.390,40.390,40.390,659,6970
1518799860,40.390,40.390,40.390,40.390,0,0
1518800100,39.780,39.780,39.780,39.780,100,7629
1518800340,39.780,39.780,39.780,39.780,0,0
1518800400,39.780,39.780,39.780,39.780,100,7729
1518800460,39.780,39.780,39.780,39.780,0,0
1518801000,39.520,39.520,39.520,39.520,107,7829
1518801060,39.520,39.520,39.520,39.520,0,0
1518802200,39.780,39.780,39.780,39.780,518,7936
1518802500,40.140,40.140,40.140,40.140,1042,8454
1518802560,40.140,40.140,40.140,40.140,0,0
1518804000,39.580,39.580,39.580,39.580,912,9496
1518804240,39.580,39.580,39.580,39.580,0,0
1518804300,39.900,39.900,39.900,39.900,203,10408
1518804540,39.900,39.900,39.900,39.900,0,0
1518807600,39.850,39.830,39.830,39.850,978,10611
1518808200,39.670,39.670,39.670,39.670,127,11589
1518809700,39.880,39.880,39.880,39.880,453,11716
1518809880,39.880,39.880,39.880,39.880,0,0
1518810000,39.870,39.870,39.870,39.870,468,12169
1518810120,39.870,39.870,39.870,39.870,0,0
1518813300,39.820,39.820,39.820,39.820,1008,12637
1518813480,39.820,39.820,39.820,39.820,0,0
1518813540,39.820,39.820,39.820,39.820,0,0
1518813900,39.790,39.790,39.790,39.790,203,13645
1518813960,39.790,39.790,39.790,39.790,0,0
1518814200,39.880,39.880,39.880,39.880,336,13848
1518814380,39.880,39.880,39.880,39.880,0,0
1518814500,39.650,39.650,39.650,39.650,4003,14184
1518814560,39.770,39.770,39.770,39.770,0,0
1518814680,39.670,39.670,39.670,39.670,0,0
1518814740,39.640,39.760,39.620,39.760,0,0
1519137000,39.560,39.560,39.560,39.560,0,0
1519137600,39.710,39.710,39.710,39.710,682,0
1519138800,39.670,39.670,39.670,39.670,348,682
1519138860,39.670,39.670,39.670,39.670,0,0
1519142400,40.050,40.050,40.050,40.050,507,1030
1519143000,39.670,39.670,39.670,39.670,241,1537
1519143240,39.670,39.670,39.670,39.670,0,0
1519143900,39.710,39.710,39.710,39.710,319,1778
1519144140,39.710,39.710,39.710,39.710,0,0
1519144200,39.670,39.670,39.670,39.670,559,2097
1519144380,39.880,39.880,39.880,39.880,0,0
1519147500,39.720,39.720,39.720,39.720,366,2656
1519147800,39.930,39.930,39.930,39.930,847,3022
1519147860,39.930,39.930,39.930,39.930,0,0
1519147980,39.970,39.730,39.730,39.970,0,0
1519148100,39.700,39.700,39.700,39.700,510,3869
1519148220,39.700,39.700,39.700,39.700,0,0
1519148280,39.780,39.780,39.780,39.780,0,0
1519148400,39.650,39.650,39.650,39.650,402,4379
1519148460,39.650,39.650,39.650,39.650,0,0
1519148640,39.660,39.660,39.660,39.660,0,0
1519148700,39.600,39.600,39.600,39.600,138,4781
1519148820,39.600,39.600,39.600,39.600,0,0
1519150200,39.510,39.510,39.510,39.510,600,4919
1519150320,39.510,39.510,39.510,39.510,0,0
1519150800,39.300,39.300,39.300,39.300,602,5519
1519150860,39.300,39.300,39.300,39.300,0,0
1519150980,39.290,39.290,39.290,39.290,0,0
1519152600,39.320,39.320,39.320,39.320,206,6121
1519152720,39.320,39.320,39.320,39.320,0,0
1519154100,39.250,39.250,39.250,39.250,105,6327
1519154400,39.230,39.230,39.230,39.230,145,6432
1519154460,39.230,39.230,39.230,39.230,0,0
1519154700,39.330,39.330,39.330,39.330,340,6577
1519155000,39.340,39.340,39.340,39.340,220,6917
1519156200,39.300,39.300,39.300,39.300,474,7137
1519156440,39.300,39.300,39.300,39.300,0,0
1519156500,39.470,39.470,39.470,39.470,320,7611
1519156680,39.470,39.470,39.470,39.470,0,0
1519157100,39.550,39.550,39.550,39.550,450,7931
1519157280,39.550,39.550,39.550,39.550,0,0
1519157400,39.520,39.520,39.520,39.520,411,8381
1519157460,39.520,39.520,39.520,39.520,0,0
1519158000,39.420,39.370,39.370,39.420,3391,8792
1519158240,39.420,39.420,39.420,39.420,0,0
1519158900,39.270,39.270,39.270,39.270,484,12183
1519158960,39.270,39.270,39.270,39.270,0,0
1519159200,39.280,39.280,39.280,39.280,1137,12667
1519159320,39.240,39.240,39.240,39.240,0,0
1519159800,39.290,39.290,39.290,39.290,975,13804
1519159860,39.290,39.290,39.290,39.290,0,0
1519160100,39.260,39.260,39.260,39.260,3219,14779
1519160220,39.200,39.280,39.200,39.280,0,0
1519160340,39.260,39.270,39.260,39.300,0,0
1519223400,39.260,39.260,39.260,39.260,0,0
1519223700,39.140,39.140,39.140,39.140,1570,0
1519223760,39.140,39.140,39.140,39.140,0,0
1519224000,39.500,39.500,39.500,39.500,2119,1570
1519224120,39.500,39.500,39.500,39.500,0,0
1519224180,39.370,39.350,39.350,39.370,0,0
1519224240,39.340,39.340,39.340,39.340,0,0
1519224300,39.330,39.330,39.330,39.330,400,3689
1519224360,39.330,39.330,39.330,39.330,0,0
1519224600,39.330,39.330,39.330,39.330,667,4089
1519224900,39.000,39.000,39.000,39.000,2104,4756
1519224960,38.840,38.840,38.840,38.840,0,0
1519225020,39.140,39.100,39.100,39.140,0,0
1519225080,39.120,39.200,39.120,39.200,0,0
1519226400,39.200,39.200,39.200,39.200,160,6860
1519226640,39.200,39.200,39.200,39.200,0,0
1519226700,39.450,39.450,39.450,39.450,317,7020
1519226880,39.450,39.450,39.450,39.450,0,0
1519228500,39.720,39.720,39.720,39.720,152,7337
1519228620,39.720,39.720,39.720,39.720,0,0
1519229700,40.000,40.000,40.000,40.000,1687,7489
1519229880,40.000,40.000,40.000,40.000,0,0
1519230600,39.960,39.960,39.960,39.960,909,9176
1519230660,39.960,39.960,39.960,39.960,0,0
1519233900,40.300,40.300,40.300,40.300,551,10085
1519234140,40.300,40.300,40.300,40.300,0,0
1519235100,40.000,40.000,40.000,40.000,2352,10636
1519236600,40.650,40.650,40.650,40.650,1757,12988
1519236720,40.650,40.650,40.650,40.650,0,0
1519238700,40.790,40.790,40.790,40.790,550,14745
1519238880,40.790,40.790,40.790,40.790,0,0
1519239300,40.760,40.760,40.760,40.760,100,15295
1519239480,40.760,40.760,40.760,40.760,0,0
1519239600,40.660,40.660,40.660,40.660,100,15395
1519239720,40.660,40.660,40.660,40.660,0,0
1519239900,40.800,40.800,40.800,40.800,200,15495
1519241100,40.780,40.780,40.780,40.780,516,15695
1519241160,40.780,40.780,40.780,40.780,0,0
1519241340,40.750,40.750,40.750,40.750,0,0
1519241400,40.730,40.730,40.730,40.730,100,16211
1519241460,40.730,40.730,40.730,40.730,0,0
1519241700,40.880,40.880,40.880,40.880,305,16311
1519241880,40.880,40.880,40.880,40.880,0,0
1519242000,40.650,40.650,40.650,40.650,1177,16616
1519242060,40.950,40.950,40.950,40.950,0,0
1519243200,40.950,40.950,40.950,40.950,4550,17793
1519243440,40.950,40.950,40.950,40.950,0,0
1519243800,40.470,40.470,40.470,40.470,1703,22343
1519243920,40.470,40.470,40.470,40.470,0,0
1519244040,40.720,40.720,40.720,40.720,0,0
1519244100,40.400,40.400,40.400,40.400,743,24046
1519244220,40.400,40.400,40.400,40.400,0,0
1519244280,40.530,40.530,40.530,40.530,0,0
1519244700,40.340,40.340,40.340,40.340,1200,24789
1519244760,40.330,40.390,40.330,40.390,0,0
1519246200,40.380,40.130,40.130,40.380,1316,25989
1519246440,40.340,40.340,40.340,40.340,0,0
1519246500,40.380,40.320,40.320,40.380,9231,27305
1519246560,40.380,40.320,40.320,40.380,0,0
1519246680,40.290,40.410,40.290,40.410,0,0
1519246740,40.460,40.340,40.340,40.620,0,0
1519309800,40.520,40.520,40.520,40.520,0,0
1519310400,40.080,40.080,40.080,40.080,124,0
1519310640,40.080,40.080,40.080,40.080,0,0
1519311000,39.910,39.910,39.910,39.910,115,124
1519311180,39.910,39.910,39.910,39.910,0,0
1519312200,39.450,39.450,39.450,39.450,1550,239
1519312380,39.450,39.450,39.450,39.450,0,0
1519319100,39.760,39.760,39.760,39.760,382,1789
1519319220,39.760,39.760,39.760,39.760,0,0
1519319700,39.660,39.660,39.660,39.660,607,2171
1519319820,39.660,39.660,39.660,39.660,0,0
1519320000,39.660,39.660,39.660,39.660,304,2778
1519320900,39.900,39.900,39.900,39.900,359,3082
1519321140,39.900,39.900,39.900,39.900,0,0
1519321200,39.770,39.770,39.770,39.770,445,3441
1519323000,39.400,39.620,39.400,39.620,2394,3886
1519323240,39.400,39.620,39.400,39.620,0,0
1519323300,39.630,39.340,39.340,39.660,23215,6280
1519326300,39.860,39.860,39.860,39.860,411,29495
1519326360,39.860,39.860,39.860,39.860,0,0
1519326600,39.930,39.930,39.930,39.930,260,29906
1519326780,39.930,39.930,39.930,39.930,0,0
1519327800,40.090,40.090,40.090,40.090,144,30166
1519328700,39.850,39.370,39.370,39.850,1709,30310
1519328940,39.850,39.370,39.370,39.850,0,0
1519329300,39.110,39.110,39.110,39.110,1578,32019
1519329420,39.110,39.110,39.110,39.110,0,0
1519329600,39.240,39.120,39.120,39.240,3517,33597
1519329780,38.640,38.640,38.640,38.640,0,0
1519329840,38.780,38.780,38.780,38.780,0,0
1519330200,38.700,38.700,38.700,38.700,439,37114
1519330320,38.700,38.700,38.700,38.700,0,0
1519330500,38.940,38.940,38.940,38.940,1244,37553
1519330740,38.940,38.940,38.940,38.940,0,0
1519331100,39.240,39.240,39.240,39.240,313,38797
1519332600,39.060,39.060,39.060,39.060,918,39110
1519332840,39.070,39.070,39.070,39.070,0,0
1519332900,39.070,39.070,39.070,39.070,5862,40028
1519333020,39.070,39.070,39.070,39.070,0,0
1519333080,38.960,38.960,38.960,38.960,0,0
1519333140,38.950,38.960,38.940,38.960,0,0
1519396200,39.310,39.310,39.310,39.310,0,0
1519396500,40.150,40.150,40.150,40.150,567,0
1519396560,40.150,40.150,40.150,40.150,0,0
1519398900,40.100,40.100,40.100,40.100,328,567
1519398960,40.100,40.100,40.100,40.100,0,0
1519402200,40.030,40.030,40.030,40.030,117,895
1519402440,40.030,40.030,40.030,40.030,0,0
1519402500,39.270,39.270,39.270,39.270,313,1012
1519402620,39.270,39.270,39.270,39.270,0,0
1519403100,40.220,40.220,40.220,40.220,113,1325
1519403220,40.220,40.220,40.220,40.220,0,0
1519405800,40.190,40.190,40.190,40.190,127,1438
1519405920,40.190,40.190,40.190,40.190,0,0
1519409400,40.170,39.430,39.430,40.170,362,1565
1519410300,39.420,39.420,39.420,39.420,900,1927
1519410480,39.420,39.420,39.420,39.420,0,0
1519413900,39.900,39.950,39.900,39.950,584,2827
1519414080,39.900,39.950,39.900,39.950,0,0
1519414200,39.770,39.770,39.770,39.770,206,3411
1519414320,39.770,39.770,39.770,39.770,0,0
1519415100,39.810,39.760,39.760,39.810,1682,3617
1519415280,39.810,39.760,39.760,39.810,0,0
1519416000,39.260,39.260,39.260,39.260,405,5299
1519416180,39.260,39.260,39.260,39.260,0,0
1519416900,39.440,39.470,39.440,39.470,212,5704
1519417020,39.440,39.470,39.440,39.470,0,0
1519417800,39.690,39.690,39.690,39.690,699,5916
1519417980,39.690,39.690,39.690,39.690,0,0
1519418100,39.690,39.690,39.690,39.690,611,6615
1519418220,39.620,39.620,39.620,39.620,0,0
1519418280,39.370,39.370,39.370,39.370,0,0
1519418400,39.700,39.700,39.700,39.700,178,7226
1519418640,39.700,39.700,39.700,39.700,0,0
1519418700,39.320,39.320,39.320,39.320,169,7404
1519418760,39.320,39.320,39.320,39.320,0,0
1519419000,39.580,39.580,39.580,39.580,1180,7573
1519419240,39.810,39.810,39.810,39.810,0,0
1519419300,39.730,39.730,39.730,39.730,5309,8753
1519419360,39.730,39.730,39.730,39.730,0,0
1519419420,39.820,39.820,39.820,39.820,0,0
1519419540,39.630,39.630,39.630,39.830,0,0
1519655400,39.810,39.810,39.810,39.810,0,0
1519656900,39.950,39.950,39.950,39.950,1229,0
1519657080,39.950,39.950,39.950,39.950,0,0
1519657140,39.970,39.970,39.970,39.970,0,0
1519657500,40.000,40.000,40.000,40.000,268,1229
1519657620,40.000,40.000,40.000,40.000,0,0
1519657800,39.860,39.860,39.860,39.860,368,1497
1519657860,39.860,39.860,39.860,39.860,0,0
1519660800,39.500,39.500,39.500,39.500,2282,1865
1519660860,39.500,39.500,39.500,39.500,0,0
1519660920,39.450,39.450,39.450,39.450,0,0
1519662900,39.290,39.290,39.290,39.290,1945,4147
1519662960,39.290,39.290,39.290,39.290,0,0
1519663020,39.280,39.280,39.280,39.280,0,0
1519663080,38.990,38.990,38.990,38.990,0,0
1519665300,39.360,39.360,39.360,39.360,1108,6092
1519665420,39.360,39.360,39.360,39.360,0,0
1519665480,39.370,39.370,39.370,39.370,0,0
1519665540,39.420,39.420,39.420,39.420,0,0
1519668900,39.840,39.840,39.840,39.840,416,7200
1519669020,39.840,39.840,39.840,39.840,0,0
1519669500,39.130,39.130,39.130,39.130,200,7616
1519669560,39.130,39.130,39.130,39.130,0,0
1519672800,40.090,40.090,40.090,40.090,310,7816
1519673040,40.090,40.090,40.090,40.090,0,0
1519675200,40.090,40.090,40.090,40.090,255,8126
1519675260,40.090,40.090,40.090,40.090,0,0
1519676400,39.700,39.700,39.700,39.700,731,8381
1519676580,39.700,39.700,39.700,39.700,0,0
1519677300,39.440,39.440,39.440,39.440,222,9112
1519677540,39.440,39.440,39.440,39.440,0,0
1519677600,39.990,39.990,39.990,39.990,300,9334
1519677660,40.000,40.000,40.000,40.000,0,0
1519677900,40.000,40.000,40.000,40.000,100,9634
1519677960,40.000,40.000,40.000,40.000,0,0
1519678200,39.990,39.990,39.990,39.990,1221,9734
1519678260,39.440,39.440,39.440,39.440,0,0
1519678380,39.700,39.970,39.700,39.970,0,0
1519678440,39.550,39.520,39.520,39.550,0,0
1519678500,39.960,39.960,39.960,39.960,2626,10955
1519678560,39.870,39.950,39.870,39.950,0,0
1519678680,39.940,39.540,39.450,39.940,0,0
1519678740,39.930,39.520,39.450,39.930,0,0
