1504272600,63.570,63.570,63.570,63.570,10331,0
1504272660,63.670,63.540,63.540,63.700,10330,0
1504272720,63.710,63.710,63.710,63.710,10330,0
1504272780,63.750,63.880,63.690,63.880,10330,0
1504272840,63.890,63.450,63.450,63.890,10330,0
1504272900,63.270,63.290,63.270,63.290,2966,51651
1504272960,63.260,63.260,63.260,63.260,2965,51651
1504273020,63.310,63.060,63.060,63.310,2965,51651
1504273080,62.910,62.920,62.850,62.920,2965,51651
1504273140,63.010,63.210,63.010,63.210,2965,51651
1504273200,63.140,63.140,63.140,63.140,2415,66477
1504273260,63.160,63.190,63.160,63.190,2415,66477
1504273320,63.210,63.290,63.210,63.290,2415,66477
1504273380,63.220,63.220,63.220,63.220,2415,66477
1504273440,63.060,63.370,63.010,63.370,2415,66477
1504273500,63.210,63.210,63.210,63.210,2743,78552
1504273560,63.100,63.170,63.100,63.170,2740,78552
1504273620,63.160,62.980,62.980,63.160,2740,78552
1504273680,62.980,63.060,62.980,63.060,2740,78552
1504273740,63.060,63.020,63.020,63.060,2740,78552
1504273800,63.060,63.060,63.060,63.060,3044,92255
1504273860,63.010,63.050,63.010,63.050,3041,92255
1504273920,62.940,62.940,62.940,62.940,3041,92255
1504273980,62.900,62.900,62.900,62.920,3041,92255
1504274040,62.950,62.990,62.940,63.040,3041,92255
1504274100,62.990,62.920,62.920,62.990,2049,107463
1504274160,62.920,62.900,62.900,62.920,2046,107463
1504274220,62.860,62.800,62.800,62.860,2046,107463
1504274280,62.860,62.860,62.860,62.860,2046,107463
1504274340,62.890,62.860,62.860,62.890,2046,107463
1504274400,62.830,62.810,62.810,62.830,2336,117696
1504274460,62.810,62.950,62.810,62.950,2335,117696
1504274520,62.940,63.010,62.940,63.010,2335,117696
1504274580,62.990,63.030,62.990,63.030,2335,117696
1504274640,63.010,63.020,62.940,63.030,2335,117696
1504274700,63.050,63.050,63.050,63.050,1578,129372
1504274760,63.110,63.140,63.110,63.140,1575,129372
1504274820,63.190,63.140,63.140,63.190,1575,129372
1504274880,63.210,63.200,63.200,63.210,1575,129372
1504274940,63.210,63.210,63.210,63.210,1575,129372
1504275000,63.130,63.160,63.070,63.160,8286,137250
1504275060,63.180,63.230,63.180,63.230,8286,137250
1504275120,63.080,63.130,63.070,63.130,8286,137250
1504275180,63.150,63.150,63.150,63.150,8286,137250
1504275240,63.150,63.150,63.150,63.150,8286,137250
1504275300,63.220,63.230,63.220,63.230,5189,178680
1504275360,63.240,63.230,63.230,63.240,5189,178680
1504275420,63.200,63.200,63.200,63.200,5189,178680
1504275480,63.270,63.270,63.270,63.300,5189,178680
1504275540,63.240,63.170,63.170,63.270,5189,178680
1504275600,63.190,63.190,63.190,63.220,1891,204625
1504275660,63.150,63.080,63.080,63.150,1890,204625
1504275720,63.050,63.050,63.050,63.050,1890,204625
1504275780,62.900,62.920,62.900,62.970,1890,204625
1504275840,62.960,62.990,62.960,62.990,1890,204625
1504275900,62.980,63.010,62.980,63.030,3727,214076
1504275960,63.040,63.100,63.040,63.100,3727,214076
1504276020,63.080,63.080,63.080,63.080,3727,214076
1504276080,63.080,63.080,63.080,63.080,3727,214076
1504276140,63.200,63.190,63.180,63.260,3727,214076
1504276200,63.200,63.230,63.200,63.280,2314,232711
1504276260,63.200,63.240,63.200,63.270,2312,232711
1504276320,63.270,63.260,63.260,63.270,2312,232711
1504276380,63.140,63.150,63.140,63.150,2312,232711
1504276440,63.130,63.130,63.130,63.140,2312,232711
1504276500,63.140,63.190,63.140,63.190,3505,244273
1504276560,63.180,63.200,63.180,63.250,3505,244273
1504276620,63.250,63.260,63.250,63.280,3505,244273
1504276680,63.220,63.220,63.220,63.220,3505,244273
1504276740,63.180,63.210,63.180,63.210,3505,244273
1504276800,63.170,63.200,63.170,63.200,1590,261798
1504276860,63.200,63.200,63.200,63.200,1590,261798
1504276920,63.160,63.220,63.160,63.220,1590,261798
1504276980,63.220,63.250,63.220,63.250,1590,261798
1504277040,63.250,63.230,63.230,63.250,1590,261798
1504277100,63.200,63.220,63.200,63.220,3709,269748
1504277160,63.250,63.250,63.250,63.250,3706,269748
1504277220,63.230,63.230,63.230,63.230,3706,269748
1504277280,63.280,63.520,63.280,63.540,3706,269748
1504277340,63.470,63.460,63.460,63.470,3706,269748
1504277400,63.390,63.390,63.390,63.390,1580,288281
1504277460,63.420,63.430,63.420,63.430,1579,288281
1504277520,63.380,63.380,63.380,63.380,1579,288281
1504277580,63.440,63.450,63.420,63.450,1579,288281
1504277640,63.520,63.480,63.470,63.520,1579,288281
1504277700,63.460,63.460,63.460,63.460,3421,296177
1504277760,63.440,63.440,63.440,63.440,3421,296177
1504277820,63.490,63.490,63.480,63.490,3421,296177
1504277880,63.500,63.610,63.500,63.610,3421,296177
1504277940,63.590,63.630,63.590,63.630,3421,296177
1504278000,63.650,63.630,63.620,63.660,3408,313282
1504278060,63.620,63.520,63.520,63.620,3405,313282
1504278120,63.520,63.500,63.500,63.520,3405,313282
1504278180,63.450,63.420,63.420,63.470,3405,313282
1504278240,63.420,63.420,63.420,63.420,3405,313282
1504278300,63.370,63.370,63.370,63.370,1812,330310
1504278360,63.400,63.430,63.400,63.430,1812,330310
1504278420,63.440,63.440,63.440,63.440,1812,330310
1504278480,63.450,63.490,63.450,63.490,1812,330310
1504278540,63.540,63.580,63.540,63.580,1812,330310
1504278600,63.540,63.580,63.540,63.580,2033,339370
1504278660,63.540,63.580,63.540,63.580,2033,339370
1504278720,63.590,63.560,63.560,63.600,2033,339370
1504278780,63.550,63.530,63.530,63.550,2033,339370
1504278840,63.560,63.530,63.530,63.560,2033,339370
1504278900,63.500,63.490,63.490,63.510,3814,349535
1504278960,63.470,63.470,63.470,63.470,3811,349535
1504279020,63.470,63.470,63.470,63.470,3811,349535
1504279080,63.450,63.460,63.420,63.460,3811,349535
1504279140,63.460,63.470,63.460,63.500,3811,349535
1504279200,63.460,63.480,63.460,63.480,5447,368593
1504279260,63.490,63.600,63.490,63.600,5444,368593
1504279320,63.610,63.440,63.330,63.610,5444,368593
1504279380,63.460,63.380,63.380,63.480,5444,368593
1504279440,63.360,63.440,63.360,63.440,5444,368593
1504279500,63.450,63.500,63.450,63.500,1771,395816
1504279560,63.460,63.470,63.460,63.490,1768,395816
1504279620,63.470,63.430,63.430,63.470,1768,395816
1504279680,63.390,63.390,63.390,63.390,1768,395816
1504279740,63.390,63.350,63.350,63.390,1768,395816
1504279800,63.380,63.380,63.380,63.410,2505,404659
1504279860,63.400,63.350,63.350,63.400,2504,404659
1504279920,63.330,63.330,63.330,63.330,2504,404659
1504279980,63.380,63.350,63.350,63.380,2504,404659
1504280040,63.330,63.320,63.320,63.330,2504,404659
1504280100,63.260,63.280,63.260,63.290,3133,417180
1504280160,63.300,63.340,63.300,63.340,3131,417180
1504280220,63.360,63.380,63.360,63.390,3131,417180
1504280280,63.400,63.380,63.360,63.420,3131,417180
1504280340,63.410,63.400,63.400,63.410,3131,417180
1504280400,63.390,63.390,63.390,63.390,1825,432837
1504280460,63.440,63.460,63.400,63.460,1825,432837
1504280520,63.480,63.480,63.480,63.480,1825,432837
1504280580,63.500,63.430,63.430,63.500,1825,432837
1504280640,63.450,63.450,63.450,63.450,1825,432837
1504280700,63.390,63.390,63.390,63.390,3226,441962
1504280760,63.440,63.500,63.440,63.500,3226,441962
1504280820,63.520,63.410,63.380,63.520,3226,441962
1504280880,63.520,63.410,63.380,63.520,3226,441962
1504280940,63.420,63.500,63.420,63.500,3226,441962
1504281000,63.540,63.520,63.520,63.540,1088,458092
1504281060,63.500,63.490,63.490,63.500,1084,458092
1504281120,63.480,63.450,63.450,63.480,1084,458092
1504281180,63.490,63.490,63.490,63.490,1084,458092
1504281240,63.530,63.530,63.530,63.530,1084,458092
1504281300,63.480,63.480,63.480,63.480,4071,463516
1504281360,63.490,63.500,63.480,63.500,4071,463516
1504281420,63.560,63.580,63.560,63.580,4071,463516
1504281480,63.570,63.590,63.570,63.600,4071,463516
1504281540,63.580,63.610,63.580,63.610,4071,463516
1504281600,63.580,63.610,63.580,63.610,1663,483871
1504281660,63.630,63.630,63.630,63.630,1663,483871
1504281720,63.610,63.620,63.600,63.620,1663,483871
1504281780,63.590,63.580,63.580,63.590,1663,483871
1504281840,63.580,63.610,63.580,63.610,1663,483871
1504281900,63.610,63.610,63.610,63.610,1683,492186
1504281960,63.610,63.610,63.610,63.610,1682,492186
1504282020,63.610,63.610,63.610,63.610,1682,492186
1504282080,63.570,63.550,63.550,63.570,1682,492186
1504282140,63.570,63.580,63.560,63.580,1682,492186
1504282200,63.580,63.540,63.540,63.610,1089,500597
1504282260,63.520,63.520,63.520,63.520,1087,500597
1504282320,63.540,63.540,63.540,63.540,1087,500597
1504282380,63.540,63.540,63.540,63.540,1087,500597
1504282440,63.540,63.560,63.540,63.560,1087,500597
1504282500,63.550,63.550,63.540,63.560,1916,506034
1504282560,63.550,63.550,63.550,63.550,1914,506034
1504282620,63.550,63.550,63.550,63.550,1914,506034
1504282680,63.540,63.520,63.520,63.540,1914,506034
1504282740,63.500,63.530,63.500,63.530,1914,506034
1504282800,63.540,63.580,63.540,63.580,1637,515606
1504282860,63.580,63.600,63.580,63.600,1637,515606
1504282920,63.580,63.560,63.560,63.600,1637,515606
1504282980,63.580,63.580,63.580,63.580,1637,515606
1504283040,63.580,63.580,63.580,63.580,1637,515606
1504283100,63.590,63.610,63.590,63.610,4117,523791
1504283160,63.590,63.590,63.590,63.590,4115,523791
1504283220,63.600,63.620,63.590,63.620,4115,523791
1504283280,63.620,63.730,63.620,63.730,4115,523791
1504283340,63.720,63.720,63.720,63.720,4115,523791
1504283400,63.720,63.720,63.720,63.720,3608,544368
1504283460,63.700,63.700,63.700,63.700,3607,544368
1504283520,63.700,63.720,63.700,63.720,3607,544368
1504283580,63.730,63.740,63.730,63.740,3607,544368
1504283640,63.730,63.730,63.730,63.730,3607,544368
1504283700,63.730,63.730,63.730,63.730,2439,562404
1504283760,63.710,63.610,63.610,63.710,2435,562404
1504283820,63.580,63.640,63.580,63.640,2435,562404
1504283880,63.660,63.650,63.650,63.660,2435,562404
1504283940,63.620,63.670,63.620,63.670,2435,562404
1504284000,63.660,63.680,63.660,63.680,2206,574583
1504284060,63.700,63.700,63.700,63.700,2205,574583
1504284120,63.700,63.700,63.700,63.700,2205,574583
1504284180,63.710,63.640,63.640,63.720,2205,574583
1504284240,63.600,63.650,63.600,63.670,2205,574583
1504284300,63.690,63.690,63.690,63.690,998,585609
1504284360,63.700,63.650,63.650,63.700,997,585609
1504284420,63.700,63.650,63.650,63.700,997,585609
1504284480,63.670,63.670,63.670,63.670,997,585609
1504284540,63.680,63.700,63.680,63.700,997,585609
1504284600,63.700,63.710,63.690,63.710,2551,590595
1504284660,63.720,63.720,63.710,63.720,2549,590595
1504284720,63.720,63.720,63.700,63.720,2549,590595
1504284780,63.720,63.720,63.700,63.720,2549,590595
1504284840,63.720,63.700,63.690,63.720,2549,590595
1504284900,63.700,63.710,63.700,63.710,1866,603342
1504284960,63.730,63.730,63.730,63.730,1862,603342
1504285020,63.750,63.740,63.740,63.750,1862,603342
1504285080,63.780,63.730,63.730,63.780,1862,603342
1504285140,63.640,63.640,63.640,63.640,1862,603342
1504285200,63.660,63.660,63.660,63.660,2210,612656
1504285260,63.640,63.660,63.640,63.660,2206,612656
1504285320,63.660,63.690,63.660,63.690,2206,612656
1504285380,63.670,63.680,63.670,63.700,2206,612656
1504285440,63.680,63.650,63.650,63.680,2206,612656
1504285500,63.640,63.640,63.640,63.640,1849,623690
1504285560,63.610,63.610,63.610,63.610,1849,623690
1504285620,63.610,63.610,63.610,63.620,1849,623690
1504285680,63.610,63.620,63.610,63.620,1849,623690
1504285740,63.620,63.650,63.620,63.650,1849,623690
1504285800,63.670,63.670,63.670,63.670,1285,632935
1504285860,63.680,63.680,63.680,63.680,1282,632935
1504285920,63.670,63.610,63.610,63.670,1282,632935
1504285980,63.620,63.620,63.620,63.620,1282,632935
1504286040,63.650,63.650,63.650,63.650,1282,632935
1504286100,63.650,63.630,63.630,63.650,2173,639348
1504286160,63.610,63.640,63.610,63.640,2170,639348
1504286220,63.630,63.630,63.630,63.630,2170,639348
1504286280,63.630,63.610,63.610,63.630,2170,639348
1504286340,63.620,63.670,63.620,63.670,2170,639348
1504286400,63.650,63.620,63.620,63.650,2205,650201
1504286460,63.610,63.620,63.600,63.620,2204,650201
1504286520,63.670,63.680,63.670,63.680,2204,650201
1504286580,63.650,63.660,63.650,63.660,2204,650201
1504286640,63.670,63.690,63.670,63.690,2204,650201
1504286700,63.690,63.690,63.690,63.690,1310,661222
1504286760,63.670,63.690,63.670,63.690,1309,661222
1504286820,63.670,63.690,63.670,63.690,1309,661222
1504286880,63.710,63.700,63.700,63.710,1309,661222
1504286940,63.690,63.690,63.690,63.690,1309,661222
1504287000,63.710,63.680,63.680,63.710,2481,667768
1504287060,63.670,63.670,63.670,63.670,2481,667768
1504287120,63.660,63.670,63.660,63.670,2481,667768
1504287180,63.660,63.670,63.660,63.670,2481,667768
1504287240,63.670,63.690,63.660,63.690,2481,667768
1504287300,63.700,63.700,63.700,63.700,1427,680173
1504287360,63.690,63.650,63.650,63.690,1423,680173
1504287420,63.640,63.660,63.640,63.660,1423,680173
1504287480,63.660,63.660,63.640,63.660,1423,680173
1504287540,63.660,63.630,63.630,63.660,1423,680173
1504287600,63.610,63.590,63.590,63.610,2534,687292
1504287660,63.620,63.610,63.610,63.630,2534,687292
1504287720,63.630,63.610,63.610,63.630,2534,687292
1504287780,63.620,63.620,63.620,63.620,2534,687292
1504287840,63.630,63.630,63.620,63.630,2534,687292
1504287900,63.630,63.630,63.620,63.630,1687,699962
1504287960,63.650,63.650,63.650,63.650,1685,699962
1504288020,63.650,63.690,63.650,63.690,1685,699962
1504288080,63.710,63.740,63.710,63.740,1685,699962
1504288140,63.730,63.750,63.730,63.750,1685,699962
1504288200,63.750,63.750,63.750,63.750,4016,708389
1504288260,63.730,63.650,63.650,63.730,4016,708389
1504288320,63.670,63.700,63.670,63.700,4016,708389
1504288380,63.690,63.680,63.680,63.690,4016,708389
1504288440,63.690,63.720,63.680,63.720,4016,708389
1504288500,63.690,63.680,63.680,63.700,2220,728469
1504288560,63.680,63.690,63.680,63.690,2216,728469
1504288620,63.690,63.690,63.690,63.690,2216,728469
1504288680,63.650,63.630,63.590,63.650,2216,728469
1504288740,63.620,63.600,63.600,63.620,2216,728469
1504288800,63.620,63.670,63.620,63.670,2068,739553
1504288860,63.700,63.700,63.690,63.700,2066,739553
1504288920,63.700,63.700,63.690,63.700,2066,739553
1504288980,63.710,63.700,63.700,63.710,2066,739553
1504289040,63.700,63.730,63.700,63.730,2066,739553
1504289100,63.730,63.730,63.730,63.730,2929,749885
1504289160,63.730,63.730,63.730,63.730,2928,749885
1504289220,63.720,63.770,63.720,63.770,2928,749885
1504289280,63.810,63.790,63.750,63.810,2928,749885
1504289340,63.790,63.780,63.770,63.800,2928,749885
1504289400,63.780,63.780,63.780,63.780,4265,764526
1504289460,63.830,63.830,63.830,63.830,4262,764526
1504289520,63.830,63.850,63.830,63.850,4262,764526
1504289580,63.860,63.860,63.860,63.860,4262,764526
1504289640,63.890,64.000,63.880,64.000,4262,764526
1504289700,64.000,63.840,63.840,64.000,2969,785839
1504289760,63.800,63.800,63.730,63.800,2966,785839
1504289820,63.800,63.820,63.790,63.820,2966,785839
1504289880,63.800,63.820,63.790,63.820,2966,785839
1504289940,63.800,63.800,63.800,63.800,2966,785839
1504290000,63.780,63.800,63.780,63.800,1776,800672
1504290060,63.780,63.790,63.760,63.790,1772,800672
1504290120,63.760,63.780,63.760,63.780,1772,800672
1504290180,63.780,63.780,63.780,63.780,1772,800672
1504290240,63.770,63.800,63.770,63.800,1772,800672
1504290300,63.830,63.840,63.830,63.840,1641,809536
1504290360,63.870,63.830,63.830,63.870,1638,809536
1504290420,63.840,63.830,63.830,63.850,1638,809536
1504290480,63.840,63.830,63.830,63.850,1638,809536
1504290540,63.880,63.870,63.870,63.880,1638,809536
1504290600,63.850,63.840,63.830,63.850,1649,817729
1504290660,63.840,63.850,63.840,63.850,1648,817729
1504290720,63.840,63.850,63.840,63.850,1648,817729
1504290780,63.850,63.850,63.850,63.850,1648,817729
1504290840,63.850,63.870,63.850,63.870,1648,817729
1504290900,63.850,63.850,63.850,63.850,2514,825970
1504290960,63.870,63.920,63.870,63.930,2512,825970
1504291020,63.920,63.870,63.870,63.920,2512,825970
1504291080,63.880,63.870,63.870,63.880,2512,825970
1504291140,63.880,63.870,63.870,63.880,2512,825970
1504291200,63.880,63.870,63.860,63.880,2649,838532
1504291260,63.880,63.880,63.880,63.880,2647,838532
1504291320,63.890,63.880,63.880,63.890,2647,838532
1504291380,63.880,63.890,63.870,63.900,2647,838532
1504291440,63.910,63.930,63.910,63.930,2647,838532
1504291500,63.940,63.940,63.940,63.940,3805,851769
1504291560,63.940,63.950,63.930,63.950,3804,851769
1504291620,63.950,63.970,63.950,63.970,3804,851769
1504291680,63.950,63.970,63.950,63.970,3804,851769
1504291740,63.980,64.030,63.960,64.060,3804,851769
1504291800,64.100,64.080,64.080,64.110,7608,870790
1504291860,64.060,64.060,64.060,64.080,7608,870790
1504291920,64.050,64.040,64.040,64.060,7608,870790
1504291980,64.040,64.080,64.040,64.080,7608,870790
1504292040,64.080,64.100,64.080,64.100,7608,870790
1504292100,64.100,64.120,64.100,64.160,3787,908830
1504292160,64.130,64.120,64.100,64.160,3784,908830
1504292220,64.140,64.130,64.130,64.140,3784,908830
1504292280,64.160,64.170,64.160,64.180,3784,908830
1504292340,64.160,64.180,64.160,64.190,3784,908830
1504292400,64.200,64.200,64.170,64.200,4228,927753
1504292460,64.170,64.250,64.170,64.250,4228,927753
1504292520,64.240,64.240,64.240,64.240,4228,927753
1504292580,64.250,64.280,64.240,64.280,4228,927753
1504292640,64.250,64.320,64.250,64.320,4228,927753
1504292700,64.320,64.320,64.300,64.320,6112,948893
1504292760,64.320,64.390,64.310,64.390,6111,948893
1504292820,64.400,64.430,64.400,64.430,6111,948893
1504292880,64.430,64.540,64.430,64.550,6111,948893
1504292940,64.530,64.360,64.360,64.530,6111,948893
1504293000,64.360,64.360,64.360,64.400,6405,979449
1504293060,64.330,64.300,64.300,64.340,6401,979449
1504293120,64.300,64.310,64.300,64.310,6401,979449
1504293180,64.310,64.320,64.310,64.320,6401,979449
1504293240,64.330,64.280,64.280,64.330,6401,979449
1504293300,64.240,64.260,64.240,64.260,4076,1011458
1504293360,64.260,64.260,64.260,64.260,4074,1011458
1504293420,64.250,64.060,64.060,64.250,4074,1011458
1504293480,64.110,64.130,64.110,64.130,4074,1011458
1504293540,64.130,64.150,64.130,64.150,4074,1011458
1504293600,64.160,64.170,64.160,64.170,4166,1031830
1504293660,64.180,64.240,64.180,64.240,4163,1031830
1504293720,64.250,64.250,64.220,64.250,4163,1031830
1504293780,64.250,64.270,64.250,64.270,4163,1031830
1504293840,64.280,64.300,64.280,64.310,4163,1031830
1504293900,64.300,64.360,64.300,64.360,7271,1052648
1504293960,64.320,64.300,64.270,64.320,7268,1052648
1504294020,64.280,64.320,64.280,64.320,7268,1052648
1504294080,64.300,64.370,64.300,64.370,7268,1052648
1504294140,64.370,64.370,64.360,64.390,7268,1052648
1504294200,64.350,64.300,64.300,64.350,5944,1088991
1504294260,64.290,64.340,64.290,64.340,5941,1088991
1504294320,64.330,64.360,64.330,64.390,5941,1088991
1504294380,64.350,64.360,64.350,64.370,5941,1088991
1504294440,64.380,64.390,64.380,64.390,5941,1088991
1504294500,64.390,64.280,64.280,64.390,9429,1118699
1504294560,64.310,64.320,64.300,64.330,9428,1118699
1504294620,64.280,64.270,64.270,64.280,9428,1118699
1504294680,64.280,64.380,64.280,64.380,9428,1118699
1504294740,64.390,64.410,64.360,64.410,9428,1118699
1504294800,64.380,64.420,64.370,64.420,11104,1165840
1504294860,64.430,64.470,64.430,64.470,11104,1165840
1504294920,64.460,64.450,64.450,64.490,11104,1165840
1504294980,64.450,64.450,64.440,64.470,11104,1165840
1504295040,64.460,64.490,64.460,64.490,11104,1165840
1504295100,64.490,64.480,64.480,64.490,9075,1221360
1504295160,64.470,64.460,64.450,64.470,9073,1221360
1504295220,64.480,64.460,64.460,64.530,9073,1221360
1504295280,64.460,64.460,64.450,64.460,9073,1221360
1504295340,64.450,64.490,64.450,64.490,9073,1221360
1504295400,64.480,64.470,64.470,64.490,11419,1266727
1504295460,64.470,64.490,64.470,64.500,11416,1266727
1504295520,64.480,64.450,64.450,64.500,11416,1266727
1504295580,64.440,64.460,64.440,64.470,11416,1266727
1504295640,64.450,64.410,64.410,64.460,11416,1266727
1504295700,64.400,64.370,64.370,64.400,34551,1323810
1504295760,64.360,64.390,64.360,64.390,34550,1323810
1504295820,64.430,64.430,64.430,64.440,34550,1323810
1504295880,64.440,64.430,64.430,64.460,34550,1323810
1504295940,64.400,64.360,64.360,64.400,34550,1323810
1504618200,64.320,64.080,64.080,64.320,7277,0
1504618260,64.300,64.290,64.290,64.300,7276,0
1504618320,64.270,64.720,64.270,64.720,7276,0
1504618380,64.790,64.610,64.610,64.790,7276,0
1504618440,64.610,64.440,64.440,64.730,7276,0
1504618500,64.320,64.430,64.180,64.430,5219,36381
1504618560,64.490,64.100,64.100,64.490,5217,36381
1504618620,64.170,64.170,64.170,64.170,5217,36381
1504618680,64.000,63.900,63.900,64.000,5217,36381
1504618740,63.890,64.080,63.890,64.080,5217,36381
1504618800,64.160,64.150,64.150,64.160,3250,62468
1504618860,64.190,64.220,64.190,64.220,3248,62468
1504618920,64.200,64.150,64.120,64.240,3248,62468
1504618980,64.130,64.180,64.130,64.180,3248,62468
1504619040,64.110,64.100,64.100,64.110,3248,62468
1504619100,64.080,64.100,64.000,64.100,5038,78710
1504619160,64.000,64.030,64.000,64.030,5036,78710
1504619220,64.000,63.740,63.740,64.000,5036,78710
1504619280,63.870,63.670,63.670,63.870,5036,78710
1504619340,63.680,63.830,63.680,63.840,5036,78710
1504619400,63.840,63.840,63.840,63.840,2282,103892
1504619460,63.770,63.750,63.750,63.870,2282,103892
1504619520,63.700,63.660,63.660,63.730,2282,103892
1504619580,63.750,63.640,63.640,63.760,2282,103892
1504619640,63.630,63.510,63.510,63.630,2282,103892
1504619700,63.480,63.530,63.480,63.570,3951,115302
1504619760,63.720,63.790,63.720,63.790,3950,115302
1504619820,63.880,64.000,63.880,64.010,3950,115302
1504619880,64.030,64.140,64.020,64.140,3950,115302
1504619940,64.120,64.100,64.070,64.120,3950,115302
1504620000,63.950,63.900,63.900,63.950,1368,135053
1504620060,63.900,63.850,63.850,63.900,1367,135053
1504620120,63.850,63.700,63.700,63.850,1367,135053
1504620180,63.850,63.700,63.700,63.850,1367,135053
1504620240,63.710,63.710,63.710,63.710,1367,135053
1504620300,63.720,63.720,63.720,63.720,3905,141889
1504620360,63.680,63.700,63.650,63.710,3901,141889
1504620420,63.700,63.750,63.700,63.790,3901,141889
1504620480,63.820,63.810,63.810,63.820,3901,141889
1504620540,63.830,63.860,63.790,63.860,3901,141889
1504620600,63.880,63.950,63.820,63.950,3663,161398
1504620660,63.970,63.970,63.970,63.970,3663,161398
1504620720,63.970,64.090,63.970,64.090,3663,161398
1504620780,63.970,64.090,63.970,64.090,3663,161398
1504620840,64.020,64.080,64.020,64.080,3663,161398
1504620900,64.080,64.070,64.070,64.080,3898,179713
1504620960,64.010,63.960,63.960,64.010,3897,179713
1504621020,63.970,63.850,63.850,63.970,3897,179713
1504621080,63.850,63.920,63.850,63.920,3897,179713
1504621140,63.900,63.890,63.890,63.900,3897,179713
1504621200,63.900,63.890,63.890,63.900,3074,199199
1504621260,63.900,63.890,63.890,63.900,3070,199199
1504621320,63.840,63.840,63.840,63.840,3070,199199
1504621380,63.890,63.900,63.890,63.900,3070,199199
1504621440,63.890,63.850,63.840,63.890,3070,199199
1504621500,63.900,63.920,63.900,63.930,5162,214553
1504621560,63.910,63.850,63.850,63.910,5158,214553
1504621620,63.850,63.900,63.840,63.900,5158,214553
1504621680,63.860,63.900,63.860,63.900,5158,214553
1504621740,63.860,63.960,63.860,63.960,5158,214553
1504621800,63.870,63.820,63.820,63.870,2988,240347
1504621860,63.820,63.800,63.790,63.820,2984,240347
1504621920,63.780,63.730,63.730,63.800,2984,240347
1504621980,63.680,63.670,63.660,63.680,2984,240347
1504622040,63.660,63.660,63.660,63.660,2984,240347
1504622100,63.630,63.650,63.630,63.660,3545,255271
1504622160,63.610,63.570,63.550,63.610,3544,255271
1504622220,63.560,63.520,63.520,63.560,3544,255271
1504622280,63.520,63.400,63.400,63.520,3544,255271
1504622340,63.430,63.420,63.390,63.430,3544,255271
1504622400,63.380,63.430,63.380,63.430,2231,272992
1504622460,63.440,63.430,63.430,63.470,2227,272992
1504622520,63.370,63.420,63.360,63.420,2227,272992
1504622580,63.420,63.420,63.420,63.420,2227,272992
1504622640,63.390,63.380,63.380,63.400,2227,272992
1504622700,63.320,63.260,63.260,63.320,3533,284131
1504622760,63.220,63.170,63.170,63.230,3531,284131
1504622820,63.170,63.170,63.170,63.170,3531,284131
1504622880,63.160,63.150,63.130,63.160,3531,284131
1504622940,63.130,63.240,63.130,63.240,3531,284131
1504623000,63.240,63.300,63.240,63.300,2147,301788
1504623060,63.290,63.290,63.290,63.290,2146,301788
1504623120,63.240,63.300,63.240,63.300,2146,301788
1504623180,63.300,63.320,63.300,63.320,2146,301788
1504623240,63.300,63.320,63.300,63.320,2146,301788
1504623300,63.300,63.320,63.300,63.320,1843,312519
1504623360,63.350,63.330,63.330,63.350,1839,312519
1504623420,63.350,63.330,63.330,63.350,1839,312519
1504623480,63.380,63.380,63.380,63.380,1839,312519
1504623540,63.470,63.470,63.470,63.470,1839,312519
1504623600,63.550,63.510,63.510,63.550,2865,321718
1504623660,63.520,63.490,63.490,63.530,2861,321718
1504623720,63.510,63.520,63.510,63.550,2861,321718
1504623780,63.540,63.540,63.540,63.570,2861,321718
1504623840,63.520,63.550,63.520,63.550,2861,321718
1504623900,63.550,63.570,63.550,63.590,1721,336027
1504623960,63.550,63.570,63.550,63.590,1718,336027
1504624020,63.530,63.530,63.530,63.530,1718,336027
1504624080,63.590,63.600,63.590,63.610,1718,336027
1504624140,63.610,63.620,63.610,63.620,1718,336027
1504624200,63.660,63.660,63.660,63.660,1450,344620
1504624260,63.740,63.790,63.740,63.790,1447,344620
1504624320,63.770,63.770,63.770,63.770,1447,344620
1504624380,63.770,63.770,63.770,63.770,1447,344620
1504624440,63.780,63.780,63.780,63.780,1447,344620
1504624500,63.770,63.710,63.710,63.770,3088,351858
1504624560,63.670,63.680,63.650,63.680,3084,351858
1504624620,63.670,63.680,63.650,63.680,3084,351858
1504624680,63.680,63.760,63.680,63.760,3084,351858
1504624740,63.750,63.720,63.720,63.770,3084,351858
1504624800,63.700,63.680,63.680,63.710,1655,367282
1504624860,63.680,63.720,63.680,63.740,1653,367282
1504624920,63.680,63.720,63.680,63.740,1653,367282
1504624980,63.720,63.720,63.720,63.720,1653,367282
1504625040,63.750,63.750,63.750,63.750,1653,367282
1504625100,63.740,63.740,63.740,63.740,4443,375549
1504625160,63.720,63.760,63.720,63.760,4441,375549
1504625220,63.770,63.750,63.720,63.770,4441,375549
1504625280,63.740,63.710,63.710,63.760,4441,375549
1504625340,63.740,63.680,63.680,63.770,4441,375549
1504625400,63.660,63.630,63.630,63.660,4697,397756
1504625460,63.630,63.600,63.600,63.650,4694,397756
1504625520,63.670,63.630,63.620,63.670,4694,397756
1504625580,63.670,63.650,63.640,63.690,4694,397756
1504625640,63.700,63.680,63.680,63.700,4694,397756
1504625700,63.690,63.780,63.690,63.780,4782,421229
1504625760,63.780,63.660,63.660,63.800,4780,421229
1504625820,63.660,63.840,63.660,63.840,4780,421229
1504625880,63.820,63.870,63.820,63.870,4780,421229
1504625940,63.820,63.870,63.820,63.870,4780,421229
1504626000,63.820,63.870,63.820,63.870,2393,445131
1504626060,63.870,63.850,63.850,63.870,2391,445131
1504626120,63.850,63.820,63.770,63.850,2391,445131
1504626180,63.850,63.820,63.770,63.850,2391,445131
1504626240,63.860,63.830,63.810,63.860,2391,445131
1504626300,63.800,63.790,63.770,63.800,2491,457088
1504626360,63.780,63.800,63.770,63.800,2491,457088
1504626420,63.820,63.870,63.820,63.870,2491,457088
1504626480,63.840,63.840,63.840,63.840,2491,457088
1504626540,63.890,63.910,63.890,63.910,2491,457088
1504626600,63.900,63.900,63.900,63.900,1955,469543
1504626660,63.870,63.850,63.850,63.880,1954,469543
1504626720,63.850,63.860,63.850,63.860,1954,469543
1504626780,63.910,63.910,63.910,63.910,1954,469543
1504626840,63.930,63.920,63.900,63.930,1954,469543
1504626900,63.930,63.930,63.930,63.930,1440,479314
1504626960,63.930,63.930,63.930,63.930,1438,479314
1504627020,63.930,63.940,63.930,63.960,1438,479314
1504627080,63.930,63.940,63.930,63.960,1438,479314
1504627140,63.930,63.940,63.930,63.940,1438,479314
1504627200,63.930,63.930,63.930,63.930,1918,486506
1504627260,63.890,63.840,63.840,63.890,1915,486506
1504627320,63.870,63.820,63.820,63.870,1915,486506
1504627380,63.800,63.800,63.800,63.800,1915,486506
1504627440,63.740,63.740,63.740,63.740,1915,486506
1504627500,63.740,63.750,63.710,63.750,3416,496084
1504627560,63.750,63.740,63.730,63.750,3415,496084
1504627620,63.700,63.650,63.650,63.700,3415,496084
1504627680,63.680,63.690,63.680,63.710,3415,496084
1504627740,63.670,63.680,63.670,63.680,3415,496084
1504627800,63.690,63.700,63.690,63.710,2505,513160
1504627860,63.680,63.680,63.660,63.680,2503,513160
1504627920,63.730,63.670,63.670,63.730,2503,513160
1504627980,63.680,63.700,63.660,63.700,2503,513160
1504628040,63.650,63.600,63.600,63.650,2503,513160
1504628100,63.580,63.520,63.520,63.610,3283,525677
1504628160,63.530,63.470,63.460,63.530,3283,525677
1504628220,63.430,63.480,63.430,63.480,3283,525677
1504628280,63.430,63.480,63.430,63.480,3283,525677
1504628340,63.490,63.480,63.450,63.490,3283,525677
1504628400,63.470,63.460,63.440,63.470,2532,542092
1504628460,63.470,63.460,63.450,63.490,2531,542092
1504628520,63.490,63.520,63.490,63.540,2531,542092
1504628580,63.520,63.540,63.520,63.540,2531,542092
1504628640,63.620,63.560,63.560,63.620,2531,542092
1504628700,63.540,63.540,63.540,63.540,2882,554748
1504628760,63.550,63.550,63.550,63.550,2880,554748
1504628820,63.460,63.480,63.460,63.480,2880,554748
1504628880,63.510,63.520,63.510,63.520,2880,554748
1504628940,63.490,63.480,63.480,63.510,2880,554748
1504629000,63.460,63.390,63.390,63.460,2130,569150
1504629060,63.420,63.420,63.420,63.420,2129,569150
1504629120,63.390,63.380,63.340,63.390,2129,569150
1504629180,63.360,63.320,63.310,63.360,2129,569150
1504629240,63.360,63.320,63.310,63.360,2129,569150
1504629300,63.370,63.370,63.370,63.370,3523,579796
1504629360,63.350,63.330,63.330,63.350,3519,579796
1504629420,63.350,63.360,63.350,63.360,3519,579796
1504629480,63.360,63.400,63.360,63.400,3519,579796
1504629540,63.320,63.360,63.320,63.360,3519,579796
1504629600,63.330,63.340,63.330,63.340,1723,597395
1504629660,63.380,63.380,63.380,63.380,1721,597395
1504629720,63.390,63.400,63.390,63.400,1721,597395
1504629780,63.410,63.410,63.400,63.440,1721,597395
1504629840,63.410,63.410,63.410,63.410,1721,597395
1504629900,63.390,63.390,63.360,63.390,3588,606002
1504629960,63.410,63.390,63.390,63.410,3584,606002
1504630020,63.380,63.400,63.380,63.400,3584,606002
1504630080,63.440,63.430,63.430,63.440,3584,606002
1504630140,63.410,63.410,63.400,63.410,3584,606002
1504630200,63.450,63.450,63.450,63.450,2872,623926
1504630260,63.420,63.440,63.420,63.440,2871,623926
1504630320,63.430,63.430,63.430,63.460,2871,623926
1504630380,63.450,63.460,63.450,63.460,2871,623926
1504630440,63.410,63.440,63.410,63.440,2871,623926
1504630500,63.410,63.410,63.410,63.410,3389,638282
1504630560,63.410,63.390,63.370,63.410,3385,638282
1504630620,63.380,63.380,63.380,63.380,3385,638282
1504630680,63.380,63.380,63.380,63.380,3385,638282
1504630740,63.330,63.320,63.320,63.330,3385,638282
1504630800,63.260,63.260,63.260,63.260,3283,655211
1504630860,63.250,63.200,63.200,63.250,3283,655211
1504630920,63.160,63.200,63.160,63.200,3283,655211
1504630980,63.170,63.170,63.170,63.170,3283,655211
1504631040,63.150,63.100,63.070,63.150,3283,655211
1504631100,63.130,63.130,63.130,63.130,1818,671626
1504631160,63.130,63.120,63.120,63.130,1818,671626
1504631220,63.130,63.110,63.110,63.150,1818,671626
1504631280,63.120,63.110,63.110,63.120,1818,671626
1504631340,63.120,63.110,63.110,63.120,1818,671626
1504631400,63.100,63.100,63.070,63.100,5389,680716
1504631460,63.050,62.960,62.960,63.050,5387,680716
1504631520,62.960,62.970,62.960,62.990,5387,680716
1504631580,62.990,63.010,62.990,63.020,5387,680716
1504631640,63.000,63.000,63.000,63.000,5387,680716
1504631700,63.040,63.090,63.040,63.090,2032,707653
1504631760,63.090,63.110,63.070,63.110,2032,707653
1504631820,63.110,63.110,63.110,63.110,2032,707653
1504631880,63.130,63.130,63.130,63.130,2032,707653
1504631940,63.160,63.220,63.160,63.220,2032,707653
1504632000,63.200,63.200,63.190,63.200,1863,717813
1504632060,63.230,63.230,63.230,63.230,1861,717813
1504632120,63.230,63.230,63.230,63.230,1861,717813
1504632180,63.230,63.230,63.230,63.230,1861,717813
1504632240,63.230,63.220,63.200,63.230,1861,717813
1504632300,63.200,63.180,63.180,63.200,2610,727120
1504632360,63.150,63.120,63.120,63.160,2609,727120
1504632420,63.110,63.110,63.110,63.110,2609,727120
1504632480,63.120,63.120,63.120,63.120,2609,727120
1504632540,63.150,63.150,63.150,63.150,2609,727120
1504632600,63.200,63.200,63.200,63.200,2198,740166
1504632660,63.190,63.210,63.180,63.210,2195,740166
1504632720,63.230,63.210,63.210,63.290,2195,740166
1504632780,63.240,63.240,63.240,63.280,2195,740166
1504632840,63.280,63.250,63.250,63.280,2195,740166
1504632900,63.210,63.230,63.210,63.260,3160,751144
1504632960,63.210,63.230,63.210,63.260,3157,751144
1504633020,63.290,63.310,63.290,63.340,3157,751144
1504633080,63.340,63.420,63.340,63.420,3157,751144
1504633140,63.420,63.380,63.380,63.420,3157,751144
1504633200,63.420,63.440,63.420,63.440,1592,766932
1504633260,63.440,63.440,63.440,63.440,1590,766932
1504633320,63.450,63.450,63.450,63.450,1590,766932
1504633380,63.440,63.470,63.440,63.470,1590,766932
1504633440,63.450,63.450,63.450,63.450,1590,766932
1504633500,63.450,63.450,63.450,63.450,2701,774884
1504633560,63.500,63.540,63.470,63.540,2699,774884
1504633620,63.500,63.540,63.470,63.540,2699,774884
1504633680,63.490,63.510,63.490,63.510,2699,774884
1504633740,63.520,63.510,63.510,63.520,2699,774884
1504633800,63.490,63.500,63.490,63.510,2735,788381
1504633860,63.510,63.540,63.510,63.540,2734,788381
1504633920,63.550,63.540,63.540,63.550,2734,788381
1504633980,63.570,63.590,63.570,63.590,2734,788381
1504634040,63.620,63.610,63.590,63.620,2734,788381
1504634100,63.650,63.670,63.650,63.670,3341,802052
1504634160,63.710,63.640,63.640,63.710,3337,802052
1504634220,63.610,63.590,63.590,63.610,3337,802052
1504634280,63.610,63.580,63.560,63.610,3337,802052
1504634340,63.550,63.550,63.550,63.550,3337,802052
1504634400,63.580,63.620,63.580,63.620,3065,818741
1504634460,63.620,63.630,63.610,63.630,3064,818741
1504634520,63.650,63.620,63.620,63.650,3064,818741
1504634580,63.630,63.660,63.630,63.660,3064,818741
1504634640,63.660,63.690,63.660,63.690,3064,818741
1504634700,63.690,63.700,63.680,63.700,4319,834062
1504634760,63.690,63.670,63.670,63.700,4315,834062
1504634820,63.680,63.680,63.680,63.680,4315,834062
1504634880,63.690,63.570,63.570,63.690,4315,834062
1504634940,63.530,63.560,63.530,63.560,4315,834062
1504635000,63.580,63.610,63.580,63.610,3738,855641
1504635060,63.570,63.570,63.570,63.580,3734,855641
1504635120,63.590,63.600,63.590,63.600,3734,855641
1504635180,63.590,63.640,63.590,63.640,3734,855641
1504635240,63.620,63.610,63.610,63.660,3734,855641
1504635300,63.620,63.610,63.610,63.660,2582,874315
1504635360,63.590,63.590,63.590,63.590,2579,874315
1504635420,63.590,63.610,63.590,63.620,2579,874315
1504635480,63.610,63.640,63.610,63.640,2579,874315
1504635540,63.660,63.680,63.650,63.680,2579,874315
1504635600,63.690,63.710,63.690,63.710,4413,887213
1504635660,63.740,63.780,63.730,63.780,4413,887213
1504635720,63.780,63.810,63.760,63.810,4413,887213
1504635780,63.820,63.780,63.780,63.820,4413,887213
1504635840,63.770,63.770,63.770,63.810,4413,887213
1504635900,63.810,63.850,63.810,63.850,4089,909278
1504635960,63.840,63.880,63.840,63.880,4085,909278
1504636020,63.870,63.890,63.870,63.890,4085,909278
1504636080,63.870,63.910,63.870,63.910,4085,909278
1504636140,63.960,63.930,63.920,63.960,4085,909278
1504636200,63.930,63.900,63.890,63.930,2211,929707
1504636260,63.950,63.950,63.950,63.950,2208,929707
1504636320,63.950,63.980,63.950,63.990,2208,929707
1504636380,63.960,63.960,63.960,63.960,2208,929707
1504636440,63.960,63.960,63.960,63.960,2208,929707
1504636500,63.970,63.970,63.970,63.990,7121,940750
1504636560,63.970,63.950,63.950,63.980,7120,940750
1504636620,63.970,63.970,63.970,64.000,7120,940750
1504636680,63.970,63.970,63.960,63.970,7120,940750
1504636740,63.970,63.970,63.970,63.980,7120,940750
1504636800,63.970,63.940,63.920,63.970,4230,976351
1504636860,63.940,63.910,63.900,63.940,4228,976351
1504636920,63.910,63.920,63.910,63.920,4228,976351
1504636980,63.900,63.970,63.900,63.970,4228,976351
1504637040,63.930,63.970,63.930,63.970,4228,976351
1504637100,63.970,63.980,63.970,63.990,4093,997493
1504637160,63.980,63.950,63.950,63.980,4090,997493
1504637220,63.970,63.960,63.950,63.980,4090,997493
1504637280,63.950,63.990,63.950,63.990,4090,997493
1504637340,63.960,63.970,63.960,63.980,4090,997493
1504637400,63.960,63.950,63.950,63.960,3674,1017946
1504637460,63.950,63.950,63.940,63.950,3670,1017946
1504637520,63.980,63.990,63.980,63.990,3670,1017946
1504637580,63.990,64.020,63.990,64.020,3670,1017946
1504637640,64.010,64.030,63.990,64.030,3670,1017946
1504637700,64.040,64.070,64.040,64.070,12339,1036300
1504637760,64.060,64.120,64.060,64.120,12336,1036300
1504637820,64.110,64.080,64.080,64.110,12336,1036300
1504637880,64.090,64.080,64.080,64.100,12336,1036300
1504637940,64.090,64.080,64.080,64.090,12336,1036300
1504638000,64.080,64.120,64.080,64.120,4160,1097983
1504638060,64.150,64.170,64.150,64.170,4159,1097983
1504638120,64.170,64.160,64.150,64.170,4159,1097983
1504638180,64.180,64.160,64.160,64.180,4159,1097983
1504638240,64.190,64.270,64.190,64.270,4159,1097983
1504638300,64.290,64.230,64.220,64.290,6962,1118779
1504638360,64.210,64.200,64.200,64.210,6958,1118779
1504638420,64.170,64.190,64.170,64.190,6958,1118779
1504638480,64.200,64.210,64.200,64.210,6958,1118779
1504638540,64.240,64.270,64.210,64.270,6958,1118779
1504638600,64.270,64.260,64.260,64.270,5705,1153573
1504638660,64.270,64.300,64.270,64.310,5702,1153573
1504638720,64.310,64.340,64.310,64.340,5702,1153573
1504638780,64.330,64.380,64.330,64.390,5702,1153573
1504638840,64.360,64.440,64.360,64.440,5702,1153573
1504638900,64.430,64.400,64.400,64.430,5011,1182086
1504638960,64.390,64.350,64.340,64.390,5010,1182086
1504639020,64.360,64.360,64.360,64.370,5010,1182086
1504639080,64.370,64.370,64.370,64.380,5010,1182086
1504639140,64.370,64.360,64.350,64.370,5010,1182086
1504639200,64.330,64.330,64.330,64.360,4375,1207137
1504639260,64.350,64.330,64.330,64.350,4372,1207137
1504639320,64.330,64.360,64.330,64.360,4372,1207137
1504639380,64.360,64.360,64.360,64.360,4372,1207137
1504639440,64.380,64.380,64.370,64.380,4372,1207137
1504639500,64.410,64.410,64.390,64.410,7882,1229000
1504639560,64.410,64.440,64.410,64.440,7882,1229000
1504639620,64.450,64.430,64.420,64.450,7882,1229000
1504639680,64.400,64.450,64.400,64.460,7882,1229000
1504639740,64.460,64.500,64.460,64.500,7882,1229000
1504639800,64.500,64.550,64.500,64.560,8338,1268410
1504639860,64.560,64.600,64.560,64.600,8338,1268410
1504639920,64.630,64.620,64.590,64.630,8338,1268410
1504639980,64.610,64.610,64.590,64.610,8338,1268410
1504640040,64.620,64.680,64.620,64.680,8338,1268410
1504640100,64.690,64.650,64.650,64.700,7432,1310100
1504640160,64.650,64.640,64.630,64.650,7431,1310100
1504640220,64.640,64.640,64.640,64.650,7431,1310100
1504640280,64.650,64.650,64.640,64.660,7431,1310100
1504640340,64.640,64.660,64.640,64.660,7431,1310100
1504640400,64.660,64.630,64.630,64.660,10067,1347256
1504640460,64.640,64.520,64.520,64.640,10063,1347256
1504640520,64.530,64.570,64.530,64.570,10063,1347256
1504640580,64.580,64.610,64.580,64.610,10063,1347256
1504640640,64.600,64.620,64.590,64.620,10063,1347256
1504640700,64.610,64.610,64.600,64.610,9187,1397575
1504640760,64.610,64.630,64.610,64.640,9185,1397575
1504640820,64.630,64.650,64.630,64.650,9185,1397575
1504640880,64.660,64.640,64.640,64.660,9185,1397575
1504640940,64.620,64.620,64.610,64.620,9185,1397575
1504641000,64.600,64.580,64.570,64.600,14361,1443502
1504641060,64.580,64.610,64.580,64.610,14357,1443502
1504641120,64.610,64.640,64.610,64.640,14357,1443502
1504641180,64.640,64.670,64.640,64.670,14357,1443502
1504641240,64.680,64.640,64.620,64.680,14357,1443502
1504641300,64.620,64.580,64.580,64.620,32120,1515291
1504641360,64.590,64.610,64.580,64.610,32117,1515291
1504641420,64.610,64.590,64.590,64.610,32117,1515291
1504641480,64.590,64.580,64.580,64.620,32117,1515291
1504641540,64.580,64.560,64.560,64.610,32117,1515291
1504704600,64.950,64.950,64.950,64.950,3170,0
1504704660,64.890,64.840,64.840,64.890,3168,0
1504704720,64.540,64.610,64.540,64.610,3168,0
1504704780,64.800,64.680,64.680,64.820,3168,0
1504704840,64.800,64.680,64.680,64.820,3168,0
1504704900,64.800,65.030,64.800,65.190,2498,15842
1504704960,65.220,65.170,65.040,65.220,2495,15842
1504705020,65.220,65.170,65.040,65.220,2495,15842
1504705080,64.980,65.160,64.980,65.160,2495,15842
1504705140,65.190,65.110,65.110,65.190,2495,15842
1504705200,65.180,65.230,65.030,65.230,3696,28320
1504705260,65.090,65.280,65.090,65.280,3694,28320
1504705320,65.220,65.120,65.120,65.240,3694,28320
1504705380,65.120,65.120,65.120,65.120,3694,28320
1504705440,65.150,65.150,65.150,65.150,3694,28320
1504705500,65.050,65.150,65.050,65.150,2237,46792
1504705560,65.090,65.260,65.090,65.260,2234,46792
1504705620,65.190,65.250,65.190,65.250,2234,46792
1504705680,65.200,65.260,65.200,65.260,2234,46792
1504705740,65.280,65.220,65.220,65.340,2234,46792
1504705800,65.350,65.380,65.350,65.380,2314,57965
1504705860,65.420,65.370,65.370,65.450,2312,57965
1504705920,65.410,65.380,65.380,65.410,2312,57965
1504705980,65.330,65.330,65.330,65.330,2312,57965
1504706040,65.350,65.430,65.350,65.430,2312,57965
1504706100,65.330,65.370,65.330,65.370,4177,69527
1504706160,65.280,65.230,65.230,65.280,4173,69527
1504706220,65.200,65.030,65.030,65.200,4173,69527
1504706280,65.040,65.190,65.040,65.190,4173,69527
1504706340,65.240,65.230,65.230,65.370,4173,69527
1504706400,65.110,65.110,65.110,65.110,3335,90396
1504706460,65.160,65.160,65.160,65.160,3332,90396
1504706520,65.090,65.130,65.090,65.160,3332,90396
1504706580,65.110,65.340,65.110,65.340,3332,90396
1504706640,65.330,65.370,65.330,65.370,3332,90396
1504706700,65.320,65.310,65.310,65.350,4911,107059
1504706760,65.370,65.420,65.370,65.460,4908,107059
1504706820,65.410,65.420,65.410,65.530,4908,107059
1504706880,65.410,65.420,65.410,65.530,4908,107059
1504706940,65.510,65.520,65.500,65.600,4908,107059
1504707000,65.550,65.550,65.550,65.550,5381,131602
1504707060,65.530,65.650,65.530,65.650,5380,131602
1504707120,65.690,65.640,65.640,65.690,5380,131602
1504707180,65.710,65.630,65.630,65.740,5380,131602
1504707240,65.600,65.630,65.590,65.640,5380,131602
1504707300,65.560,65.530,65.490,65.570,1956,158503
1504707360,65.530,65.530,65.530,65.530,1952,158503
1504707420,65.540,65.460,65.460,65.540,1952,158503
1504707480,65.410,65.410,65.410,65.410,1952,158503
1504707540,65.460,65.410,65.410,65.460,1952,158503
1504707600,65.360,65.430,65.360,65.430,3000,168267
1504707660,65.460,65.500,65.390,65.500,3000,168267
1504707720,65.550,65.610,65.550,65.610,3000,168267
1504707780,65.480,65.540,65.480,65.550,3000,168267
1504707840,65.480,65.370,65.370,65.480,3000,168267
1504707900,65.360,65.340,65.300,65.360,2708,183267
1504707960,65.380,65.320,65.320,65.380,2705,183267
1504708020,65.390,65.380,65.330,65.390,2705,183267
1504708080,65.340,65.310,65.290,65.340,2705,183267
1504708140,65.290,65.310,65.290,65.310,2705,183267
1504708200,65.310,65.340,65.290,65.340,2952,196795
1504708260,65.330,65.330,65.330,65.330,2951,196795
1504708320,65.350,65.310,65.310,65.350,2951,196795
1504708380,65.320,65.330,65.320,65.330,2951,196795
1504708440,65.280,65.330,65.280,65.330,2951,196795
1504708500,65.330,65.330,65.330,65.330,2636,211551
1504708560,65.320,65.410,65.320,65.410,2635,211551
1504708620,65.410,65.420,65.410,65.440,2635,211551
1504708680,65.470,65.510,65.460,65.520,2635,211551
1504708740,65.540,65.550,65.540,65.550,2635,211551
1504708800,65.570,65.570,65.570,65.570,2589,224727
1504708860,65.540,65.530,65.520,65.570,2585,224727
1504708920,65.500,65.500,65.500,65.500,2585,224727
1504708980,65.500,65.500,65.500,65.500,2585,224727
1504709040,65.470,65.360,65.360,65.470,2585,224727
1504709100,65.350,65.340,65.280,65.350,1335,237656
1504709160,65.350,65.340,65.280,65.350,1332,237656
1504709220,65.430,65.430,65.430,65.430,1332,237656
1504709280,65.320,65.280,65.280,65.320,1332,237656
1504709340,65.330,65.330,65.330,65.330,1332,237656
1504709400,65.330,65.370,65.290,65.370,1388,244319
1504709460,65.400,65.380,65.380,65.400,1387,244319
1504709520,65.500,65.500,65.500,65.500,1387,244319
1504709580,65.450,65.510,65.450,65.510,1387,244319
1504709640,65.520,65.540,65.520,65.540,1387,244319
1504709700,65.480,65.480,65.480,65.480,1093,251255
1504709760,65.420,65.400,65.400,65.420,1092,251255
1504709820,65.420,65.400,65.400,65.420,1092,251255
1504709880,65.380,65.380,65.360,65.380,1092,251255
1504709940,65.430,65.430,65.430,65.430,1092,251255
1504710000,65.450,65.450,65.450,65.450,2612,256716
1504710060,65.450,65.490,65.450,65.490,2612,256716
1504710120,65.470,65.520,65.470,65.540,2612,256716
1504710180,65.550,65.470,65.470,65.550,2612,256716
1504710240,65.470,65.470,65.470,65.470,2612,256716
1504710300,65.430,65.430,65.400,65.430,2379,269776
1504710360,65.470,65.510,65.470,65.540,2379,269776
1504710420,65.520,65.530,65.480,65.530,2379,269776
1504710480,65.550,65.470,65.470,65.550,2379,269776
1504710540,65.460,65.450,65.430,65.460,2379,269776
1504710600,65.440,65.440,65.440,65.440,1597,281671
1504710660,65.450,65.410,65.410,65.450,1596,281671
1504710720,65.390,65.380,65.380,65.390,1596,281671
1504710780,65.370,65.370,65.370,65.370,1596,281671
1504710840,65.340,65.360,65.340,65.360,1596,281671
1504710900,65.390,65.430,65.390,65.430,1375,289652
1504710960,65.450,65.390,65.390,65.450,1374,289652
1504711020,65.380,65.380,65.380,65.380,1374,289652
1504711080,65.400,65.460,65.390,65.460,1374,289652
1504711140,65.430,65.460,65.430,65.460,1374,289652
1504711200,65.440,65.530,65.430,65.530,2127,296523
1504711260,65.520,65.520,65.520,65.540,2127,296523
1504711320,65.490,65.540,65.490,65.540,2127,296523
1504711380,65.520,65.550,65.520,65.550,2127,296523
1504711440,65.530,65.490,65.490,65.550,2127,296523
1504711500,65.510,65.510,65.510,65.510,3423,307158
1504711560,65.510,65.510,65.510,65.510,3423,307158
1504711620,65.520,65.550,65.520,65.550,3423,307158
1504711680,65.550,65.550,65.550,65.550,3423,307158
1504711740,65.530,65.550,65.520,65.550,3423,307158
1504711800,65.630,65.640,65.630,65.640,2264,324273
1504711860,65.680,65.690,65.680,65.690,2260,324273
1504711920,65.710,65.700,65.700,65.730,2260,324273
1504711980,65.700,65.700,65.700,65.700,2260,324273
1504712040,65.690,65.690,65.690,65.690,2260,324273
1504712100,65.630,65.650,65.630,65.650,3120,335577
1504712160,65.630,65.660,65.630,65.670,3120,335577
1504712220,65.640,65.680,65.630,65.700,3120,335577
1504712280,65.660,65.670,65.660,65.670,3120,335577
1504712340,65.670,65.670,65.670,65.690,3120,335577
1504712400,65.690,65.670,65.670,65.710,2708,351177
1504712460,65.660,65.640,65.640,65.660,2705,351177
1504712520,65.640,65.660,65.630,65.660,2705,351177
1504712580,65.670,65.650,65.650,65.670,2705,351177
1504712640,65.660,65.670,65.660,65.670,2705,351177
1504712700,65.700,65.740,65.700,65.740,4081,364705
1504712760,65.730,65.800,65.730,65.800,4078,364705
1504712820,65.810,65.760,65.760,65.810,4078,364705
1504712880,65.760,65.720,65.720,65.780,4078,364705
1504712940,65.720,65.730,65.720,65.730,4078,364705
1504713000,65.690,65.650,65.650,65.690,4239,385098
1504713060,65.600,65.580,65.580,65.600,4235,385098
1504713120,65.470,65.470,65.440,65.470,4235,385098
1504713180,65.510,65.490,65.460,65.510,4235,385098
1504713240,65.460,65.370,65.330,65.460,4235,385098
1504713300,65.400,65.390,65.390,65.400,7334,406277
1504713360,65.400,65.390,65.390,65.410,7332,406277
1504713420,65.380,65.410,65.380,65.410,7332,406277
1504713480,65.420,65.440,65.420,65.440,7332,406277
1504713540,65.430,65.440,65.430,65.470,7332,406277
1504713600,65.420,65.420,65.420,65.420,5976,442939
1504713660,65.450,65.440,65.400,65.460,5975,442939
1504713720,65.410,65.420,65.380,65.430,5975,442939
1504713780,65.420,65.410,65.410,65.450,5975,442939
1504713840,65.380,65.340,65.340,65.380,5975,442939
1504713900,65.350,65.340,65.330,65.370,1758,472815
1504713960,65.350,65.340,65.330,65.370,1756,472815
1504714020,65.330,65.370,65.330,65.370,1756,472815
1504714080,65.380,65.390,65.380,65.390,1756,472815
1504714140,65.350,65.350,65.350,65.350,1756,472815
1504714200,65.330,65.370,65.330,65.370,2474,481597
1504714260,65.340,65.300,65.300,65.340,2473,481597
1504714320,65.330,65.330,65.330,65.330,2473,481597
1504714380,65.330,65.330,65.330,65.330,2473,481597
1504714440,65.300,65.410,65.300,65.430,2473,481597
1504714500,65.410,65.420,65.410,65.440,2600,493963
1504714560,65.420,65.430,65.420,65.430,2598,493963
1504714620,65.400,65.410,65.400,65.410,2598,493963
1504714680,65.430,65.440,65.430,65.440,2598,493963
1504714740,65.440,65.440,65.440,65.440,2598,493963
1504714800,65.420,65.400,65.380,65.420,1544,506955
1504714860,65.380,65.370,65.370,65.380,1541,506955
1504714920,65.290,65.290,65.290,65.290,1541,506955
1504714980,65.290,65.290,65.290,65.290,1541,506955
1504715040,65.330,65.340,65.330,65.350,1541,506955
1504715100,65.320,65.320,65.320,65.320,1749,514663
1504715160,65.340,65.430,65.340,65.430,1748,514663
1504715220,65.420,65.430,65.420,65.430,1748,514663
1504715280,65.430,65.420,65.420,65.430,1748,514663
1504715340,65.400,65.380,65.380,65.400,1748,514663
1504715400,65.400,65.380,65.380,65.400,1373,523404
1504715460,65.380,65.380,65.380,65.380,1369,523404
1504715520,65.390,65.410,65.390,65.410,1369,523404
1504715580,65.420,65.400,65.400,65.430,1369,523404
1504715640,65.390,65.400,65.390,65.400,1369,523404
1504715700,65.400,65.440,65.400,65.440,1665,530253
1504715760,65.440,65.430,65.430,65.440,1662,530253
1504715820,65.450,65.450,65.450,65.470,1662,530253
1504715880,65.430,65.390,65.390,65.430,1662,530253
1504715940,65.380,65.350,65.350,65.380,1662,530253
1504716000,65.370,65.370,65.370,65.370,1363,538566
1504716060,65.330,65.330,65.330,65.330,1359,538566
1504716120,65.300,65.290,65.280,65.300,1359,538566
1504716180,65.320,65.320,65.320,65.320,1359,538566
1504716240,65.340,65.340,65.340,65.340,1359,538566
1504716300,65.300,65.310,65.300,65.310,1804,545365
1504716360,65.340,65.360,65.340,65.360,1804,545365
1504716420,65.340,65.350,65.320,65.360,1804,545365
1504716480,65.380,65.380,65.380,65.380,1804,545365
1504716540,65.410,65.480,65.410,65.480,1804,545365
1504716600,65.490,65.450,65.450,65.500,1072,554385
1504716660,65.430,65.400,65.400,65.430,1068,554385
1504716720,65.400,65.400,65.400,65.400,1068,554385
1504716780,65.370,65.340,65.340,65.370,1068,554385
1504716840,65.370,65.340,65.340,65.370,1068,554385
1504716900,65.370,65.340,65.340,65.370,784,559729
1504716960,65.360,65.430,65.360,65.430,782,559729
1504717020,65.440,65.440,65.440,65.440,782,559729
1504717080,65.440,65.440,65.440,65.440,782,559729
1504717140,65.440,65.440,65.440,65.440,782,559729
1504717200,65.430,65.490,65.430,65.490,2202,563641
1504717260,65.440,65.510,65.440,65.510,2198,563641
1504717320,65.470,65.490,65.470,65.490,2198,563641
1504717380,65.560,65.560,65.560,65.560,2198,563641
1504717440,65.580,65.580,65.580,65.580,2198,563641
1504717500,65.590,65.580,65.580,65.590,1172,574635
1504717560,65.570,65.580,65.570,65.580,1170,574635
1504717620,65.570,65.580,65.560,65.580,1170,574635
1504717680,65.580,65.580,65.580,65.580,1170,574635
1504717740,65.620,65.620,65.620,65.620,1170,574635
1504717800,65.640,65.630,65.610,65.640,1495,580487
1504717860,65.600,65.640,65.600,65.640,1492,580487
1504717920,65.640,65.640,65.640,65.640,1492,580487
1504717980,65.650,65.620,65.620,65.650,1492,580487
1504718040,65.620,65.610,65.610,65.620,1492,580487
1504718100,65.570,65.570,65.570,65.570,1292,587950
1504718160,65.550,65.550,65.550,65.550,1292,587950
1504718220,65.550,65.550,65.550,65.550,1292,587950
1504718280,65.560,65.560,65.560,65.560,1292,587950
1504718340,65.560,65.570,65.560,65.570,1292,587950
1504718400,65.580,65.570,65.570,65.600,1168,594410
1504718460,65.580,65.570,65.570,65.600,1168,594410
1504718520,65.570,65.570,65.570,65.570,1168,594410
1504718580,65.510,65.510,65.510,65.510,1168,594410
1504718640,65.510,65.510,65.510,65.510,1168,594410
1504718700,65.540,65.550,65.540,65.550,1778,600250
1504718760,65.550,65.570,65.550,65.580,1775,600250
1504718820,65.570,65.570,65.570,65.570,1775,600250
1504718880,65.580,65.580,65.580,65.580,1775,600250
1504718940,65.570,65.570,65.570,65.570,1775,600250
1504719000,65.580,65.580,65.580,65.580,2553,609128
1504719060,65.550,65.560,65.550,65.560,2550,609128
1504719120,65.600,65.590,65.590,65.600,2550,609128
1504719180,65.550,65.600,65.550,65.630,2550,609128
1504719240,65.630,65.580,65.580,65.640,2550,609128
1504719300,65.630,65.580,65.580,65.640,436,621881
1504719360,65.570,65.570,65.570,65.570,436,621881
1504719420,65.560,65.560,65.560,65.560,436,621881
1504719480,65.560,65.560,65.560,65.560,436,621881
1504719540,65.560,65.560,65.560,65.560,436,621881
1504719600,65.580,65.570,65.550,65.580,1610,624061
1504719660,65.580,65.570,65.550,65.580,1606,624061
1504719720,65.540,65.590,65.540,65.590,1606,624061
1504719780,65.570,65.570,65.570,65.570,1606,624061
1504719840,65.590,65.600,65.590,65.600,1606,624061
1504719900,65.630,65.690,65.630,65.690,1756,632095
1504719960,65.720,65.730,65.720,65.730,1754,632095
1504720020,65.720,65.680,65.680,65.720,1754,632095
1504720080,65.720,65.680,65.680,65.720,1754,632095
1504720140,65.640,65.650,65.640,65.680,1754,632095
1504720200,65.610,65.610,65.610,65.610,785,640867
1504720260,65.580,65.580,65.580,65.580,785,640867
1504720320,65.550,65.550,65.530,65.550,785,640867
1504720380,65.500,65.530,65.500,65.530,785,640867
1504720440,65.530,65.500,65.500,65.530,785,640867
1504720500,65.500,65.340,65.340,65.510,3988,644792
1504720560,65.390,65.380,65.380,65.440,3984,644792
1504720620,65.360,65.330,65.300,65.360,3984,644792
1504720680,65.270,65.300,65.270,65.300,3984,644792
1504720740,65.290,65.350,65.290,65.350,3984,644792
1504720800,65.340,65.340,65.340,65.340,1127,664716
1504720860,65.340,65.370,65.340,65.370,1126,664716
1504720920,65.390,65.390,65.380,65.390,1126,664716
1504720980,65.410,65.430,65.410,65.430,1126,664716
1504721040,65.410,65.430,65.410,65.430,1126,664716
1504721100,65.460,65.480,65.460,65.480,1644,670347
1504721160,65.460,65.460,65.460,65.460,1644,670347
1504721220,65.440,65.430,65.430,65.480,1644,670347
1504721280,65.480,65.480,65.480,65.480,1644,670347
1504721340,65.420,65.420,65.420,65.420,1644,670347
1504721400,65.400,65.440,65.400,65.440,1712,678567
1504721460,65.410,65.400,65.400,65.410,1710,678567
1504721520,65.430,65.430,65.430,65.430,1710,678567
1504721580,65.420,65.420,65.420,65.430,1710,678567
1504721640,65.500,65.500,65.500,65.500,1710,678567
1504721700,65.510,65.510,65.480,65.510,2787,687119
1504721760,65.470,65.470,65.470,65.470,2783,687119
1504721820,65.460,65.440,65.440,65.460,2783,687119
1504721880,65.510,65.570,65.510,65.570,2783,687119
1504721940,65.570,65.560,65.560,65.590,2783,687119
1504722000,65.560,65.560,65.560,65.560,2288,701038
1504722060,65.600,65.630,65.600,65.630,2284,701038
1504722120,65.630,65.630,65.630,65.630,2284,701038
1504722180,65.650,65.720,65.650,65.720,2284,701038
1504722240,65.740,65.670,65.670,65.740,2284,701038
1504722300,65.620,65.610,65.610,65.620,2071,712462
1504722360,65.640,65.640,65.630,65.700,2068,712462
1504722420,65.640,65.640,65.630,65.700,2068,712462
1504722480,65.650,65.640,65.640,65.650,2068,712462
1504722540,65.620,65.620,65.620,65.620,2068,712462
1504722600,65.630,65.630,65.630,65.630,1337,722805
1504722660,65.620,65.640,65.620,65.640,1337,722805
1504722720,65.680,65.620,65.620,65.690,1337,722805
1504722780,65.570,65.570,65.570,65.570,1337,722805
1504722840,65.570,65.570,65.570,65.570,1337,722805
1504722900,65.600,65.600,65.600,65.600,2364,729490
1504722960,65.620,65.600,65.600,65.640,2361,729490
1504723020,65.620,65.600,65.600,65.640,2361,729490
1504723080,65.620,65.620,65.620,65.620,2361,729490
1504723140,65.610,65.600,65.600,65.620,2361,729490
1504723200,65.610,65.610,65.610,65.610,1453,741298
1504723260,65.610,65.630,65.610,65.630,1451,741298
1504723320,65.600,65.620,65.600,65.620,1451,741298
1504723380,65.600,65.600,65.600,65.600,1451,741298
1504723440,65.590,65.590,65.590,65.590,1451,741298
1504723500,65.610,65.660,65.610,65.660,5832,748555
1504723560,65.660,65.640,65.640,65.670,5832,748555
1504723620,65.640,65.560,65.560,65.640,5832,748555
1504723680,65.570,65.620,65.550,65.620,5832,748555
1504723740,65.590,65.530,65.530,65.590,5832,748555
1504723800,65.470,65.500,65.470,65.500,2846,777715
1504723860,65.490,65.390,65.390,65.490,2845,777715
1504723920,65.410,65.450,65.410,65.470,2845,777715
1504723980,65.450,65.450,65.450,65.450,2845,777715
1504724040,65.470,65.480,65.470,65.500,2845,777715
1504724100,65.510,65.520,65.480,65.520,7994,791941
1504724160,65.530,65.540,65.530,65.540,7994,791941
1504724220,65.520,65.550,65.520,65.550,7994,791941
1504724280,65.530,65.510,65.470,65.530,7994,791941
1504724340,65.500,65.470,65.470,65.500,7994,791941
1504724400,65.490,65.500,65.490,65.520,6665,831911
1504724460,65.520,65.520,65.520,65.520,6664,831911
1504724520,65.530,65.520,65.520,65.530,6664,831911
1504724580,65.530,65.520,65.520,65.530,6664,831911
1504724640,65.510,65.510,65.480,65.540,6664,831911
1504724700,65.530,65.550,65.530,65.550,3427,865232
1504724760,65.570,65.570,65.570,65.570,3427,865232
1504724820,65.590,65.620,65.590,65.620,3427,865232
1504724880,65.610,65.660,65.610,65.660,3427,865232
1504724940,65.660,65.680,65.660,65.690,3427,865232
1504725000,65.690,65.690,65.690,65.700,6769,882367
1504725060,65.680,65.530,65.530,65.690,6769,882367
1504725120,65.510,65.520,65.500,65.530,6769,882367
1504725180,65.530,65.500,65.500,65.530,6769,882367
1504725240,65.500,65.550,65.500,65.550,6769,882367
1504725300,65.580,65.610,65.580,65.610,5529,916212
1504725360,65.620,65.660,65.620,65.690,5528,916212
1504725420,65.660,65.670,65.660,65.670,5528,916212
1504725480,65.680,65.680,65.670,65.680,5528,916212
1504725540,65.690,65.730,65.690,65.730,5528,916212
1504725600,65.730,65.760,65.730,65.760,5278,943853
1504725660,65.740,65.760,65.740,65.760,5277,943853
1504725720,65.790,65.790,65.790,65.790,5277,943853
1504725780,65.810,65.830,65.810,65.830,5277,943853
1504725840,65.860,65.840,65.810,65.860,5277,943853
1504725900,65.830,65.870,65.820,65.870,3646,970239
1504725960,65.880,65.880,65.860,65.880,3646,970239
1504726020,65.870,65.840,65.840,65.870,3646,970239
1504726080,65.870,65.890,65.860,65.890,3646,970239
1504726140,65.900,65.920,65.900,65.920,3646,970239
1504726200,65.930,65.910,65.900,65.930,6421,988469
1504726260,65.930,65.960,65.930,65.960,6418,988469
1504726320,65.950,65.970,65.950,65.970,6418,988469
1504726380,65.950,65.920,65.890,65.960,6418,988469
1504726440,65.920,65.930,65.910,65.930,6418,988469
1504726500,65.940,65.880,65.880,65.940,6087,1020562
1504726560,65.890,65.890,65.890,65.890,6083,1020562
1504726620,65.870,65.870,65.860,65.880,6083,1020562
1504726680,65.870,65.830,65.810,65.870,6083,1020562
1504726740,65.820,65.850,65.820,65.850,6083,1020562
1504726800,65.860,65.850,65.840,65.860,8713,1050981
1504726860,65.850,65.900,65.850,65.900,8713,1050981
1504726920,65.900,65.900,65.890,65.920,8713,1050981
1504726980,65.890,65.900,65.890,65.900,8713,1050981
1504727040,65.950,65.910,65.910,65.950,8713,1050981
1504727100,65.900,65.840,65.840,65.900,9601,1094546
1504727160,65.840,65.780,65.780,65.840,9598,1094546
1504727220,65.770,65.730,65.730,65.770,9598,1094546
1504727280,65.720,65.730,65.700,65.730,9598,1094546
1504727340,65.720,65.790,65.720,65.790,9598,1094546
1504727400,65.810,65.800,65.800,65.810,9610,1142539
1504727460,65.790,65.710,65.710,65.790,9608,1142539
1504727520,65.650,65.700,65.650,65.700,9608,1142539
1504727580,65.710,65.720,65.710,65.720,9608,1142539
1504727640,65.720,65.720,65.710,65.720,9608,1142539
1504727700,65.710,65.640,65.640,65.710,14924,1190581
1504727760,65.650,65.670,65.640,65.670,14922,1190581
1504727820,65.660,65.650,65.630,65.660,14922,1190581
1504727880,65.650,65.640,65.640,65.670,14922,1190581
1504727940,65.640,65.670,65.640,65.670,14922,1190581
