1517495400,168.620,168.590,168.590,168.620,14585,0
1517495460,168.620,168.590,168.590,168.620,0,0
1517495580,168.240,169.040,168.240,169.040,0,0
1517495640,168.840,168.850,168.840,168.850,0,0
1517495700,168.910,169.170,168.910,169.170,14470,14585
1517495760,169.260,169.450,169.260,169.540,0,0
1517495820,169.060,168.910,168.910,169.060,0,0
1517495880,168.600,168.360,168.360,168.600,0,0
1517495940,168.720,168.890,168.720,168.890,0,0
1517496000,168.740,168.710,168.710,168.740,5324,29055
1517496060,168.960,168.630,168.630,168.960,0,0
1517496120,168.520,168.490,168.490,168.520,0,0
1517496180,168.390,168.480,168.390,168.480,0,0
1517496240,168.680,168.680,168.680,168.680,0,0
1517496300,168.540,168.740,168.540,168.740,8833,34379
1517496360,168.860,168.860,168.860,168.860,0,0
1517496420,168.730,168.950,168.730,168.990,0,0
1517496480,168.850,168.780,168.700,168.850,0,0
1517496540,168.750,168.750,168.750,168.750,0,0
1517496600,169.040,168.900,168.900,169.040,4076,43212
1517496660,168.940,169.140,168.940,169.140,0,0
1517496900,169.510,169.700,169.500,169.700,33702,47288
1517496960,169.740,169.780,169.680,169.780,0,0
1517497020,169.380,169.510,169.380,169.690,0,0
1517497080,169.730,169.360,169.360,169.730,0,0
1517497140,169.530,169.190,169.190,169.530,0,0
1517497200,169.250,169.040,168.880,169.250,10285,80990
1517497260,168.880,168.890,168.870,168.890,0,0
1517497320,169.170,169.220,169.120,169.220,0,0
1517497380,169.190,169.010,169.010,169.190,0,0
1517497440,168.610,168.610,168.610,168.610,0,0
1517497500,168.630,168.880,168.630,168.880,6895,91275
1517497560,168.940,168.840,168.840,168.940,0,0
1517497620,168.820,168.820,168.820,168.820,0,0
1517497680,168.820,168.760,168.750,168.820,0,0
1517497800,168.620,168.670,168.570,168.670,12330,98170
1517497860,168.660,168.670,168.660,168.670,0,0
1517497920,168.740,168.710,168.710,168.740,0,0
1517497980,168.780,168.660,168.570,168.780,0,0
1517498040,168.710,168.670,168.580,168.710,0,0
1517498100,168.850,168.850,168.850,168.850,10269,110500
1517498160,168.900,168.900,168.900,168.900,0,0
1517498220,168.990,169.050,168.920,169.110,0,0
1517498280,168.910,168.920,168.910,169.060,0,0
1517498340,168.990,168.920,168.920,168.990,0,0
1517498400,169.150,169.280,169.150,169.280,7973,120769
1517498460,169.200,169.200,169.200,169.200,0,0
1517498520,169.100,169.110,169.100,169.110,0,0
1517498580,169.250,169.460,169.250,169.460,0,0
1517498700,169.610,169.580,169.580,169.610,12918,128742
1517498760,169.620,169.590,169.560,169.620,0,0
1517498820,169.490,169.370,169.360,169.540,0,0
1517498880,169.420,169.350,169.270,169.420,0,0
1517499000,169.380,169.390,169.380,169.390,7376,141660
1517499060,169.420,169.320,169.320,169.420,0,0
1517499120,169.270,169.320,169.270,169.320,0,0
1517499240,169.320,169.410,169.320,169.410,0,0
1517499300,169.470,169.690,169.470,169.690,13660,149036
1517499360,169.610,169.690,169.610,169.690,0,0
1517499420,169.490,169.670,169.480,169.670,0,0
1517499480,169.630,169.690,169.630,169.690,0,0
1517499540,169.590,169.740,169.590,169.740,0,0
1517499600,169.590,169.600,169.550,169.600,4656,162696
1517499660,169.590,169.600,169.550,169.600,0,0
1517499720,169.670,169.720,169.670,169.720,0,0
1517499780,169.760,169.760,169.760,169.760,0,0
1517499900,169.840,169.870,169.840,169.890,9671,167352
1517499960,169.930,169.920,169.920,169.940,0,0
1517500020,170.180,170.230,170.180,170.230,0,0
1517500080,170.300,170.300,170.300,170.300,0,0
1517500140,170.300,170.300,170.300,170.300,0,0
1517500200,170.270,170.330,170.270,170.330,9888,177023
1517500260,170.290,170.090,170.090,170.290,0,0
1517500320,170.070,170.070,170.070,170.070,0,0
1517500380,170.050,170.050,170.050,170.050,0,0
1517500440,169.810,169.800,169.800,169.810,0,0
1517500500,169.820,169.940,169.820,169.940,9804,186911
1517500560,170.020,169.970,169.970,170.020,0,0
1517500620,169.910,169.950,169.910,169.950,0,0
1517500680,169.820,169.780,169.780,169.820,0,0
1517500740,169.770,169.870,169.750,169.870,0,0
1517500800,170.200,170.200,170.200,170.200,10233,196715
1517500860,170.190,170.370,170.190,170.370,0,0
1517500920,170.460,170.320,170.180,170.460,0,0
1517500980,170.350,170.350,170.350,170.350,0,0
1517501040,170.530,170.410,170.410,170.530,0,0
1517501100,170.360,170.220,170.220,170.360,6298,206948
1517501160,170.130,170.230,170.130,170.230,0,0
1517501220,170.190,170.290,170.190,170.290,0,0
1517501280,170.340,170.430,170.340,170.430,0,0
1517501340,170.420,170.230,170.230,170.420,0,0
1517501400,170.260,170.260,170.260,170.260,5841,213246
1517501520,170.250,170.250,170.250,170.250,0,0
1517501580,170.140,170.140,170.140,170.140,0,0
1517501640,170.050,170.030,170.030,170.080,0,0
1517501700,170.000,170.120,169.920,170.120,10790,219087
1517501760,170.130,170.040,170.040,170.130,0,0
1517501820,170.000,170.000,170.000,170.000,0,0
1517501880,170.010,170.020,170.010,170.020,0,0
1517501940,170.000,169.950,169.940,170.000,0,0
1517502000,169.950,169.860,169.860,169.950,7628,229877
1517502060,169.900,169.860,169.850,169.900,0,0
1517502120,169.840,169.680,169.680,169.840,0,0
1517502180,169.890,169.890,169.890,169.890,0,0
1517502240,169.950,170.000,169.950,170.000,0,0
1517502300,170.010,170.010,170.010,170.010,8051,237505
1517502360,170.010,170.000,170.000,170.010,0,0
1517502420,170.010,169.730,169.730,170.010,0,0
1517502480,169.760,169.890,169.760,169.890,0,0
1517502540,169.880,169.880,169.880,169.880,0,0
1517502600,169.930,170.050,169.930,170.050,12063,245556
1517502660,170.270,170.250,170.230,170.270,0,0
1517502720,170.250,170.400,170.250,170.420,0,0
1517502780,170.400,170.240,170.220,170.400,0,0
1517502840,170.310,170.230,170.230,170.310,0,0
1517502900,170.210,170.250,170.210,170.270,11893,257619
1517502960,170.210,170.250,170.210,170.270,0,0
1517503020,170.290,170.300,170.290,170.300,0,0
1517503080,170.380,170.570,170.380,170.570,0,0
1517503140,170.560,170.620,170.560,170.620,0,0
1517503200,170.500,170.470,170.470,170.500,6104,269512
1517503260,170.470,170.470,170.470,170.470,0,0
1517503320,170.570,170.660,170.570,170.660,0,0
1517503380,170.690,170.860,170.690,170.860,0,0
1517503440,170.790,170.790,170.790,170.790,0,0
1517503500,170.800,170.720,170.720,170.800,9138,275616
1517503620,170.640,170.710,170.640,170.740,0,0
1517503680,170.720,170.790,170.720,170.790,0,0
1517503740,170.670,170.630,170.630,170.670,0,0
1517503800,170.650,170.650,170.650,170.650,5122,284754
1517503860,170.640,170.620,170.620,170.640,0,0
1517503920,170.540,170.540,170.540,170.540,0,0
1517503980,170.600,170.610,170.600,170.610,0,0
1517504040,170.620,170.560,170.560,170.620,0,0
1517504100,170.690,170.690,170.690,170.690,20652,289876
1517504160,170.740,170.730,170.730,170.740,0,0
1517504220,170.730,170.740,170.710,170.740,0,0
1517504280,170.740,170.840,170.740,170.840,0,0
1517504340,170.910,171.000,170.910,171.000,0,0
1517504400,170.950,170.950,170.950,170.950,6463,310528
1517504460,171.100,171.060,171.060,171.120,0,0
1517504520,171.060,170.920,170.920,171.060,0,0
1517504580,170.830,170.760,170.760,170.830,0,0
1517504640,170.790,170.760,170.760,170.790,0,0
1517504700,170.840,170.920,170.840,170.940,7574,316991
1517504760,170.930,170.990,170.930,170.990,0,0
1517504820,170.850,170.800,170.800,170.850,0,0
1517504880,170.790,170.750,170.750,170.790,0,0
1517504940,170.820,170.820,170.820,170.820,0,0
1517505000,170.820,170.830,170.820,170.830,5803,324565
1517505060,170.820,170.820,170.820,170.820,0,0
1517505120,170.840,170.840,170.840,170.840,0,0
1517505180,170.840,170.840,170.840,170.840,0,0
1517505240,170.930,170.760,170.760,170.930,0,0
1517505300,170.820,170.740,170.740,170.820,5147,330368
1517505360,170.690,170.770,170.690,170.770,0,0
1517505420,170.810,170.840,170.810,170.900,0,0
1517505480,170.850,170.870,170.850,170.880,0,0
1517505540,170.970,170.970,170.970,170.970,0,0
1517505600,171.010,171.010,171.010,171.010,10514,335515
1517505660,171.070,170.930,170.930,171.070,0,0
1517505720,170.970,170.940,170.940,170.970,0,0
1517505780,170.890,170.860,170.860,170.890,0,0
1517505840,170.670,170.600,170.590,170.670,0,0
1517505900,170.690,170.690,170.690,170.690,4460,346029
1517505960,170.770,170.700,170.700,170.770,0,0
1517506020,170.630,170.580,170.580,170.630,0,0
1517506080,170.630,170.620,170.620,170.630,0,0
1517506140,170.620,170.540,170.540,170.620,0,0
1517506200,170.520,170.470,170.470,170.520,4817,350489
1517506260,170.480,170.480,170.480,170.480,0,0
1517506320,170.490,170.550,170.490,170.550,0,0
1517506380,170.490,170.490,170.490,170.490,0,0
1517506440,170.500,170.520,170.500,170.560,0,0
1517506500,170.600,170.520,170.520,170.600,3963,355306
1517506560,170.570,170.570,170.570,170.570,0,0
1517506620,170.570,170.570,170.570,170.570,0,0
1517506680,170.680,170.610,170.610,170.680,0,0
1517506740,170.640,170.660,170.640,170.660,0,0
1517506800,170.670,170.440,170.440,170.670,7678,359269
1517506860,170.440,170.500,170.440,170.540,0,0
1517506920,170.530,170.500,170.500,170.530,0,0
1517506980,170.260,170.260,170.260,170.260,0,0
1517507040,170.430,170.430,170.430,170.430,0,0
1517507100,170.410,170.410,170.410,170.410,10965,366947
1517507160,170.480,170.590,170.440,170.590,0,0
1517507220,170.630,170.590,170.560,170.630,0,0
1517507280,170.590,170.610,170.590,170.610,0,0
1517507340,170.600,170.660,170.600,170.660,0,0
1517507400,170.530,170.570,170.530,170.580,5674,377912
1517507460,170.620,170.620,170.620,170.620,0,0
1517507520,170.590,170.630,170.590,170.630,0,0
1517507580,170.550,170.520,170.520,170.550,0,0
1517507640,170.400,170.420,170.400,170.470,0,0
1517507700,170.470,170.470,170.470,170.470,1909,383586
1517507760,170.490,170.470,170.470,170.540,0,0
1517507820,170.510,170.520,170.510,170.520,0,0
1517507880,170.520,170.520,170.520,170.520,0,0
1517507940,170.550,170.550,170.550,170.550,0,0
1517508000,170.540,170.580,170.500,170.580,5705,385495
1517508060,170.610,170.610,170.610,170.610,0,0
1517508120,170.680,170.740,170.680,170.740,0,0
1517508180,170.740,170.820,170.740,170.820,0,0
1517508240,170.780,170.780,170.780,170.780,0,0
1517508300,170.890,170.930,170.890,170.930,6270,391200
1517508360,170.920,171.020,170.920,171.020,0,0
1517508420,171.030,171.030,171.030,171.030,0,0
1517508480,171.070,170.930,170.930,171.070,0,0
1517508540,170.920,170.920,170.920,170.920,0,0
1517508600,170.940,170.980,170.940,170.990,6651,397470
1517508660,171.010,171.090,171.010,171.170,0,0
1517508720,171.090,171.090,171.090,171.090,0,0
1517508780,171.150,171.080,171.080,171.150,0,0
1517508840,170.890,170.760,170.760,170.890,0,0
1517508900,170.800,170.870,170.800,170.870,3676,404121
1517508960,170.800,170.870,170.800,170.870,0,0
1517509020,170.790,170.820,170.790,170.830,0,0
1517509080,170.820,170.820,170.820,170.820,0,0
1517509140,170.830,170.840,170.830,170.840,0,0
1517509200,170.840,170.840,170.840,170.840,8315,407797
1517509260,170.880,170.840,170.840,170.880,0,0
1517509320,170.900,170.970,170.900,170.970,0,0
1517509380,170.660,170.750,170.640,170.750,0,0
1517509440,170.730,170.750,170.730,170.750,0,0
1517509500,170.860,170.910,170.860,170.910,6226,416112
1517509560,170.870,170.870,170.870,170.870,0,0
1517509620,170.870,170.870,170.870,170.870,0,0
1517509680,171.010,171.000,171.000,171.010,0,0
1517509740,170.840,170.740,170.680,170.840,0,0
1517509800,170.810,170.810,170.810,170.810,5906,422338
1517509860,170.910,170.800,170.800,170.910,0,0
1517509920,170.690,170.690,170.690,170.690,0,0
1517509980,170.640,170.710,170.640,170.710,0,0
1517510040,170.740,170.670,170.670,170.740,0,0
1517510100,170.510,170.360,170.360,170.510,9023,428244
1517510160,170.470,170.430,170.430,170.470,0,0
1517510220,170.390,170.480,170.390,170.480,0,0
1517510280,170.530,170.620,170.530,170.620,0,0
1517510340,170.610,170.540,170.520,170.610,0,0
1517510400,170.510,170.480,170.480,170.520,8489,437267
1517510460,170.400,170.360,170.360,170.400,0,0
1517510520,170.170,170.190,170.150,170.190,0,0
1517510580,170.200,170.180,170.180,170.240,0,0
1517510640,170.160,170.160,170.160,170.160,0,0
1517510700,170.160,170.160,170.160,170.160,19427,445756
1517510760,170.160,170.070,170.070,170.160,0,0
1517510820,170.040,170.030,170.020,170.150,0,0
1517510880,170.000,170.070,169.980,170.070,0,0
1517510940,170.040,170.000,169.990,170.040,0,0
1517511000,170.060,169.980,169.980,170.060,61339,465183
1517511060,170.060,169.840,169.840,170.060,0,0
1517511120,169.820,169.710,169.710,169.820,0,0
1517511180,169.810,169.860,169.810,169.910,0,0
1517511240,169.810,169.750,169.750,169.810,0,0
1517511300,169.750,169.750,169.750,169.750,14456,526522
1517511360,169.650,169.630,169.530,169.650,0,0
1517511420,169.700,169.710,169.700,169.710,0,0
1517511480,169.780,169.850,169.780,169.850,0,0
1517511540,169.870,169.870,169.870,169.870,0,0
1517511600,169.910,169.970,169.900,169.970,14295,540978
1517511660,170.040,170.060,169.940,170.060,0,0
1517511720,169.980,169.980,169.980,169.980,0,0
1517511780,170.060,170.060,170.060,170.060,0,0
1517511840,170.020,170.080,170.020,170.080,0,0
1517511900,170.040,170.030,170.030,170.060,7277,555273
1517511960,170.040,170.030,170.030,170.060,0,0
1517512020,170.130,170.200,170.130,170.200,0,0
1517512080,170.130,170.030,170.030,170.130,0,0
1517512140,169.960,169.960,169.960,169.960,0,0
1517512200,169.890,169.840,169.790,169.900,9616,562550
1517512260,169.830,169.870,169.830,169.870,0,0
1517512320,169.790,169.790,169.790,169.790,0,0
1517512380,169.790,169.800,169.790,169.810,0,0
1517512440,169.800,169.800,169.800,169.800,0,0
1517512500,169.790,169.890,169.790,169.930,14144,572166
1517512560,169.870,169.760,169.760,169.870,0,0
1517512620,169.860,169.760,169.760,169.860,0,0
1517512680,169.750,169.840,169.750,169.910,0,0
1517512740,169.890,169.890,169.890,169.890,0,0
1517512800,169.880,169.750,169.750,169.950,29880,586310
1517512920,169.610,169.650,169.610,169.680,0,0
1517512980,169.660,169.820,169.660,169.820,0,0
1517513040,169.780,169.890,169.780,169.900,0,0
1517513100,169.850,169.850,169.850,169.850,12486,616190
1517513160,169.880,169.950,169.880,169.950,0,0
1517513220,170.040,170.040,170.040,170.040,0,0
1517513280,170.040,170.130,170.010,170.130,0,0
1517513340,170.220,170.190,170.190,170.220,0,0
1517513400,170.240,170.250,170.170,170.330,8808,628676
1517513460,170.290,170.240,170.240,170.290,0,0
1517513520,170.200,170.310,170.200,170.310,0,0
1517513580,170.300,170.210,170.210,170.300,0,0
1517513640,170.260,170.200,170.200,170.260,0,0
1517513700,170.220,170.460,170.220,170.460,13766,637484
1517513760,170.250,170.250,170.250,170.250,0,0
1517513820,170.260,170.260,170.260,170.260,0,0
1517513880,170.220,170.110,170.110,170.220,0,0
1517513940,169.960,170.200,169.960,170.200,0,0
1517514000,170.220,170.290,170.220,170.290,9074,651250
1517514060,170.260,170.260,170.260,170.260,0,0
1517514120,170.210,170.140,170.140,170.210,0,0
1517514180,170.120,170.110,170.000,170.120,0,0
1517514240,170.070,170.020,170.020,170.070,0,0
1517514300,170.200,170.250,170.200,170.250,12218,660324
1517514360,170.250,170.130,170.130,170.290,0,0
1517514420,170.180,170.110,170.110,170.180,0,0
1517514480,170.100,170.050,170.050,170.100,0,0
1517514540,170.160,170.220,170.150,170.250,0,0
1517514600,170.240,170.240,170.240,170.240,9069,672542
1517514660,170.150,170.140,170.140,170.150,0,0
1517514720,170.140,170.100,170.090,170.140,0,0
1517514780,170.190,170.150,170.150,170.190,0,0
1517514840,170.120,170.000,170.000,170.120,0,0
1517514900,170.000,170.100,170.000,170.100,8576,681611
1517514960,170.100,170.190,170.100,170.200,0,0
1517515020,170.150,170.160,170.150,170.160,0,0
1517515080,170.160,170.180,170.160,170.180,0,0
1517515140,170.210,170.170,170.170,170.210,0,0
1517515200,170.120,170.120,170.120,170.120,10789,690187
1517515260,170.130,170.200,170.130,170.200,0,0
1517515320,170.210,170.240,170.190,170.240,0,0
1517515380,170.250,170.250,170.250,170.250,0,0
1517515440,170.210,170.160,170.120,170.220,0,0
1517515500,170.080,170.080,170.080,170.080,56739,700976
1517515560,170.070,170.060,170.060,170.070,0,0
1517515620,170.140,170.300,170.140,170.300,0,0
1517515680,170.320,170.380,170.320,170.380,0,0
1517515740,170.430,170.510,170.430,170.510,0,0
1517515800,170.550,170.560,170.500,170.560,11708,757715
1517515860,170.590,170.510,170.500,170.590,0,0
1517515920,170.500,170.500,170.500,170.500,0,0
1517515980,170.560,170.530,170.450,170.560,0,0
1517516040,170.530,170.420,170.420,170.530,0,0
1517516100,170.440,170.370,170.370,170.440,12843,769423
1517516160,170.430,170.420,170.420,170.470,0,0
1517516220,170.490,170.480,170.470,170.500,0,0
1517516280,170.480,170.450,170.450,170.530,0,0
1517516340,170.440,170.350,170.350,170.440,0,0
1517516400,170.370,170.400,170.370,170.400,13550,782266
1517516460,170.370,170.380,170.370,170.420,0,0
1517516520,170.370,170.450,170.370,170.450,0,0
1517516580,170.490,170.510,170.490,170.580,0,0
1517516640,170.570,170.540,170.510,170.570,0,0
1517516700,170.580,170.580,170.580,170.580,11935,795816
1517516760,170.590,170.630,170.590,170.630,0,0
1517516820,170.600,170.590,170.590,170.600,0,0
1517516880,170.590,170.350,170.350,170.620,0,0
1517516940,170.340,170.380,170.330,170.380,0,0
1517517000,170.310,170.270,170.270,170.310,16339,807751
1517517060,170.270,170.170,170.100,170.270,0,0
1517517120,170.110,170.020,170.020,170.110,0,0
1517517180,169.900,170.060,169.900,170.060,0,0
1517517240,170.140,170.000,170.000,170.150,0,0
1517517300,170.080,170.030,170.030,170.090,16188,824090
1517517360,170.050,170.040,169.970,170.090,0,0
1517517420,170.060,170.120,170.050,170.120,0,0
1517517480,170.110,170.080,170.080,170.130,0,0
1517517540,169.960,170.030,169.960,170.030,0,0
1517517600,170.030,169.820,169.820,170.060,39024,840278
1517517660,169.800,169.860,169.660,169.860,0,0
1517517720,169.860,170.000,169.820,170.000,0,0
1517517780,170.020,170.090,170.000,170.090,0,0
1517517840,170.060,169.970,169.960,170.060,0,0
1517517900,170.050,170.290,170.050,170.290,40014,879302
1517517960,170.270,170.380,170.270,170.400,0,0
1517518020,170.420,170.520,170.420,170.520,0,0
1517518080,170.570,170.650,170.560,170.650,0,0
1517518140,170.680,170.710,170.640,170.720,0,0
1517518200,170.730,170.750,170.730,170.830,44909,919316
1517518260,170.750,170.740,170.740,170.810,0,0
1517518320,170.750,170.650,170.650,170.780,0,0
1517518380,170.620,170.590,170.570,170.670,0,0
1517518440,170.590,170.640,170.530,170.660,0,0
1517518500,170.610,170.590,170.570,170.630,205648,964225
1517518560,170.610,170.620,170.590,170.620,0,0
1517518620,170.650,170.710,170.650,170.730,0,0
1517518680,170.720,170.870,170.710,170.870,0,0
1517518740,170.900,171.080,170.900,171.080,0,0
1517581800,170.090,170.590,170.090,170.590,22694,0
1517581860,170.090,170.590,170.090,170.590,0,0
1517581920,170.660,170.680,170.430,170.900,0,0
1517581980,170.850,171.050,170.850,171.050,0,0
1517582040,170.890,171.030,170.890,171.030,0,0
1517582100,171.030,170.000,170.000,171.030,9556,22694
1517582160,170.320,170.480,170.320,170.480,0,0
1517582220,170.340,170.430,170.340,170.430,0,0
1517582280,170.190,170.190,170.190,170.190,0,0
1517582340,170.160,170.160,170.160,170.160,0,0
1517582400,170.260,170.260,170.260,170.260,13242,32250
1517582460,170.290,170.290,170.290,170.290,0,0
1517582520,170.560,170.590,170.490,170.690,0,0
1517582580,170.560,170.470,170.470,170.560,0,0
1517582640,170.680,170.600,170.580,170.750,0,0
1517582700,170.260,170.260,170.260,170.260,14159,45492
1517582760,170.360,170.280,170.280,170.360,0,0
1517582820,170.070,170.340,170.070,170.340,0,0
1517582880,170.360,170.200,170.180,170.360,0,0
1517582940,169.940,169.940,169.940,169.940,0,0
1517583000,170.070,170.010,170.010,170.080,10407,59651
1517583060,170.140,170.210,170.140,170.240,0,0
1517583120,170.410,170.200,170.200,170.410,0,0
1517583240,170.270,170.180,170.120,170.300,0,0
1517583300,170.220,170.320,170.220,170.320,7002,70058
1517583360,170.260,170.270,170.260,170.270,0,0
1517583420,170.330,170.500,170.330,170.500,0,0
1517583480,170.530,170.250,170.250,170.530,0,0
1517583600,169.850,169.880,169.850,169.910,12160,77060
1517583660,170.190,170.160,170.160,170.250,0,0
1517583720,170.040,170.040,170.040,170.040,0,0
1517583780,170.010,169.840,169.840,170.010,0,0
1517583840,169.810,169.900,169.810,169.930,0,0
1517583900,169.780,170.180,169.780,170.180,26708,89220
1517583960,170.280,170.660,170.280,170.660,0,0
1517584020,170.770,170.750,170.750,170.770,0,0
1517584080,170.760,170.470,170.470,170.830,0,0
1517584140,170.510,170.410,170.170,170.510,0,0
1517584200,170.610,170.620,170.610,170.700,15312,115928
1517584320,170.690,170.620,170.620,170.690,0,0
1517584380,170.410,170.360,170.360,170.410,0,0
1517584440,170.350,170.160,170.160,170.370,0,0
1517584500,170.330,170.360,170.330,170.360,12511,131240
1517584560,170.350,170.350,170.350,170.350,0,0
1517584620,170.260,170.270,170.260,170.270,0,0
1517584680,170.170,169.970,169.970,170.170,0,0
1517584740,169.850,169.850,169.850,169.850,0,0
1517584800,169.840,169.700,169.700,169.840,13824,143751
1517584860,169.600,169.740,169.600,169.740,0,0
1517584920,169.870,170.090,169.870,170.090,0,0
1517584980,169.910,169.870,169.870,169.970,0,0
1517585040,169.900,169.940,169.900,169.940,0,0
1517585100,169.940,169.960,169.830,169.960,19913,157575
1517585160,170.180,170.070,170.060,170.180,0,0
1517585220,170.080,170.080,170.080,170.080,0,0
1517585280,170.010,170.080,170.000,170.080,0,0
1517585340,170.110,170.080,170.000,170.110,0,0
1517585400,170.000,170.000,170.000,170.000,17589,177488
1517585460,169.750,169.750,169.750,169.750,0,0
1517585520,169.740,169.750,169.740,169.800,0,0
1517585580,169.710,169.760,169.650,169.780,0,0
1517585640,169.790,170.160,169.790,170.160,0,0
1517585700,170.190,170.080,170.080,170.190,11778,195077
1517585760,170.070,170.070,170.070,170.070,0,0
1517585820,170.180,170.160,170.160,170.220,0,0
1517585880,170.240,170.180,170.180,170.240,0,0
1517585940,170.090,169.990,169.990,170.110,0,0
1517586000,170.040,170.210,170.040,170.210,5892,206855
1517586060,170.140,170.140,170.140,170.140,0,0
1517586120,170.150,170.220,170.150,170.220,0,0
1517586180,170.080,170.110,170.080,170.130,0,0
1517586240,169.960,169.940,169.940,169.960,0,0
1517586300,169.990,170.130,169.820,170.130,16184,212747
1517586360,170.110,170.000,170.000,170.110,0,0
1517586420,170.100,170.100,170.100,170.100,0,0
1517586480,170.220,170.270,170.220,170.290,0,0
1517586540,170.420,170.350,170.230,170.420,0,0
1517586600,170.390,170.430,170.390,170.430,8581,228931
1517586660,170.150,170.440,170.150,170.440,0,0
1517586720,170.430,170.430,170.430,170.430,0,0
1517586840,170.540,170.500,170.500,170.540,0,0
1517586900,170.500,170.430,170.430,170.500,18313,237512
1517587020,170.260,170.260,170.260,170.260,0,0
1517587080,170.250,170.280,170.250,170.290,0,0
1517587140,170.270,170.320,170.160,170.320,0,0
1517587200,170.310,170.230,170.230,170.310,14537,255825
1517587260,170.310,170.420,170.310,170.420,0,0
1517587320,170.370,170.350,170.350,170.370,0,0
1517587380,170.350,170.430,170.350,170.430,0,0
1517587440,170.340,170.210,170.210,170.340,0,0
1517587500,169.940,169.940,169.940,169.940,3936,270362
1517587560,170.120,170.220,170.030,170.220,0,0
1517587620,170.180,170.190,170.180,170.190,0,0
1517587680,170.250,170.330,170.250,170.330,0,0
1517587740,170.330,170.330,170.330,170.330,0,0
1517587800,170.350,170.270,170.270,170.350,9636,274298
1517587860,170.180,170.040,170.040,170.180,0,0
1517587920,170.150,170.150,170.150,170.150,0,0
1517588040,170.240,170.290,170.240,170.290,0,0
1517588100,170.280,170.270,170.270,170.290,8377,283934
1517588160,170.140,170.140,170.140,170.140,0,0
1517588220,170.010,170.030,170.010,170.080,0,0
1517588280,170.060,170.050,170.050,170.060,0,0
1517588340,169.960,170.020,169.960,170.020,0,0
1517588400,169.970,169.970,169.970,169.970,11068,292311
1517588460,170.040,170.200,170.040,170.200,0,0
1517588520,170.250,170.250,170.250,170.250,0,0
1517588580,170.250,170.240,170.240,170.250,0,0
1517588640,170.220,170.180,170.180,170.220,0,0
1517588700,170.120,170.170,170.120,170.180,7264,303379
1517588760,170.160,170.150,170.150,170.160,0,0
1517588820,170.080,169.980,169.980,170.080,0,0
1517588880,170.020,170.020,170.020,170.020,0,0
1517588940,170.010,170.090,170.010,170.090,0,0
1517589000,170.030,170.030,170.030,170.030,6312,310643
1517589060,169.970,169.970,169.970,169.970,0,0
1517589120,169.930,169.930,169.930,169.930,0,0
1517589180,169.880,169.860,169.860,169.880,0,0
1517589240,169.810,169.800,169.800,169.890,0,0
1517589300,169.820,169.770,169.770,169.820,9273,316955
1517589360,169.750,169.690,169.690,169.750,0,0
1517589420,169.760,169.900,169.760,169.900,0,0
1517589540,169.920,169.970,169.910,170.140,0,0
1517589600,169.890,169.740,169.740,169.890,5163,326228
1517589780,169.890,169.740,169.740,169.890,0,0
1517589840,169.870,169.870,169.870,169.870,0,0
1517589900,169.810,169.720,169.680,169.820,12882,331391
1517589960,169.720,169.830,169.720,169.830,0,0
1517590020,169.830,169.820,169.820,169.830,0,0
1517590080,169.780,169.900,169.780,169.900,0,0
1517590140,169.820,169.780,169.750,169.820,0,0
1517590200,169.870,169.740,169.740,169.870,11289,344273
1517590260,169.860,169.860,169.860,169.860,0,0
1517590320,169.900,169.910,169.900,170.150,0,0
1517590380,170.060,170.060,170.060,170.060,0,0
1517590440,170.120,170.100,170.060,170.120,0,0
1517590500,170.150,169.930,169.930,170.150,48438,355562
1517590560,170.000,169.850,169.850,170.000,0,0
1517590620,169.840,169.850,169.840,169.890,0,0
1517590680,169.830,169.690,169.680,169.830,0,0
1517590740,169.680,169.560,169.560,169.690,0,0
1517590800,169.380,169.450,169.380,169.490,15283,404000
1517590860,169.450,169.660,169.450,169.660,0,0
1517590920,169.680,169.590,169.590,169.690,0,0
1517590980,169.650,169.680,169.650,169.680,0,0
1517591040,169.620,169.640,169.530,169.640,0,0
1517591100,169.650,169.730,169.650,169.730,9552,419283
1517591160,169.670,169.670,169.670,169.670,0,0
1517591220,169.780,169.820,169.780,169.820,0,0
1517591280,169.730,169.750,169.660,169.750,0,0
1517591340,169.760,169.670,169.640,169.760,0,0
1517591400,169.720,169.690,169.690,169.770,6952,428835
1517591520,169.740,169.820,169.740,169.820,0,0
1517591580,169.820,169.850,169.820,169.850,0,0
1517591640,169.840,169.810,169.780,169.840,0,0
1517591700,169.850,169.850,169.850,169.850,2603,435787
1517591760,169.870,169.870,169.870,169.870,0,0
1517591880,169.880,169.880,169.880,169.880,0,0
1517591940,169.790,169.850,169.790,169.850,0,0
1517592000,169.750,169.740,169.620,169.750,8610,438390
1517592060,169.710,169.680,169.680,169.710,0,0
1517592120,169.570,169.670,169.570,169.670,0,0
1517592180,169.570,169.710,169.570,169.710,0,0
1517592240,169.780,169.780,169.780,169.780,0,0
1517592300,169.760,169.740,169.620,169.760,6024,447000
1517592420,169.760,169.760,169.760,169.760,0,0
1517592480,169.810,169.810,169.810,169.810,0,0
1517592540,169.810,169.800,169.800,169.810,0,0
1517592600,169.870,169.870,169.870,169.870,7422,453024
1517592660,169.850,169.850,169.850,169.850,0,0
1517592720,169.800,169.870,169.800,169.870,0,0
1517592840,169.900,169.900,169.900,169.900,0,0
1517592900,169.880,169.880,169.880,169.880,3429,460446
1517593020,169.930,169.890,169.890,169.930,0,0
1517593080,169.820,169.820,169.820,169.820,0,0
1517593140,169.820,169.910,169.820,169.910,0,0
1517593200,169.850,169.850,169.850,169.850,4252,463875
1517593260,169.850,169.850,169.850,169.850,0,0
1517593320,169.960,169.960,169.960,169.960,0,0
1517593380,169.900,169.930,169.900,169.930,0,0
1517593440,169.940,169.940,169.940,169.940,0,0
1517593500,169.840,169.880,169.840,169.880,2968,468127
1517593560,169.840,169.840,169.840,169.840,0,0
1517593680,169.950,169.970,169.950,169.970,0,0
1517593800,169.890,169.850,169.850,169.890,7076,471095
1517593860,169.840,169.810,169.810,169.840,0,0
1517593920,169.850,169.850,169.850,169.850,0,0
1517593980,169.790,169.910,169.790,169.910,0,0
1517594040,169.880,169.880,169.880,169.880,0,0
1517594100,169.850,169.880,169.850,169.880,2826,478171
1517594220,169.850,169.880,169.850,169.880,0,0
1517594280,169.860,169.860,169.860,169.860,0,0
1517594340,169.850,169.780,169.780,169.850,0,0
1517594400,169.650,169.650,169.650,169.650,5852,480997
1517594460,169.740,169.740,169.740,169.740,0,0
1517594640,169.820,169.820,169.820,169.820,0,0
1517594700,169.760,169.760,169.760,169.760,4707,486849
1517594760,169.800,169.700,169.700,169.800,0,0
1517594820,169.700,169.700,169.700,169.700,0,0
1517594880,169.700,169.650,169.650,169.700,0,0
1517594940,169.710,169.710,169.710,169.710,0,0
1517595000,169.610,169.700,169.610,169.700,12972,491556
1517595060,169.660,169.630,169.630,169.710,0,0
1517595120,169.660,169.760,169.650,169.760,0,0
1517595300,169.730,169.730,169.730,169.730,5475,504528
1517595420,169.680,169.680,169.680,169.680,0,0
1517595480,169.680,169.680,169.680,169.680,0,0
1517595540,169.630,169.640,169.630,169.650,0,0
1517595600,169.640,169.640,169.640,169.640,3295,510003
1517595660,169.560,169.560,169.560,169.560,0,0
1517595720,169.530,169.530,169.530,169.530,0,0
1517595840,169.190,169.190,169.190,169.190,0,0
1517595900,169.160,169.160,169.160,169.160,3284,513298
1517596020,169.520,169.520,169.520,169.520,0,0
1517596140,169.590,169.590,169.590,169.590,0,0
1517596200,169.750,169.690,169.690,169.750,2887,516582
1517596260,169.590,169.590,169.590,169.590,0,0
1517596380,169.570,169.570,169.570,169.570,0,0
1517596500,169.670,169.670,169.670,169.670,1753,519469
1517596560,169.670,169.670,169.670,169.670,0,0
1517596680,169.720,169.720,169.720,169.720,0,0
1517596740,169.680,169.570,169.570,169.680,0,0
1517596800,169.530,169.530,169.530,169.530,8870,521222
1517596860,169.340,169.370,169.340,169.370,0,0
1517596920,169.400,169.550,169.400,169.550,0,0
1517596980,169.390,169.510,169.390,169.510,0,0
1517597100,169.320,169.330,169.320,169.330,2151,530092
1517597220,169.320,169.330,169.320,169.330,0,0
1517597340,169.170,169.170,169.170,169.170,0,0
1517597400,169.230,169.230,169.230,169.230,1545,532243
1517597520,169.090,169.100,169.090,169.100,0,0
1517597700,169.060,169.060,169.060,169.060,6149,533788
1517597760,169.060,169.060,169.060,169.060,0,0
1517597820,169.050,169.080,169.050,169.080,0,0
1517597880,169.060,169.060,169.060,169.060,0,0
1517597940,169.040,168.980,168.980,169.040,0,0
1517598000,168.940,168.940,168.940,168.940,2705,539937
1517598060,168.930,168.930,168.930,168.930,0,0
1517598120,168.790,168.790,168.790,168.790,0,0
1517598180,168.820,168.820,168.820,168.820,0,0
1517598240,168.780,168.780,168.780,168.780,0,0
1517598300,168.710,168.560,168.560,168.710,6564,542642
1517598360,168.740,168.680,168.680,168.740,0,0
1517598420,168.730,168.820,168.730,168.820,0,0
1517598480,168.770,168.680,168.680,168.770,0,0
1517598540,168.600,168.570,168.570,168.610,0,0
1517598600,168.640,168.640,168.640,168.640,9927,549206
1517598660,168.520,168.480,168.430,168.520,0,0
1517598720,168.530,168.440,168.440,168.530,0,0
1517598780,168.510,168.410,168.410,168.510,0,0
1517598840,168.440,168.440,168.440,168.440,0,0
1517598900,168.370,168.370,168.370,168.370,14173,559133
1517598960,168.240,168.150,168.150,168.240,0,0
1517599020,167.880,167.890,167.850,167.890,0,0
1517599080,167.850,167.690,167.690,167.850,0,0
1517599140,167.690,167.680,167.610,167.690,0,0
1517599200,167.720,167.780,167.720,167.780,6224,573306
1517599260,167.770,167.770,167.770,167.770,0,0
1517599320,167.590,167.810,167.590,167.810,0,0
1517599380,167.700,167.700,167.700,167.700,0,0
1517599440,167.640,167.640,167.640,167.640,0,0
1517599500,167.740,167.660,167.660,167.740,10309,579530
1517599560,167.560,167.580,167.560,167.580,0,0
1517599680,167.510,167.510,167.510,167.510,0,0
1517599740,167.530,167.540,167.530,167.620,0,0
1517599800,167.620,167.650,167.620,167.650,17714,589839
1517599860,167.750,167.790,167.750,167.790,0,0
1517599920,167.870,167.930,167.870,167.930,0,0
1517599980,167.820,167.910,167.820,167.910,0,0
1517600040,167.970,167.940,167.940,167.970,0,0
1517600100,168.000,167.940,167.910,168.000,8087,607553
1517600160,168.030,168.100,168.030,168.100,0,0
1517600220,168.080,168.030,168.030,168.140,0,0
1517600280,167.970,168.010,167.970,168.010,0,0
1517600340,167.920,167.920,167.920,167.920,0,0
1517600400,168.000,168.000,168.000,168.000,7491,615640
1517600460,168.000,168.000,168.000,168.000,0,0
1517600580,168.010,168.010,168.010,168.010,0,0
1517600640,168.010,168.090,168.010,168.120,0,0
1517600700,168.080,167.920,167.920,168.080,11720,623131
1517600760,167.850,167.700,167.700,167.850,0,0
1517600820,167.600,167.680,167.600,167.680,0,0
1517600880,167.730,167.610,167.610,167.730,0,0
1517600940,167.590,167.700,167.590,167.720,0,0
1517601000,167.670,167.650,167.650,167.670,12152,634851
1517601060,167.650,167.620,167.620,167.650,0,0
1517601120,167.710,167.620,167.620,167.710,0,0
1517601180,167.670,167.580,167.580,167.670,0,0
1517601240,167.640,167.730,167.640,167.730,0,0
1517601300,167.630,167.630,167.630,167.630,6542,647003
1517601360,167.630,167.630,167.630,167.630,0,0
1517601420,167.420,167.520,167.420,167.520,0,0
1517601480,167.510,167.320,167.320,167.510,0,0
1517601540,167.230,167.230,167.230,167.230,0,0
1517601600,167.320,167.280,167.280,167.320,29375,653545
1517601660,167.380,167.390,167.380,167.390,0,0
1517601720,167.340,167.340,167.340,167.340,0,0
1517601780,167.300,167.230,167.200,167.300,0,0
1517601840,167.190,167.240,167.190,167.310,0,0
1517601900,167.230,167.190,167.100,167.230,15868,682920
1517601960,167.130,167.190,167.130,167.190,0,0
1517602020,167.120,167.120,167.120,167.120,0,0
1517602080,167.030,166.940,166.810,167.030,0,0
1517602140,167.000,166.880,166.880,167.000,0,0
1517602200,166.860,167.150,166.860,167.150,23680,698788
1517602260,167.250,167.420,167.210,167.420,0,0
1517602320,167.450,167.510,167.390,167.510,0,0
1517602380,167.540,167.530,167.530,167.540,0,0
1517602440,167.530,167.450,167.440,167.530,0,0
1517602500,167.430,167.630,167.430,167.630,16430,722468
1517602560,167.720,167.890,167.720,167.890,0,0
1517602620,167.870,168.070,167.860,168.070,0,0
1517602680,168.030,168.100,168.030,168.100,0,0
1517602740,168.100,168.050,168.050,168.120,0,0
1517602800,167.930,167.930,167.930,167.930,10555,738898
1517602860,167.920,168.030,167.920,168.030,0,0
1517602920,168.060,168.000,168.000,168.080,0,0
1517602980,168.000,167.980,167.980,168.020,0,0
1517603040,167.980,167.970,167.970,168.050,0,0
1517603100,168.040,168.060,168.040,168.100,20790,749453
1517603160,168.050,168.100,168.040,168.130,0,0
1517603220,168.120,168.140,168.120,168.140,0,0
1517603280,168.130,168.090,168.060,168.130,0,0
1517603340,168.060,167.980,167.980,168.060,0,0
1517603400,168.010,167.900,167.830,168.010,21338,770243
1517603460,167.860,167.820,167.810,167.860,0,0
1517603520,167.820,167.900,167.820,167.910,0,0
1517603580,167.890,167.990,167.890,167.990,0,0
1517603640,167.900,167.870,167.870,168.000,0,0
1517603700,167.910,168.030,167.910,168.030,12679,791581
1517603760,168.090,168.160,168.090,168.160,0,0
1517603820,168.260,168.130,168.130,168.260,0,0
1517603880,168.230,168.430,168.230,168.430,0,0
1517604000,168.370,168.020,168.020,168.370,17358,804260
1517604060,167.960,168.020,167.940,168.020,0,0
1517604120,168.010,167.820,167.820,168.040,0,0
1517604180,167.990,167.930,167.930,167.990,0,0
1517604240,167.980,167.920,167.920,167.980,0,0
1517604300,167.880,167.710,167.710,167.880,28691,821618
1517604360,167.700,167.740,167.700,167.810,0,0
1517604420,167.680,167.560,167.560,167.680,0,0
1517604480,167.570,167.770,167.570,167.770,0,0
1517604540,167.730,167.920,167.720,167.920,0,0
1517604600,167.840,167.940,167.840,167.940,33430,850309
1517604660,167.940,167.840,167.780,167.940,0,0
1517604720,167.850,167.920,167.850,167.920,0,0
1517604780,167.900,167.830,167.770,167.900,0,0
1517604840,167.760,167.660,167.660,167.780,0,0
1517604900,167.720,167.540,167.540,167.720,190742,883739
1517604960,167.560,167.520,167.490,167.560,0,0
1517605020,167.480,167.510,167.480,167.520,0,0
1517605080,167.460,167.430,167.350,167.460,0,0
1517605140,167.490,167.500,167.430,167.520,0,0
1517841000,165.780,165.030,165.030,165.780,23090,0
1517841120,165.780,165.030,165.030,165.780,0,0
1517841180,164.820,164.820,164.820,164.820,0,0
1517841240,165.180,165.180,165.180,165.180,0,0
1517841300,165.000,165.440,165.000,165.720,12686,23090
1517841360,165.590,165.600,165.590,165.600,0,0
1517841420,165.650,165.340,165.340,165.650,0,0
1517841480,165.370,165.530,165.370,165.540,0,0
1517841540,165.690,165.540,165.410,165.690,0,0
1517841600,165.580,165.580,165.580,165.580,60330,35776
1517841660,165.340,165.060,165.060,165.340,0,0
1517841720,165.630,165.730,165.630,165.750,0,0
1517841780,165.730,165.790,165.710,165.870,0,0
1517841840,165.700,165.690,165.690,165.700,0,0
1517841900,165.770,166.080,165.770,166.080,7299,96106
1517841960,165.840,165.780,165.780,165.870,0,0
1517842020,165.590,165.380,165.380,165.590,0,0
1517842080,165.460,165.740,165.460,165.740,0,0
1517842200,165.990,165.840,165.840,165.990,11280,103405
1517842260,165.780,165.780,165.780,165.780,0,0
1517842320,165.780,166.030,165.780,166.030,0,0
1517842380,166.050,166.120,166.050,166.120,0,0
1517842440,165.780,166.110,165.780,166.190,0,0
1517842500,166.120,166.120,166.120,166.120,5745,114685
1517842560,166.210,166.250,166.210,166.250,0,0
1517842620,166.220,166.220,166.220,166.220,0,0
1517842680,166.280,166.130,166.130,166.280,0,0
1517842740,166.360,166.360,166.360,166.360,0,0
1517842800,166.540,166.660,166.540,166.660,14751,120430
1517842860,166.720,166.840,166.720,166.840,0,0
1517842920,166.660,166.580,166.580,166.660,0,0
1517842980,166.850,166.450,166.450,166.900,0,0
1517843040,166.450,166.520,166.450,166.600,0,0
1517843100,166.570,166.530,166.530,166.570,5393,135181
1517843160,166.570,166.530,166.530,166.570,0,0
1517843220,166.530,166.770,166.530,166.780,0,0
1517843340,167.020,167.020,167.020,167.020,0,0
1517843400,167.040,167.090,167.040,167.190,9505,140574
1517843460,167.140,167.010,167.010,167.140,0,0
1517843580,166.850,166.950,166.850,166.950,0,0
1517843640,167.210,167.240,167.210,167.240,0,0
1517843700,167.010,167.050,166.930,167.130,15598,150079
1517843760,166.910,166.880,166.790,167.010,0,0
1517843820,166.800,166.720,166.720,166.900,0,0
1517843880,166.760,166.680,166.670,166.760,0,0
1517843940,166.770,166.690,166.690,166.770,0,0
1517844000,166.490,166.660,166.490,166.660,6713,165677
1517844060,166.610,166.730,166.540,166.730,0,0
1517844120,166.690,166.690,166.690,166.690,0,0
1517844240,166.780,167.060,166.780,167.060,0,0
1517844300,167.380,167.380,167.380,167.380,8483,172390
1517844360,167.260,167.290,167.260,167.290,0,0
1517844420,167.250,167.210,167.210,167.290,0,0
1517844480,167.070,167.100,167.070,167.100,0,0
1517844540,167.100,167.240,167.100,167.240,0,0
1517844600,167.230,167.110,167.110,167.230,7871,180873
1517844660,167.100,166.910,166.910,167.100,0,0
1517844720,167.020,167.020,167.020,167.020,0,0
1517844780,167.040,167.040,167.040,167.040,0,0
1517844840,166.930,166.930,166.930,166.930,0,0
1517844900,167.020,166.960,166.960,167.020,20350,188744
1517844960,167.020,166.960,166.960,167.020,0,0
1517845020,167.020,166.930,166.930,167.020,0,0
1517845080,166.930,166.840,166.840,166.970,0,0
1517845140,166.950,166.820,166.820,166.950,0,0
1517845200,166.680,166.680,166.680,166.680,7215,209094
1517845260,166.650,166.930,166.650,166.930,0,0
1517845320,167.100,166.990,166.990,167.100,0,0
1517845380,166.750,166.850,166.750,166.850,0,0
1517845440,166.770,166.770,166.770,166.770,0,0
1517845500,166.910,167.070,166.910,167.070,3798,216309
1517845680,167.450,167.450,167.450,167.450,0,0
1517845740,167.520,167.520,167.520,167.520,0,0
1517845800,167.420,167.420,167.420,167.420,5607,220107
1517845860,167.250,167.410,167.250,167.410,0,0
1517845920,167.400,167.400,167.400,167.400,0,0
1517846040,167.260,167.090,167.090,167.260,0,0
1517846100,167.010,167.270,167.010,167.270,11744,225714
1517846160,167.260,167.280,167.260,167.280,0,0
1517846220,167.240,167.200,167.130,167.240,0,0
1517846280,167.250,167.260,167.220,167.260,0,0
1517846340,167.200,166.870,166.700,167.200,0,0
1517846400,166.720,167.080,166.720,167.080,11394,237458
1517846460,167.120,167.020,167.020,167.120,0,0
1517846520,167.040,167.040,167.040,167.040,0,0
1517846580,166.940,166.940,166.940,166.940,0,0
1517846640,166.820,166.690,166.670,166.820,0,0
1517846700,166.730,166.780,166.730,166.910,2706,248852
1517846820,166.730,166.780,166.730,166.910,0,0
1517846880,166.910,166.910,166.910,166.910,0,0
1517846940,166.830,166.890,166.830,166.940,0,0
1517847000,166.690,166.710,166.620,166.710,11294,251558
1517847060,166.700,166.530,166.530,166.700,0,0
1517847120,166.730,166.910,166.670,166.910,0,0
1517847180,166.910,166.790,166.790,166.910,0,0
1517847240,166.550,166.570,166.550,166.790,0,0
1517847300,166.530,166.490,166.490,166.530,12006,262852
1517847420,166.600,166.600,166.600,166.600,0,0
1517847480,166.550,166.280,166.280,166.790,0,0
1517847600,166.310,166.230,166.230,166.310,7329,274858
1517847660,166.240,166.240,166.240,166.240,0,0
1517847720,166.360,166.360,166.360,166.360,0,0
1517847780,166.210,166.310,166.100,166.310,0,0
1517847840,166.090,166.160,166.090,166.160,0,0
1517847900,166.220,166.340,166.110,166.340,15582,282187
1517847960,166.220,166.160,166.090,166.220,0,0
1517848020,166.200,166.260,166.200,166.260,0,0
1517848080,166.240,166.260,166.180,166.260,0,0
1517848140,166.190,166.130,165.960,166.190,0,0
1517848200,165.990,165.990,165.990,165.990,7652,297769
1517848260,165.910,165.900,165.900,165.910,0,0
1517848320,165.790,165.790,165.790,165.790,0,0
1517848380,166.000,166.000,166.000,166.000,0,0
1517848440,165.930,165.930,165.930,165.930,0,0
1517848500,165.960,165.990,165.960,166.200,4953,305421
1517848560,165.980,165.840,165.840,165.980,0,0
1517848680,165.880,165.790,165.790,165.880,0,0
1517848740,165.950,165.790,165.740,165.950,0,0
1517848800,165.820,165.890,165.820,165.890,6553,310374
1517848920,165.910,165.910,165.910,165.910,0,0
1517848980,165.770,165.600,165.600,165.770,0,0
1517849040,165.600,165.510,165.510,165.600,0,0
1517849100,165.570,165.640,165.570,165.640,8492,316927
1517849160,165.640,165.760,165.640,165.760,0,0
1517849220,165.680,165.660,165.660,165.680,0,0
1517849340,165.710,165.710,165.710,165.710,0,0
1517849400,165.750,165.750,165.750,165.750,18715,325419
1517849520,165.780,165.880,165.780,165.880,0,0
1517849580,165.880,165.870,165.870,165.910,0,0
1517849640,165.930,166.080,165.930,166.090,0,0
1517849700,166.070,166.060,166.060,166.070,4153,344134
1517849760,166.200,166.200,166.200,166.200,0,0
1517849880,166.180,166.180,166.180,166.180,0,0
1517849940,166.240,166.240,166.240,166.240,0,0
1517850000,166.060,166.060,166.060,166.060,5728,348287
1517850060,166.150,165.950,165.950,166.150,0,0
1517850120,165.940,165.940,165.940,165.940,0,0
1517850180,165.730,165.730,165.730,165.730,0,0
1517850240,165.850,165.850,165.850,165.850,0,0
1517850300,165.850,165.970,165.850,165.970,15258,354015
1517850360,165.810,165.810,165.810,165.810,0,0
1517850480,165.870,165.870,165.870,165.870,0,0
1517850540,165.700,165.700,165.700,165.700,0,0
1517850600,165.760,165.600,165.600,165.760,7189,369273
1517850660,165.760,165.600,165.600,165.760,0,0
1517850720,165.690,165.830,165.690,165.830,0,0
1517850780,165.930,165.930,165.930,165.930,0,0
1517850840,165.920,165.750,165.750,165.920,0,0
1517850900,165.740,165.740,165.740,165.740,11197,376462
1517850960,165.790,165.890,165.770,165.890,0,0
1517851020,165.720,165.720,165.720,165.720,0,0
1517851080,165.740,165.800,165.740,165.800,0,0
1517851140,165.600,165.600,165.600,165.600,0,0
1517851200,165.690,165.690,165.690,165.690,19400,387659
1517851260,165.650,165.670,165.650,165.670,0,0
1517851320,165.770,165.590,165.510,165.770,0,0
1517851380,165.420,165.620,165.420,165.620,0,0
1517851440,165.750,165.750,165.750,165.750,0,0
1517851500,165.740,165.740,165.740,165.740,6602,407059
1517851560,165.920,165.990,165.920,166.080,0,0
1517851680,165.910,165.820,165.820,165.910,0,0
1517851740,165.710,165.770,165.710,165.770,0,0
1517851800,165.790,165.950,165.790,165.950,7224,413661
1517851860,165.860,165.860,165.860,165.860,0,0
1517851920,165.910,165.910,165.910,165.910,0,0
1517851980,166.110,166.170,166.110,166.170,0,0
1517852040,166.200,166.120,166.120,166.200,0,0
1517852100,165.930,165.930,165.930,165.930,7611,420885
1517852160,165.840,165.840,165.840,165.840,0,0
1517852220,165.850,165.870,165.850,165.870,0,0
1517852340,166.110,165.950,165.950,166.110,0,0
1517852400,166.240,166.240,166.240,166.240,3237,428496
1517852460,166.160,166.060,166.060,166.160,0,0
1517852640,166.150,166.220,166.150,166.220,0,0
1517852700,166.300,166.240,166.240,166.300,2760,431733
1517852760,166.300,166.240,166.240,166.300,0,0
1517852880,166.200,166.200,166.200,166.200,0,0
1517852940,166.190,166.280,166.190,166.280,0,0
1517853000,166.250,166.160,166.160,166.250,4256,434493
1517853120,166.250,166.160,166.160,166.250,0,0
1517853180,166.080,166.080,166.080,166.080,0,0
1517853300,166.250,166.280,166.250,166.280,3315,438749
1517853360,166.220,166.160,166.160,166.220,0,0
1517853420,165.860,165.860,165.860,165.860,0,0
1517853600,165.880,165.770,165.770,165.880,12706,442064
1517853660,165.490,165.600,165.490,165.600,0,0
1517853720,165.520,165.270,165.270,165.520,0,0
1517853780,165.340,165.340,165.340,165.340,0,0
1517853840,164.980,164.980,164.980,164.980,0,0
1517853900,165.110,165.070,165.070,165.110,7341,454770
1517854020,165.110,165.070,165.070,165.110,0,0
1517854080,165.140,164.840,164.840,165.140,0,0
1517854140,164.600,164.590,164.590,164.600,0,0
1517854200,164.740,164.730,164.610,164.870,11737,462111
1517854260,164.830,164.650,164.560,164.830,0,0
1517854320,164.680,164.720,164.680,164.770,0,0
1517854380,164.860,164.900,164.810,164.940,0,0
1517854440,164.710,164.890,164.710,164.900,0,0
1517854500,164.820,165.000,164.820,165.000,10016,473848
1517854560,164.850,164.850,164.850,164.850,0,0
1517854620,164.900,164.610,164.610,164.900,0,0
1517854680,164.460,164.620,164.460,164.620,0,0
1517854740,164.530,164.590,164.530,164.590,0,0
1517854800,164.590,164.770,164.570,164.770,15908,483864
1517854860,164.780,164.760,164.760,164.780,0,0
1517854920,164.760,164.950,164.760,165.100,0,0
1517854980,165.030,164.760,164.760,165.030,0,0
1517855040,164.840,164.740,164.740,164.840,0,0
1517855100,164.740,164.800,164.600,164.800,5465,499772
1517855160,164.720,164.720,164.720,164.720,0,0
1517855220,164.620,164.630,164.620,164.660,0,0
1517855340,164.510,164.510,164.510,164.510,0,0
1517855400,164.670,164.890,164.670,164.890,44240,505237
1517855460,164.870,164.870,164.870,164.870,0,0
1517855520,165.000,164.840,164.840,165.000,0,0
1517855580,164.860,164.850,164.850,164.860,0,0
1517855640,164.780,164.470,164.470,164.910,0,0
1517855700,164.690,164.690,164.690,164.690,8619,549477
1517855820,163.960,163.950,163.950,163.960,0,0
1517855880,164.080,164.180,164.080,164.340,0,0
1517855940,164.100,164.090,164.090,164.100,0,0
1517856000,164.150,164.150,164.150,164.150,10409,558096
1517856060,164.370,164.370,164.370,164.370,0,0
1517856120,164.360,164.260,164.260,164.360,0,0
1517856180,164.220,164.340,164.220,164.340,0,0
1517856240,164.310,164.380,164.310,164.380,0,0
1517856300,164.410,164.440,164.410,164.570,9873,568505
1517856360,164.410,164.440,164.410,164.570,0,0
1517856420,164.410,164.470,164.410,164.470,0,0
1517856480,164.620,164.570,164.570,164.620,0,0
1517856540,164.620,164.620,164.620,164.620,0,0
1517856600,164.710,164.720,164.710,164.720,8583,578378
1517856660,164.800,164.820,164.800,164.820,0,0
1517856720,164.840,164.570,164.570,164.840,0,0
1517856780,164.720,164.720,164.720,164.720,0,0
1517856840,164.670,164.670,164.670,164.670,0,0
1517856900,164.860,164.910,164.860,164.910,9112,586961
1517856960,164.930,164.930,164.930,164.930,0,0
1517857020,164.880,164.880,164.880,164.880,0,0
1517857080,164.930,165.040,164.750,165.040,0,0
1517857140,165.070,165.240,165.070,165.240,0,0
1517857200,165.070,165.070,165.070,165.070,21903,596073
1517857260,165.020,164.990,164.990,165.020,0,0
1517857320,164.630,164.710,164.630,164.710,0,0
1517857380,164.760,164.620,164.620,164.760,0,0
1517857440,164.600,164.600,164.600,164.600,0,0
1517857500,164.590,164.570,164.570,164.590,9413,617976
1517857560,164.450,164.270,164.270,164.450,0,0
1517857620,164.450,164.420,164.290,164.450,0,0
1517857680,164.310,164.540,164.210,164.540,0,0
1517857740,164.510,164.510,164.510,164.510,0,0
1517857800,164.600,164.600,164.600,164.600,3927,627389
1517857860,164.750,164.750,164.750,164.750,0,0
1517857980,164.780,164.960,164.780,164.960,0,0
1517858040,165.020,164.970,164.960,165.020,0,0
1517858100,164.930,164.830,164.780,164.930,38661,631316
1517858160,164.930,164.690,164.690,164.930,0,0
1517858220,164.610,164.520,164.520,164.610,0,0
1517858280,164.540,164.540,164.540,164.540,0,0
1517858340,164.660,164.660,164.660,164.660,0,0
1517858400,164.660,164.620,164.620,164.660,18974,669977
1517858460,164.560,164.520,164.510,164.560,0,0
1517858520,164.540,164.470,164.370,164.540,0,0
1517858580,164.470,164.410,164.410,164.500,0,0
1517858640,164.430,164.190,164.190,164.430,0,0
1517858700,164.280,164.220,164.220,164.280,10321,688951
1517858760,164.280,164.280,164.280,164.280,0,0
1517858820,164.210,163.970,163.970,164.210,0,0
1517858880,164.040,164.130,164.040,164.130,0,0
1517858940,164.130,164.200,164.130,164.200,0,0
1517859000,164.220,164.050,164.050,164.220,37519,699272
1517859060,164.030,164.300,164.030,164.300,0,0
1517859120,164.200,164.350,164.150,164.350,0,0
1517859180,164.120,164.100,164.080,164.120,0,0
1517859240,164.060,163.900,163.900,164.140,0,0
1517859300,164.090,163.980,163.980,164.090,29316,736791
1517859360,163.940,164.050,163.940,164.090,0,0
1517859420,164.010,164.020,164.010,164.110,0,0
1517859480,164.050,163.970,163.970,164.090,0,0
1517859540,163.920,163.910,163.910,163.920,0,0
1517859600,163.900,164.000,163.900,164.100,10849,766107
1517859660,163.970,163.970,163.970,163.970,0,0
1517859720,163.970,164.060,163.970,164.070,0,0
1517859780,164.090,163.630,163.630,164.090,0,0
1517859840,163.890,163.740,163.740,163.890,0,0
1517859900,163.680,163.840,163.680,163.890,25294,776956
1517859960,163.830,163.500,163.500,163.830,0,0
1517860020,163.560,163.590,163.560,163.590,0,0
1517860080,163.590,163.510,163.510,163.640,0,0
1517860140,163.600,163.710,163.600,163.790,0,0
1517860200,163.550,163.650,163.530,163.650,56681,802250
1517860260,163.530,163.480,163.240,163.530,0,0
1517860320,163.530,163.490,163.490,163.540,0,0
1517860380,163.540,163.810,163.540,163.810,0,0
1517860440,163.750,163.740,163.740,163.840,0,0
1517860500,163.630,163.620,163.620,163.690,34950,858931
1517860560,163.700,163.280,163.130,163.700,0,0
1517860620,163.210,162.890,162.890,163.210,0,0
1517860680,162.930,162.920,162.820,163.020,0,0
1517860740,162.980,162.940,162.920,163.000,0,0
1517860800,162.720,162.410,162.410,162.720,28154,893881
1517860860,162.360,162.450,162.360,162.450,0,0
1517860920,162.470,162.440,162.440,162.620,0,0
1517860980,162.670,162.610,162.610,162.670,0,0
1517861040,162.370,162.120,162.120,162.570,0,0
1517861100,161.920,161.810,161.810,162.100,38711,922035
1517861160,161.790,161.480,161.440,161.790,0,0
1517861220,161.200,160.740,160.450,161.300,0,0
1517861280,160.850,160.680,160.410,160.850,0,0
1517861340,160.610,160.260,160.040,160.610,0,0
1517861400,160.240,160.700,159.910,160.700,57341,960746
1517861460,160.430,160.840,160.430,160.840,0,0
1517861520,160.840,161.940,160.690,161.940,0,0
1517861580,162.430,161.650,161.610,162.430,0,0
1517861640,161.150,161.810,161.150,161.900,0,0
1517861700,161.550,161.960,161.550,162.300,35449,1018087
1517861760,162.160,163.140,162.160,163.140,0,0
1517861820,163.090,163.930,163.090,163.970,0,0
1517861880,163.730,162.860,162.860,163.730,0,0
1517861940,162.730,162.380,162.380,162.750,0,0
1517862000,161.880,161.880,161.880,161.880,36136,1053536
1517862060,161.750,162.300,161.570,162.360,0,0
1517862120,162.150,162.380,161.970,162.380,0,0
1517862180,162.420,163.200,162.420,163.390,0,0
1517862240,163.160,163.210,163.160,163.210,0,0
1517862300,163.340,163.150,163.110,163.340,19383,1089672
1517862360,163.210,163.330,162.970,163.330,0,0
1517862420,163.190,163.530,163.190,163.720,0,0
1517862480,163.640,164.000,163.640,164.000,0,0
1517862540,163.630,163.420,163.200,163.630,0,0
1517862600,163.470,163.000,163.000,163.470,26698,1109055
1517862660,162.980,162.900,162.820,163.280,0,0
1517862720,162.940,163.230,162.940,163.380,0,0
1517862780,163.270,163.410,163.140,163.410,0,0
1517862840,163.560,163.360,163.320,163.560,0,0
1517862900,163.320,163.080,162.990,163.340,47337,1135753
1517862960,162.870,162.540,162.540,163.090,0,0
1517863020,162.510,162.720,162.510,162.750,0,0
1517863080,162.740,162.520,162.480,162.790,0,0
1517863140,162.610,162.320,162.320,162.610,0,0
1517863200,162.420,162.040,161.890,162.420,42853,1183090
1517863260,161.960,162.200,161.830,162.360,0,0
1517863320,162.260,162.570,162.260,162.570,0,0
1517863380,162.600,162.690,162.480,162.740,0,0
1517863440,162.530,162.690,162.530,162.720,0,0
1517863500,162.600,162.130,162.130,162.600,35048,1225943
1517863560,162.260,162.080,161.900,162.260,0,0
1517863620,161.820,161.630,161.420,161.820,0,0
1517863680,161.680,161.800,161.660,161.870,0,0
1517863740,161.760,161.420,161.420,161.760,0,0
1517863800,161.310,161.440,161.310,161.610,62603,1260991
1517863860,161.280,161.340,161.280,161.350,0,0
1517863920,161.170,160.960,160.960,161.170,0,0
1517863980,160.940,161.000,160.940,161.230,0,0
1517864040,161.080,161.020,160.900,161.080,0,0
1517864100,160.870,161.130,160.870,161.350,215710,1323594
1517864160,161.030,161.430,161.030,161.430,0,0
1517864220,161.330,161.430,161.250,161.430,0,0
1517864280,161.430,161.280,161.240,161.470,0,0
1517864340,161.020,160.390,160.390,161.020,0,0
