1522675800,41.600,41.580,41.550,41.640,220730,0
1522675860,41.580,41.590,41.560,41.590,0,0
1522675920,41.580,41.620,41.580,41.650,0,0
1522675980,41.600,41.550,41.540,41.600,0,0
1522676040,41.560,41.580,41.560,41.620,0,0
1522676100,41.550,41.540,41.540,41.580,151729,220730
1522676160,41.560,41.550,41.550,41.570,0,0
1522676220,41.540,41.510,41.510,41.540,0,0
1522676280,41.510,41.470,41.470,41.520,0,0
1522676340,41.480,41.510,41.480,41.510,0,0
1522676400,41.470,41.450,41.440,41.500,81157,372459
1522676460,41.480,41.440,41.440,41.500,0,0
1522676520,41.460,41.450,41.440,41.470,0,0
1522676580,41.450,41.490,41.450,41.500,0,0
1522676640,41.480,41.520,41.480,41.520,0,0
1522676700,41.530,41.480,41.470,41.540,117446,453616
1522676760,41.460,41.490,41.440,41.490,0,0
1522676820,41.490,41.470,41.470,41.490,0,0
1522676880,41.460,41.450,41.440,41.480,0,0
1522676940,41.450,41.480,41.450,41.480,0,0
1522677000,41.470,41.460,41.460,41.480,52573,571062
1522677060,41.470,41.490,41.460,41.500,0,0
1522677120,41.510,41.500,41.500,41.520,0,0
1522677180,41.500,41.470,41.470,41.500,0,0
1522677240,41.470,41.480,41.470,41.480,0,0
1522677300,41.460,41.470,41.450,41.470,66237,623635
1522677360,41.470,41.480,41.460,41.480,0,0
1522677420,41.470,41.480,41.450,41.480,0,0
1522677480,41.440,41.430,41.430,41.460,0,0
1522677540,41.420,41.410,41.400,41.430,0,0
1522677600,41.400,41.370,41.370,41.430,88156,689872
1522677660,41.370,41.350,41.330,41.370,0,0
1522677720,41.350,41.260,41.260,41.350,0,0
1522677780,41.250,41.230,41.210,41.250,0,0
1522677840,41.220,41.210,41.200,41.230,0,0
1522677900,41.230,41.240,41.230,41.260,54067,778028
1522677960,41.250,41.240,41.220,41.250,0,0
1522678020,41.230,41.250,41.230,41.250,0,0
1522678080,41.260,41.230,41.230,41.260,0,0
1522678140,41.230,41.210,41.200,41.230,0,0
1522678200,41.230,41.260,41.230,41.260,76379,832095
1522678260,41.270,41.280,41.270,41.280,0,0
1522678320,41.270,41.280,41.270,41.310,0,0
1522678380,41.270,41.300,41.260,41.300,0,0
1522678440,41.310,41.330,41.310,41.330,0,0
1522678500,41.310,41.320,41.300,41.330,69870,908474
1522678560,41.310,41.320,41.310,41.340,0,0
1522678620,41.330,41.340,41.330,41.340,0,0
1522678680,41.340,41.280,41.280,41.340,0,0
1522678740,41.280,41.270,41.270,41.300,0,0
1522678800,41.270,41.280,41.270,41.280,112124,978344
1522678860,41.270,41.280,41.260,41.280,0,0
1522678920,41.270,41.310,41.270,41.310,0,0
1522678980,41.300,41.350,41.290,41.350,0,0
1522679040,41.350,41.380,41.350,41.380,0,0
1522679100,41.380,41.350,41.340,41.380,90219,1090468
1522679160,41.350,41.360,41.340,41.360,0,0
1522679220,41.350,41.370,41.350,41.380,0,0
1522679280,41.350,41.370,41.350,41.380,0,0
1522679340,41.370,41.340,41.340,41.370,0,0
1522679400,41.360,41.350,41.340,41.360,107271,1180687
1522679460,41.360,41.350,41.350,41.360,0,0
1522679520,41.340,41.350,41.340,41.360,0,0
1522679580,41.330,41.350,41.330,41.350,0,0
1522679640,41.350,41.340,41.340,41.350,0,0
1522679700,41.320,41.290,41.290,41.320,84779,1287958
1522679760,41.280,41.270,41.270,41.280,0,0
1522679820,41.270,41.250,41.230,41.270,0,0
1522679880,41.240,41.260,41.240,41.260,0,0
1522679940,41.270,41.260,41.260,41.270,0,0
1522680000,41.260,41.280,41.260,41.290,92580,1372737
1522680060,41.270,41.300,41.270,41.300,0,0
1522680120,41.290,41.300,41.290,41.310,0,0
1522680180,41.300,41.290,41.290,41.300,0,0
1522680240,41.300,41.290,41.290,41.300,0,0
1522680300,41.280,41.270,41.270,41.290,51761,1465317
1522680360,41.270,41.260,41.250,41.270,0,0
1522680420,41.250,41.260,41.250,41.260,0,0
1522680480,41.270,41.280,41.260,41.280,0,0
1522680540,41.280,41.290,41.280,41.290,0,0
1522680600,41.280,41.260,41.260,41.290,162889,1517078
1522680660,41.250,41.240,41.240,41.250,0,0
1522680720,41.250,41.270,41.250,41.270,0,0
1522680780,41.280,41.260,41.260,41.280,0,0
1522680840,41.260,41.270,41.260,41.280,0,0
1522680900,41.260,41.250,41.240,41.260,85404,1679967
1522680960,41.260,41.200,41.200,41.260,0,0
1522681020,41.180,41.160,41.160,41.180,0,0
1522681080,41.150,41.070,41.070,41.150,0,0
1522681140,41.080,41.090,41.080,41.100,0,0
1522681200,41.090,41.060,41.060,41.090,69079,1765371
1522681260,41.050,41.080,41.050,41.090,0,0
1522681320,41.060,41.050,41.050,41.060,0,0
1522681380,41.050,41.060,41.050,41.060,0,0
1522681440,41.050,41.060,41.050,41.070,0,0
1522681500,41.050,41.020,41.020,41.050,140262,1834450
1522681560,41.010,41.020,40.980,41.030,0,0
1522681620,41.020,40.990,40.980,41.020,0,0
1522681680,41.000,41.060,40.990,41.060,0,0
1522681740,41.050,41.040,41.020,41.050,0,0
1522681800,41.040,41.050,41.040,41.050,83812,1974712
1522681860,41.050,41.040,41.020,41.050,0,0
1522681920,41.030,41.010,41.000,41.030,0,0
1522681980,41.010,41.020,41.000,41.020,0,0
1522682040,41.020,41.010,41.000,41.020,0,0
1522682100,41.000,40.990,40.980,41.000,97932,2058524
1522682160,41.000,41.040,41.000,41.040,0,0
1522682220,41.040,41.020,41.010,41.050,0,0
1522682280,41.020,41.010,40.980,41.020,0,0
1522682340,41.000,41.010,40.990,41.040,0,0
1522682400,41.010,40.990,40.990,41.020,74007,2156456
1522682460,40.980,40.920,40.920,40.980,0,0
1522682520,40.940,40.960,40.940,40.960,0,0
1522682580,40.970,41.010,40.970,41.010,0,0
1522682640,41.010,41.030,41.010,41.030,0,0
1522682700,41.030,41.020,41.020,41.030,60168,2230463
1522682760,41.020,41.010,41.000,41.030,0,0
1522682820,41.010,41.030,41.010,41.040,0,0
1522682880,41.050,41.040,41.040,41.060,0,0
1522682940,41.050,41.100,41.050,41.100,0,0
1522683000,41.080,41.060,41.060,41.080,93460,2290631
1522683060,41.050,41.060,41.050,41.060,0,0
1522683120,41.040,41.010,41.010,41.040,0,0
1522683180,40.990,41.000,40.990,41.010,0,0
1522683240,41.020,40.980,40.980,41.020,0,0
1522683300,40.990,40.930,40.920,40.990,212949,2384091
1522683360,40.910,40.800,40.800,40.910,0,0
1522683420,40.820,40.800,40.730,40.820,0,0
1522683480,40.800,40.810,40.800,40.810,0,0
1522683540,40.790,40.800,40.780,40.800,0,0
1522683600,40.790,40.770,40.770,40.790,97003,2597040
1522683660,40.760,40.740,40.740,40.780,0,0
1522683720,40.740,40.740,40.740,40.740,0,0
1522683780,40.750,40.800,40.750,40.800,0,0
1522683840,40.790,40.770,40.740,40.790,0,0
1522683900,40.750,40.740,40.730,40.750,85351,2694043
1522683960,40.740,40.790,40.740,40.800,0,0
1522684020,40.790,40.830,40.790,40.830,0,0
1522684080,40.840,40.900,40.840,40.900,0,0
1522684140,40.880,40.870,40.860,40.900,0,0
1522684200,40.880,40.870,40.870,40.880,81421,2779394
1522684260,40.870,40.840,40.840,40.870,0,0
1522684320,40.840,40.790,40.780,40.840,0,0
1522684380,40.790,40.850,40.790,40.850,0,0
1522684440,40.850,40.840,40.810,40.850,0,0
1522684500,40.840,40.850,40.840,40.860,77730,2860815
1522684560,40.840,40.870,40.840,40.870,0,0
1522684620,40.880,40.930,40.880,40.930,0,0
1522684680,40.920,40.910,40.900,40.920,0,0
1522684740,40.900,40.850,40.850,40.900,0,0
1522684800,40.840,40.810,40.810,40.840,74497,2938545
1522684860,40.790,40.810,40.790,40.810,0,0
1522684920,40.790,40.780,40.770,40.800,0,0
1522684980,40.780,40.770,40.740,40.780,0,0
1522685040,40.800,40.760,40.760,40.810,0,0
1522685100,40.760,40.740,40.730,40.760,79443,3013042
1522685160,40.730,40.750,40.710,40.750,0,0
1522685220,40.740,40.680,40.680,40.740,0,0
1522685280,40.700,40.710,40.690,40.720,0,0
1522685340,40.720,40.710,40.700,40.720,0,0
1522685400,40.720,40.700,40.690,40.720,60626,3092485
1522685460,40.690,40.660,40.660,40.690,0,0
1522685520,40.680,40.710,40.680,40.710,0,0
1522685580,40.710,40.730,40.710,40.740,0,0
1522685640,40.740,40.730,40.730,40.740,0,0
1522685700,40.760,40.740,40.740,40.760,55464,3153111
1522685760,40.730,40.720,40.710,40.730,0,0
1522685820,40.750,40.790,40.750,40.790,0,0
1522685880,40.780,40.810,40.780,40.810,0,0
1522685940,40.810,40.800,40.800,40.810,0,0
1522686000,40.790,40.800,40.790,40.800,37024,3208575
1522686060,40.800,40.800,40.800,40.800,0,0
1522686120,40.800,40.820,40.800,40.820,0,0
1522686180,40.830,40.810,40.810,40.830,0,0
1522686240,40.820,40.830,40.820,40.830,0,0
1522686300,40.820,40.800,40.800,40.820,57969,3245599
1522686360,40.810,40.830,40.800,40.830,0,0
1522686420,40.830,40.800,40.800,40.830,0,0
1522686480,40.810,40.830,40.800,40.830,0,0
1522686540,40.830,40.820,40.820,40.840,0,0
1522686600,40.810,40.860,40.810,40.870,81738,3303568
1522686660,40.860,40.890,40.860,40.900,0,0
1522686720,40.880,40.910,40.870,40.910,0,0
1522686780,40.910,40.920,40.900,40.920,0,0
1522686840,40.910,40.900,40.900,40.910,0,0
1522686900,40.910,40.910,40.910,40.910,84502,3385306
1522686960,40.910,40.920,40.910,40.920,0,0
1522687020,40.920,40.960,40.920,40.960,0,0
1522687080,40.950,40.960,40.950,40.960,0,0
1522687140,40.960,40.940,40.940,40.960,0,0
1522687200,40.930,40.920,40.920,40.930,97352,3469808
1522687260,40.920,40.940,40.920,40.940,0,0
1522687320,40.940,40.990,40.940,40.990,0,0
1522687380,40.990,41.000,40.980,41.010,0,0
1522687440,41.000,40.990,40.990,41.020,0,0
1522687500,40.990,40.980,40.980,41.000,44122,3567160
1522687560,40.980,40.950,40.950,40.980,0,0
1522687620,40.950,40.960,40.950,40.960,0,0
1522687680,40.950,40.960,40.950,40.960,0,0
1522687740,40.970,40.990,40.970,40.990,0,0
1522687800,40.990,41.000,40.970,41.000,75264,3611282
1522687860,40.990,41.000,40.990,41.000,0,0
1522687920,40.990,41.000,40.990,41.000,0,0
1522687980,41.000,40.990,40.980,41.000,0,0
1522688040,41.000,41.010,41.000,41.010,0,0
1522688100,41.010,40.950,40.950,41.010,81118,3686546
1522688160,40.950,40.960,40.950,40.960,0,0
1522688220,40.970,40.990,40.970,41.000,0,0
1522688280,41.000,40.950,40.950,41.000,0,0
1522688340,40.950,40.960,40.950,40.970,0,0
1522688400,40.950,40.980,40.950,40.980,64413,3767664
1522688460,40.950,40.920,40.920,40.950,0,0
1522688520,40.910,40.930,40.900,40.940,0,0
1522688580,40.920,40.910,40.910,40.940,0,0
1522688640,40.910,40.900,40.900,40.920,0,0
1522688700,40.900,40.940,40.900,40.940,50027,3832077
1522688760,40.930,40.910,40.910,40.930,0,0
1522688820,40.910,40.880,40.880,40.910,0,0
1522688880,40.880,40.870,40.870,40.880,0,0
1522688940,40.880,40.890,40.880,40.890,0,0
1522689000,40.880,40.910,40.880,40.910,58372,3882104
1522689060,40.900,40.910,40.900,40.910,0,0
1522689120,40.920,40.910,40.910,40.930,0,0
1522689180,40.910,40.860,40.860,40.910,0,0
1522689240,40.880,40.890,40.880,40.890,0,0
1522689300,40.910,40.920,40.910,40.920,46657,3940476
1522689360,40.930,40.950,40.930,40.950,0,0
1522689420,40.960,40.920,40.920,40.960,0,0
1522689480,40.920,40.930,40.920,40.940,0,0
1522689540,40.920,40.900,40.900,40.920,0,0
1522689600,40.900,40.920,40.900,40.920,75679,3987133
1522689660,40.900,40.890,40.880,40.900,0,0
1522689720,40.890,40.900,40.870,40.900,0,0
1522689780,40.880,40.890,40.880,40.890,0,0
1522689840,40.900,40.880,40.880,40.900,0,0
1522689900,40.880,40.870,40.870,40.880,78242,4062812
1522689960,40.880,40.870,40.870,40.880,0,0
1522690020,40.880,40.840,40.830,40.880,0,0
1522690080,40.830,40.810,40.810,40.840,0,0
1522690140,40.800,40.790,40.790,40.810,0,0
1522690200,40.800,40.810,40.800,40.810,43804,4141054
1522690260,40.810,40.800,40.800,40.810,0,0
1522690320,40.800,40.810,40.800,40.810,0,0
1522690380,40.800,40.830,40.800,40.830,0,0
1522690440,40.830,40.810,40.810,40.830,0,0
1522690500,40.810,40.860,40.810,40.860,73179,4184858
1522690560,40.850,40.830,40.830,40.850,0,0
1522690620,40.820,40.810,40.810,40.820,0,0
1522690680,40.820,40.810,40.810,40.830,0,0
1522690740,40.810,40.790,40.780,40.830,0,0
1522690800,40.790,40.750,40.740,40.790,57805,4258037
1522690860,40.750,40.730,40.730,40.760,0,0
1522690920,40.720,40.690,40.690,40.720,0,0
1522690980,40.700,40.720,40.700,40.720,0,0
1522691040,40.700,40.690,40.680,40.700,0,0
1522691100,40.690,40.670,40.660,40.690,60504,4315842
1522691160,40.690,40.670,40.670,40.690,0,0
1522691220,40.700,40.740,40.700,40.760,0,0
1522691280,40.730,40.690,40.690,40.730,0,0
1522691340,40.690,40.720,40.690,40.720,0,0
1522691400,40.720,40.730,40.720,40.740,59475,4376346
1522691460,40.720,40.750,40.720,40.750,0,0
1522691520,40.740,40.750,40.730,40.760,0,0
1522691580,40.740,40.750,40.720,40.750,0,0
1522691640,40.730,40.740,40.710,40.740,0,0
1522691700,40.740,40.700,40.700,40.740,50204,4435821
1522691760,40.680,40.700,40.680,40.710,0,0
1522691820,40.700,40.690,40.690,40.710,0,0
1522691880,40.690,40.680,40.680,40.700,0,0
1522691940,40.680,40.660,40.660,40.680,0,0
1522692000,40.640,40.600,40.600,40.640,92219,4486025
1522692060,40.610,40.640,40.610,40.640,0,0
1522692120,40.640,40.580,40.560,40.640,0,0
1522692180,40.580,40.600,40.580,40.610,0,0
1522692240,40.600,40.580,40.580,40.600,0,0
1522692300,40.580,40.530,40.530,40.580,67095,4578244
1522692360,40.540,40.570,40.520,40.570,0,0
1522692420,40.570,40.550,40.550,40.580,0,0
1522692480,40.560,40.640,40.560,40.640,0,0
1522692540,40.640,40.670,40.640,40.670,0,0
1522692600,40.660,40.650,40.650,40.660,88766,4645339
1522692660,40.650,40.670,40.650,40.670,0,0
1522692720,40.680,40.690,40.660,40.690,0,0
1522692780,40.680,40.670,40.660,40.680,0,0
1522692840,40.680,40.700,40.680,40.720,0,0
1522692900,40.700,40.710,40.700,40.710,88497,4734105
1522692960,40.720,40.700,40.700,40.730,0,0
1522693020,40.700,40.710,40.690,40.710,0,0
1522693080,40.700,40.690,40.680,40.700,0,0
1522693140,40.720,40.760,40.720,40.760,0,0
1522693200,40.760,40.780,40.760,40.780,74757,4822602
1522693260,40.770,40.810,40.770,40.830,0,0
1522693320,40.810,40.800,40.800,40.820,0,0
1522693380,40.810,40.790,40.790,40.810,0,0
1522693440,40.790,40.780,40.780,40.790,0,0
1522693500,40.800,40.750,40.750,40.800,58015,4897359
1522693560,40.750,40.740,40.740,40.750,0,0
1522693620,40.750,40.740,40.730,40.750,0,0
1522693680,40.740,40.710,40.710,40.740,0,0
1522693740,40.730,40.750,40.730,40.750,0,0
1522693800,40.740,40.730,40.720,40.740,72257,4955374
1522693860,40.740,40.770,40.740,40.770,0,0
1522693920,40.770,40.780,40.770,40.790,0,0
1522693980,40.780,40.830,40.780,40.830,0,0
1522694040,40.820,40.810,40.810,40.830,0,0
1522694100,40.810,40.800,40.800,40.810,78470,5027631
1522694160,40.790,40.800,40.790,40.810,0,0
1522694220,40.790,40.740,40.740,40.790,0,0
1522694280,40.740,40.730,40.700,40.740,0,0
1522694340,40.720,40.740,40.720,40.750,0,0
1522694400,40.740,40.680,40.680,40.740,61162,5106101
1522694460,40.710,40.670,40.670,40.710,0,0
1522694520,40.660,40.680,40.650,40.680,0,0
1522694580,40.670,40.680,40.660,40.680,0,0
1522694640,40.660,40.680,40.660,40.690,0,0
1522694700,40.660,40.650,40.630,40.660,57360,5167263
1522694760,40.650,40.680,40.650,40.680,0,0
1522694820,40.690,40.700,40.680,40.700,0,0
1522694880,40.700,40.730,40.700,40.730,0,0
1522694940,40.740,40.750,40.730,40.750,0,0
1522695000,40.740,40.760,40.740,40.760,60823,5224623
1522695060,40.760,40.770,40.760,40.780,0,0
1522695120,40.770,40.790,40.770,40.790,0,0
1522695180,40.800,40.830,40.800,40.830,0,0
1522695240,40.820,40.830,40.810,40.840,0,0
1522695300,40.820,40.830,40.780,40.830,69671,5285446
1522695360,40.790,40.750,40.740,40.790,0,0
1522695420,40.750,40.740,40.740,40.750,0,0
1522695480,40.750,40.770,40.740,40.770,0,0
1522695540,40.770,40.780,40.760,40.780,0,0
1522695600,40.800,40.770,40.770,40.800,88814,5355117
1522695660,40.770,40.740,40.740,40.770,0,0
1522695720,40.740,40.730,40.730,40.740,0,0
1522695780,40.730,40.810,40.730,40.810,0,0
1522695840,40.800,40.750,40.750,40.800,0,0
1522695900,40.750,40.720,40.720,40.750,84441,5443931
1522695960,40.720,40.710,40.710,40.720,0,0
1522696020,40.690,40.700,40.690,40.720,0,0
1522696080,40.690,40.710,40.690,40.730,0,0
1522696140,40.710,40.690,40.690,40.710,0,0
1522696200,40.700,40.690,40.690,40.710,74843,5528372
1522696260,40.700,40.690,40.690,40.700,0,0
1522696320,40.720,40.730,40.720,40.730,0,0
1522696380,40.760,40.740,40.730,40.760,0,0
1522696440,40.760,40.790,40.760,40.800,0,0
1522696500,40.790,40.770,40.770,40.790,95802,5603215
1522696560,40.770,40.780,40.760,40.790,0,0
1522696620,40.760,40.730,40.730,40.760,0,0
1522696680,40.730,40.750,40.730,40.750,0,0
1522696740,40.740,40.770,40.740,40.770,0,0
1522696800,40.800,40.750,40.750,40.800,92292,5699017
1522696860,40.750,40.730,40.730,40.760,0,0
1522696920,40.730,40.710,40.710,40.730,0,0
1522696980,40.700,40.720,40.690,40.720,0,0
1522697040,40.720,40.700,40.700,40.720,0,0
1522697100,40.700,40.680,40.680,40.700,73124,5791309
1522697160,40.670,40.650,40.650,40.670,0,0
1522697220,40.650,40.640,40.640,40.670,0,0
1522697280,40.640,40.630,40.630,40.650,0,0
1522697340,40.640,40.630,40.630,40.640,0,0
1522697400,40.640,40.690,40.640,40.690,134709,5864433
1522697460,40.680,40.660,40.650,40.680,0,0
1522697520,40.670,40.630,40.630,40.670,0,0
1522697580,40.620,40.600,40.600,40.620,0,0
1522697640,40.600,40.590,40.570,40.600,0,0
1522697700,40.600,40.650,40.600,40.660,161455,5999142
1522697760,40.650,40.700,40.640,40.700,0,0
1522697820,40.700,40.720,40.700,40.730,0,0
1522697880,40.730,40.720,40.700,40.730,0,0
1522697940,40.730,40.720,40.720,40.750,0,0
1522698000,40.710,40.690,40.670,40.710,169186,6160597
1522698060,40.690,40.740,40.690,40.750,0,0
1522698120,40.750,40.760,40.740,40.760,0,0
1522698180,40.760,40.790,40.750,40.810,0,0
1522698240,40.780,40.770,40.770,40.800,0,0
1522698300,40.800,40.780,40.780,40.830,237064,6329783
1522698360,40.820,40.870,40.820,40.870,0,0
1522698420,40.870,40.800,40.800,40.870,0,0
1522698480,40.810,40.820,40.800,40.830,0,0
1522698540,40.810,40.820,40.800,40.820,0,0
1522698600,40.780,40.770,40.770,40.810,426124,6566847
1522698660,40.780,40.740,40.740,40.780,0,0
1522698720,40.740,40.730,40.730,40.750,0,0
1522698780,40.740,40.820,40.740,40.820,0,0
1522698840,40.810,40.840,40.810,40.840,0,0
1522698900,40.840,40.770,40.770,40.840,2345344,6992971
1522698960,40.780,40.740,40.740,40.800,0,0
1522699020,40.750,40.770,40.730,40.770,0,0
1522699080,40.740,40.760,40.710,40.760,0,0
1522699140,40.700,40.710,40.630,40.730,0,0
1522762200,41.100,41.130,41.100,41.230,198952,0
1522762260,41.100,40.990,40.990,41.100,0,0
1522762320,40.970,41.050,40.960,41.070,0,0
1522762380,41.060,41.050,41.030,41.070,0,0
1522762440,41.040,41.010,41.010,41.050,0,0
1522762500,40.930,40.960,40.930,41.000,125774,198952
1522762560,40.970,41.050,40.970,41.070,0,0
1522762620,41.030,41.050,41.030,41.060,0,0
1522762680,41.050,41.060,41.050,41.080,0,0
1522762740,41.020,41.040,41.020,41.040,0,0
1522762800,41.040,41.050,41.010,41.050,117997,324726
1522762860,41.060,41.040,41.020,41.060,0,0
1522762920,41.050,41.020,41.000,41.050,0,0
1522762980,40.990,40.960,40.940,40.990,0,0
1522763040,40.960,40.990,40.960,41.000,0,0
1522763100,40.950,40.920,40.920,40.950,94836,442723
1522763160,40.940,40.910,40.910,40.950,0,0
1522763220,40.930,40.920,40.910,40.930,0,0
1522763280,40.920,40.990,40.920,40.990,0,0
1522763340,41.000,41.020,40.990,41.020,0,0
1522763400,41.010,41.020,41.010,41.050,73936,537559
1522763460,41.020,40.970,40.970,41.020,0,0
1522763520,40.980,40.970,40.950,40.980,0,0
1522763580,40.980,40.960,40.960,40.980,0,0
1522763640,40.960,40.940,40.940,40.970,0,0
1522763700,40.970,40.920,40.920,40.970,76268,611495
1522763760,40.910,40.890,40.890,40.930,0,0
1522763820,40.880,40.870,40.860,40.880,0,0
1522763880,40.870,40.880,40.870,40.880,0,0
1522763940,40.870,40.850,40.840,40.870,0,0
1522764000,40.870,40.880,40.870,40.880,63074,687763
1522764060,40.890,40.850,40.850,40.890,0,0
1522764120,40.860,40.880,40.860,40.880,0,0
1522764180,40.900,40.890,40.890,40.900,0,0
1522764240,40.890,40.870,40.860,40.890,0,0
1522764300,40.890,40.880,40.870,40.890,119590,750837
1522764360,40.880,40.860,40.850,40.880,0,0
1522764420,40.890,40.900,40.870,40.900,0,0
1522764480,40.880,40.890,40.880,40.900,0,0
1522764540,40.900,40.950,40.900,40.950,0,0
1522764600,40.960,40.950,40.930,40.960,54128,870427
1522764660,40.950,40.950,40.950,40.950,0,0
1522764720,40.960,40.970,40.960,40.970,0,0
1522764780,40.960,40.920,40.910,40.960,0,0
1522764840,40.920,40.930,40.920,40.930,0,0
1522764900,40.930,40.900,40.900,40.940,64022,924555
1522764960,40.890,40.910,40.890,40.910,0,0
1522765020,40.900,40.930,40.900,40.940,0,0
1522765080,40.940,40.910,40.910,40.940,0,0
1522765140,40.890,40.850,40.850,40.890,0,0
1522765200,40.850,40.860,40.840,40.860,75085,988577
1522765260,40.880,40.860,40.850,40.880,0,0
1522765320,40.870,40.880,40.870,40.880,0,0
1522765380,40.880,40.890,40.850,40.900,0,0
1522765440,40.880,40.900,40.870,40.900,0,0
1522765500,40.900,40.910,40.900,40.910,70022,1063662
1522765560,40.900,40.960,40.900,40.960,0,0
1522765620,40.960,40.940,40.930,40.960,0,0
1522765680,40.920,40.930,40.920,40.930,0,0
1522765740,40.940,40.970,40.940,40.970,0,0
1522765800,40.960,40.930,40.930,40.960,78410,1133684
1522765860,40.940,40.950,40.940,40.950,0,0
1522765920,40.950,40.940,40.940,40.950,0,0
1522765980,40.960,40.970,40.960,40.990,0,0
1522766040,40.950,40.980,40.950,40.980,0,0
1522766100,40.990,41.000,40.990,41.020,73594,1212094
1522766160,41.000,40.980,40.980,41.000,0,0
1522766220,40.970,41.000,40.970,41.000,0,0
1522766280,40.970,40.950,40.930,40.970,0,0
1522766340,40.950,40.940,40.940,40.950,0,0
1522766400,40.940,40.990,40.940,40.990,70318,1285688
1522766460,41.000,40.980,40.980,41.000,0,0
1522766520,40.980,40.970,40.950,40.980,0,0
1522766580,40.990,41.000,40.980,41.010,0,0
1522766640,40.990,41.030,40.990,41.030,0,0
1522766700,41.030,41.090,41.030,41.090,64222,1356006
1522766760,41.090,41.130,41.090,41.130,0,0
1522766820,41.120,41.110,41.110,41.120,0,0
1522766880,41.100,41.110,41.090,41.120,0,0
1522766940,41.090,41.100,41.090,41.110,0,0
1522767000,41.090,41.120,41.090,41.120,52297,1420228
1522767060,41.110,41.130,41.110,41.140,0,0
1522767120,41.120,41.130,41.120,41.150,0,0
1522767180,41.130,41.120,41.120,41.140,0,0
1522767240,41.120,41.110,41.110,41.140,0,0
1522767300,41.100,41.150,41.100,41.150,137487,1472525
1522767360,41.150,41.170,41.150,41.170,0,0
1522767420,41.200,41.160,41.150,41.200,0,0
1522767480,41.180,41.200,41.160,41.200,0,0
1522767540,41.220,41.210,41.210,41.220,0,0
1522767600,41.210,41.190,41.190,41.220,139102,1610012
1522767660,41.210,41.200,41.190,41.220,0,0
1522767720,41.200,41.270,41.200,41.270,0,0
1522767780,41.280,41.300,41.270,41.310,0,0
1522767840,41.280,41.290,41.280,41.300,0,0
1522767900,41.280,41.270,41.270,41.280,96627,1749114
1522767960,41.280,41.270,41.270,41.280,0,0
1522768020,41.280,41.310,41.280,41.330,0,0
1522768080,41.340,41.350,41.340,41.350,0,0
1522768140,41.350,41.370,41.350,41.400,0,0
1522768200,41.360,41.330,41.320,41.380,65180,1845741
1522768260,41.320,41.290,41.280,41.320,0,0
1522768320,41.260,41.230,41.230,41.270,0,0
1522768380,41.230,41.220,41.210,41.230,0,0
1522768440,41.220,41.240,41.220,41.250,0,0
1522768500,41.230,41.220,41.220,41.240,51908,1910921
1522768560,41.230,41.190,41.190,41.230,0,0
1522768620,41.190,41.200,41.190,41.200,0,0
1522768680,41.180,41.190,41.180,41.190,0,0
1522768740,41.190,41.210,41.190,41.210,0,0
1522768800,41.200,41.220,41.200,41.230,52874,1962829
1522768860,41.220,41.200,41.200,41.220,0,0
1522768920,41.200,41.160,41.160,41.200,0,0
1522768980,41.160,41.150,41.150,41.160,0,0
1522769040,41.130,41.120,41.120,41.130,0,0
1522769100,41.120,41.150,41.120,41.150,55484,2015703
1522769160,41.150,41.130,41.130,41.160,0,0
1522769220,41.140,41.160,41.140,41.160,0,0
1522769280,41.160,41.140,41.140,41.160,0,0
1522769340,41.140,41.110,41.110,41.140,0,0
1522769400,41.090,41.100,41.080,41.100,54475,2071187
1522769460,41.110,41.080,41.080,41.110,0,0
1522769520,41.090,41.080,41.080,41.090,0,0
1522769580,41.080,41.070,41.060,41.080,0,0
1522769640,41.080,41.030,41.030,41.080,0,0
1522769700,41.040,41.050,41.040,41.060,34089,2125662
1522769760,41.050,41.030,41.030,41.050,0,0
1522769820,41.040,41.060,41.040,41.060,0,0
1522769880,41.060,41.050,41.050,41.080,0,0
1522769940,41.050,41.030,41.030,41.050,0,0
1522770000,41.030,41.020,41.010,41.030,71954,2159751
1522770060,41.030,41.060,41.030,41.060,0,0
1522770120,41.060,41.050,41.050,41.060,0,0
1522770180,41.060,41.050,41.050,41.070,0,0
1522770240,41.050,41.090,41.050,41.090,0,0
1522770300,41.090,41.100,41.090,41.110,40617,2231705
1522770360,41.090,41.100,41.090,41.110,0,0
1522770420,41.090,41.130,41.090,41.130,0,0
1522770480,41.140,41.120,41.100,41.140,0,0
1522770540,41.110,41.080,41.080,41.110,0,0
1522770600,41.070,41.050,41.050,41.080,44023,2272322
1522770660,41.040,41.050,41.030,41.050,0,0
1522770720,41.040,41.030,41.030,41.040,0,0
1522770780,41.040,41.060,41.040,41.070,0,0
1522770840,41.060,41.100,41.060,41.100,0,0
1522770900,41.110,41.090,41.080,41.110,66700,2316345
1522770960,41.090,41.080,41.070,41.090,0,0
1522771020,41.070,41.110,41.060,41.110,0,0
1522771080,41.100,41.110,41.100,41.130,0,0
1522771140,41.120,41.060,41.060,41.120,0,0
1522771200,41.090,41.120,41.080,41.120,52793,2383045
1522771260,41.110,41.140,41.100,41.140,0,0
1522771320,41.130,41.160,41.130,41.170,0,0
1522771380,41.160,41.150,41.150,41.160,0,0
1522771440,41.160,41.180,41.160,41.180,0,0
1522771500,41.160,41.110,41.110,41.160,37277,2435838
1522771560,41.130,41.150,41.130,41.150,0,0
1522771620,41.150,41.140,41.140,41.150,0,0
1522771680,41.130,41.130,41.130,41.130,0,0
1522771740,41.140,41.160,41.130,41.160,0,0
1522771800,41.140,41.090,41.090,41.140,54188,2473115
1522771860,41.080,41.090,41.080,41.120,0,0
1522771920,41.100,41.110,41.100,41.110,0,0
1522771980,41.100,41.130,41.100,41.130,0,0
1522772040,41.120,41.100,41.100,41.120,0,0
1522772100,41.120,41.130,41.120,41.130,65730,2527303
1522772160,41.120,41.090,41.090,41.120,0,0
1522772220,41.080,41.020,41.020,41.080,0,0
1522772280,41.020,41.010,41.010,41.020,0,0
1522772340,41.030,41.010,41.000,41.030,0,0
1522772400,41.020,41.010,41.000,41.020,50474,2593033
1522772460,41.020,41.010,41.010,41.020,0,0
1522772520,41.020,41.010,41.010,41.030,0,0
1522772580,41.010,41.010,41.010,41.010,0,0
1522772640,41.000,41.010,41.000,41.010,0,0
1522772700,41.020,41.010,41.010,41.020,46866,2643507
1522772760,41.000,41.010,41.000,41.010,0,0
1522772820,41.020,41.030,41.020,41.030,0,0
1522772880,41.040,41.020,41.020,41.040,0,0
1522772940,41.020,41.010,41.010,41.020,0,0
1522773000,41.010,41.010,41.010,41.010,30849,2690373
1522773060,41.010,41.030,41.010,41.030,0,0
1522773120,41.030,41.030,41.030,41.030,0,0
1522773180,41.030,41.060,41.030,41.060,0,0
1522773240,41.070,41.080,41.070,41.080,0,0
1522773300,41.060,41.070,41.060,41.070,27716,2721222
1522773360,41.050,41.040,41.040,41.050,0,0
1522773420,41.030,41.040,41.030,41.040,0,0
1522773480,41.020,41.030,41.020,41.030,0,0
1522773540,41.030,41.020,41.020,41.030,0,0
1522773600,41.030,41.060,41.030,41.060,35965,2748938
1522773660,41.070,41.090,41.070,41.090,0,0
1522773720,41.090,41.120,41.090,41.120,0,0
1522773780,41.120,41.100,41.100,41.120,0,0
1522773840,41.110,41.110,41.110,41.110,0,0
1522773900,41.120,41.120,41.120,41.120,35549,2784903
1522773960,41.110,41.070,41.070,41.110,0,0
1522774020,41.090,41.060,41.060,41.090,0,0
1522774080,41.070,41.060,41.050,41.070,0,0
1522774140,41.050,41.070,41.040,41.070,0,0
1522774200,41.060,41.070,41.060,41.080,36249,2820452
1522774260,41.070,41.080,41.060,41.080,0,0
1522774320,41.080,41.090,41.080,41.090,0,0
1522774380,41.090,41.040,41.040,41.090,0,0
1522774440,41.050,41.010,41.010,41.050,0,0
1522774500,41.010,41.030,41.010,41.030,33700,2856701
1522774560,41.030,41.020,41.020,41.040,0,0
1522774620,41.020,41.020,41.020,41.020,0,0
1522774680,41.020,41.030,41.020,41.030,0,0
1522774740,41.020,41.030,41.020,41.030,0,0
1522774800,41.020,41.010,41.010,41.020,42609,2890401
1522774860,41.010,41.000,41.000,41.020,0,0
1522774920,41.010,41.020,41.010,41.020,0,0
1522774980,41.010,41.020,41.010,41.020,0,0
1522775040,41.020,41.040,41.020,41.050,0,0
1522775100,41.050,41.060,41.050,41.060,52115,2933010
1522775160,41.060,41.050,41.050,41.060,0,0
1522775220,41.050,41.030,41.030,41.050,0,0
1522775280,41.030,41.040,41.020,41.040,0,0
1522775340,41.040,41.030,41.030,41.040,0,0
1522775400,41.030,41.050,41.030,41.050,45551,2985125
1522775460,41.060,41.050,41.050,41.060,0,0
1522775520,41.050,41.080,41.050,41.100,0,0
1522775580,41.070,41.050,41.050,41.080,0,0
1522775640,41.050,41.030,41.030,41.050,0,0
1522775700,41.030,41.030,41.030,41.030,35406,3030676
1522775760,41.020,41.030,41.020,41.030,0,0
1522775820,41.030,41.030,41.030,41.030,0,0
1522775880,41.040,41.070,41.040,41.070,0,0
1522775940,41.060,41.070,41.060,41.080,0,0
1522776000,41.090,41.100,41.090,41.100,61937,3066082
1522776060,41.090,41.110,41.090,41.110,0,0
1522776120,41.120,41.100,41.100,41.120,0,0
1522776180,41.110,41.130,41.110,41.140,0,0
1522776240,41.130,41.130,41.130,41.130,0,0
1522776300,41.120,41.130,41.120,41.130,88518,3128019
1522776360,41.140,41.130,41.130,41.140,0,0
1522776420,41.140,41.130,41.130,41.140,0,0
1522776480,41.140,41.130,41.130,41.150,0,0
1522776540,41.130,41.120,41.100,41.130,0,0
1522776600,41.130,41.140,41.120,41.140,39949,3216537
1522776660,41.130,41.140,41.130,41.140,0,0
1522776720,41.140,41.130,41.130,41.140,0,0
1522776780,41.140,41.130,41.130,41.140,0,0
1522776840,41.110,41.100,41.100,41.110,0,0
1522776900,41.110,41.100,41.100,41.110,36054,3256486
1522776960,41.090,41.100,41.090,41.100,0,0
1522777020,41.100,41.090,41.090,41.100,0,0
1522777080,41.090,41.110,41.090,41.110,0,0
1522777140,41.110,41.100,41.100,41.120,0,0
1522777200,41.100,41.090,41.090,41.100,26896,3292540
1522777260,41.090,41.100,41.090,41.100,0,0
1522777320,41.110,41.120,41.110,41.120,0,0
1522777380,41.130,41.120,41.120,41.130,0,0
1522777440,41.120,41.140,41.120,41.140,0,0
1522777500,41.140,41.130,41.130,41.140,38260,3319436
1522777560,41.120,41.100,41.100,41.120,0,0
1522777620,41.100,41.090,41.090,41.110,0,0
1522777680,41.100,41.100,41.100,41.100,0,0
1522777740,41.090,41.080,41.080,41.090,0,0
1522777800,41.080,41.100,41.080,41.100,33679,3357696
1522777860,41.100,41.090,41.090,41.100,0,0
1522777920,41.090,41.110,41.090,41.110,0,0
1522777980,41.110,41.100,41.100,41.120,0,0
1522778040,41.110,41.120,41.100,41.120,0,0
1522778100,41.120,41.150,41.120,41.150,38227,3391375
1522778160,41.150,41.160,41.150,41.160,0,0
1522778220,41.160,41.150,41.150,41.160,0,0
1522778280,41.160,41.150,41.150,41.160,0,0
1522778340,41.160,41.190,41.160,41.190,0,0
1522778400,41.190,41.180,41.170,41.190,62707,3429602
1522778460,41.180,41.170,41.160,41.180,0,0
1522778520,41.170,41.180,41.170,41.190,0,0
1522778580,41.170,41.160,41.160,41.170,0,0
1522778640,41.150,41.200,41.150,41.200,0,0
1522778700,41.200,41.170,41.170,41.200,38042,3492309
1522778760,41.170,41.150,41.150,41.170,0,0
1522778820,41.160,41.120,41.120,41.160,0,0
1522778880,41.130,41.150,41.130,41.160,0,0
1522778940,41.160,41.150,41.150,41.160,0,0
1522779000,41.150,41.160,41.150,41.160,49310,3530351
1522779060,41.140,41.150,41.140,41.160,0,0
1522779120,41.160,41.140,41.140,41.160,0,0
1522779180,41.150,41.140,41.140,41.150,0,0
1522779240,41.150,41.160,41.150,41.170,0,0
1522779300,41.160,41.130,41.120,41.160,44962,3579661
1522779360,41.130,41.110,41.110,41.130,0,0
1522779420,41.100,41.110,41.100,41.110,0,0
1522779480,41.120,41.110,41.110,41.130,0,0
1522779540,41.120,41.130,41.120,41.130,0,0
1522779600,41.130,41.120,41.100,41.130,45819,3624623
1522779660,41.120,41.130,41.110,41.130,0,0
1522779720,41.130,41.150,41.130,41.150,0,0
1522779780,41.150,41.160,41.150,41.160,0,0
1522779840,41.150,41.160,41.150,41.160,0,0
1522779900,41.160,41.150,41.150,41.160,57245,3670442
1522779960,41.150,41.140,41.130,41.150,0,0
1522780020,41.130,41.120,41.120,41.130,0,0
1522780080,41.120,41.100,41.100,41.120,0,0
1522780140,41.100,41.130,41.100,41.130,0,0
1522780200,41.110,41.090,41.090,41.110,67704,3727687
1522780260,41.090,41.110,41.090,41.110,0,0
1522780320,41.110,41.070,41.070,41.120,0,0
1522780380,41.080,41.060,41.060,41.080,0,0
1522780440,41.060,41.080,41.050,41.090,0,0
1522780500,41.060,41.070,41.060,41.070,69934,3795391
1522780560,41.070,41.060,41.050,41.070,0,0
1522780620,41.050,41.040,41.040,41.050,0,0
1522780680,41.050,41.020,41.020,41.050,0,0
1522780740,41.030,41.060,41.020,41.060,0,0
1522780800,41.050,41.040,41.040,41.050,51198,3865325
1522780860,41.050,41.080,41.050,41.080,0,0
1522780920,41.080,41.060,41.060,41.080,0,0
1522780980,41.060,41.050,41.050,41.060,0,0
1522781040,41.060,41.050,41.050,41.070,0,0
1522781100,41.060,41.050,41.050,41.060,113049,3916523
1522781160,41.060,41.090,41.050,41.100,0,0
1522781220,41.080,41.140,41.080,41.140,0,0
1522781280,41.160,41.150,41.150,41.200,0,0
1522781340,41.140,41.160,41.130,41.160,0,0
1522781400,41.160,41.140,41.140,41.160,45239,4029572
1522781460,41.150,41.120,41.120,41.150,0,0
1522781520,41.120,41.140,41.120,41.140,0,0
1522781580,41.150,41.180,41.150,41.180,0,0
1522781640,41.170,41.180,41.170,41.190,0,0
1522781700,41.200,41.250,41.200,41.260,85477,4074811
1522781760,41.260,41.290,41.260,41.290,0,0
1522781820,41.290,41.310,41.280,41.310,0,0
1522781880,41.310,41.270,41.270,41.310,0,0
1522781940,41.270,41.260,41.260,41.280,0,0
1522782000,41.250,41.240,41.240,41.250,129221,4160288
1522782060,41.250,41.280,41.250,41.290,0,0
1522782120,41.280,41.270,41.270,41.310,0,0
1522782180,41.280,41.320,41.280,41.320,0,0
1522782240,41.310,41.300,41.300,41.310,0,0
1522782300,41.310,41.350,41.310,41.350,73444,4289509
1522782360,41.350,41.390,41.350,41.390,0,0
1522782420,41.390,41.410,41.390,41.410,0,0
1522782480,41.420,41.460,41.420,41.460,0,0
1522782540,41.480,41.460,41.460,41.490,0,0
1522782600,41.470,41.480,41.470,41.490,97629,4362953
1522782660,41.480,41.490,41.480,41.500,0,0
1522782720,41.490,41.430,41.430,41.490,0,0
1522782780,41.450,41.380,41.380,41.450,0,0
1522782840,41.370,41.400,41.370,41.400,0,0
1522782900,41.400,41.340,41.330,41.400,74842,4460582
1522782960,41.350,41.360,41.330,41.360,0,0
1522783020,41.350,41.330,41.330,41.370,0,0
1522783080,41.340,41.370,41.330,41.370,0,0
1522783140,41.380,41.390,41.380,41.410,0,0
1522783200,41.400,41.370,41.370,41.420,364015,4535424
1522783260,41.370,41.410,41.370,41.420,0,0
1522783320,41.410,41.450,41.410,41.450,0,0
1522783380,41.440,41.420,41.420,41.440,0,0
1522783440,41.420,41.390,41.370,41.420,0,0
1522783500,41.410,41.380,41.380,41.410,117214,4899439
1522783560,41.370,41.400,41.360,41.400,0,0
1522783620,41.410,41.380,41.380,41.410,0,0
1522783680,41.400,41.440,41.400,41.440,0,0
1522783740,41.440,41.420,41.410,41.440,0,0
1522783800,41.440,41.400,41.390,41.440,107041,5016653
1522783860,41.410,41.400,41.390,41.410,0,0
1522783920,41.400,41.370,41.370,41.410,0,0
1522783980,41.380,41.310,41.310,41.380,0,0
1522784040,41.310,41.320,41.310,41.320,0,0
1522784100,41.310,41.300,41.290,41.310,137192,5123694
1522784160,41.280,41.270,41.270,41.310,0,0
1522784220,41.280,41.310,41.280,41.310,0,0
1522784280,41.320,41.350,41.310,41.350,0,0
1522784340,41.370,41.360,41.340,41.370,0,0
1522784400,41.380,41.370,41.370,41.380,169255,5260886
1522784460,41.400,41.390,41.380,41.400,0,0
1522784520,41.390,41.350,41.340,41.390,0,0
1522784580,41.340,41.350,41.320,41.350,0,0
1522784640,41.330,41.320,41.320,41.330,0,0
1522784700,41.320,41.370,41.320,41.380,203947,5430141
1522784760,41.360,41.330,41.330,41.370,0,0
1522784820,41.340,41.300,41.300,41.340,0,0
1522784880,41.300,41.260,41.260,41.300,0,0
1522784940,41.280,41.270,41.260,41.280,0,0
1522785000,41.270,41.230,41.230,41.270,275208,5634088
1522785060,41.260,41.210,41.210,41.270,0,0
1522785120,41.220,41.230,41.220,41.240,0,0
1522785180,41.230,41.220,41.220,41.240,0,0
1522785240,41.220,41.240,41.220,41.240,0,0
1522785300,41.240,41.250,41.230,41.250,668612,5909296
1522785360,41.240,41.230,41.230,41.250,0,0
1522785420,41.240,41.230,41.230,41.250,0,0
1522785480,41.240,41.220,41.210,41.260,0,0
1522785540,41.200,41.170,41.170,41.210,0,0
1522848600,40.830,41.070,40.830,41.070,193298,0
1522848660,41.090,41.080,41.070,41.090,0,0
1522848720,41.090,41.130,41.070,41.130,0,0
1522848780,41.110,41.050,41.030,41.110,0,0
1522848840,41.040,41.010,40.990,41.060,0,0
1522848900,41.010,40.940,40.940,41.010,193659,193298
1522848960,40.930,40.910,40.910,40.960,0,0
1522849020,40.920,40.960,40.920,40.960,0,0
1522849080,40.950,41.000,40.950,41.010,0,0
1522849140,40.970,41.020,40.970,41.020,0,0
1522849200,41.010,40.970,40.970,41.010,124998,386957
1522849260,40.970,40.980,40.950,40.980,0,0
1522849320,40.980,41.080,40.980,41.080,0,0
1522849380,41.080,41.060,41.030,41.090,0,0
1522849440,41.050,41.110,41.050,41.110,0,0
1522849500,41.100,40.960,40.960,41.100,117835,511955
1522849560,40.970,41.010,40.960,41.020,0,0
1522849620,41.010,40.990,40.980,41.010,0,0
1522849680,41.000,41.090,41.000,41.090,0,0
1522849740,41.070,41.080,41.050,41.080,0,0
1522849800,41.100,41.070,41.070,41.110,125163,629790
1522849860,41.080,41.140,41.080,41.140,0,0
1522849920,41.140,41.160,41.140,41.180,0,0
1522849980,41.160,41.190,41.160,41.200,0,0
1522850040,41.200,41.260,41.190,41.260,0,0
1522850100,41.270,41.260,41.240,41.270,119738,754953
1522850160,41.280,41.360,41.280,41.370,0,0
1522850220,41.370,41.350,41.350,41.370,0,0
1522850280,41.350,41.390,41.350,41.410,0,0
1522850340,41.390,41.420,41.380,41.420,0,0
1522850400,41.400,41.410,41.400,41.420,118682,874691
1522850460,41.380,41.390,41.370,41.390,0,0
1522850520,41.380,41.350,41.340,41.380,0,0
1522850580,41.370,41.380,41.370,41.380,0,0
1522850640,41.380,41.390,41.380,41.390,0,0
1522850700,41.380,41.400,41.380,41.410,175877,993373
1522850760,41.400,41.420,41.380,41.450,0,0
1522850820,41.430,41.480,41.420,41.480,0,0
1522850880,41.480,41.490,41.480,41.500,0,0
1522850940,41.450,41.440,41.430,41.460,0,0
1522851000,41.450,41.490,41.450,41.490,105241,1169250
1522851060,41.490,41.480,41.480,41.500,0,0
1522851120,41.480,41.500,41.480,41.500,0,0
1522851180,41.500,41.490,41.490,41.520,0,0
1522851240,41.490,41.480,41.470,41.490,0,0
1522851300,41.450,41.460,41.450,41.470,75213,1274491
1522851360,41.470,41.440,41.440,41.480,0,0
1522851420,41.440,41.430,41.430,41.450,0,0
1522851480,41.450,41.440,41.440,41.450,0,0
1522851540,41.450,41.480,41.440,41.480,0,0
1522851600,41.470,41.400,41.400,41.470,114489,1349704
1522851660,41.410,41.420,41.410,41.430,0,0
1522851720,41.410,41.420,41.400,41.420,0,0
1522851780,41.410,41.420,41.390,41.420,0,0
1522851840,41.410,41.420,41.400,41.420,0,0
1522851900,41.410,41.390,41.390,41.410,52414,1464193
1522851960,41.410,41.420,41.410,41.430,0,0
1522852020,41.410,41.440,41.410,41.440,0,0
1522852080,41.440,41.430,41.430,41.440,0,0
1522852140,41.440,41.390,41.390,41.450,0,0
1522852200,41.420,41.400,41.390,41.420,63863,1516607
1522852260,41.380,41.360,41.360,41.380,0,0
1522852320,41.370,41.350,41.350,41.380,0,0
1522852380,41.360,41.340,41.340,41.360,0,0
1522852440,41.350,41.360,41.350,41.360,0,0
1522852500,41.340,41.350,41.340,41.360,52152,1580470
1522852560,41.350,41.340,41.340,41.350,0,0
1522852620,41.350,41.370,41.350,41.370,0,0
1522852680,41.360,41.370,41.350,41.370,0,0
1522852740,41.380,41.430,41.380,41.430,0,0
1522852800,41.430,41.440,41.420,41.440,83080,1632622
1522852860,41.450,41.460,41.440,41.460,0,0
1522852920,41.480,41.470,41.470,41.490,0,0
1522852980,41.470,41.490,41.470,41.500,0,0
1522853040,41.500,41.480,41.480,41.500,0,0
1522853100,41.490,41.520,41.480,41.520,89054,1715702
1522853160,41.530,41.540,41.530,41.550,0,0
1522853220,41.550,41.570,41.550,41.590,0,0
1522853280,41.550,41.560,41.550,41.560,0,0
1522853340,41.550,41.580,41.550,41.580,0,0
1522853400,41.580,41.630,41.570,41.650,64735,1804756
1522853460,41.630,41.620,41.620,41.630,0,0
1522853520,41.620,41.630,41.610,41.630,0,0
1522853580,41.630,41.610,41.610,41.630,0,0
1522853640,41.600,41.640,41.600,41.640,0,0
1522853700,41.640,41.630,41.630,41.640,64223,1869491
1522853760,41.650,41.630,41.630,41.660,0,0
1522853820,41.640,41.630,41.630,41.640,0,0
1522853880,41.630,41.670,41.630,41.670,0,0
1522853940,41.680,41.660,41.660,41.680,0,0
1522854000,41.640,41.610,41.610,41.640,56254,1933714
1522854060,41.620,41.600,41.590,41.620,0,0
1522854120,41.600,41.590,41.590,41.600,0,0
1522854180,41.610,41.650,41.610,41.650,0,0
1522854240,41.650,41.660,41.650,41.660,0,0
1522854300,41.650,41.670,41.650,41.680,55368,1989968
1522854360,41.660,41.650,41.630,41.660,0,0
1522854420,41.650,41.690,41.650,41.690,0,0
1522854480,41.680,41.690,41.670,41.690,0,0
1522854540,41.700,41.730,41.690,41.730,0,0
1522854600,41.710,41.730,41.700,41.730,62636,2045336
1522854660,41.720,41.750,41.710,41.760,0,0
1522854720,41.760,41.750,41.740,41.760,0,0
1522854780,41.740,41.690,41.690,41.740,0,0
1522854840,41.700,41.690,41.680,41.710,0,0
1522854900,41.690,41.730,41.680,41.730,54687,2107972
1522854960,41.730,41.740,41.730,41.760,0,0
1522855020,41.740,41.720,41.720,41.750,0,0
1522855080,41.720,41.710,41.710,41.730,0,0
1522855140,41.720,41.700,41.700,41.720,0,0
1522855200,41.720,41.730,41.700,41.730,60629,2162659
1522855260,41.700,41.690,41.690,41.700,0,0
1522855320,41.700,41.690,41.690,41.710,0,0
1522855380,41.680,41.670,41.670,41.680,0,0
1522855440,41.670,41.690,41.660,41.690,0,0
1522855500,41.680,41.670,41.660,41.680,78229,2223288
1522855560,41.670,41.680,41.660,41.680,0,0
1522855620,41.670,41.710,41.660,41.710,0,0
1522855680,41.720,41.710,41.710,41.720,0,0
1522855740,41.730,41.740,41.730,41.740,0,0
1522855800,41.740,41.760,41.730,41.770,273037,2301517
1522855860,41.760,41.830,41.760,41.830,0,0
1522855920,41.840,41.870,41.840,41.870,0,0
1522855980,41.880,41.860,41.850,41.880,0,0
1522856040,41.870,41.860,41.850,41.880,0,0
1522856100,41.850,41.790,41.790,41.870,421323,2574554
1522856160,41.810,41.820,41.810,41.830,0,0
1522856220,41.800,41.790,41.770,41.810,0,0
1522856280,41.790,41.830,41.790,41.840,0,0
1522856340,41.840,41.870,41.830,41.880,0,0
1522856400,41.840,41.840,41.840,41.840,131600,2995877
1522856460,41.840,41.800,41.800,41.840,0,0
1522856520,41.800,41.790,41.780,41.800,0,0
1522856580,41.800,41.790,41.790,41.800,0,0
1522856640,41.800,41.800,41.800,41.800,0,0
1522856700,41.800,41.760,41.760,41.800,70390,3127477
1522856760,41.770,41.780,41.760,41.790,0,0
1522856820,41.790,41.810,41.790,41.810,0,0
1522856880,41.830,41.780,41.770,41.830,0,0
1522856940,41.780,41.770,41.770,41.800,0,0
1522857000,41.770,41.770,41.770,41.770,82112,3197867
1522857060,41.770,41.790,41.770,41.790,0,0
1522857120,41.800,41.800,41.800,41.800,0,0
1522857180,41.810,41.800,41.800,41.820,0,0
1522857240,41.800,41.790,41.780,41.800,0,0
1522857300,41.800,41.800,41.800,41.800,54297,3279979
1522857360,41.810,41.800,41.800,41.810,0,0
1522857420,41.810,41.790,41.780,41.810,0,0
1522857480,41.780,41.770,41.770,41.780,0,0
1522857540,41.780,41.790,41.780,41.790,0,0
1522857600,41.790,41.730,41.730,41.800,55670,3334276
1522857660,41.720,41.710,41.710,41.730,0,0
1522857720,41.720,41.730,41.720,41.730,0,0
1522857780,41.730,41.730,41.730,41.730,0,0
1522857840,41.750,41.760,41.750,41.760,0,0
1522857900,41.760,41.730,41.730,41.760,148849,3389946
1522857960,41.740,41.710,41.710,41.740,0,0
1522858020,41.710,41.740,41.710,41.740,0,0
1522858080,41.750,41.800,41.750,41.800,0,0
1522858140,41.810,41.830,41.810,41.840,0,0
1522858200,41.830,41.850,41.830,41.860,90418,3538795
1522858260,41.850,41.900,41.850,41.900,0,0
1522858320,41.900,41.910,41.890,41.910,0,0
1522858380,41.910,41.900,41.900,41.930,0,0
1522858440,41.900,41.890,41.890,41.900,0,0
1522858500,41.890,41.880,41.880,41.890,40650,3629213
1522858560,41.870,41.890,41.870,41.900,0,0
1522858620,41.900,41.890,41.890,41.900,0,0
1522858680,41.900,41.910,41.900,41.910,0,0
1522858740,41.910,41.920,41.910,41.930,0,0
1522858800,41.910,41.940,41.880,41.940,108859,3669863
1522858860,41.950,41.970,41.950,41.980,0,0
1522858920,41.980,41.960,41.960,41.980,0,0
1522858980,41.960,41.990,41.960,41.990,0,0
1522859040,41.990,41.970,41.970,42.010,0,0
1522859100,41.960,41.920,41.920,41.960,68874,3778722
1522859160,41.930,41.950,41.930,41.950,0,0
1522859220,41.950,41.970,41.950,41.970,0,0
1522859280,41.980,41.940,41.940,41.980,0,0
1522859340,41.950,41.990,41.950,41.990,0,0
1522859400,41.990,41.980,41.970,41.990,54404,3847596
1522859460,41.980,41.960,41.960,41.980,0,0
1522859520,41.970,41.960,41.960,41.970,0,0
1522859580,41.970,41.990,41.960,41.990,0,0
1522859640,41.980,42.000,41.980,42.000,0,0
1522859700,42.000,42.050,42.000,42.050,42462,3902000
1522859760,42.050,42.030,42.030,42.050,0,0
1522859820,42.020,42.010,42.010,42.020,0,0
1522859880,42.000,41.970,41.960,42.000,0,0
1522859940,41.970,41.980,41.970,41.980,0,0
1522860000,42.000,41.970,41.960,42.000,58639,3944462
1522860060,41.980,41.990,41.980,41.990,0,0
1522860120,42.010,42.020,42.010,42.020,0,0
1522860180,42.020,42.010,42.010,42.030,0,0
1522860240,42.020,42.030,41.990,42.030,0,0
1522860300,42.030,42.060,42.030,42.060,44643,4003101
1522860360,42.050,42.030,42.030,42.050,0,0
1522860420,42.040,42.020,42.020,42.040,0,0
1522860480,42.020,42.030,42.020,42.030,0,0
1522860540,42.020,42.030,42.020,42.030,0,0
1522860600,42.020,42.010,42.010,42.020,93142,4047744
1522860660,42.010,42.020,42.010,42.020,0,0
1522860720,42.020,42.010,42.010,42.020,0,0
1522860780,42.000,42.010,41.980,42.010,0,0
1522860840,42.010,42.020,42.010,42.020,0,0
1522860900,42.010,42.020,42.010,42.020,79893,4140886
1522860960,42.010,42.020,42.000,42.020,0,0
1522861020,42.010,42.020,42.010,42.020,0,0
1522861080,42.010,42.020,42.010,42.020,0,0
1522861140,42.000,41.970,41.970,42.000,0,0
1522861200,41.980,41.990,41.980,41.990,37022,4220779
1522861260,41.990,42.010,41.990,42.010,0,0
1522861320,42.020,42.020,42.020,42.020,0,0
1522861380,42.020,42.010,42.010,42.020,0,0
1522861440,42.010,41.980,41.980,42.010,0,0
1522861500,41.990,41.980,41.980,41.990,71380,4257801
1522861560,41.990,41.980,41.980,41.990,0,0
1522861620,41.990,41.990,41.990,41.990,0,0
1522861680,42.000,41.980,41.980,42.010,0,0
1522861740,41.990,41.980,41.980,41.990,0,0
1522861800,41.980,41.930,41.930,41.980,53085,4329181
1522861860,41.950,41.930,41.930,41.950,0,0
1522861920,41.940,41.950,41.940,41.950,0,0
1522861980,41.950,41.940,41.940,41.950,0,0
1522862040,41.940,41.930,41.930,41.940,0,0
1522862100,41.950,41.950,41.950,41.950,42392,4382266
1522862160,41.960,41.950,41.940,41.980,0,0
1522862220,41.940,41.960,41.940,41.960,0,0
1522862280,41.970,41.960,41.960,41.970,0,0
1522862340,41.950,41.930,41.930,41.950,0,0
1522862400,41.920,41.940,41.920,41.940,96235,4424658
1522862460,41.940,41.920,41.920,41.940,0,0
1522862520,41.920,41.910,41.910,41.920,0,0
1522862580,41.910,41.980,41.910,41.990,0,0
1522862640,41.970,41.950,41.950,41.970,0,0
1522862700,41.970,41.930,41.930,41.970,62100,4520893
1522862760,41.920,41.910,41.910,41.920,0,0
1522862820,41.920,41.950,41.920,41.950,0,0
1522862880,41.930,41.940,41.930,41.940,0,0
1522862940,41.950,41.980,41.950,41.980,0,0
1522863000,41.970,41.920,41.910,41.970,68884,4582993
1522863060,41.920,41.910,41.910,41.920,0,0
1522863120,41.910,41.940,41.910,41.950,0,0
1522863180,41.940,41.930,41.930,41.940,0,0
1522863240,41.940,41.920,41.920,41.940,0,0
1522863300,41.940,41.950,41.940,41.950,49800,4651877
1522863360,41.950,41.980,41.940,41.980,0,0
1522863420,41.970,41.980,41.970,41.980,0,0
1522863480,41.980,41.970,41.970,41.980,0,0
1522863540,41.970,41.980,41.950,41.980,0,0
1522863600,41.980,41.990,41.980,42.000,124279,4701677
1522863660,42.000,42.030,42.000,42.030,0,0
1522863720,42.030,42.020,42.020,42.040,0,0
1522863780,42.020,42.010,42.000,42.020,0,0
1522863840,42.020,42.030,42.020,42.030,0,0
1522863900,42.030,42.040,42.030,42.040,52154,4825956
1522863960,42.020,42.020,42.020,42.020,0,0
1522864020,42.020,42.010,42.000,42.030,0,0
1522864080,42.010,42.000,42.000,42.020,0,0
1522864140,42.000,42.010,41.990,42.010,0,0
1522864200,42.000,41.980,41.980,42.000,64781,4878110
1522864260,41.970,41.990,41.970,41.990,0,0
1522864320,42.000,41.980,41.980,42.000,0,0
1522864380,41.980,41.990,41.980,42.010,0,0
1522864440,41.990,41.980,41.980,41.990,0,0
1522864500,41.990,42.010,41.990,42.010,46675,4942891
1522864560,42.010,42.000,42.000,42.010,0,0
1522864620,42.010,42.000,42.000,42.020,0,0
1522864680,41.990,42.000,41.990,42.000,0,0
1522864740,42.010,42.020,42.010,42.020,0,0
1522864800,42.030,42.040,42.030,42.050,34007,4989566
1522864860,42.030,42.020,42.020,42.040,0,0
1522864920,42.040,42.050,42.040,42.050,0,0
1522864980,42.060,42.030,42.030,42.060,0,0
1522865040,42.030,42.040,42.030,42.040,0,0
1522865100,42.060,42.070,42.060,42.070,56492,5023573
1522865160,42.070,42.080,42.070,42.080,0,0
1522865220,42.080,42.070,42.070,42.080,0,0
1522865280,42.070,42.080,42.070,42.080,0,0
1522865340,42.070,42.080,42.070,42.080,0,0
1522865400,42.070,42.100,42.070,42.100,51373,5080065
1522865460,42.090,42.090,42.090,42.090,0,0
1522865520,42.090,42.100,42.090,42.100,0,0
1522865580,42.090,42.100,42.090,42.100,0,0
1522865640,42.100,42.070,42.070,42.100,0,0
1522865700,42.080,42.100,42.060,42.100,81950,5131438
1522865760,42.110,42.090,42.090,42.110,0,0
1522865820,42.090,42.110,42.090,42.110,0,0
1522865880,42.160,42.200,42.160,42.210,0,0
1522865940,42.200,42.180,42.170,42.200,0,0
1522866000,42.180,42.200,42.180,42.200,43144,5213388
1522866060,42.210,42.220,42.200,42.220,0,0
1522866120,42.200,42.190,42.190,42.200,0,0
1522866180,42.190,42.180,42.180,42.190,0,0
1522866240,42.200,42.180,42.180,42.200,0,0
1522866300,42.180,42.190,42.180,42.200,69778,5256532
1522866360,42.190,42.200,42.190,42.200,0,0
1522866420,42.190,42.200,42.190,42.200,0,0
1522866480,42.200,42.210,42.190,42.210,0,0
1522866540,42.200,42.200,42.200,42.200,0,0
1522866600,42.210,42.200,42.200,42.210,54112,5326310
1522866660,42.200,42.190,42.190,42.200,0,0
1522866720,42.200,42.210,42.200,42.210,0,0
1522866780,42.200,42.190,42.190,42.200,0,0
1522866840,42.180,42.170,42.170,42.190,0,0
1522866900,42.160,42.130,42.130,42.160,44994,5380422
1522866960,42.130,42.170,42.130,42.170,0,0
1522867020,42.170,42.170,42.170,42.170,0,0
1522867080,42.180,42.200,42.180,42.200,0,0
1522867140,42.190,42.160,42.160,42.190,0,0
1522867200,42.160,42.160,42.160,42.160,78444,5425416
1522867260,42.190,42.170,42.160,42.190,0,0
1522867320,42.170,42.210,42.170,42.210,0,0
1522867380,42.210,42.230,42.210,42.240,0,0
1522867440,42.240,42.270,42.240,42.280,0,0
1522867500,42.280,42.290,42.280,42.290,58576,5503860
1522867560,42.280,42.300,42.270,42.300,0,0
1522867620,42.300,42.280,42.270,42.300,0,0
1522867680,42.300,42.240,42.240,42.300,0,0
1522867740,42.240,42.230,42.220,42.240,0,0
1522867800,42.240,42.250,42.230,42.250,60428,5562436
1522867860,42.240,42.230,42.230,42.240,0,0
1522867920,42.240,42.230,42.230,42.240,0,0
1522867980,42.230,42.240,42.230,42.240,0,0
1522868040,42.230,42.200,42.200,42.230,0,0
1522868100,42.210,42.220,42.210,42.220,54530,5622864
1522868160,42.200,42.220,42.200,42.230,0,0
1522868220,42.220,42.210,42.210,42.220,0,0
1522868280,42.210,42.220,42.190,42.220,0,0
1522868340,42.220,42.230,42.220,42.230,0,0
1522868400,42.200,42.230,42.200,42.230,88622,5677394
1522868460,42.220,42.230,42.220,42.230,0,0
1522868520,42.220,42.200,42.200,42.220,0,0
1522868580,42.210,42.240,42.200,42.240,0,0
1522868640,42.230,42.240,42.230,42.260,0,0
1522868700,42.240,42.270,42.240,42.270,115558,5766016
1522868760,42.260,42.290,42.260,42.290,0,0
1522868820,42.280,42.270,42.270,42.290,0,0
1522868880,42.270,42.280,42.260,42.280,0,0
1522868940,42.270,42.300,42.270,42.300,0,0
1522869000,42.300,42.250,42.250,42.300,95731,5881574
1522869060,42.250,42.260,42.250,42.260,0,0
1522869120,42.260,42.270,42.260,42.270,0,0
1522869180,42.270,42.260,42.250,42.270,0,0
1522869240,42.240,42.230,42.230,42.240,0,0
1522869300,42.230,42.210,42.210,42.230,117778,5977305
1522869360,42.220,42.230,42.200,42.230,0,0
1522869420,42.230,42.230,42.230,42.230,0,0
1522869480,42.200,42.210,42.200,42.210,0,0
1522869540,42.220,42.190,42.190,42.220,0,0
1522869600,42.190,42.220,42.190,42.220,160636,6095083
1522869660,42.220,42.240,42.220,42.240,0,0
1522869720,42.240,42.260,42.240,42.260,0,0
1522869780,42.250,42.270,42.250,42.270,0,0
1522869840,42.270,42.260,42.250,42.270,0,0
1522869900,42.250,42.270,42.250,42.270,145338,6255719
1522869960,42.270,42.300,42.260,42.300,0,0
1522870020,42.300,42.290,42.280,42.300,0,0
1522870080,42.300,42.270,42.260,42.300,0,0
1522870140,42.270,42.260,42.260,42.270,0,0
1522870200,42.270,42.260,42.240,42.270,150273,6401057
1522870260,42.270,42.260,42.260,42.270,0,0
1522870320,42.260,42.240,42.240,42.260,0,0
1522870380,42.240,42.260,42.240,42.260,0,0
1522870440,42.250,42.230,42.220,42.250,0,0
1522870500,42.230,42.220,42.200,42.230,173268,6551330
1522870560,42.220,42.200,42.200,42.230,0,0
1522870620,42.200,42.220,42.200,42.220,0,0
1522870680,42.220,42.220,42.220,42.220,0,0
1522870740,42.220,42.220,42.220,42.220,0,0
1522870800,42.210,42.180,42.180,42.210,151249,6724598
1522870860,42.190,42.180,42.180,42.190,0,0
1522870920,42.180,42.200,42.180,42.200,0,0
1522870980,42.200,42.190,42.190,42.210,0,0
1522871040,42.180,42.140,42.140,42.180,0,0
1522871100,42.150,42.200,42.150,42.210,305253,6875847
1522871160,42.200,42.190,42.190,42.210,0,0
1522871220,42.190,42.200,42.180,42.200,0,0
1522871280,42.200,42.190,42.180,42.200,0,0
1522871340,42.200,42.220,42.190,42.220,0,0
1522871400,42.190,42.180,42.180,42.200,290723,7181100
1522871460,42.180,42.200,42.180,42.200,0,0
1522871520,42.200,42.180,42.180,42.200,0,0
1522871580,42.180,42.170,42.160,42.190,0,0
1522871640,42.170,42.180,42.170,42.180,0,0
1522871700,42.180,42.190,42.180,42.190,691127,7471823
1522871760,42.190,42.180,42.180,42.190,0,0
1522871820,42.180,42.200,42.180,42.200,0,0
1522871880,42.200,42.170,42.150,42.210,0,0
1522871940,42.140,42.080,42.080,42.150,0,0
1522935000,42.410,42.390,42.340,42.420,762885,0
1522935060,42.390,42.400,42.380,42.420,0,0
1522935120,42.400,42.350,42.350,42.410,0,0
1522935180,42.350,42.320,42.310,42.350,0,0
1522935240,42.350,42.310,42.310,42.360,0,0
1522935300,42.330,42.220,42.220,42.330,155009,762885
1522935360,42.210,42.300,42.210,42.300,0,0
1522935420,42.310,42.290,42.290,42.310,0,0
1522935480,42.300,42.290,42.290,42.320,0,0
1522935540,42.290,42.160,42.160,42.290,0,0
1522935600,42.170,42.090,42.090,42.170,83953,917894
1522935660,42.090,42.100,42.080,42.110,0,0
1522935720,42.110,42.140,42.100,42.140,0,0
1522935780,42.120,42.160,42.120,42.170,0,0
1522935840,42.170,42.190,42.150,42.190,0,0
1522935900,42.170,42.160,42.160,42.170,110632,1001847
1522935960,42.120,42.130,42.120,42.130,0,0
1522936020,42.120,42.160,42.120,42.160,0,0
1522936080,42.160,42.170,42.160,42.170,0,0
1522936140,42.170,42.200,42.170,42.200,0,0
1522936200,42.200,42.160,42.160,42.200,87885,1112479
1522936260,42.160,42.180,42.160,42.190,0,0
1522936320,42.190,42.220,42.190,42.220,0,0
1522936380,42.230,42.220,42.220,42.230,0,0
1522936440,42.230,42.240,42.230,42.240,0,0
1522936500,42.230,42.250,42.220,42.250,129248,1200364
1522936560,42.260,42.270,42.260,42.280,0,0
1522936620,42.270,42.240,42.240,42.270,0,0
1522936680,42.260,42.250,42.240,42.270,0,0
1522936740,42.260,42.320,42.260,42.320,0,0
1522936800,42.320,42.280,42.280,42.320,138071,1329612
1522936860,42.280,42.300,42.280,42.310,0,0
1522936920,42.280,42.230,42.230,42.280,0,0
1522936980,42.240,42.200,42.160,42.260,0,0
1522937040,42.200,42.190,42.190,42.220,0,0
1522937100,42.200,42.260,42.200,42.260,60095,1467683
1522937160,42.270,42.240,42.230,42.270,0,0
1522937220,42.230,42.220,42.220,42.240,0,0
1522937280,42.240,42.200,42.200,42.240,0,0
1522937340,42.200,42.190,42.190,42.220,0,0
1522937400,42.180,42.230,42.180,42.230,77957,1527778
1522937460,42.240,42.250,42.240,42.250,0,0
1522937520,42.240,42.190,42.190,42.240,0,0
1522937580,42.180,42.160,42.160,42.180,0,0
1522937640,42.170,42.180,42.170,42.180,0,0
1522937700,42.170,42.160,42.160,42.170,73048,1605735
1522937760,42.160,42.180,42.150,42.190,0,0
1522937820,42.190,42.210,42.190,42.210,0,0
1522937880,42.200,42.120,42.120,42.200,0,0
1522937940,42.130,42.140,42.130,42.140,0,0
1522938000,42.150,42.130,42.130,42.150,53481,1678783
1522938060,42.130,42.120,42.120,42.150,0,0
1522938120,42.120,42.170,42.120,42.180,0,0
1522938180,42.170,42.210,42.170,42.220,0,0
1522938240,42.200,42.190,42.190,42.200,0,0
1522938300,42.200,42.210,42.200,42.220,44168,1732264
1522938360,42.220,42.210,42.210,42.220,0,0
1522938420,42.200,42.200,42.200,42.200,0,0
1522938480,42.200,42.230,42.200,42.230,0,0
1522938540,42.240,42.240,42.240,42.240,0,0
1522938600,42.240,42.230,42.220,42.240,58550,1776432
1522938660,42.220,42.200,42.200,42.220,0,0
1522938720,42.190,42.210,42.190,42.210,0,0
1522938780,42.220,42.200,42.200,42.220,0,0
1522938840,42.200,42.210,42.200,42.210,0,0
1522938900,42.220,42.230,42.220,42.230,38857,1834982
1522938960,42.210,42.190,42.190,42.210,0,0
1522939020,42.190,42.160,42.150,42.190,0,0
1522939080,42.140,42.130,42.130,42.140,0,0
1522939140,42.140,42.150,42.130,42.150,0,0
1522939200,42.130,42.120,42.120,42.130,54961,1873839
1522939260,42.130,42.150,42.120,42.150,0,0
1522939320,42.150,42.160,42.150,42.160,0,0
1522939380,42.160,42.130,42.130,42.160,0,0
1522939440,42.130,42.110,42.110,42.130,0,0
1522939500,42.120,42.110,42.110,42.140,61664,1928800
1522939560,42.120,42.160,42.120,42.160,0,0
1522939620,42.160,42.130,42.130,42.160,0,0
1522939680,42.130,42.140,42.130,42.140,0,0
1522939740,42.120,42.090,42.090,42.120,0,0
1522939800,42.090,42.100,42.090,42.120,69036,1990464
1522939860,42.120,42.130,42.120,42.130,0,0
1522939920,42.120,42.100,42.100,42.120,0,0
1522939980,42.100,42.110,42.100,42.110,0,0
1522940040,42.120,42.160,42.120,42.160,0,0
1522940100,42.160,42.180,42.160,42.180,49624,2059500
1522940160,42.170,42.160,42.160,42.170,0,0
1522940220,42.160,42.150,42.150,42.160,0,0
1522940280,42.160,42.150,42.150,42.160,0,0
1522940340,42.140,42.100,42.100,42.140,0,0
1522940400,42.120,42.090,42.090,42.120,78782,2109124
1522940460,42.090,42.080,42.060,42.090,0,0
1522940520,42.090,42.070,42.070,42.090,0,0
1522940580,42.050,42.080,42.050,42.080,0,0
1522940640,42.090,42.080,42.070,42.090,0,0
1522940700,42.090,42.100,42.090,42.100,58618,2187906
1522940760,42.110,42.170,42.110,42.170,0,0
1522940820,42.170,42.190,42.170,42.190,0,0
1522940880,42.190,42.220,42.190,42.220,0,0
1522940940,42.230,42.240,42.230,42.250,0,0
1522941000,42.260,42.230,42.220,42.270,43501,2246524
1522941060,42.230,42.240,42.230,42.240,0,0
1522941120,42.240,42.280,42.240,42.290,0,0
1522941180,42.290,42.310,42.290,42.310,0,0
1522941240,42.280,42.280,42.280,42.280,0,0
1522941300,42.270,42.280,42.270,42.280,46504,2290025
1522941360,42.280,42.320,42.280,42.320,0,0
1522941420,42.330,42.300,42.290,42.330,0,0
1522941480,42.300,42.330,42.300,42.330,0,0
1522941540,42.310,42.320,42.300,42.320,0,0
1522941600,42.320,42.310,42.300,42.320,36104,2336529
1522941660,42.320,42.350,42.320,42.350,0,0
1522941720,42.350,42.340,42.340,42.360,0,0
1522941780,42.360,42.340,42.340,42.360,0,0
1522941840,42.340,42.330,42.330,42.340,0,0
1522941900,42.320,42.310,42.300,42.320,63032,2372633
1522941960,42.370,42.350,42.340,42.370,0,0
1522942020,42.340,42.330,42.330,42.340,0,0
1522942080,42.330,42.310,42.300,42.330,0,0
1522942140,42.340,42.330,42.330,42.340,0,0
1522942200,42.340,42.310,42.310,42.340,240824,2435665
1522942260,42.300,42.360,42.300,42.360,0,0
1522942320,42.350,42.360,42.350,42.360,0,0
1522942380,42.370,42.380,42.370,42.380,0,0
1522942440,42.380,42.360,42.360,42.390,0,0
1522942500,42.370,42.330,42.330,42.370,52491,2676489
1522942560,42.320,42.370,42.320,42.370,0,0
1522942620,42.380,42.340,42.340,42.380,0,0
1522942680,42.340,42.320,42.320,42.340,0,0
1522942740,42.330,42.300,42.300,42.330,0,0
1522942800,42.300,42.290,42.290,42.300,48836,2728980
1522942860,42.260,42.280,42.260,42.280,0,0
1522942920,42.280,42.270,42.270,42.280,0,0
1522942980,42.270,42.290,42.270,42.290,0,0
1522943040,42.270,42.260,42.240,42.270,0,0
1522943100,42.260,42.220,42.220,42.260,50580,2777816
1522943160,42.220,42.240,42.200,42.240,0,0
1522943220,42.230,42.210,42.210,42.230,0,0
1522943280,42.210,42.220,42.210,42.230,0,0
1522943340,42.210,42.200,42.190,42.210,0,0
1522943400,42.210,42.200,42.200,42.210,46065,2828396
1522943460,42.210,42.220,42.210,42.230,0,0
1522943520,42.220,42.240,42.210,42.240,0,0
1522943580,42.250,42.240,42.240,42.260,0,0
1522943640,42.240,42.220,42.220,42.240,0,0
1522943700,42.190,42.160,42.160,42.200,73281,2874461
1522943760,42.160,42.130,42.130,42.160,0,0
1522943820,42.120,42.080,42.070,42.120,0,0
1522943880,42.060,42.100,42.060,42.100,0,0
1522943940,42.110,42.120,42.100,42.140,0,0
1522944000,42.120,42.130,42.120,42.150,38855,2947742
1522944060,42.130,42.120,42.120,42.130,0,0
1522944120,42.120,42.150,42.120,42.160,0,0
1522944180,42.150,42.160,42.150,42.160,0,0
1522944240,42.150,42.130,42.130,42.150,0,0
1522944300,42.140,42.100,42.100,42.140,48335,2986597
1522944360,42.100,42.090,42.090,42.100,0,0
1522944420,42.090,42.100,42.090,42.110,0,0
1522944480,42.100,42.120,42.100,42.120,0,0
1522944540,42.120,42.130,42.120,42.140,0,0
1522944600,42.130,42.120,42.120,42.130,48752,3034932
1522944660,42.130,42.150,42.130,42.150,0,0
1522944720,42.150,42.140,42.140,42.150,0,0
1522944780,42.150,42.170,42.150,42.180,0,0
1522944840,42.170,42.170,42.170,42.170,0,0
1522944900,42.160,42.150,42.130,42.160,64655,3083684
1522944960,42.160,42.120,42.120,42.160,0,0
1522945020,42.130,42.120,42.120,42.140,0,0
1522945080,42.130,42.140,42.130,42.150,0,0
1522945140,42.120,42.140,42.120,42.140,0,0
1522945200,42.150,42.140,42.140,42.150,45662,3148339
1522945260,42.160,42.170,42.160,42.170,0,0
1522945320,42.160,42.150,42.140,42.160,0,0
1522945380,42.150,42.120,42.120,42.150,0,0
1522945440,42.120,42.140,42.120,42.140,0,0
1522945500,42.160,42.170,42.160,42.170,38698,3194001
1522945560,42.160,42.180,42.160,42.180,0,0
1522945620,42.170,42.180,42.170,42.190,0,0
1522945680,42.180,42.210,42.180,42.220,0,0
1522945740,42.200,42.190,42.180,42.200,0,0
1522945800,42.190,42.200,42.190,42.200,33221,3232699
1522945860,42.200,42.190,42.190,42.200,0,0
1522945920,42.200,42.210,42.200,42.210,0,0
1522945980,42.180,42.170,42.170,42.180,0,0
1522946040,42.190,42.200,42.190,42.200,0,0
1522946100,42.190,42.170,42.170,42.190,51334,3265920
1522946160,42.170,42.140,42.140,42.170,0,0
1522946220,42.150,42.170,42.150,42.170,0,0
1522946280,42.170,42.160,42.150,42.170,0,0
1522946340,42.180,42.200,42.180,42.200,0,0
1522946400,42.200,42.190,42.190,42.200,39910,3317254
1522946460,42.190,42.180,42.180,42.190,0,0
1522946520,42.180,42.180,42.180,42.180,0,0
1522946580,42.180,42.170,42.170,42.180,0,0
1522946640,42.160,42.170,42.160,42.170,0,0
1522946700,42.150,42.160,42.150,42.160,47255,3357164
1522946760,42.160,42.180,42.160,42.180,0,0
1522946820,42.190,42.220,42.190,42.220,0,0
1522946880,42.220,42.230,42.220,42.230,0,0
1522946940,42.220,42.230,42.220,42.230,0,0
1522947000,42.230,42.230,42.230,42.230,31496,3404419
1522947060,42.230,42.240,42.220,42.240,0,0
1522947120,42.230,42.230,42.230,42.230,0,0
1522947180,42.230,42.250,42.230,42.250,0,0
1522947240,42.240,42.260,42.230,42.260,0,0
1522947300,42.260,42.280,42.260,42.280,33010,3435915
1522947360,42.290,42.280,42.280,42.290,0,0
1522947420,42.280,42.250,42.250,42.280,0,0
1522947480,42.270,42.270,42.270,42.270,0,0
1522947540,42.270,42.260,42.260,42.270,0,0
1522947600,42.270,42.310,42.270,42.330,51184,3468925
1522947660,42.310,42.300,42.300,42.310,0,0
1522947720,42.320,42.310,42.300,42.320,0,0
1522947780,42.310,42.300,42.300,42.310,0,0
1522947840,42.300,42.310,42.300,42.310,0,0
1522947900,42.310,42.330,42.310,42.330,40888,3520109
1522947960,42.320,42.340,42.320,42.340,0,0
1522948020,42.340,42.300,42.300,42.340,0,0
1522948080,42.310,42.300,42.300,42.310,0,0
1522948140,42.300,42.310,42.300,42.310,0,0
1522948200,42.310,42.310,42.310,42.310,42688,3560997
1522948260,42.300,42.300,42.300,42.300,0,0
1522948320,42.300,42.270,42.270,42.300,0,0
1522948380,42.270,42.280,42.270,42.280,0,0
1522948440,42.290,42.280,42.280,42.300,0,0
1522948500,42.280,42.270,42.270,42.280,47252,3603685
1522948560,42.280,42.290,42.280,42.300,0,0
1522948620,42.280,42.270,42.270,42.290,0,0
1522948680,42.260,42.260,42.260,42.260,0,0
1522948740,42.260,42.270,42.260,42.270,0,0
1522948800,42.230,42.240,42.230,42.240,98196,3650937
1522948860,42.230,42.220,42.220,42.230,0,0
1522948920,42.220,42.210,42.170,42.220,0,0
1522948980,42.230,42.200,42.190,42.230,0,0
1522949040,42.200,42.210,42.200,42.210,0,0
1522949100,42.210,42.220,42.210,42.220,32265,3749133
1522949160,42.210,42.220,42.210,42.220,0,0
1522949220,42.220,42.200,42.200,42.230,0,0
1522949280,42.200,42.190,42.190,42.200,0,0
1522949340,42.190,42.180,42.170,42.190,0,0
1522949400,42.190,42.180,42.180,42.190,40978,3781398
1522949460,42.180,42.200,42.180,42.200,0,0
1522949520,42.170,42.190,42.160,42.190,0,0
1522949580,42.190,42.180,42.180,42.190,0,0
1522949640,42.200,42.200,42.200,42.200,0,0
1522949700,42.220,42.220,42.220,42.220,56787,3822376
1522949760,42.220,42.160,42.160,42.220,0,0
1522949820,42.170,42.200,42.170,42.200,0,0
1522949880,42.200,42.190,42.190,42.200,0,0
1522949940,42.200,42.220,42.200,42.230,0,0
1522950000,42.200,42.160,42.160,42.200,76808,3879163
1522950060,42.160,42.140,42.140,42.160,0,0
1522950120,42.140,42.150,42.140,42.150,0,0
1522950180,42.140,42.110,42.100,42.150,0,0
1522950240,42.110,42.120,42.110,42.130,0,0
1522950300,42.110,42.130,42.100,42.130,39122,3955971
1522950360,42.130,42.140,42.130,42.140,0,0
1522950420,42.130,42.120,42.120,42.130,0,0
1522950480,42.130,42.170,42.120,42.180,0,0
1522950540,42.170,42.160,42.160,42.170,0,0
1522950600,42.160,42.190,42.160,42.200,49834,3995093
1522950660,42.190,42.230,42.190,42.230,0,0
1522950720,42.230,42.230,42.230,42.230,0,0
1522950780,42.230,42.210,42.200,42.230,0,0
1522950840,42.220,42.230,42.220,42.230,0,0
1522950900,42.220,42.200,42.200,42.220,50732,4044927
1522950960,42.200,42.180,42.180,42.200,0,0
1522951020,42.190,42.200,42.180,42.220,0,0
1522951080,42.200,42.210,42.190,42.210,0,0
1522951140,42.220,42.190,42.190,42.220,0,0
1522951200,42.200,42.220,42.200,42.220,86395,4095659
1522951260,42.200,42.240,42.200,42.240,0,0
1522951320,42.260,42.270,42.230,42.270,0,0
1522951380,42.280,42.270,42.240,42.280,0,0
1522951440,42.270,42.260,42.250,42.270,0,0
1522951500,42.270,42.250,42.250,42.270,39294,4182054
1522951560,42.260,42.240,42.230,42.260,0,0
1522951620,42.230,42.210,42.210,42.230,0,0
1522951680,42.240,42.230,42.220,42.240,0,0
1522951740,42.230,42.240,42.230,42.240,0,0
1522951800,42.230,42.240,42.230,42.240,75464,4221348
1522951860,42.250,42.230,42.230,42.260,0,0
1522951920,42.250,42.230,42.230,42.260,0,0
1522951980,42.230,42.220,42.220,42.230,0,0
1522952040,42.200,42.220,42.200,42.220,0,0
1522952100,42.210,42.220,42.210,42.230,44124,4296812
1522952160,42.210,42.250,42.200,42.260,0,0
1522952220,42.240,42.260,42.240,42.260,0,0
1522952280,42.270,42.260,42.260,42.270,0,0
1522952340,42.260,42.270,42.240,42.270,0,0
1522952400,42.260,42.270,42.260,42.270,50498,4340936
1522952460,42.270,42.220,42.220,42.270,0,0
1522952520,42.220,42.230,42.220,42.240,0,0
1522952580,42.230,42.220,42.220,42.230,0,0
1522952640,42.220,42.210,42.210,42.230,0,0
1522952700,42.200,42.190,42.190,42.200,75363,4391434
1522952760,42.200,42.250,42.200,42.260,0,0
1522952820,42.240,42.260,42.240,42.270,0,0
1522952880,42.270,42.260,42.260,42.270,0,0
1522952940,42.250,42.260,42.240,42.270,0,0
1522953000,42.270,42.280,42.270,42.290,62847,4466797
1522953060,42.270,42.300,42.270,42.300,0,0
1522953120,42.300,42.310,42.300,42.320,0,0
1522953180,42.320,42.310,42.300,42.320,0,0
1522953240,42.310,42.320,42.310,42.320,0,0
1522953300,42.330,42.260,42.260,42.330,43430,4529644
1522953360,42.250,42.260,42.250,42.280,0,0
1522953420,42.260,42.250,42.230,42.260,0,0
1522953480,42.260,42.270,42.260,42.270,0,0
1522953540,42.240,42.240,42.240,42.240,0,0
1522953600,42.240,42.260,42.240,42.260,56659,4573074
1522953660,42.260,42.250,42.250,42.260,0,0
1522953720,42.250,42.220,42.220,42.260,0,0
1522953780,42.220,42.270,42.220,42.270,0,0
1522953840,42.270,42.300,42.270,42.300,0,0
1522953900,42.300,42.310,42.300,42.320,43616,4629733
1522953960,42.330,42.340,42.330,42.340,0,0
1522954020,42.340,42.350,42.330,42.350,0,0
1522954080,42.320,42.330,42.320,42.330,0,0
1522954140,42.330,42.310,42.310,42.330,0,0
1522954200,42.310,42.310,42.310,42.310,30964,4673349
1522954260,42.300,42.290,42.290,42.300,0,0
1522954320,42.290,42.280,42.280,42.300,0,0
1522954380,42.300,42.290,42.290,42.300,0,0
1522954440,42.290,42.310,42.290,42.310,0,0
1522954500,42.300,42.310,42.300,42.310,56128,4704313
1522954560,42.310,42.300,42.290,42.310,0,0
1522954620,42.320,42.300,42.300,42.340,0,0
1522954680,42.310,42.300,42.300,42.310,0,0
1522954740,42.280,42.270,42.270,42.280,0,0
1522954800,42.280,42.250,42.250,42.280,38130,4760441
1522954860,42.240,42.230,42.230,42.240,0,0
1522954920,42.240,42.240,42.240,42.240,0,0
1522954980,42.250,42.270,42.250,42.280,0,0
1522955040,42.270,42.260,42.260,42.270,0,0
1522955100,42.260,42.270,42.260,42.270,79950,4798571
1522955160,42.270,42.270,42.270,42.270,0,0
1522955220,42.270,42.270,42.270,42.270,0,0
1522955280,42.280,42.310,42.270,42.310,0,0
1522955340,42.310,42.330,42.310,42.330,0,0
1522955400,42.330,42.310,42.310,42.330,44447,4878521
1522955460,42.310,42.320,42.300,42.320,0,0
1522955520,42.330,42.340,42.330,42.340,0,0
1522955580,42.340,42.330,42.330,42.340,0,0
1522955640,42.340,42.330,42.330,42.340,0,0
1522955700,42.340,42.350,42.340,42.350,60270,4922968
1522955760,42.350,42.340,42.330,42.350,0,0
1522955820,42.340,42.340,42.340,42.340,0,0
1522955880,42.340,42.330,42.330,42.340,0,0
1522955940,42.340,42.330,42.330,42.340,0,0
1522956000,42.330,42.340,42.330,42.340,56428,4983238
1522956060,42.330,42.330,42.330,42.330,0,0
1522956120,42.330,42.310,42.310,42.330,0,0
1522956180,42.310,42.310,42.310,42.310,0,0
1522956240,42.310,42.310,42.310,42.310,0,0
1522956300,42.310,42.300,42.300,42.320,65236,5039666
1522956360,42.300,42.270,42.270,42.300,0,0
1522956420,42.270,42.300,42.260,42.300,0,0
1522956480,42.300,42.300,42.300,42.300,0,0
1522956540,42.310,42.290,42.290,42.310,0,0
1522956600,42.280,42.270,42.270,42.280,73251,5104902
1522956660,42.270,42.240,42.240,42.270,0,0
1522956720,42.240,42.260,42.240,42.260,0,0
1522956780,42.260,42.240,42.240,42.260,0,0
1522956840,42.230,42.230,42.230,42.230,0,0
1522956900,42.240,42.230,42.230,42.250,101993,5178153
1522956960,42.220,42.200,42.190,42.220,0,0
1522957020,42.210,42.230,42.210,42.230,0,0
1522957080,42.230,42.200,42.200,42.230,0,0
1522957140,42.200,42.220,42.200,42.230,0,0
1522957200,42.230,42.250,42.210,42.250,112776,5280146
1522957260,42.260,42.230,42.220,42.260,0,0
1522957320,42.230,42.280,42.230,42.280,0,0
1522957380,42.260,42.280,42.260,42.280,0,0
1522957440,42.270,42.290,42.270,42.300,0,0
1522957500,42.300,42.300,42.300,42.300,100829,5392922
1522957560,42.300,42.300,42.300,42.300,0,0
1522957620,42.300,42.290,42.290,42.300,0,0
1522957680,42.300,42.310,42.290,42.310,0,0
1522957740,42.310,42.330,42.300,42.330,0,0
1522957800,42.310,42.270,42.270,42.310,241484,5493751
1522957860,42.270,42.280,42.260,42.290,0,0
1522957920,42.280,42.340,42.280,42.340,0,0
1522957980,42.340,42.330,42.330,42.340,0,0
1522958040,42.340,42.280,42.280,42.340,0,0
1522958100,42.280,42.270,42.260,42.290,349182,5735235
1522958160,42.260,42.230,42.230,42.260,0,0
1522958220,42.230,42.260,42.230,42.260,0,0
1522958280,42.260,42.270,42.250,42.270,0,0
1522958340,42.240,42.200,42.200,42.240,0,0
