1506951000,39.190,39.180,39.180,39.190,109528,0
1506951060,39.190,39.200,39.190,39.200,109526,0
1506951120,39.200,39.240,39.200,39.240,109526,0
1506951180,39.240,39.230,39.230,39.270,109526,0
1506951240,39.240,39.250,39.230,39.250,109526,0
1506951300,39.250,39.180,39.180,39.250,62606,547632
1506951360,39.190,39.160,39.160,39.190,62602,547632
1506951420,39.160,39.240,39.160,39.240,62602,547632
1506951480,39.220,39.250,39.220,39.250,62602,547632
1506951540,39.240,39.260,39.240,39.260,62602,547632
1506951600,39.260,39.250,39.250,39.260,56526,860646
1506951660,39.230,39.230,39.220,39.240,56522,860646
1506951720,39.240,39.250,39.230,39.250,56522,860646
1506951780,39.280,39.260,39.250,39.280,56522,860646
1506951840,39.260,39.250,39.250,39.280,56522,860646
1506951900,39.250,39.220,39.220,39.260,65507,1143260
1506951960,39.220,39.200,39.200,39.220,65503,1143260
1506952020,39.200,39.230,39.200,39.230,65503,1143260
1506952080,39.220,39.230,39.210,39.230,65503,1143260
1506952140,39.230,39.280,39.230,39.290,65503,1143260
1506952200,39.280,39.270,39.270,39.280,49525,1470779
1506952260,39.270,39.270,39.250,39.270,49521,1470779
1506952320,39.270,39.250,39.250,39.270,49521,1470779
1506952380,39.240,39.260,39.240,39.260,49521,1470779
1506952440,39.260,39.230,39.230,39.260,49521,1470779
1506952500,39.230,39.250,39.230,39.250,50992,1718388
1506952560,39.250,39.270,39.240,39.270,50989,1718388
1506952620,39.260,39.280,39.260,39.280,50989,1718388
1506952680,39.280,39.270,39.260,39.280,50989,1718388
1506952740,39.270,39.260,39.260,39.270,50989,1718388
1506952800,39.270,39.250,39.250,39.270,31723,1973336
1506952860,39.270,39.260,39.260,39.270,31719,1973336
1506952920,39.250,39.250,39.250,39.260,31719,1973336
1506952980,39.250,39.220,39.220,39.260,31719,1973336
1506953040,39.220,39.220,39.210,39.230,31719,1973336
1506953100,39.210,39.190,39.190,39.210,51396,2131935
1506953160,39.180,39.170,39.170,39.180,51393,2131935
1506953220,39.200,39.200,39.200,39.210,51393,2131935
1506953280,39.200,39.190,39.190,39.210,51393,2131935
1506953340,39.190,39.200,39.170,39.200,51393,2131935
1506953400,39.200,39.210,39.200,39.210,45313,2388903
1506953460,39.210,39.200,39.190,39.210,45312,2388903
1506953520,39.180,39.190,39.180,39.200,45312,2388903
1506953580,39.190,39.170,39.170,39.190,45312,2388903
1506953640,39.160,39.180,39.160,39.180,45312,2388903
1506953700,39.180,39.190,39.180,39.200,83454,2615464
1506953760,39.170,39.180,39.170,39.200,83452,2615464
1506953820,39.190,39.190,39.190,39.190,83452,2615464
1506953880,39.200,39.200,39.200,39.210,83452,2615464
1506953940,39.200,39.190,39.190,39.200,83452,2615464
1506954000,39.200,39.200,39.190,39.200,43905,3032726
1506954060,39.200,39.190,39.190,39.200,43903,3032726
1506954120,39.200,39.200,39.190,39.200,43903,3032726
1506954180,39.200,39.200,39.200,39.200,43903,3032726
1506954240,39.190,39.190,39.180,39.190,43903,3032726
1506954300,39.190,39.200,39.190,39.200,78731,3252243
1506954360,39.190,39.200,39.190,39.200,78730,3252243
1506954420,39.200,39.220,39.200,39.220,78730,3252243
1506954480,39.220,39.210,39.210,39.220,78730,3252243
1506954540,39.200,39.170,39.160,39.200,78730,3252243
1506954600,39.170,39.190,39.170,39.190,27970,3645894
1506954660,39.190,39.180,39.180,39.190,27968,3645894
1506954720,39.190,39.190,39.180,39.190,27968,3645894
1506954780,39.190,39.190,39.180,39.200,27968,3645894
1506954840,39.190,39.180,39.180,39.190,27968,3645894
1506954900,39.180,39.180,39.180,39.200,40977,3785736
1506954960,39.190,39.200,39.180,39.200,40975,3785736
1506955020,39.190,39.190,39.190,39.200,40975,3785736
1506955080,39.200,39.200,39.190,39.200,40975,3785736
1506955140,39.200,39.200,39.200,39.210,40975,3785736
1506955200,39.200,39.200,39.200,39.210,35204,3990613
1506955260,39.220,39.230,39.220,39.240,35200,3990613
1506955320,39.220,39.220,39.220,39.230,35200,3990613
1506955380,39.230,39.220,39.220,39.230,35200,3990613
1506955440,39.220,39.220,39.210,39.220,35200,3990613
1506955500,39.220,39.200,39.200,39.220,24251,4166617
1506955560,39.200,39.200,39.200,39.200,24250,4166617
1506955620,39.200,39.210,39.200,39.210,24250,4166617
1506955680,39.200,39.210,39.200,39.210,24250,4166617
1506955740,39.210,39.200,39.200,39.210,24250,4166617
1506955800,39.200,39.220,39.200,39.220,22323,4287868
1506955860,39.220,39.220,39.200,39.220,22323,4287868
1506955920,39.220,39.220,39.220,39.220,22323,4287868
1506955980,39.210,39.220,39.210,39.220,22323,4287868
1506956040,39.220,39.220,39.210,39.220,22323,4287868
1506956100,39.210,39.210,39.210,39.220,39813,4399483
1506956160,39.210,39.210,39.210,39.220,39810,4399483
1506956220,39.210,39.200,39.200,39.210,39810,4399483
1506956280,39.200,39.200,39.190,39.200,39810,4399483
1506956340,39.190,39.200,39.190,39.200,39810,4399483
1506956400,39.220,39.220,39.210,39.220,26624,4598536
1506956460,39.230,39.220,39.220,39.230,26624,4598536
1506956520,39.230,39.210,39.210,39.230,26624,4598536
1506956580,39.210,39.220,39.210,39.220,26624,4598536
1506956640,39.210,39.200,39.200,39.210,26624,4598536
1506956700,39.200,39.210,39.200,39.210,24722,4731656
1506956760,39.200,39.200,39.200,39.210,24722,4731656
1506956820,39.200,39.210,39.200,39.210,24722,4731656
1506956880,39.200,39.200,39.190,39.210,24722,4731656
1506956940,39.200,39.200,39.190,39.210,24722,4731656
1506957000,39.210,39.220,39.210,39.220,46738,4855266
1506957060,39.220,39.200,39.200,39.220,46734,4855266
1506957120,39.200,39.200,39.190,39.200,46734,4855266
1506957180,39.200,39.190,39.190,39.200,46734,4855266
1506957240,39.190,39.190,39.180,39.190,46734,4855266
1506957300,39.190,39.190,39.180,39.190,37182,5088940
1506957360,39.170,39.160,39.160,39.170,37182,5088940
1506957420,39.170,39.150,39.150,39.170,37182,5088940
1506957480,39.160,39.150,39.140,39.160,37182,5088940
1506957540,39.160,39.160,39.150,39.160,37182,5088940
1506957600,39.170,39.170,39.160,39.170,18059,5274850
1506957660,39.170,39.150,39.150,39.170,18056,5274850
1506957720,39.160,39.140,39.140,39.160,18056,5274850
1506957780,39.150,39.160,39.150,39.160,18056,5274850
1506957840,39.160,39.160,39.150,39.160,18056,5274850
1506957900,39.160,39.150,39.150,39.160,20752,5365133
1506957960,39.160,39.150,39.150,39.160,20750,5365133
1506958020,39.160,39.150,39.150,39.160,20750,5365133
1506958080,39.150,39.140,39.140,39.160,20750,5365133
1506958140,39.140,39.140,39.140,39.150,20750,5365133
1506958200,39.140,39.160,39.140,39.160,59698,5468885
1506958260,39.160,39.200,39.160,39.200,59697,5468885
1506958320,39.210,39.190,39.190,39.210,59697,5468885
1506958380,39.190,39.190,39.180,39.190,59697,5468885
1506958440,39.190,39.180,39.180,39.190,59697,5468885
1506958500,39.190,39.200,39.180,39.200,18777,5767371
1506958560,39.190,39.190,39.190,39.200,18776,5767371
1506958620,39.200,39.200,39.190,39.200,18776,5767371
1506958680,39.200,39.190,39.190,39.200,18776,5767371
1506958740,39.190,39.190,39.190,39.200,18776,5767371
1506958800,39.190,39.190,39.180,39.190,27479,5861252
1506958860,39.190,39.200,39.190,39.210,27478,5861252
1506958920,39.210,39.230,39.200,39.230,27478,5861252
1506958980,39.220,39.200,39.200,39.230,27478,5861252
1506959040,39.200,39.220,39.200,39.220,27478,5861252
1506959100,39.220,39.210,39.210,39.230,28132,5998643
1506959160,39.210,39.210,39.210,39.220,28132,5998643
1506959220,39.220,39.230,39.220,39.230,28132,5998643
1506959280,39.220,39.230,39.220,39.230,28132,5998643
1506959340,39.230,39.220,39.220,39.230,28132,5998643
1506959400,39.220,39.210,39.210,39.220,22523,6139303
1506959460,39.210,39.220,39.210,39.220,22520,6139303
1506959520,39.220,39.210,39.210,39.220,22520,6139303
1506959580,39.220,39.220,39.210,39.220,22520,6139303
1506959640,39.210,39.220,39.210,39.220,22520,6139303
1506959700,39.220,39.210,39.210,39.220,34131,6251906
1506959760,39.200,39.210,39.200,39.220,34127,6251906
1506959820,39.220,39.220,39.210,39.220,34127,6251906
1506959880,39.220,39.230,39.220,39.240,34127,6251906
1506959940,39.240,39.230,39.230,39.240,34127,6251906
1506960000,39.240,39.240,39.220,39.240,33165,6422545
1506960060,39.240,39.230,39.230,39.240,33163,6422545
1506960120,39.240,39.240,39.230,39.240,33163,6422545
1506960180,39.230,39.240,39.230,39.240,33163,6422545
1506960240,39.240,39.240,39.230,39.240,33163,6422545
1506960300,39.240,39.230,39.220,39.240,46762,6588362
1506960360,39.230,39.230,39.230,39.240,46762,6588362
1506960420,39.240,39.230,39.230,39.240,46762,6588362
1506960480,39.230,39.240,39.230,39.240,46762,6588362
1506960540,39.240,39.260,39.240,39.270,46762,6588362
1506960600,39.270,39.260,39.260,39.270,26244,6822172
1506960660,39.260,39.260,39.250,39.260,26241,6822172
1506960720,39.270,39.250,39.250,39.270,26241,6822172
1506960780,39.260,39.250,39.250,39.260,26241,6822172
1506960840,39.260,39.260,39.250,39.260,26241,6822172
1506960900,39.260,39.260,39.250,39.260,16859,6953380
1506960960,39.260,39.270,39.260,39.270,16855,6953380
1506961020,39.270,39.280,39.270,39.290,16855,6953380
1506961080,39.280,39.280,39.280,39.290,16855,6953380
1506961140,39.290,39.290,39.280,39.290,16855,6953380
1506961200,39.290,39.270,39.270,39.290,39835,7037659
1506961260,39.270,39.290,39.270,39.300,39834,7037659
1506961320,39.290,39.290,39.280,39.290,39834,7037659
1506961380,39.280,39.300,39.280,39.300,39834,7037659
1506961440,39.300,39.300,39.300,39.300,39834,7037659
1506961500,39.300,39.300,39.290,39.300,41063,7236830
1506961560,39.300,39.280,39.280,39.300,41063,7236830
1506961620,39.290,39.280,39.280,39.290,41063,7236830
1506961680,39.290,39.290,39.280,39.290,41063,7236830
1506961740,39.280,39.270,39.270,39.280,41063,7236830
1506961800,39.270,39.270,39.270,39.280,13183,7442145
1506961860,39.280,39.280,39.270,39.280,13179,7442145
1506961920,39.280,39.270,39.270,39.280,13179,7442145
1506961980,39.270,39.270,39.270,39.280,13179,7442145
1506962040,39.260,39.270,39.260,39.270,13179,7442145
1506962100,39.270,39.270,39.260,39.270,17722,7508044
1506962160,39.270,39.270,39.260,39.270,17718,7508044
1506962220,39.270,39.270,39.260,39.270,17718,7508044
1506962280,39.270,39.270,39.270,39.270,17718,7508044
1506962340,39.270,39.270,39.260,39.270,17718,7508044
1506962400,39.270,39.260,39.260,39.270,26199,7596638
1506962460,39.270,39.270,39.260,39.270,26198,7596638
1506962520,39.260,39.260,39.260,39.270,26198,7596638
1506962580,39.260,39.270,39.260,39.270,26198,7596638
1506962640,39.270,39.260,39.260,39.270,26198,7596638
1506962700,39.260,39.250,39.250,39.260,18977,7727629
1506962760,39.240,39.250,39.240,39.250,18975,7727629
1506962820,39.260,39.250,39.250,39.260,18975,7727629
1506962880,39.250,39.250,39.240,39.260,18975,7727629
1506962940,39.240,39.240,39.240,39.250,18975,7727629
1506963000,39.240,39.230,39.220,39.250,22417,7822506
1506963060,39.230,39.240,39.230,39.240,22417,7822506
1506963120,39.240,39.240,39.240,39.250,22417,7822506
1506963180,39.250,39.250,39.240,39.250,22417,7822506
1506963240,39.240,39.260,39.240,39.260,22417,7822506
1506963300,39.260,39.240,39.240,39.260,21222,7934591
1506963360,39.240,39.240,39.240,39.240,21219,7934591
1506963420,39.240,39.250,39.240,39.260,21219,7934591
1506963480,39.250,39.260,39.250,39.260,21219,7934591
1506963540,39.260,39.260,39.250,39.260,21219,7934591
1506963600,39.260,39.230,39.230,39.260,17267,8040689
1506963660,39.240,39.240,39.230,39.240,17267,8040689
1506963720,39.230,39.230,39.220,39.230,17267,8040689
1506963780,39.210,39.230,39.210,39.230,17267,8040689
1506963840,39.230,39.220,39.220,39.230,17267,8040689
1506963900,39.230,39.230,39.220,39.230,12693,8127024
1506963960,39.230,39.220,39.220,39.230,12690,8127024
1506964020,39.220,39.230,39.220,39.230,12690,8127024
1506964080,39.230,39.230,39.220,39.230,12690,8127024
1506964140,39.230,39.250,39.220,39.250,12690,8127024
1506964200,39.250,39.240,39.240,39.250,14389,8190477
1506964260,39.240,39.260,39.240,39.260,14386,8190477
1506964320,39.260,39.260,39.250,39.260,14386,8190477
1506964380,39.260,39.260,39.260,39.260,14386,8190477
1506964440,39.260,39.260,39.260,39.260,14386,8190477
1506964500,39.260,39.260,39.260,39.260,9844,8262410
1506964560,39.250,39.260,39.250,39.260,9840,8262410
1506964620,39.260,39.260,39.250,39.260,9840,8262410
1506964680,39.260,39.260,39.260,39.260,9840,8262410
1506964740,39.260,39.270,39.250,39.270,9840,8262410
1506964800,39.260,39.250,39.250,39.270,26864,8311614
1506964860,39.250,39.260,39.250,39.260,26863,8311614
1506964920,39.260,39.240,39.240,39.260,26863,8311614
1506964980,39.240,39.240,39.240,39.240,26863,8311614
1506965040,39.250,39.230,39.230,39.250,26863,8311614
1506965100,39.230,39.230,39.230,39.240,19706,8445930
1506965160,39.240,39.240,39.230,39.240,19702,8445930
1506965220,39.240,39.260,39.240,39.270,19702,8445930
1506965280,39.260,39.270,39.260,39.270,19702,8445930
1506965340,39.270,39.270,39.260,39.270,19702,8445930
1506965400,39.280,39.260,39.260,39.280,22264,8544444
1506965460,39.270,39.260,39.260,39.270,22260,8544444
1506965520,39.270,39.250,39.250,39.270,22260,8544444
1506965580,39.260,39.250,39.230,39.260,22260,8544444
1506965640,39.250,39.240,39.240,39.250,22260,8544444
1506965700,39.240,39.240,39.240,39.250,6600,8655748
1506965760,39.240,39.240,39.240,39.240,6597,8655748
1506965820,39.250,39.240,39.240,39.250,6597,8655748
1506965880,39.240,39.250,39.240,39.250,6597,8655748
1506965940,39.240,39.240,39.240,39.250,6597,8655748
1506966000,39.240,39.250,39.240,39.250,28316,8688736
1506966060,39.240,39.260,39.240,39.260,28313,8688736
1506966120,39.260,39.260,39.260,39.270,28313,8688736
1506966180,39.260,39.260,39.260,39.270,28313,8688736
1506966240,39.270,39.270,39.260,39.270,28313,8688736
1506966300,39.260,39.260,39.260,39.270,13778,8830304
1506966360,39.270,39.260,39.260,39.270,13774,8830304
1506966420,39.270,39.270,39.260,39.270,13774,8830304
1506966480,39.270,39.280,39.270,39.280,13774,8830304
1506966540,39.270,39.270,39.270,39.280,13774,8830304
1506966600,39.270,39.280,39.270,39.280,18903,8899178
1506966660,39.270,39.280,39.270,39.290,18903,8899178
1506966720,39.280,39.280,39.280,39.290,18903,8899178
1506966780,39.290,39.290,39.280,39.290,18903,8899178
1506966840,39.290,39.270,39.270,39.290,18903,8899178
1506966900,39.270,39.260,39.260,39.280,22102,8993693
1506966960,39.270,39.260,39.260,39.270,22099,8993693
1506967020,39.270,39.270,39.260,39.270,22099,8993693
1506967080,39.250,39.260,39.250,39.260,22099,8993693
1506967140,39.250,39.260,39.250,39.260,22099,8993693
1506967200,39.260,39.250,39.250,39.260,45532,9104191
1506967260,39.250,39.240,39.240,39.250,45532,9104191
1506967320,39.240,39.240,39.240,39.250,45532,9104191
1506967380,39.240,39.200,39.200,39.240,45532,9104191
1506967440,39.210,39.220,39.200,39.220,45532,9104191
1506967500,39.230,39.230,39.220,39.230,11987,9331851
1506967560,39.230,39.240,39.230,39.250,11984,9331851
1506967620,39.250,39.250,39.240,39.250,11984,9331851
1506967680,39.250,39.250,39.240,39.250,11984,9331851
1506967740,39.250,39.230,39.230,39.250,11984,9331851
1506967800,39.230,39.230,39.230,39.240,7924,9391774
1506967860,39.220,39.230,39.220,39.230,7923,9391774
1506967920,39.230,39.230,39.220,39.230,7923,9391774
1506967980,39.230,39.230,39.220,39.230,7923,9391774
1506968040,39.220,39.220,39.220,39.230,7923,9391774
1506968100,39.230,39.230,39.220,39.230,9257,9431390
1506968160,39.230,39.230,39.220,39.230,9254,9431390
1506968220,39.220,39.230,39.220,39.230,9254,9431390
1506968280,39.230,39.230,39.220,39.230,9254,9431390
1506968340,39.230,39.230,39.220,39.230,9254,9431390
1506968400,39.230,39.210,39.210,39.230,27080,9477663
1506968460,39.220,39.210,39.200,39.220,27078,9477663
1506968520,39.200,39.210,39.200,39.210,27078,9477663
1506968580,39.200,39.200,39.200,39.210,27078,9477663
1506968640,39.200,39.210,39.200,39.210,27078,9477663
1506968700,39.200,39.200,39.200,39.200,17375,9613055
1506968760,39.200,39.200,39.200,39.200,17375,9613055
1506968820,39.210,39.220,39.210,39.220,17375,9613055
1506968880,39.210,39.210,39.210,39.220,17375,9613055
1506968940,39.220,39.210,39.210,39.220,17375,9613055
1506969000,39.230,39.220,39.220,39.230,32508,9699930
1506969060,39.210,39.200,39.200,39.210,32504,9699930
1506969120,39.200,39.200,39.200,39.200,32504,9699930
1506969180,39.200,39.200,39.190,39.200,32504,9699930
1506969240,39.190,39.200,39.190,39.210,32504,9699930
1506969300,39.200,39.190,39.190,39.200,18642,9862454
1506969360,39.200,39.200,39.190,39.200,18642,9862454
1506969420,39.190,39.200,39.190,39.200,18642,9862454
1506969480,39.200,39.190,39.190,39.200,18642,9862454
1506969540,39.200,39.200,39.190,39.200,18642,9862454
1506969600,39.200,39.190,39.190,39.200,22626,9955664
1506969660,39.200,39.200,39.190,39.200,22626,9955664
1506969720,39.200,39.200,39.200,39.200,22626,9955664
1506969780,39.190,39.200,39.190,39.210,22626,9955664
1506969840,39.200,39.200,39.190,39.200,22626,9955664
1506969900,39.190,39.180,39.180,39.190,19589,10068794
1506969960,39.190,39.180,39.180,39.190,19588,10068794
1506970020,39.190,39.190,39.180,39.190,19588,10068794
1506970080,39.190,39.180,39.180,39.190,19588,10068794
1506970140,39.180,39.190,39.180,39.190,19588,10068794
1506970200,39.190,39.190,39.180,39.190,24251,10166735
1506970260,39.190,39.190,39.180,39.200,24247,10166735
1506970320,39.190,39.190,39.180,39.190,24247,10166735
1506970380,39.180,39.180,39.180,39.190,24247,10166735
1506970440,39.180,39.180,39.180,39.190,24247,10166735
1506970500,39.190,39.190,39.180,39.200,28331,10287974
1506970560,39.180,39.180,39.180,39.190,28331,10287974
1506970620,39.180,39.190,39.170,39.190,28331,10287974
1506970680,39.190,39.200,39.190,39.200,28331,10287974
1506970740,39.190,39.190,39.190,39.200,28331,10287974
1506970800,39.200,39.190,39.180,39.200,18149,10429629
1506970860,39.180,39.180,39.180,39.190,18146,10429629
1506970920,39.190,39.180,39.180,39.190,18146,10429629
1506970980,39.190,39.190,39.190,39.190,18146,10429629
1506971040,39.190,39.180,39.180,39.190,18146,10429629
1506971100,39.180,39.190,39.180,39.190,36139,10520362
1506971160,39.190,39.190,39.180,39.190,36138,10520362
1506971220,39.180,39.180,39.180,39.190,36138,10520362
1506971280,39.190,39.180,39.180,39.190,36138,10520362
1506971340,39.190,39.190,39.180,39.190,36138,10520362
1506971400,39.190,39.190,39.180,39.190,35952,10701053
1506971460,39.190,39.170,39.170,39.190,35951,10701053
1506971520,39.170,39.180,39.170,39.180,35951,10701053
1506971580,39.170,39.180,39.170,39.180,35951,10701053
1506971640,39.180,39.170,39.170,39.180,35951,10701053
1506971700,39.160,39.170,39.160,39.180,53414,10880809
1506971760,39.170,39.180,39.160,39.180,53412,10880809
1506971820,39.170,39.180,39.170,39.190,53412,10880809
1506971880,39.180,39.170,39.170,39.190,53412,10880809
1506971940,39.170,39.170,39.170,39.180,53412,10880809
1506972000,39.170,39.180,39.170,39.180,14623,11147871
1506972060,39.180,39.180,39.170,39.180,14622,11147871
1506972120,39.180,39.180,39.170,39.180,14622,11147871
1506972180,39.170,39.180,39.170,39.180,14622,11147871
1506972240,39.180,39.170,39.170,39.180,14622,11147871
1506972300,39.170,39.160,39.160,39.180,34780,11220982
1506972360,39.160,39.170,39.150,39.170,34779,11220982
1506972420,39.160,39.170,39.160,39.170,34779,11220982
1506972480,39.170,39.170,39.160,39.170,34779,11220982
1506972540,39.170,39.170,39.160,39.170,34779,11220982
1506972600,39.160,39.160,39.160,39.170,17412,11394878
1506972660,39.160,39.150,39.150,39.160,17411,11394878
1506972720,39.160,39.150,39.150,39.160,17411,11394878
1506972780,39.150,39.160,39.150,39.160,17411,11394878
1506972840,39.150,39.160,39.150,39.160,17411,11394878
1506972900,39.160,39.150,39.150,39.160,47321,11481934
1506972960,39.160,39.150,39.140,39.160,47319,11481934
1506973020,39.150,39.140,39.140,39.150,47319,11481934
1506973080,39.150,39.150,39.140,39.150,47319,11481934
1506973140,39.140,39.150,39.140,39.150,47319,11481934
1506973200,39.150,39.150,39.140,39.150,48506,11718531
1506973260,39.150,39.150,39.140,39.150,48504,11718531
1506973320,39.140,39.130,39.130,39.140,48504,11718531
1506973380,39.130,39.140,39.130,39.140,48504,11718531
1506973440,39.130,39.130,39.130,39.140,48504,11718531
1506973500,39.140,39.130,39.130,39.140,100419,11961053
1506973560,39.140,39.150,39.130,39.150,100415,11961053
1506973620,39.150,39.150,39.150,39.160,100415,11961053
1506973680,39.160,39.150,39.140,39.160,100415,11961053
1506973740,39.140,39.150,39.140,39.150,100415,11961053
1506973800,39.150,39.150,39.140,39.150,129047,12463132
1506973860,39.150,39.160,39.140,39.160,129043,12463132
1506973920,39.160,39.100,39.100,39.160,129043,12463132
1506973980,39.100,39.100,39.100,39.120,129043,12463132
1506974040,39.110,39.100,39.100,39.110,129043,12463132
1506974100,39.100,39.080,39.080,39.100,477737,13108351
1506974160,39.080,39.100,39.080,39.100,477736,13108351
1506974220,39.090,39.090,39.090,39.100,477736,13108351
1506974280,39.090,39.090,39.090,39.100,477736,13108351
1506974340,39.090,39.110,39.080,39.110,477736,13108351
1507037400,39.160,39.190,39.120,39.200,110110,0
1507037460,39.200,39.150,39.140,39.200,110107,0
1507037520,39.140,39.160,39.130,39.160,110107,0
1507037580,39.150,39.140,39.130,39.150,110107,0
1507037640,39.160,39.120,39.110,39.160,110107,0
1507037700,39.140,39.090,39.090,39.140,81353,550538
1507037760,39.110,39.160,39.110,39.190,81353,550538
1507037820,39.160,39.140,39.130,39.160,81353,550538
1507037880,39.160,39.150,39.110,39.160,81353,550538
1507037940,39.150,39.160,39.140,39.160,81353,550538
1507038000,39.160,39.120,39.120,39.160,56580,957303
1507038060,39.130,39.120,39.100,39.130,56579,957303
1507038120,39.110,39.130,39.090,39.130,56579,957303
1507038180,39.110,39.150,39.100,39.150,56579,957303
1507038240,39.130,39.160,39.100,39.160,56579,957303
1507038300,39.160,39.170,39.150,39.170,55658,1240199
1507038360,39.170,39.190,39.160,39.190,55657,1240199
1507038420,39.180,39.210,39.180,39.230,55657,1240199
1507038480,39.200,39.200,39.200,39.210,55657,1240199
1507038540,39.200,39.200,39.200,39.210,55657,1240199
1507038600,39.210,39.230,39.190,39.230,32858,1518485
1507038660,39.210,39.220,39.210,39.220,32857,1518485
1507038720,39.220,39.240,39.220,39.240,32857,1518485
1507038780,39.250,39.250,39.230,39.250,32857,1518485
1507038840,39.240,39.270,39.240,39.270,32857,1518485
1507038900,39.260,39.250,39.250,39.270,26745,1682771
1507038960,39.260,39.260,39.250,39.260,26742,1682771
1507039020,39.260,39.260,39.250,39.260,26742,1682771
1507039080,39.250,39.260,39.250,39.270,26742,1682771
1507039140,39.270,39.270,39.250,39.270,26742,1682771
1507039200,39.270,39.250,39.240,39.270,33621,1816484
1507039260,39.260,39.250,39.220,39.260,33619,1816484
1507039320,39.250,39.250,39.240,39.250,33619,1816484
1507039380,39.240,39.250,39.240,39.260,33619,1816484
1507039440,39.240,39.250,39.240,39.250,33619,1816484
1507039500,39.260,39.250,39.240,39.270,32602,1984581
1507039560,39.260,39.260,39.250,39.270,32601,1984581
1507039620,39.250,39.260,39.250,39.270,32601,1984581
1507039680,39.270,39.250,39.240,39.270,32601,1984581
1507039740,39.260,39.240,39.240,39.260,32601,1984581
1507039800,39.240,39.240,39.230,39.240,60352,2147587
1507039860,39.230,39.290,39.230,39.290,60349,2147587
1507039920,39.300,39.300,39.290,39.300,60349,2147587
1507039980,39.300,39.300,39.300,39.300,60349,2147587
1507040040,39.300,39.300,39.300,39.310,60349,2147587
1507040100,39.300,39.410,39.300,39.410,135304,2449335
1507040160,39.410,39.410,39.400,39.410,135304,2449335
1507040220,39.410,39.410,39.410,39.420,135304,2449335
1507040280,39.430,39.420,39.400,39.430,135304,2449335
1507040340,39.410,39.440,39.410,39.440,135304,2449335
1507040400,39.440,39.450,39.440,39.460,46632,3125855
1507040460,39.450,39.440,39.430,39.450,46631,3125855
1507040520,39.450,39.430,39.430,39.450,46631,3125855
1507040580,39.430,39.410,39.410,39.430,46631,3125855
1507040640,39.410,39.410,39.400,39.410,46631,3125855
1507040700,39.390,39.400,39.370,39.400,40118,3359011
1507040760,39.390,39.400,39.380,39.400,40117,3359011
1507040820,39.390,39.400,39.390,39.410,40117,3359011
1507040880,39.390,39.410,39.390,39.410,40117,3359011
1507040940,39.390,39.400,39.390,39.400,40117,3359011
1507041000,39.390,39.400,39.380,39.400,20849,3559597
1507041060,39.390,39.380,39.380,39.400,20849,3559597
1507041120,39.390,39.380,39.370,39.390,20849,3559597
1507041180,39.380,39.330,39.330,39.380,20849,3559597
1507041240,39.340,39.340,39.330,39.360,20849,3559597
1507041300,39.330,39.320,39.320,39.340,25728,3663842
1507041360,39.330,39.340,39.330,39.360,25724,3663842
1507041420,39.350,39.370,39.340,39.370,25724,3663842
1507041480,39.380,39.350,39.350,39.380,25724,3663842
1507041540,39.350,39.350,39.340,39.350,25724,3663842
1507041600,39.340,39.340,39.340,39.350,25114,3792466
1507041660,39.350,39.340,39.340,39.360,25114,3792466
1507041720,39.350,39.340,39.340,39.360,25114,3792466
1507041780,39.340,39.350,39.330,39.360,25114,3792466
1507041840,39.350,39.380,39.340,39.380,25114,3792466
1507041900,39.370,39.360,39.350,39.370,15615,3918036
1507041960,39.370,39.360,39.360,39.370,15615,3918036
1507042020,39.360,39.350,39.350,39.370,15615,3918036
1507042080,39.350,39.340,39.340,39.350,15615,3918036
1507042140,39.340,39.340,39.330,39.340,15615,3918036
1507042200,39.340,39.340,39.330,39.340,16849,3996111
1507042260,39.350,39.370,39.340,39.370,16846,3996111
1507042320,39.370,39.360,39.360,39.370,16846,3996111
1507042380,39.370,39.350,39.350,39.370,16846,3996111
1507042440,39.350,39.370,39.350,39.370,16846,3996111
1507042500,39.370,39.380,39.370,39.390,37119,4080344
1507042560,39.380,39.390,39.380,39.390,37119,4080344
1507042620,39.380,39.370,39.370,39.380,37119,4080344
1507042680,39.380,39.380,39.370,39.390,37119,4080344
1507042740,39.390,39.350,39.350,39.390,37119,4080344
1507042800,39.350,39.340,39.340,39.350,24500,4265939
1507042860,39.350,39.340,39.340,39.350,24499,4265939
1507042920,39.340,39.320,39.320,39.350,24499,4265939
1507042980,39.330,39.320,39.320,39.330,24499,4265939
1507043040,39.320,39.300,39.300,39.330,24499,4265939
1507043100,39.300,39.300,39.300,39.310,84046,4388435
1507043160,39.310,39.320,39.300,39.330,84044,4388435
1507043220,39.320,39.320,39.310,39.330,84044,4388435
1507043280,39.310,39.290,39.280,39.310,84044,4388435
1507043340,39.290,39.290,39.280,39.300,84044,4388435
1507043400,39.300,39.280,39.280,39.300,22205,4808657
1507043460,39.280,39.290,39.280,39.300,22201,4808657
1507043520,39.290,39.290,39.290,39.300,22201,4808657
1507043580,39.300,39.290,39.290,39.300,22201,4808657
1507043640,39.300,39.300,39.300,39.320,22201,4808657
1507043700,39.310,39.310,39.310,39.320,25472,4919666
1507043760,39.320,39.320,39.310,39.320,25470,4919666
1507043820,39.310,39.300,39.290,39.320,25470,4919666
1507043880,39.300,39.290,39.290,39.300,25470,4919666
1507043940,39.290,39.290,39.290,39.300,25470,4919666
1507044000,39.300,39.320,39.290,39.330,23600,5047018
1507044060,39.330,39.320,39.310,39.330,23596,5047018
1507044120,39.330,39.320,39.320,39.330,23596,5047018
1507044180,39.320,39.330,39.320,39.330,23596,5047018
1507044240,39.330,39.300,39.300,39.330,23596,5047018
1507044300,39.310,39.300,39.290,39.320,24903,5165002
1507044360,39.290,39.290,39.290,39.310,24899,5165002
1507044420,39.300,39.280,39.280,39.300,24899,5165002
1507044480,39.290,39.290,39.290,39.300,24899,5165002
1507044540,39.290,39.290,39.290,39.310,24899,5165002
1507044600,39.300,39.300,39.290,39.300,9749,5289501
1507044660,39.290,39.310,39.290,39.310,9747,5289501
1507044720,39.300,39.310,39.300,39.310,9747,5289501
1507044780,39.300,39.310,39.300,39.310,9747,5289501
1507044840,39.310,39.310,39.300,39.310,9747,5289501
1507044900,39.300,39.300,39.300,39.310,24519,5338238
1507044960,39.300,39.320,39.300,39.320,24516,5338238
1507045020,39.330,39.330,39.330,39.340,24516,5338238
1507045080,39.330,39.310,39.310,39.340,24516,5338238
1507045140,39.310,39.350,39.310,39.350,24516,5338238
1507045200,39.340,39.350,39.330,39.350,16944,5460821
1507045260,39.340,39.340,39.340,39.350,16944,5460821
1507045320,39.350,39.340,39.340,39.350,16944,5460821
1507045380,39.340,39.350,39.340,39.350,16944,5460821
1507045440,39.340,39.340,39.330,39.350,16944,5460821
1507045500,39.340,39.330,39.330,39.340,22718,5545541
1507045560,39.340,39.330,39.330,39.340,22718,5545541
1507045620,39.340,39.330,39.330,39.340,22718,5545541
1507045680,39.330,39.340,39.330,39.350,22718,5545541
1507045740,39.350,39.350,39.340,39.360,22718,5545541
1507045800,39.350,39.350,39.340,39.360,19890,5659131
1507045860,39.360,39.350,39.350,39.360,19886,5659131
1507045920,39.360,39.370,39.350,39.370,19886,5659131
1507045980,39.360,39.370,39.360,39.370,19886,5659131
1507046040,39.370,39.350,39.350,39.370,19886,5659131
1507046100,39.350,39.360,39.350,39.360,12045,5758565
1507046160,39.360,39.350,39.350,39.360,12043,5758565
1507046220,39.360,39.320,39.320,39.360,12043,5758565
1507046280,39.310,39.340,39.310,39.340,12043,5758565
1507046340,39.340,39.340,39.330,39.340,12043,5758565
1507046400,39.340,39.330,39.330,39.340,9609,5818782
1507046460,39.340,39.330,39.330,39.340,9608,5818782
1507046520,39.330,39.330,39.330,39.340,9608,5818782
1507046580,39.340,39.330,39.320,39.340,9608,5818782
1507046640,39.320,39.310,39.310,39.330,9608,5818782
1507046700,39.310,39.320,39.310,39.320,54109,5866823
1507046760,39.310,39.340,39.290,39.340,54109,5866823
1507046820,39.320,39.340,39.320,39.340,54109,5866823
1507046880,39.340,39.330,39.330,39.340,54109,5866823
1507046940,39.330,39.330,39.330,39.340,54109,5866823
1507047000,39.330,39.340,39.330,39.340,17972,6137368
1507047060,39.340,39.340,39.340,39.340,17968,6137368
1507047120,39.330,39.330,39.330,39.340,17968,6137368
1507047180,39.340,39.340,39.330,39.340,17968,6137368
1507047240,39.340,39.330,39.330,39.340,17968,6137368
1507047300,39.340,39.340,39.330,39.340,21332,6227212
1507047360,39.340,39.340,39.330,39.340,21331,6227212
1507047420,39.330,39.350,39.330,39.350,21331,6227212
1507047480,39.350,39.360,39.350,39.360,21331,6227212
1507047540,39.350,39.370,39.350,39.370,21331,6227212
1507047600,39.360,39.370,39.360,39.380,31548,6333868
1507047660,39.370,39.380,39.370,39.380,31546,6333868
1507047720,39.370,39.380,39.370,39.390,31546,6333868
1507047780,39.380,39.380,39.380,39.390,31546,6333868
1507047840,39.400,39.390,39.390,39.400,31546,6333868
1507047900,39.390,39.380,39.370,39.400,15063,6491600
1507047960,39.380,39.380,39.370,39.380,15061,6491600
1507048020,39.380,39.390,39.380,39.390,15061,6491600
1507048080,39.380,39.370,39.370,39.390,15061,6491600
1507048140,39.370,39.380,39.370,39.380,15061,6491600
1507048200,39.380,39.380,39.370,39.380,13666,6566907
1507048260,39.380,39.380,39.380,39.390,13666,6566907
1507048320,39.380,39.380,39.380,39.390,13666,6566907
1507048380,39.380,39.390,39.380,39.390,13666,6566907
1507048440,39.380,39.380,39.370,39.390,13666,6566907
1507048500,39.370,39.370,39.370,39.380,20508,6635237
1507048560,39.380,39.380,39.370,39.380,20508,6635237
1507048620,39.370,39.350,39.350,39.370,20508,6635237
1507048680,39.350,39.380,39.350,39.380,20508,6635237
1507048740,39.370,39.380,39.370,39.380,20508,6635237
1507048800,39.380,39.370,39.370,39.380,11061,6737777
1507048860,39.380,39.370,39.370,39.380,11057,6737777
1507048920,39.370,39.350,39.350,39.380,11057,6737777
1507048980,39.360,39.360,39.360,39.370,11057,6737777
1507049040,39.370,39.370,39.370,39.370,11057,6737777
1507049100,39.370,39.380,39.370,39.380,14243,6793066
1507049160,39.380,39.380,39.370,39.380,14242,6793066
1507049220,39.370,39.370,39.360,39.370,14242,6793066
1507049280,39.360,39.360,39.360,39.370,14242,6793066
1507049340,39.370,39.360,39.350,39.370,14242,6793066
1507049400,39.360,39.370,39.350,39.370,6901,6864277
1507049460,39.370,39.370,39.360,39.370,6898,6864277
1507049520,39.360,39.370,39.360,39.370,6898,6864277
1507049580,39.360,39.360,39.360,39.370,6898,6864277
1507049640,39.350,39.360,39.350,39.360,6898,6864277
1507049700,39.350,39.350,39.350,39.350,13283,6898770
1507049760,39.350,39.350,39.350,39.360,13283,6898770
1507049820,39.350,39.350,39.350,39.350,13283,6898770
1507049880,39.360,39.370,39.350,39.370,13283,6898770
1507049940,39.370,39.370,39.360,39.370,13283,6898770
1507050000,39.360,39.350,39.350,39.370,31192,6965185
1507050060,39.350,39.350,39.350,39.360,31188,6965185
1507050120,39.350,39.350,39.350,39.360,31188,6965185
1507050180,39.350,39.350,39.350,39.360,31188,6965185
1507050240,39.360,39.350,39.350,39.360,31188,6965185
1507050300,39.350,39.350,39.350,39.360,11744,7121129
1507050360,39.350,39.370,39.350,39.370,11744,7121129
1507050420,39.370,39.370,39.370,39.370,11744,7121129
1507050480,39.370,39.370,39.360,39.370,11744,7121129
1507050540,39.370,39.370,39.360,39.370,11744,7121129
1507050600,39.370,39.360,39.360,39.370,21544,7179849
1507050660,39.370,39.370,39.360,39.380,21540,7179849
1507050720,39.380,39.390,39.380,39.390,21540,7179849
1507050780,39.380,39.380,39.380,39.390,21540,7179849
1507050840,39.380,39.380,39.380,39.390,21540,7179849
1507050900,39.380,39.390,39.380,39.390,28364,7287553
1507050960,39.390,39.380,39.380,39.390,28363,7287553
1507051020,39.380,39.380,39.380,39.390,28363,7287553
1507051080,39.380,39.380,39.380,39.390,28363,7287553
1507051140,39.380,39.400,39.380,39.400,28363,7287553
1507051200,39.400,39.390,39.390,39.400,11946,7429369
1507051260,39.400,39.400,39.400,39.400,11942,7429369
1507051320,39.400,39.400,39.390,39.400,11942,7429369
1507051380,39.400,39.400,39.390,39.400,11942,7429369
1507051440,39.400,39.390,39.390,39.400,11942,7429369
1507051500,39.410,39.400,39.400,39.410,51168,7489083
1507051560,39.390,39.400,39.390,39.400,51164,7489083
1507051620,39.390,39.390,39.390,39.400,51164,7489083
1507051680,39.400,39.400,39.390,39.400,51164,7489083
1507051740,39.390,39.390,39.390,39.400,51164,7489083
1507051800,39.400,39.400,39.390,39.400,32367,7744907
1507051860,39.400,39.400,39.390,39.400,32365,7744907
1507051920,39.390,39.390,39.390,39.400,32365,7744907
1507051980,39.390,39.380,39.370,39.390,32365,7744907
1507052040,39.370,39.370,39.370,39.380,32365,7744907
1507052100,39.380,39.370,39.370,39.380,12684,7906734
1507052160,39.380,39.360,39.360,39.380,12683,7906734
1507052220,39.360,39.370,39.360,39.370,12683,7906734
1507052280,39.370,39.360,39.360,39.370,12683,7906734
1507052340,39.360,39.360,39.350,39.360,12683,7906734
1507052400,39.360,39.360,39.350,39.360,15371,7970150
1507052460,39.360,39.360,39.350,39.360,15367,7970150
1507052520,39.350,39.360,39.350,39.360,15367,7970150
1507052580,39.360,39.360,39.350,39.360,15367,7970150
1507052640,39.350,39.360,39.350,39.370,15367,7970150
1507052700,39.370,39.360,39.360,39.370,24881,8046989
1507052760,39.350,39.340,39.340,39.360,24880,8046989
1507052820,39.350,39.360,39.340,39.360,24880,8046989
1507052880,39.350,39.350,39.350,39.360,24880,8046989
1507052940,39.360,39.360,39.350,39.360,24880,8046989
1507053000,39.350,39.350,39.350,39.360,23073,8171390
1507053060,39.340,39.340,39.340,39.350,23071,8171390
1507053120,39.340,39.340,39.340,39.350,23071,8171390
1507053180,39.340,39.360,39.340,39.360,23071,8171390
1507053240,39.360,39.350,39.340,39.370,23071,8171390
1507053300,39.350,39.340,39.340,39.350,15316,8286747
1507053360,39.340,39.340,39.340,39.340,15316,8286747
1507053420,39.340,39.340,39.340,39.350,15316,8286747
1507053480,39.340,39.340,39.340,39.350,15316,8286747
1507053540,39.340,39.340,39.340,39.350,15316,8286747
1507053600,39.340,39.350,39.340,39.350,10681,8363327
1507053660,39.350,39.350,39.340,39.350,10679,8363327
1507053720,39.340,39.340,39.340,39.350,10679,8363327
1507053780,39.340,39.330,39.330,39.350,10679,8363327
1507053840,39.330,39.330,39.330,39.340,10679,8363327
1507053900,39.330,39.330,39.320,39.340,14792,8416724
1507053960,39.320,39.320,39.320,39.330,14792,8416724
1507054020,39.320,39.320,39.310,39.330,14792,8416724
1507054080,39.340,39.340,39.330,39.340,14792,8416724
1507054140,39.340,39.340,39.330,39.340,14792,8416724
1507054200,39.340,39.340,39.330,39.340,8611,8490684
1507054260,39.330,39.340,39.330,39.340,8611,8490684
1507054320,39.340,39.330,39.330,39.340,8611,8490684
1507054380,39.340,39.330,39.330,39.340,8611,8490684
1507054440,39.340,39.340,39.330,39.340,8611,8490684
1507054500,39.330,39.340,39.330,39.340,15809,8533739
1507054560,39.340,39.340,39.330,39.340,15805,8533739
1507054620,39.340,39.350,39.340,39.350,15805,8533739
1507054680,39.340,39.350,39.340,39.350,15805,8533739
1507054740,39.340,39.340,39.340,39.340,15805,8533739
1507054800,39.340,39.340,39.340,39.350,18629,8612768
1507054860,39.340,39.330,39.330,39.340,18628,8612768
1507054920,39.340,39.350,39.340,39.350,18628,8612768
1507054980,39.340,39.350,39.340,39.360,18628,8612768
1507055040,39.350,39.360,39.350,39.360,18628,8612768
1507055100,39.360,39.350,39.350,39.360,18204,8705909
1507055160,39.360,39.370,39.360,39.370,18204,8705909
1507055220,39.370,39.370,39.360,39.370,18204,8705909
1507055280,39.370,39.380,39.360,39.380,18204,8705909
1507055340,39.380,39.380,39.370,39.380,18204,8705909
1507055400,39.370,39.360,39.360,39.380,33815,8796929
1507055460,39.370,39.360,39.360,39.370,33814,8796929
1507055520,39.360,39.370,39.360,39.380,33814,8796929
1507055580,39.370,39.400,39.370,39.400,33814,8796929
1507055640,39.400,39.410,39.390,39.410,33814,8796929
1507055700,39.400,39.400,39.400,39.410,23816,8966000
1507055760,39.410,39.400,39.400,39.410,23812,8966000
1507055820,39.400,39.410,39.400,39.410,23812,8966000
1507055880,39.410,39.400,39.400,39.410,23812,8966000
1507055940,39.400,39.400,39.400,39.410,23812,8966000
1507056000,39.410,39.400,39.400,39.410,67795,9085064
1507056060,39.410,39.410,39.410,39.420,67791,9085064
1507056120,39.410,39.410,39.410,39.420,67791,9085064
1507056180,39.410,39.400,39.390,39.410,67791,9085064
1507056240,39.390,39.400,39.390,39.410,67791,9085064
1507056300,39.410,39.410,39.400,39.410,32129,9424023
1507056360,39.410,39.400,39.400,39.410,32126,9424023
1507056420,39.400,39.390,39.390,39.400,32126,9424023
1507056480,39.400,39.390,39.390,39.400,32126,9424023
1507056540,39.400,39.400,39.390,39.400,32126,9424023
1507056600,39.400,39.400,39.390,39.400,19518,9584656
1507056660,39.390,39.410,39.390,39.410,19515,9584656
1507056720,39.410,39.410,39.400,39.410,19515,9584656
1507056780,39.410,39.410,39.410,39.410,19515,9584656
1507056840,39.400,39.400,39.400,39.410,19515,9584656
1507056900,39.410,39.420,39.410,39.420,28282,9682234
1507056960,39.420,39.410,39.410,39.420,28281,9682234
1507057020,39.410,39.420,39.410,39.420,28281,9682234
1507057080,39.420,39.420,39.410,39.420,28281,9682234
1507057140,39.420,39.410,39.410,39.420,28281,9682234
1507057200,39.410,39.400,39.400,39.410,26180,9823640
1507057260,39.400,39.400,39.390,39.400,26177,9823640
1507057320,39.390,39.400,39.390,39.400,26177,9823640
1507057380,39.400,39.410,39.390,39.410,26177,9823640
1507057440,39.410,39.400,39.400,39.410,26177,9823640
1507057500,39.410,39.400,39.400,39.410,32344,9954528
1507057560,39.410,39.390,39.390,39.410,32342,9954528
1507057620,39.390,39.400,39.390,39.400,32342,9954528
1507057680,39.400,39.410,39.390,39.410,32342,9954528
1507057740,39.410,39.410,39.400,39.410,32342,9954528
1507057800,39.400,39.400,39.400,39.410,26999,10116240
1507057860,39.410,39.400,39.400,39.420,26995,10116240
1507057920,39.410,39.400,39.400,39.410,26995,10116240
1507057980,39.400,39.410,39.400,39.410,26995,10116240
1507058040,39.410,39.410,39.400,39.410,26995,10116240
1507058100,39.410,39.410,39.400,39.410,28199,10251219
1507058160,39.410,39.400,39.400,39.410,28199,10251219
1507058220,39.410,39.410,39.400,39.410,28199,10251219
1507058280,39.410,39.410,39.400,39.410,28199,10251219
1507058340,39.400,39.390,39.390,39.410,28199,10251219
1507058400,39.400,39.400,39.390,39.400,22331,10392214
1507058460,39.400,39.400,39.390,39.410,22327,10392214
1507058520,39.390,39.390,39.390,39.400,22327,10392214
1507058580,39.400,39.390,39.390,39.400,22327,10392214
1507058640,39.400,39.400,39.390,39.400,22327,10392214
1507058700,39.390,39.400,39.390,39.400,39584,10503853
1507058760,39.390,39.400,39.390,39.410,39584,10503853
1507058820,39.390,39.390,39.390,39.400,39584,10503853
1507058880,39.390,39.410,39.390,39.410,39584,10503853
1507058940,39.400,39.410,39.400,39.420,39584,10503853
1507059000,39.410,39.410,39.410,39.420,56994,10701773
1507059060,39.410,39.410,39.410,39.420,56990,10701773
1507059120,39.410,39.430,39.410,39.430,56990,10701773
1507059180,39.420,39.430,39.420,39.430,56990,10701773
1507059240,39.430,39.450,39.430,39.450,56990,10701773
1507059300,39.450,39.450,39.440,39.450,358797,10986727
1507059360,39.450,39.440,39.440,39.450,358797,10986727
1507059420,39.440,39.450,39.440,39.460,358797,10986727
1507059480,39.460,39.450,39.450,39.460,358797,10986727
1507059540,39.450,39.460,39.450,39.460,358797,10986727
1507059600,39.450,39.450,39.450,39.470,35363,12780712
1507059660,39.460,39.460,39.450,39.460,35363,12780712
1507059720,39.460,39.460,39.450,39.460,35363,12780712
1507059780,39.450,39.450,39.450,39.460,35363,12780712
1507059840,39.450,39.460,39.450,39.470,35363,12780712
1507059900,39.470,39.430,39.430,39.470,56274,12957527
1507059960,39.440,39.430,39.430,39.450,56271,12957527
1507060020,39.430,39.430,39.430,39.440,56271,12957527
1507060080,39.440,39.440,39.430,39.440,56271,12957527
1507060140,39.440,39.440,39.430,39.440,56271,12957527
1507060200,39.440,39.440,39.430,39.440,115538,13238885
1507060260,39.440,39.440,39.430,39.440,115534,13238885
1507060320,39.440,39.430,39.430,39.440,115534,13238885
1507060380,39.430,39.450,39.430,39.450,115534,13238885
1507060440,39.450,39.450,39.450,39.450,115534,13238885
1507060500,39.460,39.460,39.450,39.460,439554,13816559
1507060560,39.460,39.440,39.440,39.460,439551,13816559
1507060620,39.450,39.430,39.430,39.450,439551,13816559
1507060680,39.430,39.450,39.420,39.450,439551,13816559
1507060740,39.450,39.480,39.450,39.480,439551,13816559
1507123800,39.380,39.330,39.320,39.380,136177,0
1507123860,39.330,39.270,39.260,39.330,136175,0
1507123920,39.270,39.270,39.260,39.270,136175,0
1507123980,39.270,39.330,39.270,39.330,136175,0
1507124040,39.330,39.310,39.300,39.330,136175,0
1507124100,39.310,39.370,39.300,39.370,80153,680877
1507124160,39.370,39.350,39.330,39.370,80152,680877
1507124220,39.360,39.380,39.340,39.390,80152,680877
1507124280,39.360,39.390,39.360,39.390,80152,680877
1507124340,39.380,39.410,39.380,39.410,80152,680877
1507124400,39.410,39.450,39.410,39.450,105222,1081638
1507124460,39.460,39.450,39.440,39.460,105218,1081638
1507124520,39.470,39.460,39.430,39.480,105218,1081638
1507124580,39.450,39.500,39.440,39.500,105218,1081638
1507124640,39.490,39.470,39.470,39.490,105218,1081638
1507124700,39.470,39.470,39.470,39.480,69023,1607732
1507124760,39.480,39.470,39.460,39.480,69019,1607732
1507124820,39.460,39.470,39.460,39.470,69019,1607732
1507124880,39.460,39.490,39.460,39.490,69019,1607732
1507124940,39.480,39.490,39.480,39.490,69019,1607732
1507125000,39.490,39.490,39.480,39.490,88718,1952831
1507125060,39.490,39.480,39.480,39.490,88718,1952831
1507125120,39.490,39.490,39.480,39.500,88718,1952831
1507125180,39.490,39.510,39.490,39.510,88718,1952831
1507125240,39.520,39.520,39.500,39.520,88718,1952831
1507125300,39.510,39.550,39.510,39.550,45676,2396421
1507125360,39.540,39.550,39.540,39.560,45674,2396421
1507125420,39.550,39.550,39.540,39.550,45674,2396421
1507125480,39.550,39.550,39.540,39.550,45674,2396421
1507125540,39.550,39.530,39.530,39.550,45674,2396421
1507125600,39.520,39.510,39.510,39.520,58691,2624793
1507125660,39.510,39.510,39.510,39.530,58688,2624793
1507125720,39.500,39.480,39.480,39.510,58688,2624793
1507125780,39.480,39.470,39.470,39.480,58688,2624793
1507125840,39.460,39.480,39.460,39.480,58688,2624793
1507125900,39.470,39.470,39.460,39.480,47209,2918236
1507125960,39.470,39.440,39.440,39.470,47209,2918236
1507126020,39.450,39.440,39.440,39.450,47209,2918236
1507126080,39.450,39.470,39.450,39.470,47209,2918236
1507126140,39.470,39.470,39.450,39.470,47209,2918236
1507126200,39.480,39.490,39.480,39.490,39899,3154281
1507126260,39.500,39.500,39.500,39.510,39899,3154281
1507126320,39.510,39.530,39.510,39.530,39899,3154281
1507126380,39.540,39.540,39.530,39.550,39899,3154281
1507126440,39.550,39.550,39.540,39.550,39899,3154281
1507126500,39.540,39.540,39.530,39.540,33039,3353776
1507126560,39.550,39.550,39.540,39.550,33035,3353776
1507126620,39.550,39.560,39.540,39.560,33035,3353776
1507126680,39.570,39.570,39.570,39.580,33035,3353776
1507126740,39.580,39.580,39.570,39.580,33035,3353776
1507126800,39.580,39.580,39.570,39.580,31445,3518955
1507126860,39.560,39.560,39.560,39.560,31442,3518955
1507126920,39.570,39.530,39.520,39.570,31442,3518955
1507126980,39.530,39.540,39.530,39.540,31442,3518955
1507127040,39.540,39.550,39.540,39.550,31442,3518955
1507127100,39.550,39.550,39.550,39.560,19813,3676168
1507127160,39.560,39.570,39.560,39.570,19813,3676168
1507127220,39.570,39.570,39.560,39.570,19813,3676168
1507127280,39.570,39.570,39.560,39.570,19813,3676168
1507127340,39.580,39.590,39.580,39.590,19813,3676168
1507127400,39.590,39.560,39.560,39.600,38981,3775233
1507127460,39.550,39.570,39.550,39.570,38980,3775233
1507127520,39.570,39.560,39.560,39.580,38980,3775233
1507127580,39.560,39.560,39.560,39.570,38980,3775233
1507127640,39.550,39.550,39.550,39.550,38980,3775233
1507127700,39.550,39.560,39.550,39.560,31404,3970134
1507127760,39.550,39.550,39.540,39.550,31400,3970134
1507127820,39.550,39.560,39.550,39.560,31400,3970134
1507127880,39.550,39.550,39.540,39.550,31400,3970134
1507127940,39.550,39.560,39.550,39.570,31400,3970134
1507128000,39.560,39.550,39.550,39.570,34673,4127138
1507128060,39.560,39.560,39.560,39.570,34672,4127138
1507128120,39.560,39.570,39.560,39.570,34672,4127138
1507128180,39.570,39.560,39.560,39.570,34672,4127138
1507128240,39.560,39.580,39.560,39.590,34672,4127138
1507128300,39.590,39.580,39.580,39.600,36070,4300499
1507128360,39.560,39.570,39.560,39.570,36069,4300499
1507128420,39.560,39.560,39.550,39.570,36069,4300499
1507128480,39.560,39.580,39.560,39.580,36069,4300499
1507128540,39.580,39.560,39.560,39.580,36069,4300499
1507128600,39.570,39.550,39.550,39.570,35764,4480845
1507128660,39.550,39.540,39.540,39.560,35763,4480845
1507128720,39.530,39.560,39.530,39.560,35763,4480845
1507128780,39.560,39.560,39.550,39.560,35763,4480845
1507128840,39.550,39.550,39.550,39.560,35763,4480845
1507128900,39.540,39.550,39.540,39.560,28961,4659661
1507128960,39.550,39.550,39.540,39.550,28957,4659661
1507129020,39.550,39.560,39.540,39.560,28957,4659661
1507129080,39.550,39.560,39.540,39.560,28957,4659661
1507129140,39.560,39.550,39.540,39.560,28957,4659661
1507129200,39.540,39.550,39.540,39.550,56270,4804450
1507129260,39.540,39.540,39.540,39.550,56268,4804450
1507129320,39.550,39.530,39.530,39.550,56268,4804450
1507129380,39.530,39.480,39.480,39.530,56268,4804450
1507129440,39.480,39.490,39.480,39.500,56268,4804450
1507129500,39.490,39.510,39.490,39.520,37706,5085792
1507129560,39.490,39.490,39.490,39.500,37705,5085792
1507129620,39.490,39.500,39.490,39.500,37705,5085792
1507129680,39.490,39.490,39.490,39.500,37705,5085792
1507129740,39.490,39.480,39.480,39.490,37705,5085792
1507129800,39.480,39.480,39.480,39.490,25344,5274318
1507129860,39.480,39.480,39.480,39.490,25340,5274318
1507129920,39.480,39.490,39.480,39.490,25340,5274318
1507129980,39.490,39.490,39.480,39.500,25340,5274318
1507130040,39.500,39.490,39.490,39.500,25340,5274318
1507130100,39.500,39.500,39.480,39.510,69552,5401022
1507130160,39.510,39.520,39.500,39.520,69550,5401022
1507130220,39.520,39.510,39.510,39.520,69550,5401022
1507130280,39.520,39.510,39.500,39.520,69550,5401022
1507130340,39.510,39.510,39.500,39.510,69550,5401022
1507130400,39.500,39.480,39.480,39.510,47313,5748774
1507130460,39.480,39.490,39.480,39.500,47309,5748774
1507130520,39.490,39.490,39.490,39.500,47309,5748774
1507130580,39.490,39.510,39.490,39.510,47309,5748774
1507130640,39.500,39.540,39.500,39.540,47309,5748774
1507130700,39.540,39.530,39.520,39.540,46276,5985323
1507130760,39.520,39.520,39.510,39.530,46273,5985323
1507130820,39.520,39.520,39.520,39.520,46273,5985323
1507130880,39.510,39.510,39.510,39.520,46273,5985323
1507130940,39.500,39.480,39.480,39.510,46273,5985323
1507131000,39.480,39.470,39.470,39.480,33039,6216691
1507131060,39.480,39.470,39.470,39.480,33035,6216691
1507131120,39.460,39.450,39.450,39.460,33035,6216691
1507131180,39.450,39.470,39.450,39.470,33035,6216691
1507131240,39.480,39.460,39.460,39.480,33035,6216691
1507131300,39.460,39.480,39.460,39.480,31856,6381870
1507131360,39.470,39.460,39.460,39.470,31852,6381870
1507131420,39.470,39.480,39.460,39.480,31852,6381870
1507131480,39.470,39.450,39.450,39.470,31852,6381870
1507131540,39.450,39.430,39.430,39.460,31852,6381870
1507131600,39.440,39.440,39.420,39.440,34096,6541134
1507131660,39.430,39.460,39.430,39.460,34094,6541134
1507131720,39.460,39.480,39.450,39.480,34094,6541134
1507131780,39.470,39.480,39.470,39.490,34094,6541134
1507131840,39.480,39.490,39.480,39.500,34094,6541134
1507131900,39.490,39.500,39.490,39.510,26742,6711606
1507131960,39.500,39.510,39.500,39.510,26739,6711606
1507132020,39.500,39.480,39.480,39.500,26739,6711606
1507132080,39.490,39.520,39.480,39.520,26739,6711606
1507132140,39.520,39.520,39.510,39.520,26739,6711606
1507132200,39.520,39.510,39.510,39.530,41772,6845304
1507132260,39.510,39.540,39.510,39.540,41769,6845304
1507132320,39.530,39.550,39.530,39.560,41769,6845304
1507132380,39.550,39.540,39.530,39.550,41769,6845304
1507132440,39.550,39.570,39.540,39.570,41769,6845304
1507132500,39.570,39.550,39.550,39.570,33038,7054152
1507132560,39.550,39.560,39.550,39.560,33037,7054152
1507132620,39.560,39.550,39.540,39.560,33037,7054152
1507132680,39.540,39.550,39.540,39.550,33037,7054152
1507132740,39.550,39.550,39.540,39.550,33037,7054152
1507132800,39.550,39.530,39.530,39.550,19306,7219338
1507132860,39.530,39.530,39.530,39.530,19302,7219338
1507132920,39.540,39.540,39.530,39.540,19302,7219338
1507132980,39.530,39.520,39.520,39.540,19302,7219338
1507133040,39.520,39.510,39.510,39.520,19302,7219338
1507133100,39.520,39.510,39.510,39.520,22358,7315852
1507133160,39.510,39.500,39.500,39.520,22358,7315852
1507133220,39.500,39.500,39.490,39.500,22358,7315852
1507133280,39.490,39.490,39.490,39.500,22358,7315852
1507133340,39.490,39.500,39.490,39.500,22358,7315852
1507133400,39.490,39.500,39.490,39.510,34376,7427642
1507133460,39.500,39.520,39.500,39.520,34372,7427642
1507133520,39.520,39.530,39.520,39.530,34372,7427642
1507133580,39.530,39.520,39.520,39.540,34372,7427642
1507133640,39.520,39.520,39.520,39.530,34372,7427642
1507133700,39.520,39.540,39.520,39.540,18828,7599506
1507133760,39.550,39.550,39.540,39.550,18825,7599506
1507133820,39.550,39.530,39.530,39.550,18825,7599506
1507133880,39.530,39.530,39.530,39.540,18825,7599506
1507133940,39.530,39.530,39.530,39.550,18825,7599506
1507134000,39.530,39.530,39.530,39.540,11803,7693634
1507134060,39.540,39.530,39.530,39.540,11803,7693634
1507134120,39.540,39.530,39.530,39.540,11803,7693634
1507134180,39.550,39.540,39.540,39.550,11803,7693634
1507134240,39.550,39.550,39.540,39.550,11803,7693634
1507134300,39.550,39.530,39.530,39.550,24465,7752649
1507134360,39.540,39.530,39.530,39.540,24461,7752649
1507134420,39.540,39.550,39.530,39.550,24461,7752649
1507134480,39.540,39.550,39.540,39.550,24461,7752649
1507134540,39.530,39.530,39.530,39.540,24461,7752649
1507134600,39.530,39.520,39.520,39.540,21801,7874958
1507134660,39.530,39.520,39.520,39.530,21800,7874958
1507134720,39.530,39.510,39.510,39.530,21800,7874958
1507134780,39.510,39.500,39.490,39.520,21800,7874958
1507134840,39.490,39.490,39.490,39.500,21800,7874958
1507134900,39.490,39.500,39.490,39.500,22295,7983959
1507134960,39.490,39.490,39.490,39.500,22294,7983959
1507135020,39.490,39.500,39.490,39.500,22294,7983959
1507135080,39.490,39.520,39.490,39.520,22294,7983959
1507135140,39.520,39.520,39.520,39.530,22294,7983959
1507135200,39.520,39.530,39.520,39.530,15081,8095430
1507135260,39.520,39.540,39.520,39.550,15078,8095430
1507135320,39.550,39.550,39.550,39.550,15078,8095430
1507135380,39.540,39.540,39.540,39.550,15078,8095430
1507135440,39.540,39.550,39.540,39.550,15078,8095430
1507135500,39.550,39.550,39.540,39.550,17277,8170823
1507135560,39.550,39.550,39.540,39.550,17277,8170823
1507135620,39.550,39.530,39.530,39.550,17277,8170823
1507135680,39.520,39.520,39.520,39.530,17277,8170823
1507135740,39.520,39.540,39.520,39.550,17277,8170823
1507135800,39.550,39.550,39.540,39.550,24708,8257208
1507135860,39.550,39.550,39.550,39.560,24706,8257208
1507135920,39.550,39.540,39.540,39.550,24706,8257208
1507135980,39.550,39.540,39.540,39.550,24706,8257208
1507136040,39.550,39.550,39.540,39.550,24706,8257208
1507136100,39.550,39.550,39.540,39.550,33163,8380740
1507136160,39.540,39.540,39.540,39.550,33159,8380740
1507136220,39.550,39.550,39.540,39.550,33159,8380740
1507136280,39.550,39.550,39.550,39.560,33159,8380740
1507136340,39.550,39.550,39.540,39.550,33159,8380740
1507136400,39.550,39.580,39.540,39.580,53899,8546539
1507136460,39.580,39.590,39.580,39.590,53896,8546539
1507136520,39.590,39.590,39.580,39.590,53896,8546539
1507136580,39.590,39.580,39.580,39.590,53896,8546539
1507136640,39.580,39.610,39.580,39.620,53896,8546539
1507136700,39.620,39.620,39.620,39.620,39012,8816022
1507136760,39.620,39.630,39.620,39.630,39012,8816022
1507136820,39.630,39.630,39.620,39.630,39012,8816022
1507136880,39.640,39.630,39.620,39.640,39012,8816022
1507136940,39.640,39.630,39.630,39.640,39012,8816022
1507137000,39.620,39.650,39.620,39.650,59953,9011082
1507137060,39.640,39.650,39.640,39.650,59949,9011082
1507137120,39.640,39.650,39.640,39.650,59949,9011082
1507137180,39.650,39.650,39.650,39.650,59949,9011082
1507137240,39.650,39.660,39.640,39.660,59949,9011082
1507137300,39.660,39.650,39.650,39.660,22547,9310831
1507137360,39.650,39.650,39.630,39.650,22545,9310831
1507137420,39.650,39.650,39.640,39.650,22545,9310831
1507137480,39.640,39.650,39.640,39.650,22545,9310831
1507137540,39.650,39.650,39.640,39.650,22545,9310831
1507137600,39.640,39.620,39.620,39.650,39803,9423558
1507137660,39.620,39.620,39.620,39.630,39799,9423558
1507137720,39.620,39.630,39.620,39.630,39799,9423558
1507137780,39.620,39.590,39.590,39.620,39799,9423558
1507137840,39.590,39.590,39.590,39.600,39799,9423558
1507137900,39.590,39.600,39.590,39.600,22260,9622557
1507137960,39.590,39.620,39.590,39.620,22258,9622557
1507138020,39.620,39.610,39.610,39.620,22258,9622557
1507138080,39.620,39.620,39.610,39.620,22258,9622557
1507138140,39.610,39.620,39.610,39.620,22258,9622557
1507138200,39.620,39.620,39.620,39.620,24456,9733849
1507138260,39.610,39.600,39.600,39.610,24456,9733849
1507138320,39.600,39.600,39.600,39.610,24456,9733849
1507138380,39.600,39.600,39.590,39.610,24456,9733849
1507138440,39.600,39.600,39.590,39.600,24456,9733849
1507138500,39.590,39.590,39.590,39.590,45817,9856129
1507138560,39.580,39.580,39.570,39.580,45816,9856129
1507138620,39.580,39.590,39.580,39.600,45816,9856129
1507138680,39.590,39.590,39.580,39.590,45816,9856129
1507138740,39.590,39.620,39.590,39.620,45816,9856129
1507138800,39.620,39.600,39.600,39.620,38984,10085210
1507138860,39.610,39.600,39.600,39.610,38983,10085210
1507138920,39.600,39.610,39.600,39.610,38983,10085210
1507138980,39.600,39.610,39.600,39.610,38983,10085210
1507139040,39.600,39.620,39.600,39.630,38983,10085210
1507139100,39.620,39.600,39.600,39.630,26393,10280126
1507139160,39.600,39.600,39.600,39.610,26393,10280126
1507139220,39.610,39.620,39.600,39.620,26393,10280126
1507139280,39.620,39.610,39.610,39.620,26393,10280126
1507139340,39.620,39.620,39.610,39.620,26393,10280126
1507139400,39.610,39.620,39.610,39.620,25371,10412091
1507139460,39.620,39.630,39.620,39.630,25371,10412091
1507139520,39.620,39.620,39.610,39.630,25371,10412091
1507139580,39.620,39.610,39.610,39.620,25371,10412091
1507139640,39.610,39.610,39.610,39.620,25371,10412091
1507139700,39.600,39.600,39.600,39.610,20209,10538946
1507139760,39.610,39.620,39.600,39.620,20207,10538946
1507139820,39.620,39.610,39.600,39.620,20207,10538946
1507139880,39.600,39.590,39.580,39.600,20207,10538946
1507139940,39.580,39.580,39.580,39.590,20207,10538946
1507140000,39.580,39.580,39.570,39.580,31367,10639983
1507140060,39.590,39.580,39.580,39.590,31364,10639983
1507140120,39.590,39.560,39.550,39.590,31364,10639983
1507140180,39.550,39.550,39.540,39.550,31364,10639983
1507140240,39.560,39.560,39.550,39.560,31364,10639983
1507140300,39.570,39.560,39.560,39.570,27773,10796806
1507140360,39.560,39.550,39.550,39.560,27772,10796806
1507140420,39.540,39.540,39.540,39.550,27772,10796806
1507140480,39.540,39.550,39.540,39.550,27772,10796806
1507140540,39.540,39.550,39.540,39.560,27772,10796806
1507140600,39.560,39.550,39.540,39.560,24358,10935667
1507140660,39.550,39.550,39.550,39.550,24356,10935667
1507140720,39.550,39.540,39.540,39.550,24356,10935667
1507140780,39.540,39.540,39.540,39.550,24356,10935667
1507140840,39.540,39.550,39.540,39.550,24356,10935667
1507140900,39.540,39.550,39.540,39.550,13250,11057449
1507140960,39.540,39.550,39.540,39.550,13247,11057449
1507141020,39.540,39.540,39.540,39.550,13247,11057449
1507141080,39.540,39.530,39.520,39.540,13247,11057449
1507141140,39.520,39.540,39.520,39.540,13247,11057449
1507141200,39.540,39.530,39.530,39.540,29063,11123687
1507141260,39.530,39.530,39.520,39.540,29063,11123687
1507141320,39.520,39.530,39.520,39.540,29063,11123687
1507141380,39.540,39.550,39.540,39.550,29063,11123687
1507141440,39.540,39.550,39.540,39.550,29063,11123687
1507141500,39.530,39.530,39.530,39.540,19965,11269002
1507141560,39.540,39.540,39.530,39.540,19962,11269002
1507141620,39.530,39.540,39.530,39.540,19962,11269002
1507141680,39.540,39.540,39.530,39.540,19962,11269002
1507141740,39.540,39.550,39.540,39.550,19962,11269002
1507141800,39.550,39.530,39.530,39.550,13618,11368815
1507141860,39.540,39.530,39.530,39.540,13615,11368815
1507141920,39.530,39.540,39.530,39.540,13615,11368815
1507141980,39.530,39.540,39.530,39.540,13615,11368815
1507142040,39.530,39.540,39.530,39.540,13615,11368815
1507142100,39.530,39.530,39.530,39.540,14699,11436893
1507142160,39.530,39.540,39.530,39.540,14697,11436893
1507142220,39.540,39.540,39.530,39.540,14697,11436893
1507142280,39.540,39.540,39.540,39.540,14697,11436893
1507142340,39.530,39.540,39.530,39.540,14697,11436893
1507142400,39.540,39.530,39.530,39.550,60610,11510380
1507142460,39.550,39.540,39.540,39.550,60607,11510380
1507142520,39.540,39.560,39.540,39.560,60607,11510380
1507142580,39.550,39.550,39.550,39.560,60607,11510380
1507142640,39.550,39.550,39.550,39.560,60607,11510380
1507142700,39.560,39.560,39.560,39.570,16024,11813418
1507142760,39.560,39.540,39.540,39.570,16022,11813418
1507142820,39.540,39.540,39.540,39.550,16022,11813418
1507142880,39.550,39.550,39.540,39.550,16022,11813418
1507142940,39.550,39.550,39.550,39.550,16022,11813418
1507143000,39.550,39.540,39.540,39.550,28798,11893530
1507143060,39.550,39.550,39.540,39.550,28796,11893530
1507143120,39.550,39.550,39.550,39.550,28796,11893530
1507143180,39.550,39.560,39.540,39.560,28796,11893530
1507143240,39.550,39.550,39.550,39.560,28796,11893530
1507143300,39.560,39.550,39.550,39.560,21290,12037512
1507143360,39.550,39.550,39.550,39.560,21290,12037512
1507143420,39.550,39.570,39.550,39.570,21290,12037512
1507143480,39.560,39.560,39.560,39.570,21290,12037512
1507143540,39.560,39.570,39.560,39.570,21290,12037512
1507143600,39.570,39.570,39.560,39.570,41076,12143962
1507143660,39.570,39.570,39.560,39.570,41074,12143962
1507143720,39.560,39.570,39.560,39.570,41074,12143962
1507143780,39.560,39.550,39.550,39.560,41074,12143962
1507143840,39.560,39.540,39.540,39.560,41074,12143962
1507143900,39.550,39.550,39.550,39.550,76381,12349334
1507143960,39.540,39.540,39.540,39.550,76381,12349334
1507144020,39.550,39.540,39.530,39.550,76381,12349334
1507144080,39.530,39.530,39.530,39.540,76381,12349334
1507144140,39.530,39.530,39.530,39.540,76381,12349334
1507144200,39.530,39.530,39.530,39.540,35637,12731239
1507144260,39.530,39.540,39.520,39.540,35637,12731239
1507144320,39.530,39.530,39.530,39.540,35637,12731239
1507144380,39.530,39.520,39.520,39.530,35637,12731239
1507144440,39.520,39.530,39.520,39.530,35637,12731239
1507144500,39.530,39.510,39.510,39.530,31818,12909424
1507144560,39.520,39.520,39.520,39.530,31817,12909424
1507144620,39.520,39.520,39.520,39.530,31817,12909424
1507144680,39.530,39.530,39.520,39.540,31817,12909424
1507144740,39.540,39.530,39.530,39.550,31817,12909424
1507144800,39.540,39.540,39.530,39.540,23489,13068510
1507144860,39.530,39.540,39.530,39.540,23487,13068510
1507144920,39.540,39.530,39.530,39.540,23487,13068510
1507144980,39.530,39.540,39.530,39.540,23487,13068510
1507145040,39.540,39.530,39.530,39.550,23487,13068510
1507145100,39.530,39.530,39.530,39.540,21427,13185947
1507145160,39.530,39.530,39.530,39.540,21425,13185947
1507145220,39.540,39.520,39.520,39.540,21425,13185947
1507145280,39.520,39.520,39.520,39.520,21425,13185947
1507145340,39.520,39.530,39.520,39.530,21425,13185947
1507145400,39.520,39.530,39.520,39.530,43154,13293074
1507145460,39.530,39.520,39.520,39.530,43151,13293074
1507145520,39.520,39.530,39.520,39.530,43151,13293074
1507145580,39.520,39.520,39.520,39.530,43151,13293074
1507145640,39.520,39.520,39.520,39.530,43151,13293074
1507145700,39.520,39.530,39.520,39.540,57078,13508832
1507145760,39.530,39.520,39.510,39.540,57076,13508832
1507145820,39.510,39.510,39.510,39.520,57076,13508832
1507145880,39.520,39.510,39.510,39.520,57076,13508832
1507145940,39.510,39.510,39.500,39.510,57076,13508832
1507146000,39.510,39.530,39.500,39.530,61467,13794214
1507146060,39.520,39.520,39.520,39.520,61464,13794214
1507146120,39.520,39.510,39.500,39.520,61464,13794214
1507146180,39.500,39.520,39.500,39.520,61464,13794214
1507146240,39.520,39.520,39.510,39.530,61464,13794214
1507146300,39.520,39.510,39.500,39.520,82404,14101537
1507146360,39.500,39.500,39.500,39.510,82401,14101537
1507146420,39.500,39.490,39.490,39.500,82401,14101537
1507146480,39.490,39.480,39.480,39.490,82401,14101537
1507146540,39.470,39.470,39.470,39.480,82401,14101537
1507146600,39.480,39.460,39.460,39.480,74892,14513545
1507146660,39.470,39.460,39.460,39.470,74889,14513545
1507146720,39.470,39.470,39.460,39.480,74889,14513545
1507146780,39.480,39.490,39.480,39.490,74889,14513545
1507146840,39.490,39.490,39.490,39.500,74889,14513545
1507146900,39.500,39.490,39.490,39.500,596772,14887993
1507146960,39.490,39.490,39.490,39.500,596768,14887993
1507147020,39.490,39.500,39.490,39.500,596768,14887993
1507147080,39.510,39.510,39.510,39.510,596768,14887993
1507147140,39.510,39.500,39.500,39.510,596768,14887993
