1509543000,23.170,23.170,23.170,23.170,274,0
1509543060,23.170,23.170,23.170,23.170,270,0
1509543120,23.200,23.200,23.200,23.200,270,0
1509543180,23.150,23.000,23.000,23.150,270,0
1509543240,23.150,23.000,23.000,23.150,270,0
1509543300,23.150,23.000,23.000,23.150,270,0
1509543360,23.150,23.000,23.000,23.150,270,0
1509543420,23.150,23.000,23.000,23.150,270,0
1509543480,23.150,23.000,23.000,23.150,270,0
1509543540,23.150,23.000,23.000,23.150,270,0
1509543600,23.150,23.000,23.000,23.150,1090,1354
1509543660,23.150,23.000,23.000,23.150,1089,1354
1509543720,22.800,22.800,22.800,22.800,1089,1354
1509543780,22.840,22.840,22.840,22.840,1089,1354
1509543840,22.840,22.840,22.840,22.840,1089,1354
1509543900,22.840,22.840,22.840,22.840,827,6800
1509543960,22.900,22.900,22.900,22.900,825,6800
1509544020,22.900,22.900,22.900,22.900,825,6800
1509544080,22.900,22.900,22.900,22.900,825,6800
1509544140,22.900,22.900,22.900,22.900,825,6800
1509544200,22.900,22.900,22.900,22.900,122,10927
1509544260,22.900,22.900,22.900,22.900,122,10927
1509544320,22.900,22.900,22.900,22.900,122,10927
1509544380,22.900,22.900,22.900,22.900,122,10927
1509544440,22.970,22.970,22.970,22.970,122,10927
1509544500,22.970,22.970,22.970,22.970,61,11537
1509544560,22.900,23.000,22.900,23.000,60,11537
1509544620,22.900,23.000,22.900,23.000,60,11537
1509544680,22.900,23.000,22.900,23.000,60,11537
1509544740,22.900,23.000,22.900,23.000,60,11537
1509544800,22.900,23.000,22.900,23.000,157,11838
1509544860,22.900,23.000,22.900,23.000,157,11838
1509544920,22.920,22.920,22.920,22.920,157,11838
1509544980,22.920,22.920,22.920,22.920,157,11838
1509545040,22.920,22.920,22.920,22.920,157,11838
1509545100,22.920,22.920,22.920,22.920,171,12623
1509545160,22.920,22.920,22.920,22.920,171,12623
1509545220,22.920,22.920,22.920,22.920,171,12623
1509545280,22.920,22.920,22.920,22.920,171,12623
1509545340,22.900,22.900,22.900,22.900,171,12623
1509545400,22.900,22.900,22.900,22.900,171,12623
1509545460,22.900,22.900,22.900,22.900,171,12623
1509545520,22.900,22.900,22.900,22.900,171,12623
1509545580,22.900,22.900,22.900,22.900,171,12623
1509545640,22.900,22.900,22.900,22.900,171,12623
1509545700,22.900,22.900,22.900,22.900,61,13478
1509545760,22.900,22.900,22.900,22.900,60,13478
1509545820,22.900,22.900,22.900,22.900,60,13478
1509545880,22.900,22.900,22.900,22.900,60,13478
1509545940,22.950,22.900,22.900,22.950,60,13478
1509546000,22.930,22.930,22.930,22.930,660,13779
1509546060,22.930,22.930,22.930,22.930,660,13779
1509546120,22.930,22.930,22.930,22.930,660,13779
1509546180,22.930,22.930,22.930,22.930,660,13779
1509546240,22.930,22.930,22.930,22.930,660,13779
1509546300,22.930,22.930,22.930,22.930,660,13779
1509546360,22.930,22.930,22.930,22.930,660,13779
1509546420,22.930,22.930,22.930,22.930,660,13779
1509546480,22.930,22.930,22.930,22.930,660,13779
1509546540,22.930,22.930,22.930,22.930,660,13779
1509546600,22.930,22.930,22.930,22.930,705,17079
1509546660,22.930,22.930,22.930,22.930,705,17079
1509546720,22.930,22.930,22.930,22.930,705,17079
1509546780,22.750,22.750,22.750,22.750,705,17079
1509546840,22.750,22.750,22.750,22.750,705,17079
1509546900,22.750,22.750,22.750,22.750,705,17079
1509546960,22.750,22.750,22.750,22.750,705,17079
1509547020,22.750,22.750,22.750,22.750,705,17079
1509547080,22.750,22.750,22.750,22.750,705,17079
1509547140,22.750,22.750,22.750,22.750,705,17079
1509547200,22.750,22.750,22.750,22.750,705,17079
1509547260,22.750,22.750,22.750,22.750,705,17079
1509547320,22.750,22.750,22.750,22.750,705,17079
1509547380,22.750,22.750,22.750,22.750,705,17079
1509547440,22.750,22.750,22.750,22.750,705,17079
1509547500,22.750,22.750,22.750,22.750,705,17079
1509547560,22.750,22.750,22.750,22.750,705,17079
1509547620,22.750,22.750,22.750,22.750,705,17079
1509547680,22.750,22.750,22.750,22.750,705,17079
1509547740,22.750,22.750,22.750,22.750,705,17079
1509547800,22.750,22.750,22.750,22.750,113,20604
1509547860,22.750,22.750,22.750,22.750,111,20604
1509547920,22.750,22.750,22.750,22.750,111,20604
1509547980,22.750,22.750,22.750,22.750,111,20604
1509548040,22.750,22.750,22.750,22.750,111,20604
1509548100,22.750,22.750,22.750,22.750,564,21161
1509548160,22.750,22.750,22.750,22.750,564,21161
1509548220,22.750,22.750,22.750,22.750,564,21161
1509548280,22.710,22.710,22.710,22.710,564,21161
1509548340,22.710,22.710,22.710,22.710,564,21161
1509548400,22.710,22.710,22.710,22.710,157,23981
1509548460,22.710,22.710,22.710,22.710,153,23981
1509548520,22.710,22.710,22.710,22.710,153,23981
1509548580,22.710,22.710,22.710,22.710,153,23981
1509548640,22.700,22.600,22.600,22.700,153,23981
1509548700,22.670,22.670,22.670,22.670,292,24750
1509548760,22.670,22.670,22.670,22.670,291,24750
1509548820,22.670,22.670,22.670,22.670,291,24750
1509548880,22.600,22.600,22.600,22.600,291,24750
1509548940,22.600,22.600,22.600,22.600,291,24750
1509549000,22.600,22.600,22.600,22.600,291,24750
1509549060,22.600,22.600,22.600,22.600,291,24750
1509549120,22.600,22.600,22.600,22.600,291,24750
1509549180,22.600,22.600,22.600,22.600,291,24750
1509549240,22.600,22.600,22.600,22.600,291,24750
1509549300,22.600,22.600,22.600,22.600,2004,26206
1509549360,22.660,22.660,22.660,22.660,2004,26206
1509549420,22.820,22.820,22.820,22.820,2004,26206
1509549480,22.820,22.820,22.820,22.820,2004,26206
1509549540,22.880,22.880,22.880,22.880,2004,26206
1509549600,22.880,22.880,22.880,22.880,127,36226
1509549660,22.880,22.880,22.880,22.880,127,36226
1509549720,22.820,22.820,22.820,22.820,127,36226
1509549780,22.820,22.820,22.820,22.820,127,36226
1509549840,22.770,22.770,22.770,22.770,127,36226
1509549900,22.770,22.770,22.770,22.770,68,36861
1509549960,22.770,22.770,22.770,22.770,67,36861
1509550020,22.770,22.770,22.770,22.770,67,36861
1509550080,22.770,22.770,22.770,22.770,67,36861
1509550140,22.770,22.770,22.770,22.770,67,36861
1509550200,22.770,22.770,22.770,22.770,123,37197
1509550260,22.770,22.770,22.770,22.770,123,37197
1509550320,22.770,22.770,22.770,22.770,123,37197
1509550380,22.770,22.770,22.770,22.770,123,37197
1509550440,22.900,22.900,22.900,22.900,123,37197
1509550500,22.900,22.900,22.900,22.900,245,37812
1509550560,22.900,22.900,22.900,22.900,245,37812
1509550620,22.900,22.900,22.900,22.900,245,37812
1509550680,22.900,22.900,22.900,22.900,245,37812
1509550740,22.950,22.950,22.950,22.950,245,37812
1509550800,22.950,22.950,22.950,22.950,493,39037
1509550860,22.850,22.850,22.850,22.850,492,39037
1509550920,22.850,22.850,22.850,22.850,492,39037
1509550980,22.850,22.850,22.850,22.850,492,39037
1509551040,22.850,22.850,22.850,22.850,492,39037
1509551100,22.850,22.850,22.850,22.850,492,39037
1509551160,22.850,22.850,22.850,22.850,492,39037
1509551220,22.850,22.850,22.850,22.850,492,39037
1509551280,22.850,22.850,22.850,22.850,492,39037
1509551340,22.850,22.850,22.850,22.850,492,39037
1509551400,22.850,22.850,22.850,22.850,492,39037
1509551460,22.850,22.850,22.850,22.850,492,39037
1509551520,22.850,22.850,22.850,22.850,492,39037
1509551580,22.850,22.850,22.850,22.850,492,39037
1509551640,22.850,22.850,22.850,22.850,492,39037
1509551700,22.850,22.850,22.850,22.850,42,41498
1509551760,22.800,22.800,22.800,22.800,40,41498
1509551820,22.800,22.800,22.800,22.800,40,41498
1509551880,22.800,22.800,22.800,22.800,40,41498
1509551940,22.800,22.800,22.800,22.800,40,41498
1509552000,22.800,22.800,22.800,22.800,80,41700
1509552060,22.800,22.800,22.800,22.800,80,41700
1509552120,22.840,22.840,22.840,22.840,80,41700
1509552180,22.840,22.840,22.840,22.840,80,41700
1509552240,22.820,22.820,22.820,22.820,80,41700
1509552300,22.820,22.820,22.820,22.820,64,42100
1509552360,22.820,22.820,22.820,22.820,64,42100
1509552420,22.820,22.820,22.820,22.820,64,42100
1509552480,22.820,22.820,22.820,22.820,64,42100
1509552540,22.850,22.850,22.850,22.850,64,42100
1509552600,22.900,22.900,22.900,22.900,139,42420
1509552660,22.900,22.900,22.900,22.900,139,42420
1509552720,22.900,22.900,22.900,22.900,139,42420
1509552780,22.900,22.900,22.900,22.900,139,42420
1509552840,22.900,22.900,22.900,22.900,139,42420
1509552900,22.930,22.930,22.930,22.930,1957,43115
1509552960,22.930,22.930,22.930,22.930,1954,43115
1509553020,22.930,22.930,22.930,22.930,1954,43115
1509553080,22.930,22.930,22.930,22.930,1954,43115
1509553140,22.920,22.920,22.920,22.920,1954,43115
1509553200,22.920,22.920,22.920,22.920,140,52888
1509553260,22.920,22.920,22.920,22.920,140,52888
1509553320,22.920,22.920,22.920,22.920,140,52888
1509553380,22.930,22.930,22.930,22.930,140,52888
1509553440,22.900,22.900,22.900,22.900,140,52888
1509553500,22.920,22.930,22.920,22.930,1703,53588
1509553560,22.900,22.930,22.900,22.930,1700,53588
1509553620,22.930,22.930,22.930,22.950,1700,53588
1509553680,22.930,22.930,22.930,22.950,1700,53588
1509553740,22.930,22.930,22.930,22.950,1700,53588
1509553800,22.930,22.930,22.930,22.950,1700,53588
1509553860,22.930,22.930,22.930,22.950,1700,53588
1509553920,22.930,22.930,22.930,22.950,1700,53588
1509553980,22.930,22.930,22.930,22.950,1700,53588
1509554040,22.930,22.930,22.930,22.950,1700,53588
1509554100,22.930,22.930,22.930,22.950,40,62091
1509554160,22.950,22.950,22.950,22.950,40,62091
1509554220,22.950,22.950,22.950,22.950,40,62091
1509554280,22.950,22.950,22.950,22.950,40,62091
1509554340,22.950,22.950,22.950,22.950,40,62091
1509554400,22.950,22.950,22.950,22.950,40,62091
1509554460,22.950,22.950,22.950,22.950,40,62091
1509554520,22.950,22.950,22.950,22.950,40,62091
1509554580,22.950,22.950,22.950,22.950,40,62091
1509554640,22.950,22.950,22.950,22.950,40,62091
1509554700,22.900,22.900,22.900,22.900,144,62291
1509554760,22.850,22.850,22.850,22.850,144,62291
1509554820,22.850,22.850,22.850,22.850,144,62291
1509554880,22.850,22.850,22.850,22.850,144,62291
1509554940,22.850,22.850,22.850,22.850,144,62291
1509555000,22.850,22.850,22.850,22.850,144,62291
1509555060,22.850,22.850,22.850,22.850,144,62291
1509555120,22.850,22.850,22.850,22.850,144,62291
1509555180,22.850,22.850,22.850,22.850,144,62291
1509555240,22.850,22.850,22.850,22.850,144,62291
1509555300,22.850,22.850,22.850,22.850,600,63011
1509555360,22.850,22.850,22.850,22.850,600,63011
1509555420,22.850,22.850,22.850,22.850,600,63011
1509555480,22.880,22.890,22.880,22.890,600,63011
1509555540,22.880,22.890,22.880,22.890,600,63011
1509555600,22.880,22.890,22.880,22.890,600,63011
1509555660,22.880,22.890,22.880,22.890,600,63011
1509555720,22.880,22.890,22.880,22.890,600,63011
1509555780,22.880,22.890,22.880,22.890,600,63011
1509555840,22.880,22.890,22.880,22.890,600,63011
1509555900,22.880,22.890,22.880,22.890,600,63011
1509555960,22.880,22.890,22.880,22.890,600,63011
1509556020,22.880,22.890,22.880,22.890,600,63011
1509556080,22.880,22.890,22.880,22.890,600,63011
1509556140,22.880,22.890,22.880,22.890,600,63011
1509556200,22.880,22.890,22.880,22.890,821,66011
1509556260,22.880,22.890,22.880,22.890,819,66011
1509556320,22.880,22.890,22.880,22.890,819,66011
1509556380,22.720,22.720,22.720,22.720,819,66011
1509556440,22.720,22.720,22.720,22.720,819,66011
1509556500,22.720,22.720,22.720,22.720,540,70108
1509556560,22.630,22.630,22.630,22.630,540,70108
1509556620,22.700,22.700,22.700,22.700,540,70108
1509556680,22.700,22.700,22.700,22.700,540,70108
1509556740,22.700,22.700,22.700,22.700,540,70108
1509556800,22.700,22.700,22.700,22.700,45,72808
1509556860,22.700,22.700,22.700,22.700,45,72808
1509556920,22.700,22.700,22.700,22.700,45,72808
1509556980,22.700,22.700,22.700,22.700,45,72808
1509557040,22.700,22.700,22.700,22.700,45,72808
1509557100,22.700,22.700,22.700,22.700,45,72808
1509557160,22.700,22.700,22.700,22.700,45,72808
1509557220,22.700,22.700,22.700,22.700,45,72808
1509557280,22.700,22.700,22.700,22.700,45,72808
1509557340,22.700,22.700,22.700,22.700,45,72808
1509557400,22.700,22.700,22.700,22.700,20,73033
1509557460,22.700,22.700,22.700,22.700,20,73033
1509557520,22.700,22.700,22.700,22.700,20,73033
1509557580,22.650,22.650,22.650,22.650,20,73033
1509557640,22.650,22.650,22.650,22.650,20,73033
1509557700,22.650,22.650,22.650,22.650,52,73133
1509557760,22.650,22.650,22.650,22.650,52,73133
1509557820,22.650,22.650,22.650,22.650,52,73133
1509557880,22.650,22.650,22.650,22.650,52,73133
1509557940,22.680,22.680,22.680,22.680,52,73133
1509558000,22.680,22.680,22.680,22.680,224,73393
1509558060,22.680,22.680,22.680,22.680,224,73393
1509558120,22.680,22.680,22.680,22.680,224,73393
1509558180,22.680,22.680,22.680,22.680,224,73393
1509558240,22.700,22.650,22.650,22.700,224,73393
1509558300,22.700,22.650,22.650,22.700,60,74513
1509558360,22.700,22.650,22.650,22.700,60,74513
1509558420,22.680,22.680,22.680,22.680,60,74513
1509558480,22.680,22.680,22.680,22.680,60,74513
1509558540,22.680,22.680,22.680,22.680,60,74513
1509558600,22.680,22.680,22.680,22.680,60,74513
1509558660,22.680,22.680,22.680,22.680,60,74513
1509558720,22.680,22.680,22.680,22.680,60,74513
1509558780,22.680,22.680,22.680,22.680,60,74513
1509558840,22.680,22.680,22.680,22.680,60,74513
1509558900,22.680,22.680,22.680,22.680,60,74513
1509558960,22.680,22.680,22.680,22.680,60,74513
1509559020,22.680,22.680,22.680,22.680,60,74513
1509559080,22.680,22.680,22.680,22.680,60,74513
1509559140,22.680,22.680,22.680,22.680,60,74513
1509559200,22.680,22.680,22.680,22.680,1048,74813
1509559260,22.610,22.610,22.610,22.610,1045,74813
1509559320,22.610,22.610,22.610,22.610,1045,74813
1509559380,22.610,22.610,22.610,22.610,1045,74813
1509559440,22.500,22.500,22.500,22.500,1045,74813
1509559500,22.500,22.500,22.500,22.500,62,80041
1509559560,22.500,22.500,22.500,22.500,59,80041
1509559620,22.500,22.500,22.500,22.500,59,80041
1509559680,22.540,22.540,22.540,22.540,59,80041
1509559740,22.540,22.540,22.540,22.540,59,80041
1509559800,22.540,22.540,22.540,22.540,59,80041
1509559860,22.540,22.540,22.540,22.540,59,80041
1509559920,22.540,22.540,22.540,22.540,59,80041
1509559980,22.540,22.540,22.540,22.540,59,80041
1509560040,22.540,22.540,22.540,22.540,59,80041
1509560100,22.540,22.540,22.540,22.540,90,80339
1509560160,22.540,22.540,22.540,22.540,89,80339
1509560220,22.540,22.540,22.540,22.540,89,80339
1509560280,22.570,22.570,22.570,22.570,89,80339
1509560340,22.570,22.570,22.570,22.570,89,80339
1509560400,22.600,22.600,22.600,22.600,221,80785
1509560460,22.600,22.600,22.600,22.600,220,80785
1509560520,22.600,22.600,22.600,22.600,220,80785
1509560580,22.600,22.600,22.600,22.600,220,80785
1509560640,22.600,22.600,22.600,22.600,220,80785
1509560700,22.600,22.600,22.600,22.600,220,80785
1509560760,22.600,22.600,22.600,22.600,220,80785
1509560820,22.600,22.600,22.600,22.600,220,80785
1509560880,22.600,22.600,22.600,22.600,220,80785
1509560940,22.600,22.600,22.600,22.600,220,80785
1509561000,22.600,22.600,22.600,22.600,220,80785
1509561060,22.600,22.600,22.600,22.600,220,80785
1509561120,22.600,22.600,22.600,22.600,220,80785
1509561180,22.600,22.600,22.600,22.600,220,80785
1509561240,22.600,22.600,22.600,22.600,220,80785
1509561300,22.600,22.600,22.600,22.600,220,80785
1509561360,22.600,22.600,22.600,22.600,220,80785
1509561420,22.600,22.600,22.600,22.600,220,80785
1509561480,22.600,22.600,22.600,22.600,220,80785
1509561540,22.600,22.600,22.600,22.600,220,80785
1509561600,22.600,22.600,22.600,22.600,307,81886
1509561660,22.500,22.600,22.500,22.600,303,81886
1509561720,22.500,22.600,22.500,22.600,303,81886
1509561780,22.500,22.600,22.500,22.600,303,81886
1509561840,22.500,22.600,22.500,22.600,303,81886
1509561900,22.500,22.600,22.500,22.600,303,81886
1509561960,22.500,22.600,22.500,22.600,303,81886
1509562020,22.500,22.600,22.500,22.600,303,81886
1509562080,22.500,22.600,22.500,22.600,303,81886
1509562140,22.500,22.600,22.500,22.600,303,81886
1509562200,22.500,22.600,22.500,22.600,474,83405
1509562260,22.500,22.600,22.500,22.600,474,83405
1509562320,22.500,22.600,22.500,22.600,474,83405
1509562380,22.500,22.600,22.500,22.600,474,83405
1509562440,22.610,22.620,22.600,22.620,474,83405
1509562500,22.610,22.620,22.600,22.620,880,85775
1509562560,22.650,22.650,22.650,22.650,880,85775
1509562620,22.650,22.650,22.650,22.650,880,85775
1509562680,22.650,22.650,22.650,22.650,880,85775
1509562740,22.650,22.650,22.650,22.650,880,85775
1509562800,22.650,22.650,22.650,22.650,342,90175
1509562860,22.650,22.650,22.650,22.650,340,90175
1509562920,22.700,22.700,22.700,22.700,340,90175
1509562980,22.700,22.700,22.700,22.700,340,90175
1509563040,22.700,22.700,22.700,22.700,340,90175
1509563100,22.700,22.700,22.700,22.700,137,91877
1509563160,22.650,22.680,22.650,22.680,133,91877
1509563220,22.650,22.680,22.650,22.680,133,91877
1509563280,22.650,22.680,22.650,22.680,133,91877
1509563340,22.650,22.650,22.650,22.650,133,91877
1509563400,22.650,22.650,22.650,22.650,780,92546
1509563460,22.650,22.650,22.650,22.650,780,92546
1509563520,22.650,22.650,22.650,22.650,780,92546
1509563580,22.650,22.650,22.650,22.650,780,92546
1509563640,22.600,22.600,22.600,22.600,780,92546
1509563700,22.600,22.600,22.600,22.600,2263,96446
1509563760,22.650,22.650,22.650,22.650,2260,96446
1509563820,22.650,22.650,22.650,22.650,2260,96446
1509563880,22.650,22.700,22.650,22.700,2260,96446
1509563940,22.700,22.750,22.700,22.800,2260,96446
1509564000,22.800,22.800,22.800,22.800,1129,107749
1509564060,22.800,22.800,22.800,22.800,1126,107749
1509564120,22.800,22.800,22.800,22.800,1126,107749
1509564180,22.850,22.850,22.850,22.850,1126,107749
1509564240,22.750,22.750,22.750,22.750,1126,107749
1509564300,22.750,22.750,22.750,22.750,724,113382
1509564360,22.750,22.800,22.750,22.820,724,113382
1509564420,22.750,22.800,22.750,22.820,724,113382
1509564480,22.800,22.800,22.800,22.800,724,113382
1509564540,22.800,22.800,22.800,22.800,724,113382
1509564600,22.800,22.800,22.800,22.800,100,117002
1509564660,22.840,22.840,22.840,22.840,100,117002
1509564720,22.840,22.840,22.840,22.840,100,117002
1509564780,22.840,22.840,22.840,22.840,100,117002
1509564840,22.840,22.840,22.840,22.840,100,117002
1509564900,22.820,22.820,22.820,22.820,968,117502
1509564960,22.820,22.820,22.820,22.820,967,117502
1509565020,22.820,22.820,22.820,22.820,967,117502
1509565080,22.820,22.820,22.820,22.820,967,117502
1509565140,22.800,22.800,22.800,22.800,967,117502
1509565200,22.700,22.700,22.700,22.700,869,122338
1509565260,22.700,22.700,22.700,22.700,867,122338
1509565320,22.700,22.700,22.700,22.700,867,122338
1509565380,22.700,22.700,22.700,22.700,867,122338
1509565440,22.650,22.650,22.650,22.650,867,122338
1509565500,22.700,22.700,22.700,22.700,326,126675
1509565560,22.700,22.700,22.700,22.700,323,126675
1509565620,22.700,22.700,22.700,22.700,323,126675
1509565680,22.700,22.700,22.700,22.700,323,126675
1509565740,22.700,22.700,22.700,22.700,323,126675
1509565800,22.700,22.700,22.700,22.700,122,128293
1509565860,22.700,22.700,22.700,22.700,120,128293
1509565920,22.700,22.700,22.700,22.700,120,128293
1509565980,22.700,22.700,22.700,22.700,120,128293
1509566040,22.650,22.650,22.650,22.650,120,128293
1509566100,22.650,22.650,22.650,22.650,5579,128895
1509566160,22.690,22.700,22.690,22.700,5578,128895
1509566220,22.850,22.850,22.850,22.850,5578,128895
1509566280,22.800,22.750,22.750,22.850,5578,128895
1509566340,22.800,23.000,22.800,23.000,5578,128895
1509630060,22.820,22.820,22.820,22.820,0,0
1509630120,22.820,22.820,22.820,22.820,0,0
1509630180,22.820,22.820,22.820,22.820,0,0
1509630240,22.820,22.820,22.820,22.820,0,0
1509630300,22.820,22.820,22.820,22.820,282,0
1509630360,22.820,22.820,22.820,22.820,280,0
1509630420,22.820,22.820,22.820,22.820,280,0
1509630480,22.820,22.820,22.820,22.820,280,0
1509630540,22.860,22.860,22.860,22.860,280,0
1509630600,22.860,22.860,22.860,22.860,105,1402
1509630660,22.860,22.860,22.860,22.860,103,1402
1509630720,22.750,22.800,22.750,22.800,103,1402
1509630780,22.750,22.800,22.750,22.800,103,1402
1509630840,22.750,22.800,22.750,22.800,103,1402
1509630900,22.750,22.800,22.750,22.800,93,1919
1509630960,22.800,22.800,22.800,22.800,89,1919
1509631020,22.800,22.800,22.800,22.800,89,1919
1509631080,22.800,22.800,22.800,22.800,89,1919
1509631140,22.800,22.800,22.800,22.800,89,1919
1509631200,22.800,22.800,22.800,22.800,233,2368
1509631260,22.830,22.830,22.830,22.830,232,2368
1509631320,22.830,22.830,22.830,22.830,232,2368
1509631380,22.830,22.830,22.830,22.830,232,2368
1509631440,22.800,22.800,22.800,22.800,232,2368
1509631500,22.800,22.800,22.800,22.800,232,2368
1509631560,22.800,22.800,22.800,22.800,232,2368
1509631620,22.800,22.800,22.800,22.800,232,2368
1509631680,22.800,22.800,22.800,22.800,232,2368
1509631740,22.800,22.800,22.800,22.800,232,2368
1509631800,22.800,22.800,22.800,22.800,232,2368
1509631860,22.800,22.800,22.800,22.800,232,2368
1509631920,22.800,22.800,22.800,22.800,232,2368
1509631980,22.800,22.800,22.800,22.800,232,2368
1509632040,22.800,22.800,22.800,22.800,232,2368
1509632100,22.800,22.800,22.800,22.800,232,2368
1509632160,22.800,22.800,22.800,22.800,232,2368
1509632220,22.800,22.800,22.800,22.800,232,2368
1509632280,22.800,22.800,22.800,22.800,232,2368
1509632340,22.800,22.800,22.800,22.800,232,2368
1509632400,22.800,22.800,22.800,22.800,232,2368
1509632460,22.800,22.800,22.800,22.800,232,2368
1509632520,22.800,22.800,22.800,22.800,232,2368
1509632580,22.800,22.800,22.800,22.800,232,2368
1509632640,22.800,22.800,22.800,22.800,232,2368
1509632700,22.800,22.800,22.800,22.800,546,3529
1509632760,22.800,22.800,22.800,22.800,546,3529
1509632820,22.800,22.800,22.800,22.800,546,3529
1509632880,22.800,22.800,22.800,22.800,546,3529
1509632940,22.780,22.780,22.780,22.780,546,3529
1509633000,22.780,22.780,22.780,22.780,546,3529
1509633060,22.780,22.780,22.780,22.780,546,3529
1509633120,22.780,22.780,22.780,22.780,546,3529
1509633180,22.780,22.780,22.780,22.780,546,3529
1509633240,22.780,22.780,22.780,22.780,546,3529
1509633300,22.780,22.780,22.780,22.780,546,3529
1509633360,22.780,22.780,22.780,22.780,546,3529
1509633420,22.780,22.780,22.780,22.780,546,3529
1509633480,22.780,22.780,22.780,22.780,546,3529
1509633540,22.780,22.780,22.780,22.780,546,3529
1509633600,22.780,22.780,22.780,22.780,546,3529
1509633660,22.780,22.780,22.780,22.780,546,3529
1509633720,22.780,22.780,22.780,22.780,546,3529
1509633780,22.780,22.780,22.780,22.780,546,3529
1509633840,22.780,22.780,22.780,22.780,546,3529
1509633900,22.780,22.780,22.780,22.780,1521,6259
1509633960,22.870,22.870,22.870,22.870,1521,6259
1509634020,22.870,22.870,22.870,22.870,1521,6259
1509634080,22.900,22.900,22.900,22.900,1521,6259
1509634140,22.900,22.900,22.900,22.900,1521,6259
1509634200,22.900,22.900,22.900,22.900,1521,6259
1509634260,22.900,22.900,22.900,22.900,1521,6259
1509634320,22.900,22.900,22.900,22.900,1521,6259
1509634380,22.900,22.900,22.900,22.900,1521,6259
1509634440,22.900,22.900,22.900,22.900,1521,6259
1509634500,22.900,22.900,22.900,22.900,1521,6259
1509634560,22.900,22.900,22.900,22.900,1521,6259
1509634620,22.900,22.900,22.900,22.900,1521,6259
1509634680,22.900,22.900,22.900,22.900,1521,6259
1509634740,22.900,22.900,22.900,22.900,1521,6259
1509634800,22.900,22.900,22.900,22.900,88,13864
1509634860,22.900,22.900,22.900,22.900,85,13864
1509634920,22.900,22.900,22.900,22.900,85,13864
1509634980,22.930,22.930,22.930,22.930,85,13864
1509635040,22.930,22.930,22.930,22.930,85,13864
1509635100,22.930,22.930,22.930,22.930,433,14292
1509635160,22.930,22.930,22.930,22.930,431,14292
1509635220,22.930,22.930,22.930,22.930,431,14292
1509635280,22.800,22.800,22.800,22.800,431,14292
1509635340,22.800,22.800,22.800,22.800,431,14292
1509635400,22.800,22.800,22.800,22.800,431,14292
1509635460,22.800,22.800,22.800,22.800,431,14292
1509635520,22.800,22.800,22.800,22.800,431,14292
1509635580,22.800,22.800,22.800,22.800,431,14292
1509635640,22.800,22.800,22.800,22.800,431,14292
1509635700,22.800,22.800,22.800,22.800,431,14292
1509635760,22.800,22.800,22.800,22.800,431,14292
1509635820,22.800,22.800,22.800,22.800,431,14292
1509635880,22.800,22.800,22.800,22.800,431,14292
1509635940,22.800,22.800,22.800,22.800,431,14292
1509636000,22.800,22.800,22.800,22.800,424,16449
1509636060,22.880,22.880,22.880,22.880,420,16449
1509636120,22.880,22.880,22.880,22.880,420,16449
1509636180,22.880,22.880,22.880,22.880,420,16449
1509636240,22.880,22.880,22.880,22.880,420,16449
1509636300,22.880,22.880,22.880,22.880,420,16449
1509636360,22.880,22.880,22.880,22.880,420,16449
1509636420,22.880,22.880,22.880,22.880,420,16449
1509636480,22.880,22.880,22.880,22.880,420,16449
1509636540,22.880,22.880,22.880,22.880,420,16449
1509636600,22.880,22.880,22.880,22.880,251,18553
1509636660,22.880,22.880,22.880,22.880,250,18553
1509636720,22.880,22.880,22.880,22.880,250,18553
1509636780,22.880,22.880,22.880,22.880,250,18553
1509636840,22.890,22.890,22.890,22.890,250,18553
1509636900,22.890,22.890,22.890,22.890,250,18553
1509636960,22.890,22.890,22.890,22.890,250,18553
1509637020,22.890,22.890,22.890,22.890,250,18553
1509637080,22.890,22.890,22.890,22.890,250,18553
1509637140,22.890,22.890,22.890,22.890,250,18553
1509637200,22.890,22.890,22.890,22.890,250,18553
1509637260,22.890,22.890,22.890,22.890,250,18553
1509637320,22.890,22.890,22.890,22.890,250,18553
1509637380,22.890,22.890,22.890,22.890,250,18553
1509637440,22.890,22.890,22.890,22.890,250,18553
1509637500,22.890,22.890,22.890,22.890,24,19804
1509637560,22.890,22.890,22.890,22.890,24,19804
1509637620,22.890,22.890,22.890,22.890,24,19804
1509637680,22.890,22.890,22.890,22.890,24,19804
1509637740,22.880,22.880,22.880,22.880,24,19804
1509637800,22.880,22.880,22.880,22.880,60,19924
1509637860,22.860,22.860,22.860,22.860,60,19924
1509637920,22.860,22.860,22.860,22.860,60,19924
1509637980,22.860,22.860,22.860,22.860,60,19924
1509638040,22.860,22.860,22.860,22.860,60,19924
1509638100,22.860,22.860,22.860,22.860,660,20224
1509638160,22.860,22.860,22.860,22.860,660,20224
1509638220,22.860,22.860,22.860,22.860,660,20224
1509638280,22.880,22.880,22.880,22.880,660,20224
1509638340,22.880,22.880,22.880,22.880,660,20224
1509638400,22.880,22.880,22.880,22.880,660,20224
1509638460,22.880,22.880,22.880,22.880,660,20224
1509638520,22.880,22.880,22.880,22.880,660,20224
1509638580,22.880,22.880,22.880,22.880,660,20224
1509638640,22.880,22.880,22.880,22.880,660,20224
1509638700,22.880,22.880,22.880,22.880,24,23524
1509638760,22.880,22.880,22.880,22.880,24,23524
1509638820,22.880,22.880,22.880,22.880,24,23524
1509638880,22.880,22.880,22.880,22.880,24,23524
1509638940,22.880,22.880,22.880,22.880,24,23524
1509639000,22.880,22.880,22.880,22.880,24,23524
1509639060,22.880,22.880,22.880,22.880,24,23524
1509639120,22.880,22.880,22.880,22.880,24,23524
1509639180,22.880,22.880,22.880,22.880,24,23524
1509639240,22.880,22.880,22.880,22.880,24,23524
1509639300,22.880,22.880,22.880,22.880,24,23524
1509639360,22.880,22.880,22.880,22.880,24,23524
1509639420,22.880,22.880,22.880,22.880,24,23524
1509639480,22.880,22.880,22.880,22.880,24,23524
1509639540,22.880,22.880,22.880,22.880,24,23524
1509639600,22.880,22.880,22.880,22.880,98,23644
1509639660,22.870,22.870,22.870,22.870,97,23644
1509639720,22.870,22.870,22.870,22.870,97,23644
1509639780,22.870,22.870,22.870,22.870,97,23644
1509639840,22.870,22.870,22.870,22.870,97,23644
1509639900,22.900,22.900,22.900,22.900,24,24130
1509639960,22.900,22.900,22.900,22.900,24,24130
1509640020,22.900,22.900,22.900,22.900,24,24130
1509640080,22.900,22.900,22.900,22.900,24,24130
1509640140,22.900,22.900,22.900,22.900,24,24130
1509640200,22.900,22.900,22.900,22.900,804,24250
1509640260,22.900,22.900,22.900,22.900,804,24250
1509640320,22.900,22.900,22.900,22.900,804,24250
1509640380,22.950,22.950,22.950,22.950,804,24250
1509640440,22.950,22.950,22.950,22.950,804,24250
1509640500,22.950,22.950,22.950,22.950,464,28270
1509640560,22.950,22.950,22.950,22.950,464,28270
1509640620,22.950,22.950,22.950,22.950,464,28270
1509640680,22.950,22.950,22.950,22.950,464,28270
1509640740,22.950,22.950,22.950,22.950,464,28270
1509640800,22.950,22.950,22.950,22.950,464,28270
1509640860,22.950,22.950,22.950,22.950,464,28270
1509640920,22.950,22.950,22.950,22.950,464,28270
1509640980,22.950,22.950,22.950,22.950,464,28270
1509641040,22.950,22.950,22.950,22.950,464,28270
1509641100,22.950,22.950,22.950,22.950,464,28270
1509641160,22.950,22.950,22.950,22.950,464,28270
1509641220,22.950,22.950,22.950,22.950,464,28270
1509641280,22.950,22.950,22.950,22.950,464,28270
1509641340,22.950,22.950,22.950,22.950,464,28270
1509641400,22.950,22.950,22.950,22.950,64,30590
1509641460,22.950,22.950,22.950,22.950,64,30590
1509641520,22.950,22.950,22.950,22.950,64,30590
1509641580,22.920,22.920,22.920,22.920,64,30590
1509641640,22.920,22.920,22.920,22.920,64,30590
1509641700,22.920,22.920,22.920,22.920,40,30910
1509641760,22.950,22.950,22.950,22.950,40,30910
1509641820,22.950,22.950,22.950,22.950,40,30910
1509641880,22.950,22.950,22.950,22.950,40,30910
1509641940,22.950,22.950,22.950,22.950,40,30910
1509642000,22.950,22.950,22.950,22.950,234,31110
1509642060,22.950,22.950,22.950,22.950,232,31110
1509642120,22.950,22.950,22.950,22.950,232,31110
1509642180,23.000,23.000,23.000,23.000,232,31110
1509642240,23.000,23.000,23.000,23.000,232,31110
1509642300,23.000,23.000,23.000,23.000,232,31110
1509642360,23.000,23.000,23.000,23.000,232,31110
1509642420,23.000,23.000,23.000,23.000,232,31110
1509642480,23.000,23.000,23.000,23.000,232,31110
1509642540,23.000,23.000,23.000,23.000,232,31110
1509642600,23.000,23.000,23.000,23.000,232,31110
1509642660,23.000,23.000,23.000,23.000,232,31110
1509642720,23.000,23.000,23.000,23.000,232,31110
1509642780,23.000,23.000,23.000,23.000,232,31110
1509642840,23.000,23.000,23.000,23.000,232,31110
1509642900,23.000,23.000,23.000,23.000,232,31110
1509642960,23.000,23.000,23.000,23.000,232,31110
1509643020,23.000,23.000,23.000,23.000,232,31110
1509643080,23.000,23.000,23.000,23.000,232,31110
1509643140,23.000,23.000,23.000,23.000,232,31110
1509643200,23.000,23.000,23.000,23.000,232,31110
1509643260,23.000,23.000,23.000,23.000,232,31110
1509643320,23.000,23.000,23.000,23.000,232,31110
1509643380,23.000,23.000,23.000,23.000,232,31110
1509643440,23.000,23.000,23.000,23.000,232,31110
1509643500,23.000,23.000,23.000,23.000,232,31110
1509643560,23.000,23.000,23.000,23.000,232,31110
1509643620,23.000,23.000,23.000,23.000,232,31110
1509643680,23.000,23.000,23.000,23.000,232,31110
1509643740,23.000,23.000,23.000,23.000,232,31110
1509643800,23.000,23.000,23.000,23.000,232,31110
1509643860,23.000,23.000,23.000,23.000,232,31110
1509643920,23.000,23.000,23.000,23.000,232,31110
1509643980,23.000,23.000,23.000,23.000,232,31110
1509644040,23.000,23.000,23.000,23.000,232,31110
1509644100,23.000,23.000,23.000,23.000,433,32272
1509644160,23.000,23.000,23.000,23.000,429,32272
1509644220,23.000,23.000,23.000,23.000,429,32272
1509644280,23.000,23.000,23.000,23.000,429,32272
1509644340,23.000,23.110,23.000,23.110,429,32272
1509644400,23.000,23.110,23.000,23.110,102,34421
1509644460,23.100,23.100,23.100,23.100,102,34421
1509644520,23.100,23.100,23.100,23.100,102,34421
1509644580,23.100,23.100,23.100,23.100,102,34421
1509644640,23.100,23.100,23.100,23.100,102,34421
1509644700,23.100,23.100,23.100,23.100,102,34421
1509644760,23.100,23.100,23.100,23.100,102,34421
1509644820,23.100,23.100,23.100,23.100,102,34421
1509644880,23.100,23.100,23.100,23.100,102,34421
1509644940,23.100,23.100,23.100,23.100,102,34421
1509645000,23.100,23.100,23.100,23.100,102,34421
1509645060,23.100,23.100,23.100,23.100,102,34421
1509645120,23.100,23.100,23.100,23.100,102,34421
1509645180,23.100,23.100,23.100,23.100,102,34421
1509645240,23.100,23.100,23.100,23.100,102,34421
1509645300,23.100,23.100,23.100,23.100,102,34421
1509645360,23.100,23.100,23.100,23.100,102,34421
1509645420,23.100,23.100,23.100,23.100,102,34421
1509645480,23.100,23.100,23.100,23.100,102,34421
1509645540,23.100,23.100,23.100,23.100,102,34421
1509645600,23.100,23.100,23.100,23.100,102,34421
1509645660,23.100,23.100,23.100,23.100,102,34421
1509645720,23.100,23.100,23.100,23.100,102,34421
1509645780,23.100,23.100,23.100,23.100,102,34421
1509645840,23.100,23.100,23.100,23.100,102,34421
1509645900,23.050,23.050,23.050,23.050,268,34931
1509645960,23.050,23.050,23.050,23.050,265,34931
1509646020,23.050,23.050,23.050,23.050,265,34931
1509646080,23.050,23.050,23.050,23.050,265,34931
1509646140,23.050,23.050,23.050,23.050,265,34931
1509646200,22.950,22.950,22.950,22.950,160,36259
1509646260,23.050,23.050,23.050,23.050,160,36259
1509646320,23.050,23.050,23.050,23.050,160,36259
1509646380,23.050,23.050,23.050,23.050,160,36259
1509646440,23.050,23.050,23.050,23.050,160,36259
1509646500,23.050,23.050,23.050,23.050,54,37059
1509646560,23.050,23.050,23.050,23.050,50,37059
1509646620,23.050,23.050,23.050,23.050,50,37059
1509646680,23.050,23.050,23.050,23.050,50,37059
1509646740,23.050,23.050,23.050,23.050,50,37059
1509646800,23.000,23.000,23.000,23.000,20,37313
1509646860,23.000,23.000,23.000,23.000,20,37313
1509646920,23.000,23.000,23.000,23.000,20,37313
1509646980,23.000,23.000,23.000,23.000,20,37313
1509647040,23.000,23.000,23.000,23.000,20,37313
1509647100,23.000,23.000,23.000,23.000,20,37313
1509647160,23.000,23.000,23.000,23.000,20,37313
1509647220,23.000,23.000,23.000,23.000,20,37313
1509647280,23.000,23.000,23.000,23.000,20,37313
1509647340,23.000,23.000,23.000,23.000,20,37313
1509647400,23.000,23.000,23.000,23.000,124,37413
1509647460,23.000,23.000,23.000,23.000,124,37413
1509647520,23.000,23.000,23.000,23.000,124,37413
1509647580,23.000,23.000,23.000,23.000,124,37413
1509647640,23.000,23.000,23.000,23.000,124,37413
1509647700,23.000,23.000,23.000,23.000,40,38033
1509647760,23.000,23.000,23.000,23.000,40,38033
1509647820,23.000,23.000,23.000,23.000,40,38033
1509647880,23.000,23.000,23.000,23.000,40,38033
1509647940,23.000,23.000,23.000,23.000,40,38033
1509648000,23.000,23.000,23.000,23.000,441,38233
1509648060,23.000,23.000,23.000,23.000,441,38233
1509648120,23.000,23.000,23.000,23.000,441,38233
1509648180,23.000,23.000,23.000,23.000,441,38233
1509648240,23.000,23.000,23.000,23.000,441,38233
1509648300,23.000,23.000,23.000,23.000,21,40438
1509648360,23.000,23.000,23.000,23.000,20,40438
1509648420,23.000,23.000,23.000,23.000,20,40438
1509648480,23.000,23.000,23.000,23.000,20,40438
1509648540,23.000,23.000,23.000,23.000,20,40438
1509648600,23.000,23.000,23.000,23.000,141,40539
1509648660,22.950,22.950,22.950,22.950,141,40539
1509648720,22.950,22.950,22.950,22.950,141,40539
1509648780,22.950,22.950,22.950,22.950,141,40539
1509648840,22.950,22.950,22.950,22.950,141,40539
1509648900,22.950,22.950,22.950,22.950,266,41244
1509648960,22.950,23.050,22.950,23.050,263,41244
1509649020,23.050,23.050,23.050,23.050,263,41244
1509649080,23.050,23.050,23.050,23.050,263,41244
1509649140,23.050,23.050,23.050,23.050,263,41244
1509649200,23.050,23.050,23.050,23.050,263,41244
1509649260,23.050,23.050,23.050,23.050,263,41244
1509649320,23.050,23.050,23.050,23.050,263,41244
1509649380,23.050,23.050,23.050,23.050,263,41244
1509649440,23.050,23.050,23.050,23.050,263,41244
1509649500,23.050,23.050,23.050,23.050,263,41244
1509649560,23.050,23.050,23.050,23.050,263,41244
1509649620,23.050,23.050,23.050,23.050,263,41244
1509649680,23.050,23.050,23.050,23.050,263,41244
1509649740,23.050,23.050,23.050,23.050,263,41244
1509649800,23.050,23.050,23.050,23.050,1127,42562
1509649860,23.050,23.050,23.050,23.050,1126,42562
1509649920,23.050,23.050,23.050,23.050,1126,42562
1509649980,23.100,23.100,23.100,23.100,1126,42562
1509650040,23.100,23.100,23.100,23.100,1126,42562
1509650100,23.100,23.100,23.100,23.100,1126,42562
1509650160,23.100,23.100,23.100,23.100,1126,42562
1509650220,23.100,23.100,23.100,23.100,1126,42562
1509650280,23.100,23.100,23.100,23.100,1126,42562
1509650340,23.100,23.100,23.100,23.100,1126,42562
1509650400,23.100,23.100,23.100,23.100,1126,42562
1509650460,23.100,23.100,23.100,23.100,1126,42562
1509650520,23.100,23.100,23.100,23.100,1126,42562
1509650580,23.100,23.100,23.100,23.100,1126,42562
1509650640,23.100,23.100,23.100,23.100,1126,42562
1509650700,23.100,23.100,23.100,23.100,1126,42562
1509650760,23.100,23.100,23.100,23.100,1126,42562
1509650820,23.100,23.100,23.100,23.100,1126,42562
1509650880,23.100,23.100,23.100,23.100,1126,42562
1509650940,23.100,23.100,23.100,23.100,1126,42562
1509651000,23.100,23.100,23.100,23.100,1126,42562
1509651060,23.100,23.100,23.100,23.100,1126,42562
1509651120,23.100,23.100,23.100,23.100,1126,42562
1509651180,23.100,23.100,23.100,23.100,1126,42562
1509651240,23.100,23.100,23.100,23.100,1126,42562
1509651300,23.100,23.100,23.100,23.100,1126,42562
1509651360,23.100,23.100,23.100,23.100,1126,42562
1509651420,23.100,23.100,23.100,23.100,1126,42562
1509651480,23.100,23.100,23.100,23.100,1126,42562
1509651540,23.100,23.100,23.100,23.100,1126,42562
1509651600,23.100,23.100,23.100,23.100,1126,42562
1509651660,23.100,23.100,23.100,23.100,1126,42562
1509651720,23.100,23.100,23.100,23.100,1126,42562
1509651780,23.100,23.100,23.100,23.100,1126,42562
1509651840,23.100,23.100,23.100,23.100,1126,42562
1509651900,23.100,23.100,23.100,23.100,136,48193
1509651960,23.100,23.100,23.100,23.100,134,48193
1509652020,23.100,23.100,23.100,23.100,134,48193
1509652080,23.100,23.100,23.100,23.100,134,48193
1509652140,23.050,23.050,23.050,23.050,134,48193
1509652200,23.050,23.050,23.050,23.050,300,48865
1509652260,23.050,23.050,23.050,23.050,300,48865
1509652320,23.100,23.100,23.100,23.100,300,48865
1509652380,23.100,23.100,23.100,23.100,300,48865
1509652440,23.100,23.100,23.100,23.100,300,48865
1509652500,23.100,23.100,23.100,23.100,351,50365
1509652560,23.100,23.100,23.100,23.100,351,50365
1509652620,23.100,23.100,23.100,23.100,351,50365
1509652680,23.100,23.100,23.100,23.100,351,50365
1509652740,23.000,23.000,23.000,23.000,351,50365
1509715800,22.950,22.950,22.950,22.950,196,0
1509715860,22.950,22.950,22.950,22.950,195,0
1509715920,22.950,22.950,22.950,22.950,195,0
1509715980,22.850,22.850,22.850,22.850,195,0
1509716040,22.850,22.850,22.850,22.850,195,0
1509716100,22.850,22.850,22.850,22.850,195,0
1509716160,22.850,22.850,22.850,22.850,195,0
1509716220,22.850,22.850,22.850,22.850,195,0
1509716280,22.850,22.850,22.850,22.850,195,0
1509716340,22.850,22.850,22.850,22.850,195,0
1509716400,22.850,22.850,22.850,22.850,195,0
1509716460,22.850,22.850,22.850,22.850,195,0
1509716520,22.850,22.850,22.850,22.850,195,0
1509716580,22.850,22.850,22.850,22.850,195,0
1509716640,22.850,22.850,22.850,22.850,195,0
1509716700,22.850,22.850,22.850,22.850,195,0
1509716760,22.850,22.850,22.850,22.850,195,0
1509716820,22.850,22.850,22.850,22.850,195,0
1509716880,22.850,22.850,22.850,22.850,195,0
1509716940,22.850,22.850,22.850,22.850,195,0
1509717000,22.850,22.850,22.850,22.850,195,0
1509717060,22.850,22.850,22.850,22.850,195,0
1509717120,22.850,22.850,22.850,22.850,195,0
1509717180,22.850,22.850,22.850,22.850,195,0
1509717240,22.850,22.850,22.850,22.850,195,0
1509717300,22.850,22.850,22.850,22.850,195,0
1509717360,22.850,22.850,22.850,22.850,195,0
1509717420,22.850,22.850,22.850,22.850,195,0
1509717480,22.850,22.850,22.850,22.850,195,0
1509717540,22.850,22.850,22.850,22.850,195,0
1509717600,22.850,22.850,22.850,22.850,122,976
1509717660,22.850,22.850,22.850,22.850,122,976
1509717720,22.850,22.850,22.850,22.850,122,976
1509717780,22.850,22.850,22.850,22.850,122,976
1509717840,22.700,22.700,22.700,22.700,122,976
1509717900,22.700,22.700,22.700,22.700,122,976
1509717960,22.700,22.700,22.700,22.700,122,976
1509718020,22.700,22.700,22.700,22.700,122,976
1509718080,22.700,22.700,22.700,22.700,122,976
1509718140,22.700,22.700,22.700,22.700,122,976
1509718200,22.700,22.700,22.700,22.700,122,976
1509718260,22.700,22.700,22.700,22.700,122,976
1509718320,22.700,22.700,22.700,22.700,122,976
1509718380,22.700,22.700,22.700,22.700,122,976
1509718440,22.700,22.700,22.700,22.700,122,976
1509718500,22.790,22.790,22.790,22.790,440,1586
1509718560,22.790,22.790,22.790,22.790,440,1586
1509718620,22.790,22.790,22.790,22.790,440,1586
1509718680,22.790,22.790,22.790,22.790,440,1586
1509718740,22.790,22.790,22.790,22.790,440,1586
1509718800,22.790,22.790,22.790,22.790,440,1586
1509718860,22.790,22.790,22.790,22.790,440,1586
1509718920,22.790,22.790,22.790,22.790,440,1586
1509718980,22.790,22.790,22.790,22.790,440,1586
1509719040,22.790,22.790,22.790,22.790,440,1586
1509719100,22.790,22.790,22.790,22.790,440,1586
1509719160,22.790,22.790,22.790,22.790,440,1586
1509719220,22.790,22.790,22.790,22.790,440,1586
1509719280,22.790,22.790,22.790,22.790,440,1586
1509719340,22.790,22.790,22.790,22.790,440,1586
1509719400,22.790,22.790,22.790,22.790,348,3786
1509719460,22.910,22.910,22.910,22.910,344,3786
1509719520,22.910,22.910,22.910,22.910,344,3786
1509719580,22.910,22.910,22.910,22.910,344,3786
1509719640,22.910,22.910,22.910,22.910,344,3786
1509719700,22.910,22.910,22.910,22.910,344,3786
1509719760,22.910,22.910,22.910,22.910,344,3786
1509719820,22.910,22.910,22.910,22.910,344,3786
1509719880,22.910,22.910,22.910,22.910,344,3786
1509719940,22.910,22.910,22.910,22.910,344,3786
1509720000,22.910,22.910,22.910,22.910,324,5510
1509720060,22.900,22.900,22.900,22.900,322,5510
1509720120,22.950,22.950,22.950,22.950,322,5510
1509720180,22.950,22.950,22.950,22.950,322,5510
1509720240,22.950,22.950,22.950,22.950,322,5510
1509720300,22.950,22.950,22.950,22.950,322,5510
1509720360,22.950,22.950,22.950,22.950,322,5510
1509720420,22.950,22.950,22.950,22.950,322,5510
1509720480,22.950,22.950,22.950,22.950,322,5510
1509720540,22.950,22.950,22.950,22.950,322,5510
1509720600,22.950,22.950,22.950,22.950,322,5510
1509720660,22.950,22.950,22.950,22.950,322,5510
1509720720,22.950,22.950,22.950,22.950,322,5510
1509720780,22.950,22.950,22.950,22.950,322,5510
1509720840,22.950,22.950,22.950,22.950,322,5510
1509720900,22.950,22.950,22.950,22.950,369,7122
1509720960,22.950,22.950,22.950,22.950,368,7122
1509721020,22.950,22.950,22.950,22.950,368,7122
1509721080,22.950,22.950,22.950,22.950,368,7122
1509721140,23.010,23.010,23.010,23.010,368,7122
1509721200,23.010,23.010,23.010,23.010,335,8963
1509721260,23.010,23.010,23.010,23.010,333,8963
1509721320,23.100,23.100,23.100,23.100,333,8963
1509721380,23.100,23.100,23.100,23.100,333,8963
1509721440,23.100,23.100,23.100,23.100,333,8963
1509721500,23.100,23.100,23.100,23.100,360,10630
1509721560,23.100,23.100,23.100,23.100,360,10630
1509721620,23.100,23.100,23.100,23.100,360,10630
1509721680,23.100,23.100,23.100,23.100,360,10630
1509721740,23.100,23.100,23.100,23.100,360,10630
1509721800,23.100,23.100,23.100,23.100,360,10630
1509721860,23.100,23.100,23.100,23.100,360,10630
1509721920,23.100,23.100,23.100,23.100,360,10630
1509721980,23.100,23.100,23.100,23.100,360,10630
1509722040,23.100,23.100,23.100,23.100,360,10630
1509722100,23.100,23.100,23.100,23.100,360,10630
1509722160,23.100,23.100,23.100,23.100,360,10630
1509722220,23.100,23.100,23.100,23.100,360,10630
1509722280,23.100,23.100,23.100,23.100,360,10630
1509722340,23.100,23.100,23.100,23.100,360,10630
1509722400,23.100,23.100,23.100,23.100,307,12430
1509722460,23.100,23.100,23.100,23.100,304,12430
1509722520,23.050,23.050,23.050,23.050,304,12430
1509722580,23.050,23.050,23.050,23.050,304,12430
1509722640,23.050,23.050,23.050,23.050,304,12430
1509722700,22.960,22.960,22.960,22.960,660,13953
1509722760,22.960,22.960,22.960,22.960,660,13953
1509722820,22.960,22.960,22.960,22.960,660,13953
1509722880,22.960,22.960,22.960,22.960,660,13953
1509722940,22.960,22.960,22.960,22.960,660,13953
1509723000,22.960,22.960,22.960,22.960,660,13953
1509723060,22.960,22.960,22.960,22.960,660,13953
1509723120,22.960,22.960,22.960,22.960,660,13953
1509723180,22.960,22.960,22.960,22.960,660,13953
1509723240,22.960,22.960,22.960,22.960,660,13953
1509723300,22.960,22.960,22.960,22.960,168,17253
1509723360,22.960,22.960,22.960,22.960,166,17253
1509723420,22.960,22.960,22.960,22.960,166,17253
1509723480,23.050,23.050,23.050,23.050,166,17253
1509723540,23.050,23.050,23.050,23.050,166,17253
1509723600,23.050,23.050,23.050,23.050,236,18085
1509723660,22.990,22.990,22.990,22.990,233,18085
1509723720,22.980,22.980,22.980,22.980,233,18085
1509723780,22.980,22.980,22.980,22.980,233,18085
1509723840,22.980,22.980,22.980,22.980,233,18085
1509723900,22.980,22.980,22.980,22.980,214,19253
1509723960,23.000,23.000,23.000,23.000,214,19253
1509724020,23.000,23.000,23.000,23.000,214,19253
1509724080,23.000,23.000,23.000,23.000,214,19253
1509724140,23.000,23.000,23.000,23.000,214,19253
1509724200,23.000,23.000,23.000,23.000,140,20323
1509724260,22.950,22.950,22.950,22.950,140,20323
1509724320,22.950,22.950,22.950,22.950,140,20323
1509724380,22.950,22.950,22.950,22.950,140,20323
1509724440,22.950,22.950,22.950,22.950,140,20323
1509724500,22.950,22.950,22.950,22.950,140,20323
1509724560,22.950,22.950,22.950,22.950,140,20323
1509724620,22.950,22.950,22.950,22.950,140,20323
1509724680,22.950,22.950,22.950,22.950,140,20323
1509724740,22.950,22.950,22.950,22.950,140,20323
1509724800,22.950,22.950,22.950,22.950,257,21023
1509724860,22.950,22.950,22.950,22.950,257,21023
1509724920,23.100,23.100,23.100,23.100,257,21023
1509724980,23.100,23.100,23.100,23.100,257,21023
1509725040,23.100,23.100,23.100,23.100,257,21023
1509725100,23.100,23.100,23.100,23.100,257,21023
1509725160,23.100,23.100,23.100,23.100,257,21023
1509725220,23.100,23.100,23.100,23.100,257,21023
1509725280,23.100,23.100,23.100,23.100,257,21023
1509725340,23.100,23.100,23.100,23.100,257,21023
1509725400,23.100,23.100,23.100,23.100,1327,22308
1509725460,23.100,23.100,23.100,23.100,1327,22308
1509725520,23.100,23.100,23.100,23.100,1327,22308
1509725580,23.150,23.150,23.150,23.150,1327,22308
1509725640,23.150,23.150,23.150,23.150,1327,22308
1509725700,23.150,23.150,23.150,23.150,242,28943
1509725760,23.150,23.150,23.150,23.150,239,28943
1509725820,23.180,23.180,23.180,23.180,239,28943
1509725880,23.180,23.180,23.180,23.180,239,28943
1509725940,23.180,23.180,23.180,23.180,239,28943
1509726000,23.180,23.180,23.180,23.180,402,30141
1509726060,23.180,23.180,23.180,23.180,401,30141
1509726120,23.250,23.250,23.250,23.250,401,30141
1509726180,23.250,23.250,23.250,23.250,401,30141
1509726240,23.200,23.200,23.200,23.200,401,30141
1509726300,23.200,23.200,23.200,23.200,401,30141
1509726360,23.200,23.200,23.200,23.200,401,30141
1509726420,23.200,23.200,23.200,23.200,401,30141
1509726480,23.200,23.200,23.200,23.200,401,30141
1509726540,23.200,23.200,23.200,23.200,401,30141
1509726600,23.200,23.200,23.200,23.200,401,30141
1509726660,23.200,23.200,23.200,23.200,401,30141
1509726720,23.200,23.200,23.200,23.200,401,30141
1509726780,23.200,23.200,23.200,23.200,401,30141
1509726840,23.200,23.200,23.200,23.200,401,30141
1509726900,23.200,23.200,23.200,23.200,401,30141
1509726960,23.200,23.200,23.200,23.200,401,30141
1509727020,23.200,23.200,23.200,23.200,401,30141
1509727080,23.200,23.200,23.200,23.200,401,30141
1509727140,23.200,23.200,23.200,23.200,401,30141
1509727200,23.200,23.200,23.200,23.200,379,32147
1509727260,23.320,23.320,23.320,23.320,379,32147
1509727320,23.270,23.250,23.250,23.270,379,32147
1509727380,23.270,23.250,23.250,23.270,379,32147
1509727440,23.270,23.250,23.250,23.270,379,32147
1509727500,23.270,23.250,23.250,23.270,176,34042
1509727560,23.270,23.250,23.250,23.270,172,34042
1509727620,23.270,23.250,23.250,23.270,172,34042
1509727680,23.270,23.250,23.250,23.270,172,34042
1509727740,23.350,23.350,23.350,23.350,172,34042
1509727800,23.350,23.350,23.350,23.350,85,34906
1509727860,23.350,23.350,23.350,23.350,82,34906
1509727920,23.350,23.350,23.350,23.350,82,34906
1509727980,23.310,23.310,23.310,23.310,82,34906
1509728040,23.310,23.310,23.310,23.310,82,34906
1509728100,23.310,23.310,23.310,23.310,82,34906
1509728160,23.310,23.310,23.310,23.310,82,34906
1509728220,23.310,23.310,23.310,23.310,82,34906
1509728280,23.310,23.310,23.310,23.310,82,34906
1509728340,23.310,23.310,23.310,23.310,82,34906
1509728400,23.310,23.310,23.310,23.310,82,34906
1509728460,23.310,23.310,23.310,23.310,82,34906
1509728520,23.310,23.310,23.310,23.310,82,34906
1509728580,23.310,23.310,23.310,23.310,82,34906
1509728640,23.310,23.310,23.310,23.310,82,34906
1509728700,23.310,23.310,23.310,23.310,131,35319
1509728760,23.310,23.310,23.310,23.310,131,35319
1509728820,23.250,23.250,23.250,23.250,131,35319
1509728880,23.250,23.250,23.250,23.250,131,35319
1509728940,23.250,23.250,23.250,23.250,131,35319
1509729000,23.250,23.250,23.250,23.250,131,35319
1509729060,23.250,23.250,23.250,23.250,131,35319
1509729120,23.250,23.250,23.250,23.250,131,35319
1509729180,23.250,23.250,23.250,23.250,131,35319
1509729240,23.250,23.250,23.250,23.250,131,35319
1509729300,23.250,23.250,23.250,23.250,131,35319
1509729360,23.250,23.250,23.250,23.250,131,35319
1509729420,23.250,23.250,23.250,23.250,131,35319
1509729480,23.250,23.250,23.250,23.250,131,35319
1509729540,23.250,23.250,23.250,23.250,131,35319
1509729600,23.250,23.250,23.250,23.250,131,35319
1509729660,23.250,23.250,23.250,23.250,131,35319
1509729720,23.250,23.250,23.250,23.250,131,35319
1509729780,23.250,23.250,23.250,23.250,131,35319
1509729840,23.250,23.250,23.250,23.250,131,35319
1509729900,23.250,23.250,23.250,23.250,131,35319
1509729960,23.250,23.250,23.250,23.250,131,35319
1509730020,23.250,23.250,23.250,23.250,131,35319
1509730080,23.250,23.250,23.250,23.250,131,35319
1509730140,23.250,23.250,23.250,23.250,131,35319
1509730200,23.250,23.250,23.250,23.250,401,35974
1509730260,23.250,23.250,23.250,23.250,401,35974
1509730320,23.250,23.250,23.250,23.250,401,35974
1509730380,23.200,23.200,23.200,23.200,401,35974
1509730440,23.200,23.200,23.200,23.200,401,35974
1509730500,23.200,23.200,23.200,23.200,401,35974
1509730560,23.200,23.200,23.200,23.200,401,35974
1509730620,23.200,23.200,23.200,23.200,401,35974
1509730680,23.200,23.200,23.200,23.200,401,35974
1509730740,23.200,23.200,23.200,23.200,401,35974
1509730800,23.200,23.200,23.200,23.200,401,35974
1509730860,23.200,23.200,23.200,23.200,401,35974
1509730920,23.200,23.200,23.200,23.200,401,35974
1509730980,23.200,23.200,23.200,23.200,401,35974
1509731040,23.200,23.200,23.200,23.200,401,35974
1509731100,23.200,23.200,23.200,23.200,456,37979
1509731160,23.150,23.180,23.150,23.180,454,37979
1509731220,23.150,23.180,23.150,23.180,454,37979
1509731280,23.150,23.180,23.150,23.180,454,37979
1509731340,23.150,23.180,23.150,23.180,454,37979
1509731400,23.150,23.180,23.150,23.180,454,37979
1509731460,23.150,23.180,23.150,23.180,454,37979
1509731520,23.150,23.180,23.150,23.180,454,37979
1509731580,23.150,23.180,23.150,23.180,454,37979
1509731640,23.150,23.180,23.150,23.180,454,37979
1509731700,23.150,23.180,23.150,23.180,454,37979
1509731760,23.150,23.180,23.150,23.180,454,37979
1509731820,23.150,23.180,23.150,23.180,454,37979
1509731880,23.150,23.180,23.150,23.180,454,37979
1509731940,23.150,23.180,23.150,23.180,454,37979
1509732000,23.150,23.180,23.150,23.180,454,37979
1509732060,23.150,23.180,23.150,23.180,454,37979
1509732120,23.150,23.180,23.150,23.180,454,37979
1509732180,23.150,23.180,23.150,23.180,454,37979
1509732240,23.150,23.180,23.150,23.180,454,37979
1509732300,23.150,23.180,23.150,23.180,454,37979
1509732360,23.150,23.180,23.150,23.180,454,37979
1509732420,23.150,23.180,23.150,23.180,454,37979
1509732480,23.150,23.180,23.150,23.180,454,37979
1509732540,23.150,23.180,23.150,23.180,454,37979
1509732600,23.150,23.180,23.150,23.180,800,40251
1509732660,23.150,23.180,23.150,23.180,800,40251
1509732720,23.150,23.180,23.150,23.180,800,40251
1509732780,23.200,23.220,23.200,23.220,800,40251
1509732840,23.200,23.220,23.200,23.220,800,40251
1509732900,23.200,23.220,23.200,23.220,156,44251
1509732960,23.200,23.220,23.200,23.220,156,44251
1509733020,23.200,23.200,23.200,23.200,156,44251
1509733080,23.200,23.200,23.200,23.200,156,44251
1509733140,23.200,23.200,23.200,23.200,156,44251
1509733200,23.200,23.200,23.200,23.200,420,45031
1509733260,23.200,23.200,23.200,23.200,420,45031
1509733320,23.200,23.150,23.150,23.200,420,45031
1509733380,23.200,23.150,23.150,23.200,420,45031
1509733440,23.200,23.150,23.150,23.200,420,45031
1509733500,23.200,23.150,23.150,23.200,420,45031
1509733560,23.200,23.150,23.150,23.200,420,45031
1509733620,23.200,23.150,23.150,23.200,420,45031
1509733680,23.200,23.150,23.150,23.200,420,45031
1509733740,23.200,23.150,23.150,23.200,420,45031
1509733800,23.200,23.150,23.150,23.200,23,47131
1509733860,23.200,23.150,23.150,23.200,21,47131
1509733920,23.200,23.150,23.150,23.200,21,47131
1509733980,23.200,23.150,23.150,23.200,21,47131
1509734040,23.200,23.200,23.200,23.200,21,47131
1509734100,23.200,23.200,23.200,23.200,21,47131
1509734160,23.200,23.200,23.200,23.200,21,47131
1509734220,23.200,23.200,23.200,23.200,21,47131
1509734280,23.200,23.200,23.200,23.200,21,47131
1509734340,23.200,23.200,23.200,23.200,21,47131
1509734400,23.170,23.170,23.170,23.170,121,47238
1509734460,23.170,23.170,23.170,23.170,118,47238
1509734520,23.170,23.170,23.170,23.170,118,47238
1509734580,23.170,23.170,23.170,23.170,118,47238
1509734640,23.170,23.170,23.170,23.170,118,47238
1509734700,23.170,23.170,23.170,23.170,118,47238
1509734760,23.170,23.170,23.170,23.170,118,47238
1509734820,23.170,23.170,23.170,23.170,118,47238
1509734880,23.170,23.170,23.170,23.170,118,47238
1509734940,23.170,23.170,23.170,23.170,118,47238
1509735000,23.170,23.170,23.170,23.170,28,47831
1509735060,23.170,23.170,23.170,23.170,28,47831
1509735120,23.150,23.150,23.150,23.150,28,47831
1509735180,23.150,23.150,23.150,23.150,28,47831
1509735240,23.150,23.150,23.150,23.150,28,47831
1509735300,23.150,23.150,23.150,23.150,28,47831
1509735360,23.150,23.150,23.150,23.150,28,47831
1509735420,23.150,23.150,23.150,23.150,28,47831
1509735480,23.150,23.150,23.150,23.150,28,47831
1509735540,23.150,23.150,23.150,23.150,28,47831
1509735600,23.150,23.150,23.150,23.150,28,47831
1509735660,23.150,23.150,23.150,23.150,28,47831
1509735720,23.150,23.150,23.150,23.150,28,47831
1509735780,23.150,23.150,23.150,23.150,28,47831
1509735840,23.150,23.150,23.150,23.150,28,47831
1509735900,23.150,23.150,23.150,23.150,28,47831
1509735960,23.150,23.150,23.150,23.150,28,47831
1509736020,23.150,23.150,23.150,23.150,28,47831
1509736080,23.150,23.150,23.150,23.150,28,47831
1509736140,23.150,23.150,23.150,23.150,28,47831
1509736200,23.150,23.150,23.150,23.150,28,47831
1509736260,23.150,23.150,23.150,23.150,28,47831
1509736320,23.150,23.150,23.150,23.150,28,47831
1509736380,23.150,23.150,23.150,23.150,28,47831
1509736440,23.150,23.150,23.150,23.150,28,47831
1509736500,23.150,23.150,23.150,23.150,28,47831
1509736560,23.150,23.150,23.150,23.150,28,47831
1509736620,23.150,23.150,23.150,23.150,28,47831
1509736680,23.150,23.150,23.150,23.150,28,47831
1509736740,23.150,23.150,23.150,23.150,28,47831
1509736800,23.150,23.150,23.150,23.150,873,47971
1509736860,23.200,23.200,23.200,23.200,869,47971
1509736920,23.200,23.200,23.200,23.200,869,47971
1509736980,23.200,23.200,23.200,23.200,869,47971
1509737040,23.200,23.160,23.160,23.200,869,47971
1509737100,23.200,23.160,23.160,23.200,869,47971
1509737160,23.200,23.160,23.160,23.200,869,47971
1509737220,23.200,23.160,23.160,23.200,869,47971
1509737280,23.200,23.160,23.160,23.200,869,47971
1509737340,23.200,23.160,23.160,23.200,869,47971
1509737400,23.200,23.160,23.160,23.200,869,47971
1509737460,23.200,23.160,23.160,23.200,869,47971
1509737520,23.200,23.160,23.160,23.200,869,47971
1509737580,23.200,23.160,23.160,23.200,869,47971
1509737640,23.200,23.160,23.160,23.200,869,47971
1509737700,23.150,23.150,23.150,23.150,387,52320
1509737760,23.150,23.150,23.150,23.150,385,52320
1509737820,23.150,23.150,23.150,23.150,385,52320
1509737880,23.150,23.150,23.150,23.150,385,52320
1509737940,23.150,23.150,23.150,23.150,385,52320
1509738000,23.150,23.150,23.150,23.150,2120,54247
1509738060,23.150,23.150,23.150,23.150,2117,54247
1509738120,23.150,23.150,23.150,23.150,2117,54247
1509738180,23.150,23.150,23.150,23.150,2117,54247
1509738240,23.150,23.150,23.150,23.150,2117,54247
1509738300,23.150,23.150,23.150,23.150,688,64835
1509738360,23.150,23.150,23.100,23.150,686,64835
1509738420,23.150,23.150,23.100,23.150,686,64835
1509738480,23.150,23.150,23.100,23.150,686,64835
1509738540,23.150,23.150,23.100,23.150,686,64835
1509738600,23.150,23.150,23.100,23.150,686,64835
1509738660,23.150,23.150,23.100,23.150,686,64835
1509738720,23.150,23.150,23.100,23.150,686,64835
1509738780,23.150,23.150,23.100,23.150,686,64835
1509738840,23.150,23.150,23.100,23.150,686,64835
1509738900,23.150,23.150,23.100,23.150,1267,68267
1509738960,23.150,23.150,23.150,23.150,1264,68267
1509739020,23.180,23.160,23.160,23.180,1264,68267
1509739080,23.180,23.160,23.160,23.180,1264,68267
1509739140,23.150,23.200,23.150,23.200,1264,68267
