1522675800,5.260,5.260,5.260,5.260,19551,0
1522675860,5.250,5.250,5.250,5.250,0,0
1522675920,5.250,5.250,5.250,5.250,0,0
1522676040,5.260,5.260,5.260,5.260,0,0
1522676100,5.260,5.260,5.260,5.260,34050,19551
1522676160,5.270,5.270,5.270,5.270,0,0
1522676220,5.270,5.270,5.270,5.270,0,0
1522676280,5.280,5.280,5.280,5.280,0,0
1522676340,5.290,5.280,5.280,5.290,0,0
1522676400,5.270,5.290,5.270,5.290,11219,53601
1522676460,5.270,5.290,5.270,5.290,0,0
1522676520,5.280,5.290,5.280,5.290,0,0
1522676580,5.290,5.280,5.280,5.290,0,0
1522676640,5.290,5.290,5.290,5.290,0,0
1522676700,5.290,5.290,5.290,5.290,21792,64820
1522676760,5.290,5.290,5.290,5.290,0,0
1522676940,5.280,5.280,5.280,5.280,0,0
1522677000,5.260,5.260,5.260,5.260,17742,86612
1522677060,5.260,5.260,5.260,5.260,0,0
1522677120,5.260,5.260,5.260,5.260,0,0
1522677180,5.270,5.270,5.270,5.270,0,0
1522677300,5.290,5.290,5.290,5.290,5867,104354
1522677480,5.290,5.300,5.290,5.300,0,0
1522677540,5.290,5.290,5.290,5.290,0,0
1522677600,5.290,5.290,5.290,5.290,8980,110221
1522677660,5.290,5.290,5.290,5.290,0,0
1522677720,5.290,5.280,5.280,5.290,0,0
1522677780,5.280,5.290,5.280,5.290,0,0
1522677840,5.290,5.290,5.290,5.290,0,0
1522677900,5.300,5.290,5.290,5.300,10364,119201
1522677960,5.300,5.290,5.290,5.300,0,0
1522678080,5.290,5.290,5.290,5.290,0,0
1522678200,5.290,5.290,5.290,5.290,4994,129565
1522678380,5.290,5.290,5.290,5.290,0,0
1522678440,5.300,5.300,5.300,5.300,0,0
1522678500,5.300,5.300,5.300,5.300,27053,134559
1522678560,5.310,5.300,5.300,5.310,0,0
1522678620,5.310,5.320,5.310,5.320,0,0
1522678740,5.310,5.310,5.310,5.310,0,0
1522678800,5.310,5.320,5.310,5.320,10828,161612
1522678860,5.320,5.320,5.320,5.320,0,0
1522678920,5.320,5.320,5.320,5.320,0,0
1522678980,5.320,5.320,5.320,5.320,0,0
1522679040,5.320,5.330,5.320,5.330,0,0
1522679100,5.330,5.330,5.330,5.330,8163,172440
1522679160,5.330,5.330,5.330,5.330,0,0
1522679220,5.330,5.330,5.330,5.330,0,0
1522679280,5.330,5.330,5.330,5.330,0,0
1522679340,5.330,5.330,5.330,5.330,0,0
1522679400,5.330,5.330,5.330,5.330,20735,180603
1522679460,5.330,5.320,5.320,5.330,0,0
1522679580,5.320,5.320,5.320,5.320,0,0
1522679700,5.320,5.310,5.310,5.320,21428,201338
1522679760,5.330,5.330,5.330,5.330,0,0
1522679820,5.330,5.330,5.330,5.330,0,0
1522679880,5.330,5.330,5.330,5.330,0,0
1522679940,5.310,5.320,5.310,5.320,0,0
1522680000,5.320,5.320,5.320,5.320,2059,222766
1522680060,5.320,5.320,5.320,5.320,0,0
1522680120,5.320,5.320,5.320,5.320,0,0
1522680180,5.320,5.320,5.320,5.320,0,0
1522680240,5.310,5.310,5.310,5.310,0,0
1522680300,5.320,5.310,5.310,5.320,6723,224825
1522680360,5.320,5.310,5.310,5.320,0,0
1522680420,5.300,5.300,5.300,5.300,0,0
1522680600,5.310,5.310,5.310,5.310,7569,231548
1522680660,5.310,5.310,5.310,5.310,0,0
1522680720,5.320,5.320,5.320,5.320,0,0
1522680780,5.310,5.310,5.310,5.310,0,0
1522680900,5.310,5.310,5.310,5.310,4930,239117
1522680960,5.320,5.320,5.320,5.320,0,0
1522681020,5.320,5.320,5.320,5.320,0,0
1522681080,5.310,5.310,5.310,5.310,0,0
1522681200,5.300,5.300,5.300,5.300,9410,244047
1522681260,5.300,5.300,5.300,5.300,0,0
1522681320,5.310,5.310,5.310,5.310,0,0
1522681380,5.310,5.320,5.310,5.320,0,0
1522681440,5.300,5.310,5.300,5.310,0,0
1522681500,5.310,5.300,5.300,5.310,48571,253457
1522681560,5.310,5.310,5.310,5.310,0,0
1522681620,5.300,5.300,5.300,5.300,0,0
1522681680,5.300,5.320,5.300,5.320,0,0
1522681740,5.320,5.320,5.320,5.320,0,0
1522681800,5.330,5.320,5.320,5.330,22902,302028
1522681920,5.330,5.330,5.330,5.330,0,0
1522681980,5.320,5.310,5.310,5.320,0,0
1522682040,5.310,5.310,5.310,5.310,0,0
1522682100,5.320,5.300,5.300,5.320,16724,324930
1522682220,5.310,5.310,5.310,5.310,0,0
1522682280,5.310,5.300,5.300,5.310,0,0
1522682340,5.310,5.300,5.300,5.310,0,0
1522682400,5.310,5.300,5.300,5.310,4377,341654
1522682520,5.310,5.310,5.310,5.310,0,0
1522682580,5.310,5.300,5.300,5.310,0,0
1522682700,5.310,5.310,5.310,5.310,5002,346031
1522682760,5.310,5.310,5.310,5.310,0,0
1522682880,5.300,5.300,5.300,5.300,0,0
1522682940,5.310,5.310,5.310,5.310,0,0
1522683000,5.310,5.300,5.300,5.310,2379,351033
1522683060,5.310,5.310,5.310,5.310,0,0
1522683240,5.310,5.310,5.310,5.310,0,0
1522683300,5.300,5.290,5.290,5.300,16202,353412
1522683360,5.300,5.300,5.300,5.300,0,0
1522683420,5.290,5.290,5.290,5.290,0,0
1522683600,5.280,5.280,5.280,5.280,5996,369614
1522683660,5.290,5.290,5.290,5.290,0,0
1522683720,5.290,5.290,5.290,5.290,0,0
1522683780,5.290,5.290,5.290,5.290,0,0
1522683840,5.290,5.290,5.290,5.290,0,0
1522683900,5.310,5.310,5.310,5.310,7261,375610
1522684020,5.310,5.310,5.310,5.310,0,0
1522684080,5.300,5.300,5.300,5.300,0,0
1522684200,5.300,5.300,5.300,5.300,3786,382871
1522684260,5.300,5.300,5.300,5.300,0,0
1522684320,5.300,5.300,5.300,5.300,0,0
1522684380,5.290,5.290,5.290,5.290,0,0
1522684500,5.290,5.290,5.290,5.290,1515,386657
1522684560,5.290,5.290,5.290,5.290,0,0
1522684620,5.290,5.290,5.290,5.290,0,0
1522684680,5.310,5.310,5.310,5.310,0,0
1522684800,5.310,5.310,5.310,5.310,6520,388172
1522684860,5.320,5.320,5.320,5.320,0,0
1522684920,5.320,5.320,5.320,5.320,0,0
1522684980,5.320,5.330,5.320,5.330,0,0
1522685100,5.320,5.320,5.320,5.320,4160,394692
1522685160,5.320,5.320,5.320,5.320,0,0
1522685280,5.330,5.320,5.320,5.330,0,0
1522685340,5.320,5.320,5.320,5.320,0,0
1522685400,5.320,5.320,5.320,5.320,9592,398852
1522685460,5.320,5.330,5.320,5.330,0,0
1522685520,5.330,5.330,5.330,5.330,0,0
1522685580,5.330,5.320,5.320,5.330,0,0
1522685700,5.330,5.330,5.330,5.330,709,408444
1522685820,5.330,5.330,5.330,5.330,0,0
1522686000,5.330,5.320,5.320,5.330,7104,409153
1522686120,5.330,5.330,5.330,5.330,0,0
1522686180,5.320,5.320,5.320,5.320,0,0
1522686300,5.330,5.330,5.330,5.330,762,416257
1522686420,5.330,5.330,5.330,5.330,0,0
1522686480,5.330,5.330,5.330,5.330,0,0
1522686600,5.330,5.330,5.330,5.330,5749,417019
1522686660,5.330,5.330,5.330,5.330,0,0
1522686780,5.330,5.330,5.330,5.330,0,0
1522686840,5.320,5.320,5.320,5.320,0,0
1522686900,5.320,5.320,5.320,5.320,1245,422768
1522686960,5.320,5.320,5.320,5.320,0,0
1522687020,5.320,5.320,5.320,5.320,0,0
1522687200,5.320,5.320,5.320,5.320,7581,424013
1522687320,5.320,5.320,5.320,5.320,0,0
1522687380,5.330,5.330,5.330,5.330,0,0
1522687440,5.320,5.330,5.320,5.330,0,0
1522687500,5.330,5.320,5.320,5.330,4281,431594
1522687620,5.330,5.320,5.320,5.330,0,0
1522687740,5.320,5.320,5.320,5.320,0,0
1522687800,5.330,5.330,5.330,5.330,7256,435875
1522687860,5.330,5.330,5.330,5.330,0,0
1522687920,5.320,5.320,5.320,5.320,0,0
1522687980,5.320,5.320,5.320,5.320,0,0
1522688100,5.320,5.330,5.320,5.330,41326,443131
1522688160,5.320,5.320,5.320,5.320,0,0
1522688280,5.330,5.320,5.320,5.330,0,0
1522688400,5.320,5.320,5.320,5.320,8896,484457
1522688460,5.320,5.320,5.320,5.320,0,0
1522688640,5.320,5.320,5.320,5.320,0,0
1522688700,5.320,5.320,5.320,5.320,6226,493353
1522688880,5.320,5.330,5.320,5.330,0,0
1522688940,5.320,5.320,5.320,5.320,0,0
1522689300,5.320,5.320,5.320,5.320,5643,499579
1522689480,5.320,5.320,5.320,5.320,0,0
1522689540,5.320,5.320,5.320,5.320,0,0
1522689600,5.330,5.330,5.330,5.330,31699,505222
1522689660,5.330,5.330,5.330,5.330,0,0
1522689720,5.330,5.320,5.320,5.330,0,0
1522689840,5.330,5.330,5.330,5.330,0,0
1522689900,5.320,5.330,5.320,5.330,6037,536921
1522690020,5.320,5.320,5.320,5.320,0,0
1522690080,5.330,5.330,5.330,5.330,0,0
1522690200,5.320,5.320,5.320,5.320,380,542958
1522690260,5.320,5.320,5.320,5.320,0,0
1522690380,5.320,5.320,5.320,5.320,0,0
1522690440,5.320,5.320,5.320,5.320,0,0
1522690500,5.320,5.320,5.320,5.320,3854,543338
1522690620,5.320,5.320,5.320,5.320,0,0
1522690800,5.320,5.320,5.320,5.320,764,547192
1522690920,5.320,5.320,5.320,5.320,0,0
1522691040,5.320,5.320,5.320,5.320,0,0
1522691100,5.310,5.320,5.310,5.320,4602,547956
1522691160,5.320,5.320,5.320,5.320,0,0
1522691280,5.310,5.320,5.310,5.320,0,0
1522691340,5.320,5.320,5.320,5.320,0,0
1522691400,5.320,5.310,5.310,5.320,10880,552558
1522691460,5.310,5.310,5.310,5.310,0,0
1522691520,5.310,5.310,5.310,5.310,0,0
1522691580,5.310,5.310,5.310,5.310,0,0
1522691640,5.320,5.320,5.320,5.320,0,0
1522691700,5.320,5.320,5.320,5.320,4752,563438
1522691820,5.300,5.300,5.300,5.300,0,0
1522691880,5.300,5.300,5.300,5.300,0,0
1522692000,5.300,5.300,5.300,5.300,5371,568190
1522692060,5.300,5.290,5.290,5.300,0,0
1522692180,5.300,5.300,5.300,5.300,0,0
1522692240,5.300,5.300,5.300,5.300,0,0
1522692300,5.300,5.290,5.290,5.300,893,573561
1522692480,5.290,5.290,5.290,5.290,0,0
1522692600,5.280,5.280,5.280,5.280,8756,574454
1522692720,5.290,5.290,5.290,5.290,0,0
1522692780,5.290,5.290,5.290,5.290,0,0
1522692840,5.280,5.280,5.280,5.280,0,0
1522692900,5.280,5.280,5.280,5.280,2382,583210
1522693020,5.280,5.290,5.280,5.290,0,0
1522693080,5.290,5.290,5.290,5.290,0,0
1522693200,5.280,5.280,5.280,5.280,10284,585592
1522693260,5.280,5.280,5.280,5.280,0,0
1522693440,5.280,5.280,5.280,5.280,0,0
1522693500,5.290,5.290,5.290,5.290,6982,595876
1522693560,5.280,5.280,5.280,5.280,0,0
1522693620,5.280,5.280,5.280,5.280,0,0
1522693680,5.290,5.290,5.290,5.290,0,0
1522693800,5.280,5.280,5.280,5.280,19488,602858
1522693920,5.280,5.280,5.280,5.280,0,0
1522693980,5.280,5.280,5.280,5.280,0,0
1522694040,5.280,5.260,5.260,5.280,0,0
1522694100,5.260,5.260,5.260,5.260,30661,622346
1522694220,5.270,5.270,5.270,5.270,0,0
1522694280,5.270,5.260,5.260,5.270,0,0
1522694400,5.270,5.270,5.270,5.270,25026,653007
1522694460,5.270,5.270,5.270,5.270,0,0
1522694520,5.270,5.250,5.250,5.270,0,0
1522694640,5.250,5.260,5.250,5.260,0,0
1522694700,5.250,5.250,5.250,5.250,3888,678033
1522694760,5.250,5.250,5.250,5.250,0,0
1522694820,5.250,5.250,5.250,5.250,0,0
1522694940,5.260,5.260,5.260,5.260,0,0
1522695000,5.250,5.250,5.250,5.250,7394,681921
1522695060,5.260,5.250,5.250,5.260,0,0
1522695120,5.250,5.250,5.250,5.250,0,0
1522695180,5.260,5.250,5.250,5.260,0,0
1522695240,5.260,5.260,5.260,5.260,0,0
1522695300,5.250,5.250,5.250,5.250,11596,689315
1522695360,5.260,5.260,5.260,5.260,0,0
1522695540,5.250,5.250,5.250,5.250,0,0
1522695600,5.240,5.240,5.240,5.240,34898,700911
1522695660,5.250,5.250,5.250,5.250,0,0
1522695720,5.240,5.240,5.240,5.240,0,0
1522695780,5.250,5.250,5.250,5.250,0,0
1522695840,5.240,5.220,5.220,5.240,0,0
1522695900,5.220,5.220,5.220,5.220,17639,735809
1522695960,5.230,5.230,5.230,5.230,0,0
1522696020,5.220,5.220,5.220,5.220,0,0
1522696140,5.220,5.220,5.220,5.220,0,0
1522696200,5.220,5.220,5.220,5.220,18881,753448
1522696320,5.220,5.220,5.220,5.220,0,0
1522696440,5.230,5.220,5.220,5.230,0,0
1522696500,5.230,5.220,5.220,5.230,11934,772329
1522696620,5.220,5.230,5.220,5.230,0,0
1522696680,5.230,5.230,5.230,5.230,0,0
1522696740,5.220,5.220,5.220,5.220,0,0
1522696800,5.230,5.230,5.230,5.230,1600,784263
1522696860,5.230,5.230,5.230,5.230,0,0
1522696980,5.220,5.220,5.220,5.220,0,0
1522697040,5.220,5.220,5.220,5.220,0,0
1522697100,5.220,5.220,5.220,5.220,8693,785863
1522697160,5.230,5.230,5.230,5.230,0,0
1522697280,5.230,5.230,5.230,5.230,0,0
1522697340,5.230,5.230,5.230,5.230,0,0
1522697400,5.230,5.220,5.220,5.230,4728,794556
1522697460,5.230,5.220,5.220,5.230,0,0
1522697520,5.230,5.230,5.230,5.230,0,0
1522697580,5.230,5.230,5.230,5.230,0,0
1522697640,5.230,5.230,5.230,5.230,0,0
1522697700,5.230,5.230,5.230,5.230,9834,799284
1522697760,5.230,5.230,5.230,5.230,0,0
1522697820,5.230,5.230,5.230,5.230,0,0
1522697880,5.220,5.230,5.220,5.230,0,0
1522697940,5.230,5.220,5.220,5.230,0,0
1522698000,5.230,5.230,5.230,5.230,26236,809118
1522698060,5.230,5.220,5.220,5.230,0,0
1522698120,5.220,5.210,5.210,5.230,0,0
1522698240,5.220,5.220,5.220,5.220,0,0
1522698300,5.210,5.230,5.210,5.230,15288,835354
1522698360,5.230,5.230,5.230,5.230,0,0
1522698420,5.230,5.220,5.220,5.230,0,0
1522698480,5.230,5.230,5.230,5.230,0,0
1522698540,5.230,5.220,5.220,5.230,0,0
1522698600,5.230,5.230,5.230,5.230,7887,850642
1522698660,5.220,5.230,5.220,5.230,0,0
1522698720,5.230,5.220,5.220,5.230,0,0
1522698780,5.230,5.230,5.230,5.230,0,0
1522698840,5.230,5.230,5.230,5.230,0,0
1522698900,5.230,5.220,5.220,5.230,50883,858529
1522698960,5.220,5.220,5.220,5.220,0,0
1522699020,5.220,5.210,5.210,5.220,0,0
1522699080,5.220,5.220,5.220,5.220,0,0
1522699140,5.220,5.220,5.220,5.230,0,0
1522762200,5.190,5.190,5.190,5.190,19392,0
1522762260,5.200,5.180,5.180,5.200,0,0
1522762380,5.180,5.180,5.180,5.180,0,0
1522762500,5.190,5.190,5.190,5.190,22101,19392
1522762560,5.180,5.180,5.180,5.180,0,0
1522762620,5.190,5.180,5.180,5.190,0,0
1522762740,5.170,5.170,5.170,5.170,0,0
1522762800,5.180,5.170,5.170,5.180,24935,41493
1522762860,5.170,5.180,5.170,5.180,0,0
1522763100,5.180,5.170,5.170,5.180,24475,66428
1522763160,5.180,5.170,5.170,5.180,0,0
1522763340,5.200,5.200,5.200,5.200,0,0
1522763400,5.200,5.200,5.200,5.200,400,90903
1522763460,5.200,5.200,5.200,5.200,0,0
1522763520,5.200,5.200,5.200,5.200,0,0
1522763580,5.200,5.200,5.200,5.200,0,0
1522763700,5.200,5.200,5.200,5.200,30607,91303
1522763760,5.200,5.200,5.200,5.200,0,0
1522763820,5.200,5.200,5.200,5.200,0,0
1522763940,5.200,5.180,5.180,5.200,0,0
1522764000,5.180,5.180,5.180,5.180,400,121910
1522764600,5.180,5.180,5.180,5.180,12647,122310
1522764660,5.180,5.180,5.180,5.180,0,0
1522764720,5.180,5.170,5.170,5.180,0,0
1522764780,5.170,5.160,5.160,5.170,0,0
1522764900,5.170,5.170,5.170,5.170,20213,134957
1522765020,5.170,5.170,5.170,5.170,0,0
1522765080,5.160,5.160,5.160,5.160,0,0
1522765140,5.150,5.150,5.150,5.150,0,0
1522765200,5.160,5.150,5.150,5.160,1449,155170
1522765320,5.160,5.150,5.150,5.160,0,0
1522765500,5.140,5.140,5.140,5.140,4140,156619
1522765620,5.140,5.140,5.140,5.140,0,0
1522765680,5.150,5.150,5.150,5.150,0,0
1522765800,5.150,5.150,5.150,5.150,2624,160759
1522766040,5.160,5.160,5.160,5.160,0,0
1522766100,5.160,5.160,5.160,5.160,11192,163383
1522766280,5.150,5.160,5.150,5.160,0,0
1522766400,5.160,5.160,5.160,5.160,5298,174575
1522766520,5.160,5.160,5.160,5.160,0,0
1522766580,5.160,5.150,5.150,5.160,0,0
1522766640,5.150,5.160,5.150,5.160,0,0
1522766700,5.150,5.150,5.150,5.150,11185,179873
1522766760,5.150,5.160,5.150,5.160,0,0
1522766820,5.160,5.160,5.160,5.160,0,0
1522766880,5.160,5.160,5.160,5.160,0,0
1522766940,5.160,5.160,5.160,5.160,0,0
1522767000,5.150,5.150,5.150,5.150,11993,191058
1522767060,5.150,5.150,5.150,5.150,0,0
1522767120,5.170,5.170,5.170,5.170,0,0
1522767240,5.170,5.170,5.170,5.170,0,0
1522767300,5.180,5.180,5.180,5.180,2417,203051
1522767420,5.180,5.180,5.180,5.180,0,0
1522767540,5.170,5.180,5.170,5.180,0,0
1522767600,5.160,5.160,5.160,5.160,47250,205468
1522767660,5.160,5.160,5.160,5.160,0,0
1522767720,5.150,5.150,5.150,5.150,0,0
1522767840,5.150,5.150,5.150,5.150,0,0
1522767900,5.150,5.150,5.150,5.150,9098,252718
1522768020,5.150,5.150,5.150,5.150,0,0
1522768140,5.150,5.160,5.150,5.160,0,0
1522768200,5.140,5.140,5.140,5.140,7356,261816
1522768260,5.150,5.150,5.150,5.150,0,0
1522768380,5.150,5.140,5.140,5.150,0,0
1522768440,5.140,5.140,5.140,5.140,0,0
1522768500,5.140,5.140,5.140,5.140,11624,269172
1522768680,5.140,5.140,5.140,5.140,0,0
1522768740,5.140,5.140,5.140,5.140,0,0
1522768800,5.140,5.140,5.140,5.140,11521,280796
1522768860,5.150,5.140,5.140,5.150,0,0
1522768920,5.130,5.130,5.130,5.130,0,0
1522768980,5.140,5.140,5.140,5.140,0,0
1522769100,5.140,5.150,5.140,5.160,12023,292317
1522769280,5.160,5.160,5.160,5.160,0,0
1522769340,5.150,5.150,5.150,5.150,0,0
1522769400,5.160,5.160,5.160,5.160,20049,304340
1522769520,5.160,5.160,5.160,5.160,0,0
1522769580,5.170,5.150,5.150,5.170,0,0
1522769640,5.160,5.170,5.160,5.170,0,0
1522769700,5.160,5.160,5.160,5.160,7240,324389
1522769760,5.160,5.160,5.160,5.160,0,0
1522770000,5.160,5.160,5.160,5.160,16992,331629
1522770120,5.160,5.160,5.160,5.160,0,0
1522770180,5.160,5.160,5.160,5.160,0,0
1522770240,5.150,5.160,5.150,5.160,0,0
1522770300,5.160,5.160,5.160,5.160,10724,348621
1522770360,5.170,5.160,5.160,5.170,0,0
1522770540,5.160,5.160,5.160,5.160,0,0
1522770600,5.160,5.160,5.160,5.160,3840,359345
1522770660,5.160,5.160,5.160,5.160,0,0
1522770780,5.160,5.160,5.160,5.160,0,0
1522770900,5.170,5.170,5.170,5.170,4220,363185
1522770960,5.170,5.170,5.170,5.170,0,0
1522771020,5.170,5.170,5.170,5.170,0,0
1522771200,5.180,5.190,5.180,5.190,6437,367405
1522771260,5.180,5.190,5.180,5.190,0,0
1522771320,5.180,5.170,5.170,5.180,0,0
1522771500,5.180,5.180,5.180,5.180,2640,373842
1522771560,5.180,5.180,5.180,5.180,0,0
1522771800,5.170,5.170,5.170,5.170,3471,376482
1522771860,5.170,5.170,5.170,5.170,0,0
1522771920,5.180,5.180,5.180,5.180,0,0
1522771980,5.180,5.180,5.180,5.180,0,0
1522772040,5.170,5.170,5.170,5.170,0,0
1522772100,5.190,5.190,5.190,5.190,7770,379953
1522772160,5.190,5.190,5.190,5.190,0,0
1522772220,5.200,5.190,5.190,5.200,0,0
1522772280,5.200,5.200,5.200,5.200,0,0
1522772400,5.200,5.200,5.200,5.200,623,387723
1522772460,5.200,5.200,5.200,5.200,0,0
1522772520,5.200,5.200,5.200,5.200,0,0
1522772700,5.190,5.190,5.190,5.190,18488,388346
1522772760,5.200,5.200,5.200,5.200,0,0
1522772820,5.200,5.200,5.200,5.200,0,0
1522772880,5.220,5.210,5.210,5.220,0,0
1522773000,5.220,5.220,5.220,5.220,1582,406834
1522773060,5.210,5.230,5.210,5.230,0,0
1522773300,5.230,5.230,5.230,5.230,10494,408416
1522773360,5.230,5.230,5.230,5.230,0,0
1522773480,5.220,5.230,5.220,5.230,0,0
1522773540,5.220,5.220,5.220,5.220,0,0
1522773600,5.230,5.230,5.230,5.230,15928,418910
1522773660,5.230,5.230,5.230,5.230,0,0
1522773720,5.230,5.230,5.230,5.230,0,0
1522773780,5.230,5.230,5.230,5.230,0,0
1522773840,5.220,5.220,5.220,5.220,0,0
1522773900,5.220,5.220,5.220,5.220,8150,434838
1522774020,5.220,5.220,5.220,5.220,0,0
1522774140,5.210,5.210,5.210,5.210,0,0
1522774200,5.230,5.230,5.230,5.230,18049,442988
1522774320,5.230,5.230,5.230,5.230,0,0
1522774380,5.220,5.220,5.220,5.220,0,0
1522774500,5.220,5.220,5.220,5.220,1941,461037
1522774560,5.220,5.220,5.220,5.220,0,0
1522774620,5.230,5.230,5.230,5.230,0,0
1522774680,5.230,5.230,5.230,5.230,0,0
1522774800,5.240,5.240,5.240,5.240,4302,462978
1522774860,5.240,5.230,5.230,5.240,0,0
1522775100,5.240,5.240,5.240,5.240,1490,467280
1522775400,5.250,5.250,5.250,5.250,1979,468770
1522775460,5.250,5.250,5.250,5.250,0,0
1522775520,5.250,5.250,5.250,5.250,0,0
1522775700,5.250,5.260,5.250,5.260,7894,470749
1522776000,5.250,5.250,5.250,5.250,1544,478643
1522776120,5.240,5.240,5.240,5.240,0,0
1522776240,5.240,5.240,5.240,5.240,0,0
1522776300,5.240,5.240,5.240,5.240,9457,480187
1522776540,5.240,5.230,5.230,5.240,0,0
1522776600,5.230,5.230,5.230,5.230,5070,489644
1522776660,5.240,5.240,5.240,5.240,0,0
1522776840,5.240,5.240,5.240,5.240,0,0
1522776900,5.230,5.230,5.230,5.230,1561,494714
1522776960,5.230,5.230,5.230,5.230,0,0
1522777020,5.230,5.230,5.230,5.230,0,0
1522777200,5.220,5.220,5.220,5.220,10077,496275
1522777320,5.220,5.220,5.220,5.220,0,0
1522777380,5.240,5.240,5.240,5.240,0,0
1522777440,5.230,5.230,5.230,5.230,0,0
1522777500,5.220,5.220,5.220,5.220,800,506352
1522777560,5.220,5.220,5.220,5.220,0,0
1522777800,5.210,5.210,5.210,5.210,5717,507152
1522778100,5.220,5.220,5.220,5.220,5415,512869
1522778220,5.230,5.230,5.230,5.230,0,0
1522778340,5.230,5.220,5.220,5.230,0,0
1522778400,5.210,5.220,5.210,5.220,2100,518284
1522778460,5.210,5.220,5.210,5.220,0,0
1522778520,5.220,5.220,5.220,5.220,0,0
1522778640,5.220,5.220,5.220,5.220,0,0
1522779300,5.220,5.210,5.210,5.220,6560,520384
1522779420,5.220,5.220,5.220,5.220,0,0
1522779480,5.220,5.220,5.220,5.220,0,0
1522779600,5.230,5.220,5.220,5.230,4944,526944
1522779660,5.230,5.220,5.220,5.230,0,0
1522779900,5.220,5.210,5.210,5.220,10192,531888
1522779960,5.210,5.210,5.210,5.210,0,0
1522780080,5.220,5.220,5.220,5.220,0,0
1522780140,5.220,5.220,5.220,5.220,0,0
1522780200,5.220,5.220,5.220,5.220,1230,542080
1522780260,5.220,5.220,5.220,5.220,0,0
1522780380,5.220,5.220,5.220,5.220,0,0
1522780500,5.210,5.210,5.210,5.210,3638,543310
1522780680,5.210,5.210,5.210,5.210,0,0
1522780800,5.210,5.210,5.210,5.210,2679,546948
1522780860,5.210,5.210,5.210,5.210,0,0
1522780980,5.220,5.210,5.210,5.220,0,0
1522781100,5.210,5.210,5.210,5.210,20587,549627
1522781160,5.210,5.210,5.210,5.210,0,0
1522781220,5.210,5.210,5.210,5.210,0,0
1522781280,5.210,5.210,5.210,5.210,0,0
1522781340,5.200,5.200,5.200,5.200,0,0
1522781400,5.190,5.200,5.190,5.200,13955,570214
1522781460,5.200,5.200,5.200,5.200,0,0
1522781700,5.200,5.200,5.200,5.200,17074,584169
1522781760,5.200,5.200,5.200,5.200,0,0
1522781820,5.190,5.190,5.190,5.190,0,0
1522781880,5.200,5.190,5.190,5.200,0,0
1522781940,5.190,5.180,5.180,5.190,0,0
1522782000,5.180,5.180,5.180,5.180,5881,601243
1522782120,5.180,5.180,5.180,5.180,0,0
1522782180,5.170,5.170,5.170,5.170,0,0
1522782300,5.170,5.180,5.170,5.180,6684,607124
1522782360,5.170,5.180,5.170,5.180,0,0
1522782420,5.180,5.180,5.180,5.180,0,0
1522782480,5.180,5.180,5.180,5.180,0,0
1522782540,5.170,5.170,5.170,5.170,0,0
1522782600,5.180,5.180,5.180,5.180,9548,613808
1522782720,5.180,5.180,5.180,5.180,0,0
1522782780,5.180,5.170,5.170,5.180,0,0
1522782900,5.170,5.170,5.170,5.170,963,623356
1522783020,5.170,5.170,5.170,5.170,0,0
1522783080,5.180,5.180,5.180,5.180,0,0
1522783200,5.180,5.170,5.170,5.180,857,624319
1522783260,5.170,5.170,5.170,5.170,0,0
1522783500,5.170,5.170,5.170,5.170,4890,625176
1522783680,5.180,5.180,5.180,5.180,0,0
1522783800,5.170,5.180,5.170,5.180,30681,630066
1522783920,5.170,5.170,5.170,5.170,0,0
1522783980,5.170,5.160,5.160,5.170,0,0
1522784100,5.160,5.170,5.160,5.170,27432,660747
1522784160,5.160,5.170,5.160,5.170,0,0
1522784220,5.160,5.160,5.160,5.160,0,0
1522784280,5.150,5.150,5.150,5.150,0,0
1522784340,5.150,5.150,5.150,5.150,0,0
1522784400,5.140,5.160,5.140,5.160,38138,688179
1522784520,5.160,5.160,5.160,5.160,0,0
1522784640,5.160,5.150,5.150,5.160,0,0
1522784700,5.160,5.160,5.160,5.160,63065,726317
1522784760,5.160,5.160,5.160,5.160,0,0
1522784820,5.160,5.150,5.150,5.160,0,0
1522784880,5.150,5.160,5.150,5.160,0,0
1522784940,5.150,5.160,5.150,5.160,0,0
1522785000,5.160,5.150,5.150,5.160,15749,789382
1522785060,5.150,5.140,5.140,5.150,0,0
1522785120,5.140,5.150,5.140,5.150,0,0
1522785180,5.150,5.140,5.140,5.150,0,0
1522785240,5.150,5.150,5.150,5.150,0,0
1522785300,5.140,5.160,5.140,5.160,61233,805131
1522785360,5.150,5.160,5.150,5.160,0,0
1522785420,5.160,5.160,5.160,5.160,0,0
1522785480,5.160,5.160,5.160,5.160,0,0
1522785540,5.160,5.170,5.160,5.170,0,0
1522848600,5.190,5.190,5.190,5.190,25522,0
1522848720,5.210,5.220,5.210,5.220,0,0
1522848780,5.210,5.220,5.210,5.220,0,0
1522848840,5.240,5.250,5.240,5.250,0,0
1522848900,5.230,5.220,5.220,5.230,13086,25522
1522849020,5.220,5.220,5.220,5.220,0,0
1522849080,5.220,5.220,5.220,5.220,0,0
1522849200,5.220,5.220,5.220,5.220,7798,38608
1522849260,5.220,5.220,5.220,5.220,0,0
1522849380,5.210,5.210,5.210,5.210,0,0
1522849440,5.220,5.220,5.220,5.220,0,0
1522849500,5.210,5.220,5.210,5.220,5189,46406
1522849680,5.220,5.220,5.220,5.220,0,0
1522849740,5.230,5.230,5.230,5.230,0,0
1522849800,5.220,5.210,5.210,5.220,8694,51595
1522849860,5.220,5.210,5.210,5.220,0,0
1522849980,5.220,5.220,5.220,5.220,0,0
1522850040,5.230,5.230,5.230,5.230,0,0
1522850100,5.220,5.230,5.220,5.230,1607,60289
1522850340,5.220,5.230,5.220,5.230,0,0
1522850400,5.230,5.230,5.230,5.230,34365,61896
1522850520,5.220,5.220,5.220,5.220,0,0
1522850580,5.240,5.230,5.230,5.240,0,0
1522850640,5.220,5.230,5.220,5.230,0,0
1522850700,5.240,5.240,5.240,5.240,14157,96261
1522850760,5.240,5.230,5.230,5.240,0,0
1522850820,5.220,5.230,5.220,5.230,0,0
1522850880,5.220,5.220,5.220,5.220,0,0
1522850940,5.230,5.240,5.230,5.240,0,0
1522851000,5.230,5.230,5.230,5.230,1569,110418
1522851060,5.240,5.240,5.240,5.240,0,0
1522851120,5.240,5.240,5.240,5.240,0,0
1522851180,5.240,5.240,5.240,5.240,0,0
1522851240,5.240,5.240,5.240,5.240,0,0
1522851300,5.230,5.220,5.220,5.230,67524,111987
1522851360,5.240,5.240,5.240,5.240,0,0
1522851420,5.230,5.220,5.220,5.230,0,0
1522851480,5.220,5.220,5.220,5.220,0,0
1522851540,5.230,5.220,5.220,5.230,0,0
1522851600,5.230,5.230,5.230,5.230,500,179511
1522851720,5.230,5.230,5.230,5.230,0,0
1522851900,5.240,5.240,5.240,5.240,13922,180011
1522851960,5.250,5.250,5.250,5.250,0,0
1522852020,5.250,5.250,5.250,5.250,0,0
1522852140,5.270,5.270,5.270,5.270,0,0
1522852200,5.280,5.270,5.270,5.280,9461,193933
1522852260,5.280,5.270,5.270,5.280,0,0
1522852320,5.270,5.270,5.270,5.270,0,0
1522852500,5.260,5.260,5.260,5.260,2557,203394
1522852620,5.260,5.260,5.260,5.260,0,0
1522852680,5.260,5.260,5.260,5.260,0,0
1522852800,5.270,5.270,5.270,5.270,5247,205951
1522852860,5.260,5.260,5.260,5.260,0,0
1522852920,5.260,5.260,5.260,5.260,0,0
1522853040,5.270,5.260,5.260,5.270,0,0
1522853100,5.260,5.270,5.260,5.270,12517,211198
1522853160,5.260,5.270,5.260,5.270,0,0
1522853220,5.260,5.250,5.250,5.260,0,0
1522853280,5.250,5.240,5.240,5.250,0,0
1522853340,5.250,5.240,5.240,5.250,0,0
1522853400,5.230,5.240,5.230,5.240,29988,223715
1522853460,5.230,5.240,5.230,5.240,0,0
1522853520,5.240,5.240,5.240,5.240,0,0
1522853580,5.240,5.220,5.220,5.240,0,0
1522853640,5.230,5.220,5.220,5.230,0,0
1522853700,5.220,5.230,5.220,5.230,740,253703
1522853760,5.230,5.240,5.230,5.240,0,0
1522853820,5.240,5.240,5.240,5.240,0,0
1522854000,5.250,5.250,5.250,5.250,5523,254443
1522854300,5.250,5.250,5.250,5.250,5900,259966
1522854360,5.250,5.250,5.250,5.250,0,0
1522854420,5.250,5.250,5.250,5.250,0,0
1522854480,5.250,5.250,5.250,5.250,0,0
1522854540,5.250,5.250,5.250,5.250,0,0
1522854600,5.250,5.250,5.250,5.250,7839,265866
1522854660,5.260,5.260,5.260,5.260,0,0
1522854780,5.260,5.260,5.260,5.260,0,0
1522854840,5.250,5.250,5.250,5.250,0,0
1522854900,5.240,5.250,5.240,5.250,8925,273705
1522854960,5.250,5.250,5.250,5.250,0,0
1522855080,5.250,5.250,5.250,5.250,0,0
1522855140,5.240,5.240,5.240,5.240,0,0
1522855200,5.250,5.250,5.250,5.250,8646,282630
1522855260,5.240,5.240,5.240,5.240,0,0
1522855320,5.250,5.250,5.250,5.250,0,0
1522855500,5.260,5.260,5.260,5.260,2303,291276
1522855680,5.260,5.260,5.260,5.260,0,0
1522855800,5.260,5.260,5.260,5.260,4043,293579
1522855860,5.260,5.260,5.260,5.260,0,0
1522855920,5.260,5.250,5.250,5.260,0,0
1522856100,5.250,5.250,5.250,5.250,2969,297622
1522856160,5.250,5.250,5.250,5.250,0,0
1522856220,5.250,5.250,5.250,5.250,0,0
1522856280,5.260,5.260,5.260,5.260,0,0
1522856400,5.260,5.260,5.260,5.260,2879,300591
1522856460,5.260,5.260,5.260,5.260,0,0
1522856520,5.250,5.250,5.250,5.250,0,0
1522856580,5.250,5.250,5.250,5.250,0,0
1522856640,5.250,5.250,5.250,5.250,0,0
1522856700,5.260,5.260,5.260,5.260,3500,303470
1522856760,5.260,5.260,5.260,5.260,0,0
1522857000,5.250,5.250,5.250,5.250,11500,306970
1522857120,5.260,5.260,5.260,5.260,0,0
1522857300,5.260,5.250,5.250,5.260,5909,318470
1522857420,5.260,5.250,5.250,5.260,0,0
1522857480,5.250,5.250,5.250,5.250,0,0
1522857540,5.260,5.260,5.260,5.260,0,0
1522857600,5.260,5.260,5.260,5.260,2702,324379
1522857660,5.260,5.260,5.260,5.260,0,0
1522857900,5.260,5.270,5.260,5.270,9141,327081
1522858080,5.260,5.270,5.260,5.270,0,0
1522858200,5.260,5.260,5.260,5.260,567,336222
1522858380,5.260,5.260,5.260,5.260,0,0
1522858500,5.260,5.260,5.260,5.260,663,336789
1522858560,5.260,5.260,5.260,5.260,0,0
1522858740,5.260,5.260,5.260,5.260,0,0
1522858800,5.270,5.270,5.270,5.270,14391,337452
1522858920,5.260,5.270,5.260,5.270,0,0
1522858980,5.260,5.260,5.260,5.260,0,0
1522859040,5.260,5.260,5.260,5.260,0,0
1522859100,5.250,5.250,5.250,5.250,6210,351843
1522859280,5.250,5.250,5.250,5.250,0,0
1522859400,5.250,5.250,5.250,5.250,4472,358053
1522859460,5.250,5.260,5.250,5.260,0,0
1522859700,5.260,5.260,5.260,5.260,7510,362525
1522859820,5.270,5.260,5.260,5.270,0,0
1522859880,5.260,5.260,5.260,5.260,0,0
1522859940,5.260,5.260,5.260,5.260,0,0
1522860000,5.270,5.270,5.270,5.270,2027,370035
1522860120,5.270,5.270,5.270,5.270,0,0
1522860180,5.270,5.270,5.270,5.270,0,0
1522860300,5.270,5.280,5.270,5.280,4379,372062
1522860420,5.270,5.280,5.270,5.280,0,0
1522860540,5.280,5.280,5.280,5.280,0,0
1522860600,5.280,5.280,5.280,5.280,600,376441
1522860660,5.280,5.280,5.280,5.280,0,0
1522860720,5.280,5.280,5.280,5.280,0,0
1522860840,5.280,5.280,5.280,5.280,0,0
1522860900,5.280,5.280,5.280,5.280,2451,377041
1522860960,5.280,5.280,5.280,5.280,0,0
1522861020,5.280,5.280,5.280,5.280,0,0
1522861140,5.270,5.270,5.270,5.270,0,0
1522861200,5.260,5.260,5.260,5.260,31523,379492
1522861260,5.280,5.280,5.280,5.280,0,0
1522861440,5.270,5.270,5.270,5.270,0,0
1522861500,5.260,5.260,5.260,5.260,1200,411015
1522861560,5.260,5.260,5.260,5.260,0,0
1522861680,5.260,5.260,5.260,5.260,0,0
1522861800,5.260,5.260,5.260,5.260,7469,412215
1522861860,5.260,5.280,5.260,5.280,0,0
1522862040,5.260,5.270,5.260,5.270,0,0
1522862100,5.260,5.260,5.260,5.260,500,419684
1522862220,5.260,5.260,5.260,5.260,0,0
1522862340,5.260,5.260,5.260,5.260,0,0
1522862400,5.260,5.250,5.250,5.260,19545,420184
1522862580,5.260,5.250,5.250,5.260,0,0
1522862640,5.270,5.270,5.270,5.270,0,0
1522862700,5.260,5.260,5.260,5.260,1712,439729
1522862760,5.270,5.270,5.270,5.270,0,0
1522862820,5.270,5.270,5.270,5.270,0,0
1522863000,5.270,5.270,5.270,5.270,2869,441441
1522863300,5.270,5.270,5.270,5.270,2328,444310
1522863540,5.270,5.270,5.270,5.270,0,0
1522863600,5.260,5.260,5.260,5.260,7435,446638
1522863720,5.260,5.260,5.260,5.260,0,0
1522863780,5.270,5.280,5.270,5.280,0,0
1522863900,5.280,5.280,5.280,5.280,1429,454073
1522864020,5.280,5.280,5.280,5.280,0,0
1522864080,5.270,5.270,5.270,5.270,0,0
1522864200,5.260,5.260,5.260,5.260,3393,455502
1522864500,5.250,5.250,5.250,5.250,2704,458895
1522864560,5.250,5.250,5.250,5.250,0,0
1522864680,5.250,5.250,5.250,5.250,0,0
1522864800,5.250,5.250,5.250,5.250,6533,461599
1522864920,5.250,5.250,5.250,5.250,0,0
1522864980,5.250,5.270,5.250,5.270,0,0
1522865100,5.270,5.270,5.270,5.270,822,468132
1522865340,5.270,5.270,5.270,5.270,0,0
1522865400,5.260,5.260,5.260,5.260,3607,468954
1522865460,5.260,5.260,5.260,5.260,0,0
1522865520,5.270,5.270,5.270,5.270,0,0
1522865580,5.270,5.270,5.270,5.270,0,0
1522865640,5.270,5.270,5.270,5.270,0,0
1522865700,5.260,5.260,5.260,5.260,9979,472561
1522865760,5.260,5.260,5.260,5.260,0,0
1522865820,5.250,5.260,5.250,5.260,0,0
1522865940,5.260,5.260,5.260,5.260,0,0
1522866000,5.260,5.250,5.250,5.260,11392,482540
1522866060,5.250,5.250,5.250,5.250,0,0
1522866120,5.250,5.240,5.240,5.250,0,0
1522866180,5.250,5.250,5.250,5.250,0,0
1522866300,5.250,5.250,5.250,5.250,9482,493932
1522866420,5.250,5.250,5.250,5.250,0,0
1522866480,5.250,5.260,5.250,5.260,0,0
1522866540,5.250,5.250,5.250,5.250,0,0
1522866600,5.250,5.250,5.250,5.250,4409,503414
1522866660,5.250,5.260,5.250,5.260,0,0
1522866780,5.260,5.260,5.260,5.260,0,0
1522866840,5.270,5.270,5.270,5.270,0,0
1522866900,5.270,5.270,5.270,5.270,4043,507823
1522867020,5.260,5.260,5.260,5.260,0,0
1522867080,5.260,5.260,5.260,5.260,0,0
1522867200,5.260,5.260,5.260,5.260,7894,511866
1522867500,5.260,5.260,5.260,5.260,2867,519760
1522867560,5.260,5.260,5.260,5.260,0,0
1522867740,5.250,5.260,5.250,5.260,0,0
1522868100,5.260,5.260,5.260,5.260,16829,522627
1522868160,5.260,5.250,5.250,5.260,0,0
1522868220,5.260,5.260,5.260,5.260,0,0
1522868400,5.250,5.250,5.250,5.250,100,539456
1522868700,5.260,5.260,5.260,5.260,800,539556
1522868820,5.260,5.260,5.260,5.260,0,0
1522868880,5.250,5.250,5.250,5.250,0,0
1522868940,5.250,5.250,5.250,5.250,0,0
1522869000,5.250,5.250,5.250,5.250,5832,540356
1522869120,5.250,5.250,5.250,5.250,0,0
1522869180,5.250,5.250,5.250,5.250,0,0
1522869300,5.250,5.250,5.250,5.250,5594,546188
1522869420,5.260,5.260,5.260,5.260,0,0
1522869600,5.250,5.260,5.250,5.260,11244,551782
1522869720,5.260,5.260,5.260,5.260,0,0
1522869780,5.250,5.250,5.250,5.250,0,0
1522869840,5.260,5.250,5.250,5.260,0,0
1522869900,5.260,5.270,5.260,5.270,6857,563026
1522869960,5.260,5.270,5.260,5.270,0,0
1522870020,5.270,5.260,5.260,5.270,0,0
1522870140,5.260,5.260,5.260,5.260,0,0
1522870200,5.260,5.260,5.260,5.260,10532,569883
1522870320,5.260,5.260,5.260,5.260,0,0
1522870380,5.260,5.260,5.260,5.260,0,0
1522870500,5.260,5.250,5.250,5.260,3410,580415
1522870560,5.260,5.260,5.260,5.260,0,0
1522870620,5.260,5.260,5.260,5.260,0,0
1522870680,5.260,5.260,5.260,5.260,0,0
1522870740,5.260,5.260,5.260,5.260,0,0
1522870800,5.260,5.250,5.250,5.260,19870,583825
1522870860,5.260,5.260,5.260,5.260,0,0
1522870920,5.260,5.260,5.260,5.260,0,0
1522870980,5.250,5.250,5.250,5.250,0,0
1522871040,5.250,5.260,5.250,5.260,0,0
1522871100,5.260,5.260,5.260,5.260,13397,603695
1522871160,5.260,5.250,5.250,5.260,0,0
1522871220,5.250,5.250,5.250,5.250,0,0
1522871280,5.250,5.250,5.250,5.250,0,0
1522871340,5.260,5.270,5.260,5.270,0,0
1522871400,5.260,5.270,5.260,5.270,25275,617092
1522871460,5.270,5.270,5.270,5.270,0,0
1522871520,5.270,5.270,5.270,5.270,0,0
1522871580,5.260,5.270,5.260,5.270,0,0
1522871640,5.270,5.270,5.270,5.270,0,0
1522871700,5.260,5.270,5.260,5.270,20011,642367
1522871760,5.270,5.260,5.260,5.270,0,0
1522871820,5.270,5.260,5.260,5.270,0,0
1522871880,5.260,5.270,5.260,5.270,0,0
1522871940,5.260,5.270,5.260,5.270,0,0
1522935000,5.200,5.200,5.200,5.200,12930,0
1522935060,5.220,5.220,5.220,5.220,0,0
1522935180,5.230,5.230,5.230,5.230,0,0
1522935240,5.240,5.240,5.240,5.240,0,0
1522935300,5.230,5.240,5.230,5.250,49359,12930
1522935360,5.250,5.250,5.250,5.250,0,0
1522935480,5.250,5.250,5.250,5.250,0,0
1522935540,5.240,5.230,5.230,5.240,0,0
1522935600,5.230,5.230,5.230,5.230,1945,62289
1522935660,5.240,5.240,5.240,5.240,0,0
1522935840,5.230,5.230,5.230,5.230,0,0
1522935900,5.230,5.230,5.230,5.230,604,64234
1522935960,5.230,5.230,5.230,5.230,0,0
1522936080,5.230,5.230,5.230,5.230,0,0
1522936140,5.230,5.230,5.230,5.230,0,0
1522936200,5.220,5.210,5.210,5.220,9927,64838
1522936440,5.240,5.240,5.240,5.240,0,0
1522936500,5.240,5.240,5.240,5.240,2179,74765
1522936560,5.230,5.230,5.230,5.230,0,0
1522936620,5.220,5.220,5.220,5.220,0,0
1522936680,5.220,5.220,5.220,5.220,0,0
1522936800,5.210,5.210,5.210,5.210,4842,76944
1522936920,5.210,5.210,5.210,5.210,0,0
1522936980,5.210,5.210,5.210,5.210,0,0
1522937040,5.210,5.210,5.210,5.210,0,0
1522937100,5.210,5.210,5.210,5.210,11608,81786
1522937160,5.210,5.210,5.210,5.210,0,0
1522937340,5.210,5.210,5.210,5.210,0,0
1522937400,5.200,5.210,5.200,5.210,6783,93394
1522937460,5.200,5.200,5.200,5.200,0,0
1522937520,5.200,5.200,5.200,5.200,0,0
1522937580,5.210,5.210,5.210,5.210,0,0
1522937640,5.200,5.200,5.200,5.200,0,0
1522937700,5.210,5.210,5.210,5.210,300,100177
1522937820,5.210,5.210,5.210,5.210,0,0
1522938000,5.220,5.220,5.220,5.220,2607,100477
1522938300,5.230,5.230,5.230,5.230,3638,103084
1522938420,5.220,5.220,5.220,5.220,0,0
1522938600,5.210,5.210,5.210,5.210,3725,106722
1522938780,5.210,5.210,5.210,5.210,0,0
1522938840,5.220,5.220,5.220,5.220,0,0
1522938900,5.220,5.210,5.210,5.220,2243,110447
1522938960,5.220,5.210,5.210,5.220,0,0
1522939080,5.210,5.210,5.210,5.210,0,0
1522939200,5.220,5.210,5.210,5.220,5828,112690
1522939260,5.220,5.210,5.210,5.220,0,0
1522939500,5.210,5.210,5.210,5.210,1824,118518
1522939620,5.220,5.220,5.220,5.220,0,0
1522939680,5.210,5.210,5.210,5.210,0,0
1522939800,5.210,5.200,5.200,5.210,5288,120342
1522939920,5.210,5.210,5.210,5.210,0,0
1522939980,5.210,5.210,5.210,5.210,0,0
1522940100,5.210,5.210,5.210,5.210,3925,125630
1522940160,5.210,5.210,5.210,5.210,0,0
1522940220,5.210,5.210,5.210,5.210,0,0
1522940400,5.200,5.210,5.200,5.210,1521,129555
1522940460,5.210,5.210,5.210,5.210,0,0
1522940520,5.210,5.210,5.210,5.210,0,0
1522940580,5.210,5.210,5.210,5.210,0,0
1522940700,5.220,5.220,5.220,5.220,7620,131076
1522940760,5.220,5.220,5.220,5.220,0,0
1522940820,5.220,5.220,5.220,5.220,0,0
1522940880,5.220,5.220,5.220,5.220,0,0
1522940940,5.220,5.220,5.220,5.220,0,0
1522941000,5.230,5.220,5.220,5.230,15268,138696
1522941060,5.220,5.220,5.220,5.220,0,0
1522941180,5.220,5.230,5.220,5.230,0,0
1522941300,5.220,5.220,5.220,5.220,4589,153964
1522941360,5.230,5.230,5.230,5.230,0,0
1522941420,5.220,5.220,5.220,5.220,0,0
1522941480,5.220,5.220,5.220,5.220,0,0
1522941600,5.230,5.230,5.230,5.230,4649,158553
1522941660,5.220,5.220,5.220,5.220,0,0
1522941720,5.220,5.230,5.220,5.230,0,0
1522941780,5.220,5.220,5.220,5.220,0,0
1522941900,5.210,5.210,5.210,5.210,4619,163202
1522941960,5.220,5.210,5.210,5.220,0,0
1522942020,5.210,5.200,5.200,5.210,0,0
1522942200,5.210,5.210,5.210,5.210,10382,167821
1522942260,5.210,5.210,5.210,5.210,0,0
1522942320,5.210,5.210,5.210,5.210,0,0
1522942440,5.200,5.190,5.190,5.200,0,0
1522942500,5.190,5.190,5.190,5.190,7718,178203
1522942560,5.200,5.200,5.200,5.200,0,0
1522942620,5.200,5.200,5.200,5.200,0,0
1522942680,5.210,5.210,5.210,5.210,0,0
1522942740,5.220,5.210,5.210,5.220,0,0
1522942800,5.210,5.210,5.210,5.210,3473,185921
1522942920,5.210,5.210,5.210,5.210,0,0
1522942980,5.220,5.220,5.220,5.220,0,0
1522943100,5.220,5.220,5.220,5.220,13727,189394
1522943160,5.220,5.220,5.220,5.220,0,0
1522943340,5.250,5.240,5.240,5.250,0,0
1522943400,5.240,5.240,5.240,5.240,2700,203121
1522943460,5.240,5.240,5.240,5.240,0,0
1522943520,5.240,5.240,5.240,5.240,0,0
1522943580,5.240,5.240,5.240,5.240,0,0
1522943640,5.240,5.240,5.240,5.240,0,0
1522943700,5.240,5.240,5.240,5.240,7969,205821
1522943760,5.230,5.230,5.230,5.230,0,0
1522943880,5.230,5.230,5.230,5.230,0,0
1522944000,5.240,5.230,5.220,5.240,8297,213790
1522944180,5.220,5.220,5.220,5.220,0,0
1522944240,5.220,5.220,5.220,5.220,0,0
1522944600,5.220,5.220,5.220,5.220,3419,222087
1522944720,5.240,5.240,5.240,5.240,0,0
1522944840,5.240,5.240,5.240,5.240,0,0
1522944900,5.240,5.240,5.240,5.240,2846,225506
1522945200,5.240,5.240,5.240,5.240,3770,228352
1522945260,5.240,5.240,5.240,5.240,0,0
1522945320,5.250,5.250,5.250,5.250,0,0
1522945380,5.250,5.250,5.250,5.250,0,0
1522945500,5.250,5.250,5.250,5.250,4913,232122
1522945620,5.250,5.250,5.250,5.250,0,0
1522945800,5.250,5.250,5.250,5.250,1513,237035
1522945860,5.250,5.250,5.250,5.250,0,0
1522946040,5.250,5.250,5.250,5.250,0,0
1522946100,5.250,5.250,5.250,5.250,8691,238548
1522946160,5.250,5.260,5.250,5.260,0,0
1522946220,5.250,5.250,5.250,5.250,0,0
1522946280,5.250,5.250,5.250,5.250,0,0
1522946400,5.250,5.250,5.250,5.250,248,247239
1522946460,5.250,5.250,5.250,5.250,0,0
1522946520,5.250,5.250,5.250,5.250,0,0
1522946700,5.250,5.250,5.250,5.250,4569,247487
1522946760,5.250,5.250,5.250,5.250,0,0
1522946820,5.240,5.250,5.240,5.250,0,0
1522947000,5.250,5.250,5.250,5.250,416,252056
1522947240,5.250,5.250,5.250,5.250,0,0
1522947300,5.250,5.240,5.240,5.250,1372,252472
1522947540,5.250,5.250,5.250,5.250,0,0
1522947600,5.250,5.250,5.250,5.250,15389,253844
1522947660,5.250,5.250,5.250,5.250,0,0
1522947720,5.250,5.260,5.250,5.260,0,0
1522947840,5.260,5.260,5.260,5.260,0,0
1522948200,5.260,5.260,5.260,5.260,8027,269233
1522948320,5.260,5.260,5.260,5.260,0,0
1522948380,5.270,5.270,5.270,5.270,0,0
1522948440,5.260,5.260,5.260,5.260,0,0
1522948800,5.260,5.260,5.260,5.260,2003,277260
1522948860,5.260,5.260,5.260,5.260,0,0
1522948980,5.260,5.260,5.260,5.260,0,0
1522949100,5.250,5.250,5.250,5.250,2524,279263
1522949220,5.250,5.250,5.250,5.250,0,0
1522949400,5.250,5.260,5.250,5.260,600,281787
1522949520,5.250,5.250,5.250,5.250,0,0
1522949700,5.260,5.260,5.260,5.260,1300,282387
1522949760,5.260,5.260,5.260,5.260,0,0
1522949820,5.260,5.250,5.250,5.260,0,0
1522950000,5.250,5.260,5.250,5.260,4908,283687
1522950060,5.260,5.260,5.260,5.260,0,0
1522950120,5.260,5.260,5.260,5.260,0,0
1522950180,5.250,5.250,5.250,5.250,0,0
1522950300,5.270,5.270,5.270,5.270,4656,288595
1522950360,5.270,5.270,5.270,5.270,0,0
1522950420,5.270,5.270,5.270,5.270,0,0
1522950480,5.260,5.260,5.260,5.260,0,0
1522950540,5.260,5.260,5.260,5.260,0,0
1522950600,5.270,5.260,5.260,5.270,2100,293251
1522950660,5.270,5.260,5.260,5.270,0,0
1522950720,5.270,5.270,5.270,5.270,0,0
1522950780,5.270,5.270,5.270,5.270,0,0
1522950840,5.260,5.270,5.260,5.270,0,0
1522950900,5.260,5.260,5.260,5.260,5130,295351
1522950960,5.250,5.250,5.250,5.250,0,0
1522951140,5.250,5.250,5.250,5.250,0,0
1522951200,5.260,5.260,5.260,5.260,1524,300481
1522951260,5.250,5.250,5.250,5.250,0,0
1522951380,5.260,5.260,5.260,5.260,0,0
1522951500,5.250,5.250,5.250,5.250,1125,302005
1522951560,5.250,5.260,5.250,5.260,0,0
1522951680,5.260,5.260,5.260,5.260,0,0
1522951740,5.250,5.250,5.250,5.250,0,0
1522951800,5.260,5.250,5.250,5.260,1983,303130
1522951920,5.260,5.250,5.250,5.260,0,0
1522952040,5.260,5.260,5.260,5.260,0,0
1522952100,5.250,5.250,5.250,5.250,6250,305113
1522952220,5.250,5.250,5.250,5.250,0,0
1522952280,5.260,5.260,5.260,5.260,0,0
1522952400,5.260,5.260,5.260,5.260,130,311363
1522952460,5.260,5.260,5.260,5.260,0,0
1522952580,5.260,5.260,5.260,5.260,0,0
1522952700,5.260,5.260,5.260,5.260,4454,311493
1522952760,5.260,5.260,5.260,5.260,0,0
1522953000,5.260,5.260,5.260,5.260,674,315947
1522953060,5.260,5.260,5.260,5.260,0,0
1522953180,5.260,5.260,5.260,5.260,0,0
1522953240,5.260,5.260,5.260,5.260,0,0
1522953300,5.260,5.260,5.260,5.260,11399,316621
1522953360,5.260,5.260,5.260,5.260,0,0
1522953420,5.260,5.260,5.260,5.260,0,0
1522953600,5.270,5.270,5.270,5.270,5224,328020
1522953780,5.260,5.260,5.260,5.260,0,0
1522953840,5.270,5.260,5.260,5.270,0,0
1522953900,5.270,5.270,5.270,5.270,8631,333244
1522953960,5.270,5.270,5.270,5.270,0,0
1522954020,5.280,5.270,5.270,5.280,0,0
1522954140,5.270,5.270,5.270,5.270,0,0
1522954200,5.270,5.270,5.270,5.270,5619,341875
1522954260,5.270,5.270,5.270,5.270,0,0
1522954500,5.270,5.270,5.270,5.270,6669,347494
1522954560,5.270,5.270,5.270,5.270,0,0
1522954680,5.270,5.260,5.260,5.280,0,0
1522954740,5.260,5.260,5.260,5.260,0,0
1522954800,5.260,5.260,5.260,5.260,20940,354163
1522954980,5.260,5.260,5.260,5.260,0,0
1522955040,5.260,5.260,5.260,5.260,0,0
1522955100,5.260,5.260,5.260,5.260,6103,375103
1522955160,5.260,5.260,5.260,5.260,0,0
1522955220,5.270,5.270,5.270,5.270,0,0
1522955340,5.280,5.280,5.280,5.280,0,0
1522955400,5.280,5.270,5.270,5.280,19951,381206
1522955460,5.280,5.270,5.270,5.280,0,0
1522955520,5.260,5.260,5.260,5.260,0,0
1522955580,5.260,5.250,5.250,5.260,0,0
1522955700,5.260,5.260,5.260,5.260,3338,401157
1522955760,5.260,5.270,5.260,5.270,0,0
1522955820,5.260,5.260,5.260,5.260,0,0
1522956000,5.270,5.270,5.270,5.270,35560,404495
1522956060,5.270,5.270,5.270,5.270,0,0
1522956120,5.260,5.280,5.260,5.280,0,0
1522956180,5.270,5.260,5.260,5.270,0,0
1522956240,5.260,5.260,5.260,5.260,0,0
1522956300,5.270,5.270,5.270,5.270,8392,440055
1522956420,5.270,5.270,5.270,5.270,0,0
1522956480,5.270,5.270,5.270,5.270,0,0
1522956540,5.260,5.260,5.260,5.260,0,0
1522956600,5.260,5.270,5.260,5.270,7023,448447
1522956660,5.260,5.250,5.250,5.260,0,0
1522956840,5.260,5.260,5.260,5.260,0,0
1522956900,5.250,5.250,5.250,5.250,9322,455470
1522956960,5.260,5.250,5.250,5.260,0,0
1522957020,5.250,5.250,5.250,5.250,0,0
1522957080,5.260,5.260,5.260,5.260,0,0
1522957140,5.260,5.270,5.260,5.270,0,0
1522957200,5.260,5.260,5.260,5.260,10458,464792
1522957260,5.250,5.260,5.250,5.260,0,0
1522957320,5.250,5.250,5.250,5.250,0,0
1522957380,5.250,5.250,5.250,5.250,0,0
1522957440,5.260,5.260,5.260,5.260,0,0
1522957500,5.250,5.260,5.250,5.260,10244,475250
1522957620,5.250,5.260,5.250,5.260,0,0
1522957680,5.250,5.250,5.250,5.250,0,0
1522957740,5.250,5.260,5.250,5.260,0,0
1522957800,5.260,5.250,5.250,5.260,12886,485494
1522957860,5.260,5.260,5.260,5.260,0,0
1522957920,5.260,5.260,5.260,5.260,0,0
1522957980,5.260,5.250,5.250,5.260,0,0
1522958040,5.260,5.250,5.250,5.260,0,0
1522958100,5.250,5.260,5.250,5.260,28888,498380
1522958160,5.260,5.250,5.250,5.260,0,0
1522958220,5.250,5.260,5.250,5.260,0,0
1522958280,5.260,5.270,5.250,5.270,0,0
1522958340,5.260,5.270,5.260,5.270,0,0
