1522675800,3.770,3.770,3.770,3.770,8570,0
1522675980,3.751,3.760,3.751,3.760,0,0
1522676040,3.760,3.760,3.760,3.760,0,0
1522676100,3.770,3.795,3.770,3.795,10579,8570
1522676160,3.790,3.780,3.775,3.790,0,0
1522676220,3.780,3.780,3.780,3.780,0,0
1522676340,3.770,3.770,3.770,3.770,0,0
1522676400,3.760,3.740,3.740,3.760,1272,19149
1522676580,3.760,3.740,3.740,3.760,0,0
1522676700,3.730,3.730,3.730,3.730,660,20421
1522676880,3.730,3.730,3.730,3.730,0,0
1522677000,3.720,3.720,3.720,3.720,3602,21081
1522677060,3.710,3.715,3.710,3.715,0,0
1522677120,3.700,3.710,3.700,3.710,0,0
1522677180,3.700,3.705,3.700,3.705,0,0
1522677300,3.700,3.670,3.660,3.709,10491,24683
1522677420,3.690,3.690,3.690,3.690,0,0
1522677480,3.685,3.685,3.685,3.685,0,0
1522677540,3.670,3.670,3.670,3.670,0,0
1522677600,3.660,3.656,3.656,3.660,12406,35174
1522677660,3.660,3.656,3.656,3.660,0,0
1522677720,3.660,3.660,3.660,3.660,0,0
1522677780,3.640,3.630,3.630,3.640,0,0
1522677840,3.626,3.626,3.626,3.626,0,0
1522677900,3.630,3.611,3.610,3.640,16522,47580
1522677960,3.620,3.640,3.620,3.640,0,0
1522678080,3.640,3.640,3.640,3.640,0,0
1522678140,3.640,3.650,3.640,3.650,0,0
1522678200,3.650,3.660,3.650,3.660,4641,64102
1522678320,3.650,3.640,3.640,3.650,0,0
1522678380,3.650,3.640,3.640,3.650,0,0
1522678500,3.630,3.630,3.630,3.630,1316,68743
1522678620,3.630,3.630,3.630,3.630,0,0
1522678800,3.650,3.650,3.650,3.650,7660,70059
1522678860,3.660,3.650,3.650,3.660,0,0
1522678980,3.660,3.680,3.660,3.680,0,0
1522679040,3.670,3.670,3.670,3.670,0,0
1522679100,3.670,3.670,3.670,3.670,2020,77719
1522679340,3.660,3.660,3.660,3.660,0,0
1522679400,3.660,3.660,3.660,3.660,1588,79739
1522679460,3.660,3.660,3.660,3.660,0,0
1522679520,3.670,3.650,3.650,3.670,0,0
1522679700,3.640,3.640,3.640,3.640,3897,81327
1522679760,3.638,3.638,3.638,3.638,0,0
1522679880,3.640,3.640,3.640,3.640,0,0
1522679940,3.640,3.640,3.640,3.640,0,0
1522680000,3.650,3.650,3.650,3.650,1852,85224
1522680120,3.670,3.670,3.670,3.670,0,0
1522680240,3.670,3.670,3.670,3.670,0,0
1522680300,3.660,3.650,3.650,3.660,3157,87076
1522680360,3.650,3.650,3.650,3.650,0,0
1522680420,3.650,3.650,3.650,3.650,0,0
1522680480,3.650,3.650,3.650,3.650,0,0
1522680540,3.650,3.640,3.640,3.650,0,0
1522680600,3.660,3.660,3.660,3.660,1580,90233
1522680660,3.660,3.660,3.660,3.660,0,0
1522680780,3.660,3.660,3.660,3.660,0,0
1522680840,3.660,3.660,3.660,3.660,0,0
1522680900,3.630,3.630,3.630,3.630,2226,91813
1522680960,3.630,3.630,3.630,3.630,0,0
1522681020,3.620,3.620,3.620,3.620,0,0
1522681140,3.621,3.621,3.621,3.621,0,0
1522681200,3.600,3.600,3.600,3.600,3876,94039
1522681260,3.600,3.600,3.600,3.600,0,0
1522681440,3.600,3.600,3.600,3.600,0,0
1522681500,3.600,3.610,3.600,3.610,4525,97915
1522681560,3.600,3.605,3.600,3.605,0,0
1522681680,3.600,3.610,3.600,3.610,0,0
1522681740,3.600,3.600,3.600,3.600,0,0
1522682100,3.610,3.610,3.610,3.610,1782,102440
1522682340,3.610,3.610,3.610,3.610,0,0
1522682400,3.610,3.610,3.610,3.610,2985,104222
1522682460,3.600,3.590,3.590,3.600,0,0
1522682520,3.590,3.590,3.590,3.590,0,0
1522682580,3.590,3.590,3.590,3.590,0,0
1522682700,3.590,3.590,3.590,3.590,2545,107207
1522682940,3.600,3.610,3.600,3.610,0,0
1522683000,3.630,3.630,3.630,3.630,376,109752
1522683180,3.640,3.640,3.640,3.640,0,0
1522683300,3.620,3.610,3.610,3.620,2478,110128
1522683360,3.610,3.610,3.610,3.610,0,0
1522683420,3.600,3.600,3.600,3.600,0,0
1522683480,3.610,3.610,3.610,3.610,0,0
1522683600,3.610,3.600,3.600,3.610,1020,112606
1522683660,3.610,3.610,3.610,3.610,0,0
1522683900,3.610,3.600,3.600,3.610,3605,113626
1522683960,3.610,3.610,3.610,3.610,0,0
1522684080,3.620,3.620,3.620,3.620,0,0
1522684200,3.600,3.600,3.600,3.600,1686,117231
1522684440,3.600,3.600,3.600,3.600,0,0
1522684500,3.600,3.600,3.600,3.600,9023,118917
1522684620,3.600,3.600,3.600,3.600,0,0
1522684680,3.600,3.620,3.600,3.620,0,0
1522684740,3.620,3.625,3.620,3.625,0,0
1522684800,3.620,3.620,3.620,3.620,9785,127940
1522684920,3.620,3.620,3.620,3.620,0,0
1522684980,3.610,3.610,3.610,3.610,0,0
1522685100,3.620,3.620,3.620,3.620,1915,137725
1522685280,3.620,3.620,3.620,3.620,0,0
1522685340,3.630,3.630,3.630,3.630,0,0
1522685400,3.600,3.600,3.600,3.600,2235,139640
1522685460,3.600,3.600,3.600,3.600,0,0
1522685520,3.590,3.590,3.590,3.590,0,0
1522685580,3.590,3.590,3.590,3.590,0,0
1522685640,3.590,3.590,3.590,3.590,0,0
1522685700,3.590,3.590,3.590,3.590,200,141875
1522685820,3.590,3.590,3.590,3.590,0,0
1522686000,3.600,3.600,3.600,3.600,2076,142075
1522686180,3.600,3.600,3.600,3.600,0,0
1522686240,3.590,3.609,3.590,3.609,0,0
1522686300,3.600,3.600,3.600,3.600,4399,144151
1522686540,3.620,3.620,3.620,3.620,0,0
1522686600,3.620,3.620,3.620,3.620,191,148550
1522686660,3.620,3.620,3.620,3.620,0,0
1522686900,3.640,3.640,3.640,3.640,3186,148741
1522687080,3.640,3.640,3.640,3.640,0,0
1522687140,3.640,3.640,3.640,3.640,0,0
1522687200,3.640,3.640,3.640,3.640,1808,151927
1522687260,3.640,3.640,3.640,3.640,0,0
1522687320,3.670,3.670,3.670,3.670,0,0
1522687380,3.670,3.670,3.670,3.670,0,0
1522687500,3.660,3.650,3.650,3.660,1177,153735
1522687680,3.660,3.650,3.650,3.660,0,0
1522687800,3.635,3.650,3.635,3.650,5808,154912
1522687860,3.635,3.650,3.635,3.650,0,0
1522687920,3.650,3.660,3.650,3.660,0,0
1522687980,3.660,3.660,3.660,3.660,0,0
1522688040,3.660,3.660,3.660,3.660,0,0
1522688100,3.660,3.650,3.650,3.660,402,160720
1522688400,3.670,3.670,3.670,3.670,3988,161122
1522688460,3.670,3.670,3.670,3.670,0,0
1522688520,3.660,3.640,3.640,3.660,0,0
1522688700,3.650,3.650,3.650,3.650,1517,165110
1522688760,3.650,3.650,3.650,3.650,0,0
1522688820,3.650,3.650,3.650,3.650,0,0
1522688940,3.660,3.670,3.660,3.670,0,0
1522689000,3.660,3.650,3.650,3.660,1410,166627
1522689300,3.670,3.670,3.670,3.670,2392,168037
1522689360,3.670,3.670,3.670,3.670,0,0
1522689480,3.670,3.660,3.660,3.670,0,0
1522689540,3.650,3.660,3.650,3.660,0,0
1522689600,3.655,3.655,3.655,3.655,8876,170429
1522689720,3.650,3.610,3.610,3.650,0,0
1522689900,3.610,3.615,3.610,3.615,3701,179305
1522689960,3.620,3.620,3.620,3.620,0,0
1522690020,3.630,3.630,3.630,3.630,0,0
1522690080,3.620,3.620,3.620,3.620,0,0
1522690500,3.600,3.620,3.600,3.620,345,183006
1522690740,3.600,3.620,3.600,3.620,0,0
1522690800,3.610,3.610,3.610,3.610,3511,183351
1522690920,3.610,3.610,3.610,3.610,0,0
1522691040,3.610,3.610,3.610,3.610,0,0
1522691100,3.610,3.610,3.610,3.610,1180,186862
1522691160,3.610,3.610,3.610,3.610,0,0
1522691280,3.600,3.600,3.600,3.600,0,0
1522691400,3.600,3.600,3.600,3.600,556,188042
1522691520,3.600,3.600,3.600,3.600,0,0
1522691580,3.600,3.600,3.600,3.600,0,0
1522691700,3.600,3.590,3.590,3.600,5697,188598
1522691820,3.590,3.590,3.590,3.590,0,0
1522691880,3.590,3.590,3.590,3.590,0,0
1522691940,3.590,3.570,3.570,3.590,0,0
1522692000,3.570,3.570,3.570,3.570,1200,194295
1522692060,3.580,3.580,3.580,3.580,0,0
1522692300,3.590,3.590,3.590,3.590,2159,195495
1522692360,3.590,3.590,3.590,3.590,0,0
1522692420,3.580,3.580,3.580,3.580,0,0
1522692480,3.590,3.590,3.590,3.590,0,0
1522692600,3.575,3.575,3.575,3.575,1885,197654
1522692720,3.575,3.575,3.575,3.575,0,0
1522692840,3.590,3.590,3.590,3.590,0,0
1522692900,3.600,3.610,3.600,3.610,6698,199539
1522692960,3.600,3.600,3.600,3.600,0,0
1522693020,3.600,3.600,3.600,3.600,0,0
1522693140,3.600,3.590,3.590,3.600,0,0
1522693200,3.600,3.600,3.600,3.600,1611,206237
1522693320,3.610,3.610,3.610,3.610,0,0
1522693380,3.600,3.590,3.590,3.600,0,0
1522693500,3.590,3.590,3.590,3.590,5848,207848
1522693560,3.599,3.580,3.580,3.599,0,0
1522693680,3.580,3.580,3.580,3.580,0,0
1522693740,3.590,3.580,3.580,3.590,0,0
1522693800,3.580,3.580,3.580,3.580,1268,213696
1522693860,3.580,3.580,3.580,3.580,0,0
1522693980,3.590,3.590,3.590,3.590,0,0
1522694040,3.580,3.580,3.580,3.580,0,0
1522694100,3.580,3.580,3.580,3.580,701,214964
1522694400,3.560,3.560,3.560,3.560,7692,215665
1522694460,3.570,3.560,3.560,3.570,0,0
1522694520,3.560,3.560,3.560,3.560,0,0
1522694700,3.560,3.560,3.560,3.560,2881,223357
1522694760,3.560,3.560,3.560,3.560,0,0
1522694820,3.570,3.570,3.570,3.570,0,0
1522694880,3.570,3.570,3.570,3.570,0,0
1522694940,3.590,3.570,3.570,3.590,0,0
1522695000,3.590,3.590,3.590,3.590,3481,226238
1522695060,3.590,3.590,3.590,3.590,0,0
1522695180,3.590,3.580,3.580,3.590,0,0
1522695240,3.580,3.590,3.580,3.590,0,0
1522695300,3.587,3.587,3.587,3.587,421,229719
1522695420,3.587,3.587,3.587,3.587,0,0
1522695480,3.580,3.580,3.580,3.580,0,0
1522695600,3.580,3.580,3.580,3.580,3099,230140
1522695660,3.580,3.580,3.580,3.580,0,0
1522695780,3.590,3.590,3.590,3.590,0,0
1522695840,3.590,3.580,3.580,3.600,0,0
1522695900,3.580,3.580,3.580,3.580,420,233239
1522696020,3.580,3.580,3.580,3.580,0,0
1522696140,3.570,3.570,3.570,3.570,0,0
1522696200,3.570,3.570,3.570,3.570,956,233659
1522696320,3.570,3.570,3.570,3.570,0,0
1522696380,3.570,3.570,3.570,3.570,0,0
1522696440,3.570,3.580,3.570,3.580,0,0
1522696500,3.580,3.580,3.580,3.580,353,234615
1522696560,3.580,3.580,3.580,3.580,0,0
1522696620,3.580,3.580,3.580,3.580,0,0
1522696800,3.570,3.570,3.570,3.570,5050,234968
1522696860,3.570,3.570,3.570,3.570,0,0
1522696980,3.570,3.560,3.560,3.570,0,0
1522697100,3.560,3.550,3.550,3.560,1793,240018
1522697220,3.560,3.550,3.550,3.560,0,0
1522697280,3.560,3.560,3.560,3.560,0,0
1522697340,3.560,3.560,3.560,3.560,0,0
1522697400,3.570,3.560,3.560,3.570,2312,241811
1522697460,3.570,3.570,3.570,3.570,0,0
1522697520,3.560,3.560,3.560,3.560,0,0
1522697640,3.570,3.570,3.570,3.570,0,0
1522697700,3.570,3.560,3.560,3.570,8387,244123
1522697880,3.550,3.550,3.550,3.550,0,0
1522697940,3.550,3.550,3.550,3.550,0,0
1522698000,3.553,3.560,3.553,3.560,6309,252510
1522698060,3.560,3.555,3.555,3.560,0,0
1522698120,3.560,3.570,3.560,3.570,0,0
1522698180,3.570,3.580,3.570,3.580,0,0
1522698240,3.580,3.580,3.580,3.580,0,0
1522698300,3.580,3.590,3.580,3.590,16693,258819
1522698420,3.585,3.590,3.585,3.590,0,0
1522698480,3.590,3.600,3.590,3.600,0,0
1522698540,3.600,3.590,3.590,3.600,0,0
1522698600,3.600,3.610,3.600,3.610,21970,275512
1522698660,3.610,3.610,3.610,3.610,0,0
1522698720,3.610,3.610,3.610,3.610,0,0
1522698780,3.610,3.610,3.610,3.610,0,0
1522698840,3.610,3.620,3.610,3.620,0,0
1522698900,3.620,3.620,3.620,3.620,62502,297482
1522698960,3.620,3.620,3.620,3.620,0,0
1522699020,3.620,3.620,3.620,3.620,0,0
1522699080,3.620,3.610,3.600,3.620,0,0
1522699140,3.610,3.610,3.600,3.610,0,0
1522762200,3.700,3.700,3.700,3.700,26430,0
1522762440,3.670,3.647,3.645,3.670,0,0
1522762500,3.675,3.670,3.670,3.675,5291,26430
1522762560,3.675,3.670,3.670,3.675,0,0
1522762620,3.640,3.640,3.640,3.640,0,0
1522762680,3.640,3.640,3.640,3.640,0,0
1522762740,3.640,3.640,3.640,3.640,0,0
1522762800,3.655,3.670,3.655,3.670,13731,31721
1522762920,3.670,3.680,3.670,3.680,0,0
1522763040,3.685,3.680,3.680,3.685,0,0
1522763100,3.680,3.690,3.680,3.690,735,45452
1522763160,3.690,3.690,3.690,3.690,0,0
1522763280,3.690,3.690,3.690,3.690,0,0
1522763340,3.680,3.680,3.680,3.680,0,0
1522763400,3.690,3.690,3.690,3.690,1888,46187
1522763460,3.690,3.690,3.690,3.690,0,0
1522763520,3.670,3.670,3.670,3.670,0,0
1522763580,3.670,3.670,3.670,3.670,0,0
1522763640,3.680,3.680,3.680,3.680,0,0
1522763700,3.670,3.670,3.670,3.670,1100,48075
1522763820,3.670,3.670,3.670,3.670,0,0
1522763880,3.680,3.680,3.680,3.680,0,0
1522764000,3.690,3.690,3.690,3.690,1701,49175
1522764060,3.690,3.690,3.690,3.690,0,0
1522764240,3.675,3.675,3.675,3.675,0,0
1522764300,3.680,3.670,3.670,3.680,3035,50876
1522764480,3.650,3.660,3.650,3.660,0,0
1522764540,3.670,3.670,3.670,3.670,0,0
1522764600,3.670,3.670,3.670,3.670,1701,53911
1522764660,3.680,3.680,3.680,3.680,0,0
1522764720,3.680,3.680,3.680,3.680,0,0
1522764780,3.665,3.665,3.665,3.665,0,0
1522764900,3.665,3.670,3.665,3.670,3940,55612
1522764960,3.650,3.650,3.650,3.650,0,0
1522765020,3.655,3.670,3.655,3.670,0,0
1522765200,3.660,3.660,3.660,3.660,1378,59552
1522765260,3.660,3.660,3.660,3.660,0,0
1522765320,3.660,3.660,3.660,3.660,0,0
1522765440,3.660,3.660,3.660,3.660,0,0
1522765500,3.660,3.640,3.640,3.660,3402,60930
1522765560,3.660,3.640,3.640,3.660,0,0
1522765680,3.635,3.635,3.635,3.635,0,0
1522765800,3.620,3.623,3.620,3.623,3204,64332
1522765860,3.625,3.620,3.620,3.625,0,0
1522766040,3.645,3.645,3.645,3.645,0,0
1522766100,3.650,3.650,3.650,3.650,2473,67536
1522766160,3.640,3.645,3.640,3.645,0,0
1522766220,3.650,3.650,3.650,3.650,0,0
1522766280,3.645,3.645,3.645,3.645,0,0
1522766340,3.650,3.650,3.650,3.650,0,0
1522766400,3.647,3.650,3.647,3.650,3499,70009
1522766460,3.660,3.655,3.650,3.660,0,0
1522766520,3.645,3.645,3.645,3.645,0,0
1522766640,3.650,3.660,3.650,3.660,0,0
1522766700,3.655,3.655,3.655,3.655,173,73508
1522767000,3.652,3.655,3.650,3.655,2845,73681
1522767060,3.660,3.660,3.660,3.660,0,0
1522767180,3.665,3.665,3.665,3.665,0,0
1522767240,3.650,3.650,3.650,3.650,0,0
1522767300,3.650,3.645,3.645,3.650,2194,76526
1522767360,3.655,3.650,3.650,3.655,0,0
1522767420,3.660,3.660,3.660,3.660,0,0
1522767540,3.680,3.680,3.680,3.680,0,0
1522767600,3.680,3.680,3.680,3.680,689,78720
1522767720,3.670,3.670,3.670,3.670,0,0
1522767840,3.675,3.675,3.675,3.675,0,0
1522767900,3.670,3.670,3.670,3.670,4797,79409
1522768020,3.690,3.690,3.690,3.690,0,0
1522768080,3.690,3.695,3.690,3.695,0,0
1522768500,3.680,3.690,3.680,3.690,2602,84206
1522768560,3.685,3.685,3.685,3.685,0,0
1522768620,3.690,3.690,3.690,3.690,0,0
1522768680,3.690,3.695,3.690,3.695,0,0
1522768740,3.690,3.690,3.690,3.690,0,0
1522768800,3.680,3.685,3.680,3.685,819,86808
1522768920,3.690,3.690,3.690,3.690,0,0
1522768980,3.700,3.700,3.700,3.700,0,0
1522769100,3.710,3.710,3.710,3.710,14330,87627
1522769160,3.710,3.720,3.710,3.720,0,0
1522769220,3.716,3.716,3.716,3.716,0,0
1522769280,3.730,3.730,3.730,3.730,0,0
1522769340,3.730,3.750,3.730,3.750,0,0
1522769400,3.755,3.755,3.755,3.755,1789,101957
1522769460,3.760,3.760,3.760,3.760,0,0
1522769640,3.745,3.740,3.740,3.745,0,0
1522769700,3.720,3.725,3.720,3.725,3668,103746
1522769760,3.720,3.725,3.720,3.725,0,0
1522769820,3.720,3.720,3.720,3.720,0,0
1522769880,3.720,3.720,3.720,3.720,0,0
1522769940,3.720,3.720,3.720,3.720,0,0
1522770000,3.730,3.730,3.730,3.730,623,107414
1522770060,3.730,3.730,3.730,3.730,0,0
1522770240,3.720,3.720,3.720,3.720,0,0
1522770300,3.720,3.720,3.720,3.720,2519,108037
1522770360,3.720,3.720,3.720,3.720,0,0
1522770480,3.740,3.740,3.740,3.740,0,0
1522770540,3.720,3.720,3.720,3.720,0,0
1522770600,3.725,3.725,3.725,3.725,1909,110556
1522770660,3.725,3.725,3.725,3.725,0,0
1522770720,3.720,3.720,3.720,3.720,0,0
1522770780,3.700,3.700,3.700,3.700,0,0
1522770840,3.705,3.705,3.705,3.705,0,0
1522770900,3.700,3.700,3.700,3.700,675,112465
1522771020,3.700,3.700,3.700,3.700,0,0
1522771140,3.705,3.700,3.700,3.705,0,0
1522771200,3.700,3.710,3.700,3.710,1546,113140
1522771260,3.710,3.720,3.710,3.720,0,0
1522771320,3.720,3.720,3.720,3.720,0,0
1522771380,3.710,3.710,3.710,3.710,0,0
1522771440,3.715,3.720,3.715,3.720,0,0
1522771500,3.710,3.715,3.710,3.715,3023,114686
1522771560,3.720,3.710,3.710,3.720,0,0
1522771620,3.710,3.715,3.710,3.720,0,0
1522771680,3.710,3.715,3.710,3.715,0,0
1522771740,3.710,3.700,3.700,3.710,0,0
1522771800,3.700,3.705,3.700,3.705,4761,117709
1522771920,3.700,3.700,3.700,3.700,0,0
1522771980,3.695,3.695,3.695,3.695,0,0
1522772040,3.695,3.680,3.680,3.695,0,0
1522772100,3.680,3.690,3.680,3.690,600,122470
1522772160,3.680,3.690,3.680,3.690,0,0
1522772280,3.680,3.680,3.680,3.680,0,0
1522772340,3.685,3.685,3.685,3.685,0,0
1522772400,3.690,3.680,3.680,3.690,866,123070
1522772520,3.685,3.690,3.680,3.690,0,0
1522772640,3.690,3.680,3.680,3.690,0,0
1522772700,3.690,3.690,3.690,3.690,1703,123936
1522772760,3.680,3.690,3.680,3.690,0,0
1522772880,3.675,3.675,3.675,3.675,0,0
1522773000,3.670,3.660,3.660,3.670,3508,125639
1522773120,3.660,3.665,3.660,3.665,0,0
1522773240,3.660,3.660,3.660,3.660,0,0
1522773300,3.670,3.670,3.670,3.670,2184,129147
1522773360,3.670,3.680,3.670,3.680,0,0
1522773480,3.670,3.670,3.670,3.670,0,0
1522773600,3.670,3.670,3.670,3.670,612,131331
1522773660,3.670,3.670,3.670,3.670,0,0
1522773720,3.680,3.680,3.680,3.680,0,0
1522773780,3.690,3.690,3.690,3.690,0,0
1522773840,3.690,3.690,3.690,3.690,0,0
1522773900,3.690,3.690,3.690,3.690,3713,131943
1522773960,3.680,3.680,3.680,3.680,0,0
1522774020,3.675,3.660,3.660,3.675,0,0
1522774080,3.670,3.670,3.670,3.670,0,0
1522774200,3.660,3.660,3.660,3.660,1200,135656
1522774320,3.660,3.670,3.660,3.670,0,0
1522774380,3.670,3.670,3.670,3.670,0,0
1522774440,3.670,3.660,3.660,3.670,0,0
1522774500,3.665,3.665,3.665,3.665,300,136856
1522774740,3.660,3.660,3.660,3.660,0,0
1522774800,3.660,3.670,3.660,3.670,1677,137156
1522774860,3.660,3.670,3.660,3.670,0,0
1522774980,3.670,3.670,3.670,3.670,0,0
1522775040,3.660,3.670,3.660,3.670,0,0
1522775100,3.670,3.660,3.660,3.670,750,138833
1522775160,3.670,3.660,3.660,3.670,0,0
1522775340,3.670,3.665,3.665,3.670,0,0
1522775400,3.670,3.665,3.665,3.670,1303,139583
1522775520,3.670,3.670,3.670,3.670,0,0
1522775580,3.670,3.670,3.670,3.670,0,0
1522775640,3.660,3.670,3.660,3.670,0,0
1522775700,3.670,3.660,3.660,3.670,825,140886
1522775760,3.670,3.660,3.660,3.670,0,0
1522775820,3.670,3.670,3.670,3.670,0,0
1522775880,3.665,3.665,3.665,3.665,0,0
1522775940,3.670,3.670,3.670,3.670,0,0
1522776000,3.670,3.670,3.670,3.670,800,141711
1522776060,3.670,3.670,3.670,3.670,0,0
1522776120,3.660,3.670,3.660,3.670,0,0
1522776180,3.665,3.670,3.665,3.670,0,0
1522776300,3.665,3.665,3.665,3.665,1674,142511
1522776360,3.670,3.680,3.670,3.680,0,0
1522776420,3.670,3.670,3.670,3.670,0,0
1522776600,3.670,3.680,3.670,3.680,1334,144185
1522776660,3.680,3.680,3.680,3.680,0,0
1522776900,3.660,3.660,3.660,3.660,6159,145519
1522776960,3.660,3.660,3.660,3.660,0,0
1522777020,3.660,3.660,3.660,3.660,0,0
1522777080,3.640,3.640,3.640,3.640,0,0
1522777200,3.640,3.640,3.640,3.640,1365,151678
1522777260,3.640,3.640,3.640,3.640,0,0
1522777320,3.650,3.650,3.650,3.650,0,0
1522777380,3.640,3.650,3.640,3.650,0,0
1522777440,3.650,3.645,3.645,3.650,0,0
1522777500,3.650,3.645,3.645,3.650,7492,153043
1522777560,3.650,3.650,3.650,3.650,0,0
1522777620,3.640,3.630,3.630,3.640,0,0
1522777680,3.635,3.640,3.630,3.640,0,0
1522777740,3.650,3.640,3.640,3.650,0,0
1522777800,3.630,3.635,3.630,3.635,2961,160535
1522777860,3.640,3.630,3.630,3.640,0,0
1522777920,3.640,3.640,3.640,3.640,0,0
1522778040,3.650,3.650,3.650,3.650,0,0
1522778100,3.660,3.660,3.660,3.660,6076,163496
1522778160,3.660,3.660,3.660,3.660,0,0
1522778220,3.650,3.650,3.650,3.650,0,0
1522778280,3.630,3.630,3.630,3.630,0,0
1522778340,3.630,3.636,3.630,3.636,0,0
1522778400,3.650,3.650,3.650,3.650,504,169572
1522778640,3.650,3.650,3.650,3.650,0,0
1522778700,3.655,3.655,3.655,3.655,1179,170076
1522778820,3.660,3.660,3.660,3.660,0,0
1522779000,3.655,3.655,3.655,3.655,2540,171255
1522779120,3.650,3.650,3.650,3.650,0,0
1522779180,3.650,3.650,3.650,3.650,0,0
1522779240,3.650,3.650,3.650,3.650,0,0
1522779300,3.660,3.655,3.655,3.660,806,173795
1522779480,3.660,3.660,3.660,3.660,0,0
1522779540,3.650,3.650,3.650,3.650,0,0
1522779600,3.660,3.660,3.660,3.660,5122,174601
1522779660,3.660,3.660,3.660,3.660,0,0
1522779720,3.670,3.680,3.670,3.680,0,0
1522779780,3.690,3.689,3.689,3.690,0,0
1522779900,3.690,3.690,3.690,3.690,6412,179723
1522780020,3.680,3.680,3.680,3.680,0,0
1522780080,3.690,3.670,3.670,3.690,0,0
1522780140,3.675,3.675,3.675,3.675,0,0
1522780200,3.670,3.670,3.670,3.670,620,186135
1522780260,3.670,3.670,3.670,3.670,0,0
1522780320,3.675,3.675,3.675,3.675,0,0
1522780380,3.670,3.670,3.670,3.670,0,0
1522780500,3.660,3.665,3.660,3.665,1694,186755
1522780560,3.670,3.670,3.670,3.670,0,0
1522780620,3.670,3.665,3.665,3.670,0,0
1522780740,3.670,3.670,3.670,3.670,0,0
1522780800,3.660,3.670,3.660,3.670,1391,188449
1522780860,3.660,3.670,3.660,3.670,0,0
1522780920,3.660,3.660,3.660,3.660,0,0
1522780980,3.660,3.670,3.660,3.670,0,0
1522781100,3.670,3.660,3.660,3.670,3397,189840
1522781220,3.660,3.670,3.660,3.670,0,0
1522781280,3.670,3.665,3.665,3.670,0,0
1522781400,3.665,3.660,3.660,3.665,1194,193237
1522781580,3.665,3.660,3.660,3.665,0,0
1522781640,3.650,3.650,3.650,3.650,0,0
1522781700,3.650,3.650,3.650,3.650,3509,194431
1522781760,3.660,3.670,3.660,3.670,0,0
1522781820,3.675,3.665,3.660,3.675,0,0
1522782000,3.660,3.660,3.660,3.660,5575,197940
1522782060,3.660,3.660,3.660,3.660,0,0
1522782120,3.665,3.660,3.660,3.665,0,0
1522782180,3.670,3.670,3.670,3.670,0,0
1522782240,3.670,3.670,3.670,3.670,0,0
1522782300,3.665,3.665,3.665,3.665,100,203515
1522782360,3.670,3.670,3.670,3.670,0,0
1522782480,3.670,3.670,3.670,3.670,0,0
1522782600,3.670,3.670,3.670,3.670,12392,203615
1522782660,3.670,3.670,3.670,3.670,0,0
1522782720,3.690,3.680,3.680,3.690,0,0
1522782780,3.680,3.680,3.680,3.680,0,0
1522782840,3.680,3.680,3.680,3.680,0,0
1522782900,3.680,3.680,3.680,3.680,1012,216007
1522783080,3.680,3.680,3.680,3.680,0,0
1522783140,3.690,3.690,3.690,3.690,0,0
1522783200,3.690,3.680,3.680,3.690,2852,217019
1522783260,3.680,3.690,3.680,3.690,0,0
1522783500,3.690,3.690,3.690,3.690,2376,219871
1522783560,3.690,3.680,3.680,3.690,0,0
1522783620,3.690,3.690,3.690,3.690,0,0
1522783680,3.690,3.690,3.690,3.690,0,0
1522783740,3.695,3.695,3.695,3.695,0,0
1522783800,3.680,3.680,3.680,3.680,3608,222247
1522783860,3.685,3.680,3.680,3.685,0,0
1522783980,3.685,3.680,3.680,3.685,0,0
1522784040,3.670,3.670,3.670,3.670,0,0
1522784100,3.670,3.660,3.660,3.670,5046,225855
1522784160,3.660,3.660,3.660,3.660,0,0
1522784220,3.665,3.665,3.665,3.665,0,0
1522784280,3.670,3.675,3.670,3.680,0,0
1522784400,3.680,3.680,3.680,3.680,1591,230901
1522784520,3.670,3.675,3.670,3.675,0,0
1522784580,3.680,3.680,3.680,3.680,0,0
1522784640,3.680,3.675,3.675,3.680,0,0
1522784700,3.675,3.680,3.675,3.680,3367,232492
1522784760,3.670,3.670,3.670,3.670,0,0
1522784820,3.680,3.670,3.670,3.680,0,0
1522784880,3.680,3.675,3.675,3.680,0,0
1522784940,3.680,3.675,3.675,3.680,0,0
1522785000,3.680,3.690,3.680,3.690,7069,235859
1522785060,3.680,3.680,3.680,3.680,0,0
1522785120,3.685,3.690,3.685,3.690,0,0
1522785180,3.685,3.690,3.685,3.690,0,0
1522785240,3.685,3.690,3.680,3.690,0,0
1522785300,3.685,3.690,3.680,3.690,20910,242928
1522785360,3.685,3.670,3.670,3.690,0,0
1522785420,3.675,3.670,3.670,3.675,0,0
1522785480,3.675,3.680,3.675,3.680,0,0
1522785540,3.671,3.675,3.670,3.680,0,0
1522848600,3.620,3.650,3.610,3.680,27648,0
1522848660,3.600,3.580,3.580,3.600,0,0
1522848720,3.595,3.590,3.590,3.595,0,0
1522848780,3.598,3.640,3.598,3.640,0,0
1522848840,3.610,3.610,3.610,3.610,0,0
1522848900,3.670,3.670,3.670,3.670,1411,27648
1522849080,3.670,3.670,3.670,3.670,0,0
1522849140,3.655,3.655,3.655,3.655,0,0
1522849200,3.650,3.650,3.650,3.650,1186,29059
1522849320,3.640,3.640,3.640,3.640,0,0
1522849380,3.655,3.655,3.655,3.655,0,0
1522849440,3.660,3.660,3.660,3.660,0,0
1522849500,3.660,3.660,3.660,3.660,10324,30245
1522849560,3.660,3.630,3.630,3.660,0,0
1522849620,3.620,3.620,3.620,3.620,0,0
1522849680,3.640,3.640,3.640,3.640,0,0
1522849800,3.640,3.640,3.640,3.640,531,40569
1522849860,3.640,3.640,3.640,3.640,0,0
1522849920,3.640,3.640,3.640,3.640,0,0
1522849980,3.640,3.640,3.640,3.640,0,0
1522850040,3.640,3.640,3.640,3.640,0,0
1522850100,3.640,3.640,3.640,3.640,17022,41100
1522850160,3.639,3.640,3.639,3.640,0,0
1522850220,3.640,3.640,3.640,3.640,0,0
1522850280,3.640,3.640,3.640,3.640,0,0
1522850340,3.640,3.625,3.625,3.640,0,0
1522850400,3.620,3.620,3.620,3.620,1087,58122
1522850460,3.620,3.620,3.620,3.620,0,0
1522850640,3.610,3.610,3.610,3.610,0,0
1522850700,3.610,3.610,3.610,3.610,1511,59209
1522851000,3.640,3.640,3.640,3.640,2412,60720
1522851060,3.640,3.640,3.640,3.640,0,0
1522851120,3.640,3.640,3.640,3.640,0,0
1522851300,3.640,3.640,3.640,3.640,5715,63132
1522851360,3.643,3.643,3.643,3.643,0,0
1522851420,3.650,3.650,3.650,3.650,0,0
1522851480,3.650,3.670,3.650,3.670,0,0
1522851600,3.690,3.680,3.680,3.690,1410,68847
1522851660,3.690,3.680,3.680,3.690,0,0
1522851840,3.690,3.690,3.690,3.690,0,0
1522851900,3.690,3.690,3.690,3.690,2075,70257
1522851960,3.680,3.680,3.680,3.680,0,0
1522852140,3.690,3.700,3.690,3.705,0,0
1522852200,3.700,3.700,3.700,3.700,100,72332
1522852500,3.710,3.710,3.710,3.710,1840,72432
1522852740,3.710,3.710,3.710,3.710,0,0
1522852800,3.720,3.720,3.720,3.720,1567,74272
1522852860,3.730,3.720,3.720,3.730,0,0
1522852920,3.730,3.720,3.720,3.730,0,0
1522853100,3.730,3.740,3.730,3.740,2451,75839
1522853160,3.730,3.740,3.730,3.740,0,0
1522853340,3.720,3.720,3.720,3.720,0,0
1522853400,3.729,3.729,3.729,3.729,4073,78290
1522853580,3.710,3.710,3.710,3.710,0,0
1522853700,3.690,3.690,3.690,3.690,1626,82363
1522853760,3.690,3.690,3.690,3.690,0,0
1522854000,3.705,3.705,3.705,3.705,802,83989
1522854060,3.705,3.705,3.705,3.705,0,0
1522854240,3.700,3.700,3.700,3.700,0,0
1522854300,3.710,3.710,3.710,3.710,951,84791
1522854360,3.710,3.710,3.710,3.710,0,0
1522854420,3.710,3.720,3.710,3.720,0,0
1522854600,3.710,3.710,3.710,3.710,601,85742
1522854900,3.715,3.715,3.715,3.715,4231,86343
1522854960,3.715,3.715,3.715,3.715,0,0
1522855020,3.720,3.710,3.710,3.720,0,0
1522855140,3.710,3.710,3.710,3.710,0,0
1522855200,3.720,3.720,3.720,3.720,642,90574
1522855320,3.720,3.720,3.720,3.720,0,0
1522855500,3.740,3.740,3.740,3.740,523,91216
1522855740,3.740,3.760,3.740,3.760,0,0
1522855800,3.760,3.755,3.755,3.760,1125,91739
1522855860,3.760,3.755,3.755,3.760,0,0
1522855980,3.755,3.755,3.755,3.755,0,0
1522856100,3.760,3.760,3.760,3.760,2420,92864
1522856280,3.755,3.740,3.740,3.755,0,0
1522856340,3.740,3.740,3.740,3.740,0,0
1522856400,3.730,3.730,3.730,3.730,300,95284
1522856580,3.730,3.730,3.730,3.730,0,0
1522856700,3.730,3.730,3.730,3.730,4145,95584
1522856760,3.730,3.730,3.730,3.730,0,0
1522856820,3.740,3.741,3.740,3.741,0,0
1522856880,3.740,3.740,3.740,3.740,0,0
1522856940,3.730,3.730,3.730,3.730,0,0
1522857000,3.730,3.730,3.730,3.730,900,99729
1522857060,3.730,3.730,3.730,3.730,0,0
1522857300,3.740,3.740,3.740,3.740,620,100629
1522857360,3.740,3.740,3.740,3.740,0,0
1522857420,3.740,3.740,3.740,3.740,0,0
1522857600,3.750,3.750,3.750,3.750,200,101249
1522857780,3.750,3.750,3.750,3.750,0,0
1522857900,3.750,3.750,3.750,3.750,3481,101449
1522858020,3.750,3.750,3.750,3.750,0,0
1522858080,3.750,3.740,3.740,3.750,0,0
1522858140,3.740,3.740,3.740,3.740,0,0
1522858200,3.750,3.750,3.750,3.750,786,104930
1522858320,3.750,3.750,3.750,3.750,0,0
1522858440,3.760,3.760,3.760,3.760,0,0
1522858500,3.760,3.760,3.760,3.760,3960,105716
1522858560,3.760,3.760,3.760,3.760,0,0
1522858620,3.769,3.770,3.760,3.770,0,0
1522858740,3.790,3.790,3.790,3.790,0,0
1522858800,3.780,3.790,3.780,3.790,2154,109676
1522858860,3.780,3.790,3.780,3.790,0,0
1522858920,3.790,3.790,3.790,3.790,0,0
1522858980,3.800,3.800,3.800,3.800,0,0
1522859100,3.800,3.800,3.800,3.800,8085,111830
1522859160,3.800,3.800,3.800,3.800,0,0
1522859220,3.815,3.829,3.810,3.829,0,0
1522859280,3.810,3.805,3.805,3.810,0,0
1522859340,3.810,3.820,3.810,3.820,0,0
1522859400,3.840,3.830,3.830,3.840,2803,119915
1522859460,3.830,3.825,3.820,3.830,0,0
1522859520,3.830,3.830,3.830,3.830,0,0
1522859580,3.830,3.830,3.830,3.830,0,0
1522859640,3.830,3.830,3.830,3.830,0,0
1522859700,3.840,3.840,3.840,3.840,13815,122718
1522859760,3.840,3.840,3.840,3.840,0,0
1522859880,3.830,3.835,3.830,3.835,0,0
1522859940,3.840,3.870,3.840,3.870,0,0
1522860000,3.860,3.850,3.850,3.860,3714,136533
1522860180,3.841,3.841,3.841,3.841,0,0
1522860240,3.860,3.880,3.860,3.880,0,0
1522860300,3.870,3.860,3.860,3.870,11921,140247
1522860420,3.865,3.865,3.865,3.865,0,0
1522860480,3.860,3.875,3.860,3.890,0,0
1522860600,3.870,3.870,3.870,3.870,13354,152168
1522860660,3.870,3.860,3.860,3.870,0,0
1522860720,3.870,3.871,3.870,3.871,0,0
1522860780,3.870,3.865,3.865,3.870,0,0
1522860840,3.875,3.875,3.875,3.875,0,0
1522860900,3.870,3.870,3.870,3.870,27086,165522
1522860960,3.880,3.880,3.880,3.880,0,0
1522861020,3.930,3.910,3.910,3.930,0,0
1522861080,3.910,3.895,3.895,3.910,0,0
1522861140,3.910,3.910,3.910,3.910,0,0
1522861200,3.910,3.910,3.910,3.910,4366,192608
1522861260,3.910,3.915,3.910,3.915,0,0
1522861320,3.913,3.913,3.913,3.913,0,0
1522861380,3.915,3.900,3.900,3.915,0,0
1522861500,3.905,3.900,3.900,3.905,6656,196974
1522861560,3.910,3.910,3.910,3.910,0,0
1522861680,3.900,3.896,3.895,3.905,0,0
1522861800,3.900,3.900,3.900,3.900,2886,203630
1522861860,3.900,3.900,3.900,3.900,0,0
1522861920,3.900,3.900,3.900,3.900,0,0
1522862040,3.910,3.910,3.910,3.910,0,0
1522862100,3.900,3.900,3.900,3.900,5277,206516
1522862160,3.920,3.920,3.920,3.920,0,0
1522862280,3.926,3.925,3.920,3.926,0,0
1522862340,3.920,3.920,3.920,3.920,0,0
1522862400,3.915,3.915,3.915,3.915,7677,211793
1522862520,3.900,3.900,3.900,3.900,0,0
1522862580,3.900,3.900,3.900,3.900,0,0
1522862640,3.890,3.883,3.883,3.890,0,0
1522862700,3.890,3.900,3.890,3.900,1860,219470
1522862760,3.900,3.900,3.900,3.900,0,0
1522862820,3.900,3.900,3.900,3.900,0,0
1522862940,3.904,3.905,3.904,3.905,0,0
1522863000,3.900,3.900,3.900,3.900,2302,221330
1522863060,3.910,3.905,3.905,3.910,0,0
1522863120,3.910,3.910,3.910,3.910,0,0
1522863180,3.910,3.910,3.910,3.910,0,0
1522863300,3.930,3.930,3.930,3.930,2849,223632
1522863360,3.930,3.930,3.930,3.930,0,0
1522863420,3.920,3.920,3.920,3.920,0,0
1522863480,3.915,3.915,3.915,3.915,0,0
1522863600,3.909,3.909,3.909,3.909,1629,226481
1522863660,3.910,3.910,3.910,3.910,0,0
1522863900,3.900,3.900,3.900,3.900,3536,228110
1522863960,3.895,3.890,3.890,3.895,0,0
1522864080,3.890,3.890,3.890,3.890,0,0
1522864200,3.900,3.900,3.900,3.900,5906,231646
1522864260,3.900,3.900,3.900,3.900,0,0
1522864320,3.895,3.890,3.890,3.895,0,0
1522864380,3.880,3.880,3.880,3.880,0,0
1522864500,3.890,3.890,3.890,3.890,2779,237552
1522864560,3.890,3.890,3.890,3.890,0,0
1522864740,3.900,3.890,3.890,3.900,0,0
1522864800,3.900,3.920,3.900,3.920,5280,240331
1522864860,3.900,3.920,3.900,3.920,0,0
1522864920,3.920,3.920,3.920,3.920,0,0
1522864980,3.910,3.910,3.910,3.910,0,0
1522865040,3.915,3.915,3.915,3.915,0,0
1522865100,3.930,3.930,3.930,3.930,1396,245611
1522865160,3.930,3.930,3.930,3.930,0,0
1522865220,3.930,3.920,3.920,3.930,0,0
1522865400,3.915,3.915,3.915,3.915,4653,247007
1522865460,3.915,3.915,3.915,3.915,0,0
1522865520,3.920,3.920,3.920,3.920,0,0
1522865580,3.925,3.925,3.925,3.925,0,0
1522865640,3.925,3.920,3.920,3.925,0,0
1522865700,3.930,3.930,3.930,3.930,10391,251660
1522865820,3.930,3.930,3.930,3.930,0,0
1522865880,3.950,3.955,3.950,3.955,0,0
1522865940,3.960,3.945,3.940,3.960,0,0
1522866000,3.950,3.950,3.950,3.950,20844,262051
1522866060,3.950,3.940,3.940,3.950,0,0
1522866120,3.950,3.960,3.950,3.960,0,0
1522866180,3.970,3.970,3.970,3.970,0,0
1522866300,3.960,3.952,3.952,3.960,3638,282895
1522866360,3.954,3.954,3.954,3.954,0,0
1522866420,3.960,3.960,3.960,3.960,0,0
1522866480,3.960,3.960,3.960,3.960,0,0
1522866540,3.970,3.970,3.970,3.970,0,0
1522866600,3.970,3.960,3.960,3.970,8530,286533
1522866660,3.960,3.970,3.960,3.970,0,0
1522866720,3.975,3.960,3.960,3.975,0,0
1522866780,3.964,3.970,3.964,3.970,0,0
1522866840,3.970,3.970,3.970,3.970,0,0
1522866900,3.975,3.970,3.970,3.975,14433,295063
1522866960,3.977,3.980,3.970,3.980,0,0
1522867020,3.970,3.980,3.970,3.980,0,0
1522867140,3.970,3.975,3.970,3.975,0,0
1522867200,3.979,3.985,3.979,3.985,3297,309496
1522867260,3.990,3.990,3.990,3.990,0,0
1522867320,3.980,3.980,3.980,3.980,0,0
1522867440,3.990,3.990,3.990,3.990,0,0
1522867500,3.990,3.990,3.990,3.990,4647,312793
1522867560,3.990,3.990,3.990,3.990,0,0
1522867620,3.985,3.985,3.985,3.985,0,0
1522867680,3.985,3.950,3.950,3.985,0,0
1522867740,3.950,3.960,3.950,3.960,0,0
1522867800,3.960,3.960,3.960,3.960,25072,317440
1522867860,3.960,3.960,3.960,3.960,0,0
1522867920,3.960,3.980,3.960,3.990,0,0
1522867980,3.980,3.980,3.980,3.980,0,0
1522868040,3.980,3.980,3.980,3.980,0,0
1522868100,3.980,3.980,3.980,3.980,14702,342512
1522868160,3.980,3.980,3.980,3.980,0,0
1522868220,3.994,4.000,3.994,4.000,0,0
1522868280,4.010,4.010,4.010,4.010,0,0
1522868340,4.010,4.010,4.010,4.010,0,0
1522868400,4.010,4.010,4.010,4.010,9100,357214
1522868520,4.010,4.026,4.010,4.026,0,0
1522868580,4.011,4.011,4.011,4.011,0,0
1522868640,4.020,4.010,4.010,4.020,0,0
1522868700,4.015,4.015,4.015,4.015,9731,366314
1522868760,4.025,4.020,4.010,4.025,0,0
1522868820,4.001,4.010,4.001,4.010,0,0
1522868880,4.010,4.010,4.010,4.010,0,0
1522868940,4.000,4.020,4.000,4.020,0,0
1522869000,4.015,4.010,4.010,4.015,12070,376045
1522869060,4.010,4.010,4.010,4.010,0,0
1522869120,4.020,4.010,4.010,4.020,0,0
1522869180,4.020,4.020,4.020,4.020,0,0
1522869240,4.020,4.030,4.020,4.030,0,0
1522869300,4.030,4.030,4.030,4.030,6185,388115
1522869420,4.030,4.030,4.030,4.030,0,0
1522869480,4.035,4.035,4.035,4.035,0,0
1522869540,4.030,4.030,4.030,4.030,0,0
1522869600,4.030,4.030,4.030,4.030,21808,394300
1522869720,4.030,4.026,4.026,4.030,0,0
1522869780,4.023,4.011,4.011,4.030,0,0
1522869840,4.020,4.020,4.020,4.020,0,0
1522869900,4.020,4.030,4.020,4.030,6609,416108
1522869960,4.020,4.030,4.020,4.030,0,0
1522870020,4.030,4.030,4.030,4.030,0,0
1522870080,4.030,4.030,4.030,4.030,0,0
1522870140,4.030,4.030,4.030,4.030,0,0
1522870200,4.030,4.027,4.027,4.030,18669,422717
1522870320,4.030,4.040,4.030,4.050,0,0
1522870380,4.035,4.030,4.030,4.040,0,0
1522870440,4.050,4.050,4.050,4.050,0,0
1522870500,4.040,4.040,4.040,4.040,3574,441386
1522870560,4.040,4.040,4.040,4.040,0,0
1522870680,4.045,4.045,4.045,4.045,0,0
1522870740,4.050,4.050,4.050,4.050,0,0
1522870800,4.045,4.040,4.040,4.050,14389,444960
1522870860,4.030,4.040,4.030,4.040,0,0
1522870920,4.045,4.050,4.035,4.050,0,0
1522870980,4.050,4.050,4.050,4.050,0,0
1522871040,4.040,4.035,4.035,4.040,0,0
1522871100,4.030,4.025,4.025,4.030,17706,459349
1522871160,4.030,4.020,4.020,4.030,0,0
1522871220,4.030,4.040,4.030,4.040,0,0
1522871280,4.040,4.035,4.035,4.040,0,0
1522871340,4.035,4.031,4.030,4.035,0,0
1522871400,4.040,4.046,4.035,4.046,14525,477055
1522871460,4.040,4.050,4.040,4.050,0,0
1522871520,4.045,4.040,4.040,4.045,0,0
1522871580,4.045,4.050,4.040,4.050,0,0
1522871640,4.045,4.050,4.040,4.050,0,0
1522871700,4.040,4.050,4.040,4.050,58204,491580
1522871760,4.050,4.045,4.045,4.050,0,0
1522871820,4.045,4.050,4.045,4.050,0,0
1522871880,4.050,4.035,4.035,4.050,0,0
1522871940,4.030,4.040,4.030,4.040,0,0
1522935000,4.130,4.130,4.130,4.130,21616,0
1522935060,4.130,4.130,4.130,4.130,0,0
1522935120,4.095,4.130,4.090,4.150,0,0
1522935180,4.155,4.150,4.150,4.180,0,0
1522935240,4.150,4.177,4.150,4.177,0,0
1522935300,4.180,4.170,4.170,4.180,34924,21616
1522935360,4.125,4.140,4.125,4.140,0,0
1522935420,4.140,4.140,4.140,4.140,0,0
1522935480,4.145,4.170,4.145,4.170,0,0
1522935540,4.150,4.135,4.135,4.150,0,0
1522935600,4.130,4.137,4.130,4.137,4239,56540
1522935660,4.130,4.130,4.130,4.130,0,0
1522935780,4.140,4.150,4.140,4.150,0,0
1522935900,4.150,4.150,4.150,4.150,15753,60779
1522935960,4.150,4.143,4.143,4.150,0,0
1522936020,4.140,4.140,4.140,4.140,0,0
1522936140,4.140,4.160,4.140,4.160,0,0
1522936200,4.160,4.160,4.160,4.160,23084,76532
1522936260,4.170,4.200,4.170,4.210,0,0
1522936320,4.200,4.200,4.200,4.200,0,0
1522936380,4.221,4.230,4.221,4.230,0,0
1522936440,4.240,4.250,4.240,4.270,0,0
1522936500,4.241,4.230,4.230,4.241,9677,99616
1522936560,4.230,4.240,4.230,4.240,0,0
1522936620,4.240,4.240,4.240,4.240,0,0
1522936740,4.250,4.260,4.250,4.260,0,0
1522936800,4.260,4.260,4.260,4.260,19300,109293
1522936860,4.265,4.265,4.265,4.265,0,0
1522936920,4.280,4.288,4.280,4.290,0,0
1522936980,4.290,4.293,4.290,4.293,0,0
1522937040,4.280,4.300,4.280,4.300,0,0
1522937100,4.300,4.310,4.300,4.310,8327,128593
1522937160,4.319,4.300,4.300,4.319,0,0
1522937220,4.300,4.310,4.300,4.310,0,0
1522937280,4.330,4.330,4.330,4.330,0,0
1522937400,4.330,4.370,4.330,4.370,24833,136920
1522937460,4.370,4.365,4.365,4.370,0,0
1522937520,4.373,4.373,4.373,4.373,0,0
1522937580,4.395,4.370,4.370,4.395,0,0
1522937640,4.390,4.438,4.390,4.438,0,0
1522937700,4.370,4.307,4.307,4.400,66532,161753
1522937760,4.300,4.311,4.300,4.350,0,0
1522937820,4.330,4.350,4.320,4.350,0,0
1522937880,4.350,4.360,4.350,4.360,0,0
1522937940,4.365,4.340,4.340,4.365,0,0
1522938000,4.350,4.360,4.350,4.370,30008,228285
1522938060,4.370,4.370,4.370,4.370,0,0
1522938120,4.380,4.371,4.371,4.380,0,0
1522938180,4.370,4.400,4.370,4.430,0,0
1522938300,4.420,4.430,4.420,4.430,6022,258293
1522938360,4.430,4.445,4.430,4.450,0,0
1522938420,4.450,4.450,4.450,4.450,0,0
1522938540,4.430,4.430,4.430,4.430,0,0
1522938600,4.450,4.460,4.450,4.460,76085,264315
1522938660,4.465,4.470,4.465,4.510,0,0
1522938720,4.480,4.490,4.470,4.510,0,0
1522938780,4.450,4.440,4.440,4.450,0,0
1522938840,4.460,4.450,4.450,4.460,0,0
1522938900,4.450,4.480,4.450,4.480,30403,340400
1522938960,4.490,4.500,4.490,4.500,0,0
1522939020,4.520,4.491,4.480,4.520,0,0
1522939080,4.520,4.500,4.500,4.520,0,0
1522939140,4.480,4.500,4.470,4.500,0,0
1522939200,4.495,4.495,4.495,4.495,15796,370803
1522939260,4.485,4.485,4.485,4.485,0,0
1522939380,4.485,4.490,4.485,4.490,0,0
1522939440,4.510,4.540,4.510,4.540,0,0
1522939500,4.521,4.532,4.520,4.532,43272,386599
1522939560,4.530,4.560,4.530,4.560,0,0
1522939620,4.570,4.550,4.550,4.570,0,0
1522939680,4.570,4.580,4.570,4.580,0,0
1522939740,4.570,4.565,4.565,4.590,0,0
1522939800,4.550,4.530,4.520,4.550,34043,429871
1522939860,4.520,4.550,4.500,4.550,0,0
1522939920,4.569,4.590,4.569,4.590,0,0
1522939980,4.590,4.590,4.590,4.590,0,0
1522940100,4.593,4.560,4.560,4.593,44410,463914
1522940160,4.580,4.582,4.580,4.582,0,0
1522940220,4.567,4.570,4.567,4.570,0,0
1522940280,4.578,4.628,4.578,4.628,0,0
1522940340,4.600,4.610,4.600,4.612,0,0
1522940400,4.610,4.610,4.610,4.610,37192,508324
1522940460,4.610,4.620,4.610,4.620,0,0
1522940520,4.630,4.620,4.620,4.630,0,0
1522940580,4.620,4.620,4.620,4.620,0,0
1522940640,4.650,4.660,4.650,4.660,0,0
1522940700,4.665,4.673,4.665,4.690,31909,545516
1522940760,4.665,4.673,4.665,4.690,0,0
1522940820,4.675,4.680,4.675,4.680,0,0
1522940880,4.700,4.670,4.670,4.700,0,0
1522940940,4.680,4.665,4.660,4.680,0,0
1522941000,4.661,4.661,4.661,4.661,15991,577425
1522941060,4.663,4.670,4.663,4.670,0,0
1522941120,4.680,4.700,4.680,4.700,0,0
1522941180,4.696,4.710,4.696,4.710,0,0
1522941240,4.710,4.680,4.680,4.710,0,0
1522941300,4.680,4.652,4.630,4.680,33375,593416
1522941360,4.640,4.625,4.625,4.640,0,0
1522941420,4.620,4.626,4.600,4.626,0,0
1522941480,4.625,4.620,4.620,4.625,0,0
1522941540,4.620,4.605,4.590,4.620,0,0
1522941600,4.605,4.605,4.605,4.605,43706,626791
1522941660,4.590,4.582,4.580,4.590,0,0
1522941720,4.606,4.590,4.590,4.626,0,0
1522941780,4.590,4.590,4.590,4.590,0,0
1522941840,4.620,4.604,4.604,4.620,0,0
1522941900,4.660,4.664,4.660,4.670,6957,670497
1522942020,4.660,4.664,4.660,4.670,0,0
1522942080,4.661,4.661,4.661,4.661,0,0
1522942140,4.670,4.670,4.670,4.670,0,0
1522942200,4.670,4.670,4.670,4.670,30876,677454
1522942260,4.665,4.690,4.665,4.690,0,0
1522942320,4.690,4.687,4.687,4.690,0,0
1522942380,4.700,4.716,4.700,4.730,0,0
1522942440,4.711,4.670,4.670,4.711,0,0
1522942500,4.670,4.680,4.670,4.686,16013,708330
1522942560,4.710,4.690,4.690,4.720,0,0
1522942620,4.700,4.700,4.700,4.700,0,0
1522942740,4.720,4.720,4.720,4.720,0,0
1522942800,4.710,4.700,4.690,4.715,11545,724343
1522942860,4.710,4.711,4.710,4.711,0,0
1522942920,4.710,4.700,4.700,4.710,0,0
1522942980,4.699,4.720,4.699,4.720,0,0
1522943100,4.740,4.750,4.740,4.760,34645,735888
1522943220,4.760,4.760,4.760,4.760,0,0
1522943280,4.760,4.800,4.760,4.800,0,0
1522943340,4.800,4.770,4.760,4.800,0,0
1522943400,4.755,4.755,4.755,4.755,47449,770533
1522943460,4.750,4.760,4.750,4.760,0,0
1522943520,4.750,4.760,4.750,4.760,0,0
1522943580,4.760,4.720,4.720,4.760,0,0
1522943640,4.720,4.700,4.670,4.720,0,0
1522943700,4.720,4.720,4.720,4.720,15856,817982
1522943760,4.720,4.720,4.720,4.720,0,0
1522943820,4.720,4.720,4.720,4.720,0,0
1522943880,4.720,4.720,4.720,4.720,0,0
1522943940,4.710,4.708,4.690,4.710,0,0
1522944000,4.710,4.720,4.710,4.720,29771,833838
1522944060,4.720,4.720,4.720,4.720,0,0
1522944120,4.728,4.730,4.728,4.730,0,0
1522944180,4.740,4.740,4.740,4.740,0,0
1522944240,4.750,4.780,4.750,4.780,0,0
1522944300,4.770,4.780,4.770,4.780,6046,863609
1522944360,4.770,4.780,4.770,4.780,0,0
1522944420,4.760,4.760,4.760,4.760,0,0
1522944540,4.747,4.747,4.747,4.747,0,0
1522944600,4.740,4.720,4.720,4.740,17755,869655
1522944660,4.710,4.710,4.710,4.710,0,0
1522944720,4.690,4.698,4.690,4.698,0,0
1522944780,4.696,4.700,4.696,4.700,0,0
1522944900,4.700,4.680,4.680,4.700,4619,887410
1522944960,4.680,4.680,4.680,4.680,0,0
1522945020,4.690,4.690,4.690,4.690,0,0
1522945140,4.690,4.690,4.690,4.690,0,0
1522945200,4.700,4.720,4.700,4.720,15243,892029
1522945320,4.690,4.680,4.680,4.690,0,0
1522945380,4.680,4.680,4.680,4.680,0,0
1522945440,4.690,4.698,4.690,4.698,0,0
1522945500,4.710,4.710,4.710,4.710,7257,907272
1522945620,4.710,4.710,4.710,4.710,0,0
1522945740,4.730,4.750,4.730,4.755,0,0
1522945800,4.740,4.765,4.740,4.765,13407,914529
1522945860,4.765,4.750,4.750,4.765,0,0
1522945920,4.740,4.735,4.735,4.740,0,0
1522945980,4.730,4.730,4.730,4.730,0,0
1522946040,4.739,4.730,4.730,4.740,0,0
1522946100,4.750,4.750,4.750,4.750,948,927936
1522946280,4.750,4.750,4.750,4.750,0,0
1522946340,4.730,4.730,4.730,4.730,0,0
1522946400,4.740,4.730,4.730,4.740,4490,928884
1522946460,4.740,4.730,4.730,4.740,0,0
1522946520,4.739,4.747,4.739,4.747,0,0
1522946580,4.750,4.750,4.750,4.750,0,0
1522946640,4.740,4.730,4.730,4.740,0,0
1522946700,4.725,4.735,4.725,4.735,2030,933374
1522946820,4.740,4.740,4.740,4.740,0,0
1522946880,4.740,4.740,4.740,4.740,0,0
1522947000,4.730,4.720,4.720,4.730,30865,935404
1522947060,4.730,4.720,4.720,4.730,0,0
1522947120,4.720,4.710,4.710,4.720,0,0
1522947180,4.710,4.700,4.690,4.710,0,0
1522947240,4.700,4.680,4.680,4.700,0,0
1522947300,4.670,4.675,4.670,4.680,44211,966269
1522947360,4.690,4.670,4.670,4.740,0,0
1522947420,4.670,4.670,4.670,4.670,0,0
1522947540,4.690,4.640,4.640,4.690,0,0
1522947600,4.660,4.671,4.660,4.672,41070,1010480
1522947660,4.670,4.688,4.670,4.690,0,0
1522947720,4.690,4.686,4.686,4.720,0,0
1522947780,4.690,4.680,4.670,4.690,0,0
1522947900,4.700,4.710,4.700,4.710,92684,1051550
1522948020,4.750,4.740,4.730,4.750,0,0
1522948080,4.760,4.790,4.760,4.790,0,0
1522948140,4.800,4.830,4.790,4.830,0,0
1522948200,4.830,4.819,4.800,4.830,29312,1144234
1522948260,4.820,4.810,4.810,4.820,0,0
1522948320,4.800,4.810,4.792,4.810,0,0
1522948380,4.780,4.800,4.780,4.800,0,0
1522948440,4.810,4.830,4.810,4.830,0,0
1522948500,4.820,4.850,4.820,4.869,28550,1173546
1522948560,4.830,4.850,4.830,4.850,0,0
1522948620,4.850,4.840,4.830,4.850,0,0
1522948680,4.850,4.850,4.850,4.850,0,0
1522948740,4.830,4.830,4.830,4.830,0,0
1522948800,4.840,4.835,4.835,4.840,3792,1202096
1522948860,4.835,4.835,4.835,4.835,0,0
1522948920,4.830,4.830,4.830,4.830,0,0
1522948980,4.826,4.826,4.826,4.826,0,0
1522949040,4.825,4.825,4.825,4.825,0,0
1522949100,4.830,4.830,4.830,4.830,20551,1205888
1522949160,4.829,4.820,4.810,4.829,0,0
1522949220,4.830,4.830,4.830,4.830,0,0
1522949280,4.820,4.815,4.815,4.820,0,0
1522949340,4.820,4.820,4.820,4.820,0,0
1522949400,4.840,4.840,4.840,4.840,18889,1226439
1522949460,4.840,4.840,4.840,4.840,0,0
1522949520,4.840,4.830,4.830,4.840,0,0
1522949640,4.860,4.860,4.860,4.860,0,0
1522949700,4.860,4.870,4.860,4.870,22537,1245328
1522949760,4.870,4.870,4.870,4.870,0,0
1522949820,4.900,4.890,4.890,4.900,0,0
1522949880,4.900,4.910,4.890,4.910,0,0
1522949940,4.905,4.900,4.890,4.905,0,0
1522950000,4.910,4.920,4.910,4.920,28230,1267865
1522950060,4.920,4.900,4.900,4.920,0,0
1522950120,4.900,4.884,4.884,4.910,0,0
1522950180,4.880,4.888,4.880,4.890,0,0
1522950240,4.885,4.885,4.885,4.885,0,0
1522950300,4.885,4.890,4.885,4.890,20057,1296095
1522950360,4.880,4.890,4.880,4.890,0,0
1522950420,4.890,4.895,4.890,4.895,0,0
1522950480,4.900,4.890,4.890,4.900,0,0
1522950540,4.910,4.909,4.909,4.910,0,0
1522950600,4.910,4.920,4.910,4.920,20155,1316152
1522950660,4.926,4.926,4.926,4.926,0,0
1522950720,4.930,4.920,4.920,4.930,0,0
1522950780,4.920,4.925,4.920,4.940,0,0
1522950840,4.930,4.920,4.920,4.930,0,0
1522950900,4.920,4.925,4.920,4.930,35773,1336307
1522950960,4.930,4.925,4.925,4.930,0,0
1522951020,4.915,4.920,4.910,4.920,0,0
1522951080,4.910,4.880,4.880,4.910,0,0
1522951140,4.885,4.905,4.885,4.905,0,0
1522951200,4.900,4.900,4.900,4.900,30896,1372080
1522951260,4.910,4.900,4.900,4.910,0,0
1522951320,4.891,4.900,4.891,4.900,0,0
1522951380,4.875,4.860,4.851,4.875,0,0
1522951440,4.870,4.858,4.855,4.870,0,0
1522951500,4.860,4.865,4.860,4.865,30262,1402976
1522951560,4.850,4.830,4.830,4.850,0,0
1522951620,4.820,4.823,4.820,4.823,0,0
1522951680,4.830,4.825,4.825,4.830,0,0
1522951740,4.825,4.840,4.825,4.840,0,0
1522951800,4.838,4.880,4.838,4.880,28083,1433238
1522951920,4.886,4.890,4.886,4.890,0,0
1522951980,4.890,4.890,4.890,4.890,0,0
1522952040,4.880,4.910,4.880,4.910,0,0
1522952100,4.920,4.900,4.900,4.920,16892,1461321
1522952160,4.910,4.920,4.910,4.930,0,0
1522952220,4.930,4.930,4.930,4.930,0,0
1522952280,4.930,4.930,4.930,4.930,0,0
1522952340,4.940,4.950,4.940,4.950,0,0
1522952400,4.970,4.940,4.940,4.970,15871,1478213
1522952460,4.955,4.950,4.941,4.955,0,0
1522952520,4.950,4.920,4.920,4.950,0,0
1522952580,4.921,4.910,4.910,4.921,0,0
1522952640,4.910,4.930,4.910,4.930,0,0
1522952700,4.910,4.910,4.910,4.910,9025,1494084
1522952760,4.930,4.930,4.930,4.930,0,0
1522952880,4.950,4.950,4.950,4.950,0,0
1522952940,4.950,4.960,4.950,4.960,0,0
1522953000,4.960,4.960,4.960,4.960,22455,1503109
1522953060,4.955,4.955,4.955,4.955,0,0
1522953120,4.960,4.960,4.960,4.960,0,0
1522953180,4.951,4.930,4.930,4.960,0,0
1522953240,4.930,4.920,4.920,4.930,0,0
1522953300,4.915,4.914,4.910,4.915,16635,1525564
1522953360,4.930,4.930,4.930,4.930,0,0
1522953420,4.945,4.940,4.940,4.945,0,0
1522953480,4.950,4.950,4.950,4.950,0,0
1522953540,4.960,4.960,4.960,4.960,0,0
1522953600,4.946,4.930,4.930,4.950,11555,1542199
1522953660,4.940,4.935,4.935,4.940,0,0
1522953720,4.930,4.930,4.930,4.930,0,0
1522953780,4.926,4.923,4.923,4.926,0,0
1522953840,4.930,4.930,4.930,4.930,0,0
1522953900,4.920,4.930,4.920,4.930,21576,1553754
1522953960,4.930,4.915,4.915,4.930,0,0
1522954020,4.920,4.930,4.919,4.930,0,0
1522954080,4.940,4.940,4.940,4.940,0,0
1522954200,4.940,4.940,4.940,4.940,16480,1575330
1522954260,4.940,4.924,4.924,4.940,0,0
1522954320,4.928,4.940,4.928,4.940,0,0
1522954440,4.940,4.930,4.930,4.940,0,0
1522954500,4.930,4.925,4.925,4.930,12751,1591810
1522954560,4.910,4.910,4.910,4.910,0,0
1522954680,4.930,4.930,4.930,4.930,0,0
1522954740,4.930,4.921,4.921,4.930,0,0
1522954800,4.930,4.930,4.930,4.930,24889,1604561
1522954860,4.940,4.940,4.940,4.940,0,0
1522954920,4.935,4.931,4.931,4.935,0,0
1522954980,4.950,4.969,4.950,4.969,0,0
1522955040,4.980,4.975,4.970,4.980,0,0
1522955100,4.975,4.970,4.970,4.975,11951,1629450
1522955160,4.970,4.950,4.950,4.970,0,0
1522955220,4.945,4.945,4.945,4.945,0,0
1522955340,4.970,4.969,4.960,4.970,0,0
1522955400,4.950,4.945,4.940,4.950,8884,1641401
1522955460,4.950,4.950,4.950,4.950,0,0
1522955520,4.945,4.960,4.945,4.960,0,0
1522955580,4.960,4.960,4.960,4.960,0,0
1522955640,4.960,4.950,4.950,4.960,0,0
1522955700,4.958,4.960,4.958,4.970,23080,1650285
1522955760,4.970,4.960,4.960,4.970,0,0
1522955820,4.955,4.970,4.955,4.970,0,0
1522955880,4.970,4.950,4.950,4.970,0,0
1522955940,4.950,4.941,4.941,4.950,0,0
1522956000,4.945,4.950,4.945,4.960,13328,1673365
1522956060,4.960,4.950,4.950,4.960,0,0
1522956120,4.960,4.960,4.960,4.960,0,0
1522956180,4.960,4.960,4.960,4.960,0,0
1522956240,4.960,4.960,4.960,4.960,0,0
1522956300,4.950,4.960,4.950,4.960,22646,1686693
1522956360,4.940,4.950,4.940,4.955,0,0
1522956420,4.960,4.970,4.960,4.970,0,0
1522956480,4.970,4.962,4.962,4.970,0,0
1522956540,4.970,4.970,4.970,4.970,0,0
1522956600,4.980,4.970,4.966,4.980,48449,1709339
1522956660,4.970,4.980,4.970,4.980,0,0
1522956720,4.960,4.940,4.940,4.960,0,0
1522956780,4.940,4.940,4.940,4.940,0,0
1522956840,4.940,4.900,4.900,4.950,0,0
1522956900,4.916,4.915,4.915,4.920,16251,1757788
1522956960,4.920,4.910,4.906,4.920,0,0
1522957020,4.910,4.920,4.910,4.920,0,0
1522957080,4.920,4.909,4.907,4.920,0,0
1522957200,4.900,4.900,4.900,4.900,27883,1774039
1522957260,4.893,4.872,4.872,4.893,0,0
1522957320,4.872,4.871,4.871,4.880,0,0
1522957380,4.880,4.880,4.880,4.880,0,0
1522957440,4.890,4.895,4.890,4.900,0,0
1522957500,4.900,4.890,4.890,4.900,11009,1801922
1522957560,4.890,4.900,4.890,4.900,0,0
1522957620,4.900,4.890,4.890,4.905,0,0
1522957680,4.890,4.890,4.890,4.890,0,0
1522957740,4.890,4.895,4.890,4.895,0,0
1522957800,4.900,4.890,4.890,4.900,32108,1812931
1522957860,4.880,4.885,4.880,4.885,0,0
1522957920,4.890,4.880,4.880,4.895,0,0
1522957980,4.880,4.875,4.870,4.880,0,0
1522958040,4.870,4.890,4.860,4.890,0,0
1522958100,4.880,4.870,4.860,4.880,56133,1845039
1522958160,4.870,4.875,4.870,4.875,0,0
1522958220,4.870,4.875,4.870,4.875,0,0
1522958280,4.875,4.870,4.870,4.877,0,0
1522958340,4.870,4.875,4.870,4.880,0,0
1523021400,4.760,4.780,4.760,4.800,80652,0
1523021460,4.820,4.770,4.770,4.830,0,0
1523021520,4.770,4.760,4.760,4.780,0,0
1523021580,4.760,4.750,4.750,4.760,0,0
1523021640,4.722,4.710,4.670,4.722,0,0
1523021700,4.706,4.726,4.700,4.750,177025,80652
1523021760,4.750,4.796,4.750,4.800,0,0
1523021820,4.775,4.832,4.775,4.840,0,0
1523021880,4.850,4.846,4.820,4.850,0,0
1523021940,4.838,4.870,4.830,4.872,0,0
1523022000,4.880,4.850,4.834,4.880,87772,257677
1523022060,4.860,4.870,4.850,4.870,0,0
1523022120,4.868,4.840,4.840,4.868,0,0
1523022180,4.840,4.800,4.760,4.840,0,0
1523022240,4.770,4.790,4.770,4.790,0,0
1523022300,4.790,4.800,4.790,4.819,57712,345449
1523022360,4.800,4.770,4.750,4.800,0,0
1523022420,4.760,4.758,4.740,4.760,0,0
1523022480,4.730,4.749,4.730,4.760,0,0
1523022540,4.740,4.760,4.740,4.770,0,0
1523022600,4.745,4.700,4.685,4.745,66744,403161
1523022660,4.678,4.710,4.671,4.710,0,0
1523022720,4.710,4.640,4.624,4.710,0,0
1523022780,4.650,4.675,4.650,4.680,0,0
1523022840,4.670,4.660,4.660,4.670,0,0
1523022900,4.660,4.635,4.635,4.660,46882,469905
1523022960,4.630,4.620,4.620,4.630,0,0
1523023020,4.635,4.620,4.620,4.635,0,0
1523023080,4.610,4.580,4.580,4.610,0,0
1523023140,4.550,4.600,4.550,4.600,0,0
1523023200,4.600,4.690,4.600,4.690,44092,516787
1523023260,4.650,4.670,4.630,4.680,0,0
1523023320,4.655,4.650,4.645,4.655,0,0
1523023380,4.645,4.640,4.635,4.645,0,0
1523023440,4.660,4.665,4.655,4.665,0,0
1523023500,4.660,4.659,4.650,4.690,32878,560879
1523023560,4.650,4.630,4.611,4.650,0,0
1523023620,4.630,4.640,4.630,4.640,0,0
1523023680,4.650,4.680,4.650,4.680,0,0
1523023740,4.690,4.689,4.689,4.690,0,0
1523023800,4.685,4.730,4.685,4.750,44079,593757
1523023860,4.710,4.714,4.710,4.720,0,0
1523023920,4.720,4.700,4.700,4.720,0,0
1523023980,4.680,4.690,4.680,4.690,0,0
1523024040,4.690,4.700,4.690,4.700,0,0
1523024100,4.690,4.710,4.690,4.710,37243,637836
1523024160,4.730,4.700,4.700,4.730,0,0
1523024220,4.720,4.740,4.720,4.740,0,0
1523024280,4.750,4.735,4.735,4.750,0,0
1523024340,4.740,4.730,4.710,4.740,0,0
1523024400,4.720,4.750,4.720,4.760,29303,675079
1523024460,4.755,4.760,4.750,4.760,0,0
1523024520,4.760,4.735,4.735,4.760,0,0
1523024580,4.740,4.760,4.740,4.760,0,0
1523024640,4.760,4.750,4.750,4.760,0,0
1523024700,4.750,4.770,4.750,4.770,28469,704382
1523024760,4.770,4.772,4.770,4.772,0,0
1523024820,4.769,4.790,4.760,4.790,0,0
1523024880,4.780,4.800,4.780,4.800,0,0
1523024940,4.800,4.814,4.800,4.820,0,0
1523025000,4.800,4.805,4.790,4.805,18304,732851
1523025060,4.790,4.780,4.780,4.792,0,0
1523025120,4.761,4.770,4.761,4.770,0,0
1523025180,4.770,4.790,4.770,4.790,0,0
1523025240,4.791,4.770,4.760,4.791,0,0
1523025300,4.790,4.780,4.780,4.790,12309,751155
1523025360,4.785,4.790,4.781,4.790,0,0
1523025420,4.800,4.829,4.800,4.830,0,0
1523025480,4.825,4.800,4.800,4.825,0,0
1523025540,4.800,4.800,4.800,4.800,0,0
1523025600,4.820,4.820,4.820,4.820,11324,763464
1523025660,4.830,4.822,4.822,4.830,0,0
1523025720,4.830,4.830,4.830,4.830,0,0
1523025780,4.830,4.820,4.820,4.830,0,0
1523025840,4.824,4.824,4.824,4.824,0,0
1523025900,4.820,4.815,4.810,4.820,32021,774788
1523025960,4.820,4.840,4.820,4.840,0,0
1523026020,4.840,4.842,4.833,4.842,0,0
1523026080,4.850,4.860,4.850,4.860,0,0
1523026140,4.870,4.880,4.870,4.890,0,0
1523026200,4.869,4.869,4.869,4.869,12346,806809
1523026260,4.870,4.870,4.870,4.870,0,0
1523026320,4.870,4.870,4.870,4.870,0,0
1523026380,4.880,4.880,4.880,4.880,0,0
1523026440,4.880,4.887,4.880,4.887,0,0
1523026500,4.890,4.930,4.890,4.930,55687,819155
1523026560,4.930,4.920,4.920,4.930,0,0
1523026620,4.901,4.916,4.901,4.918,0,0
1523026680,4.910,4.904,4.904,4.910,0,0
1523026740,4.910,4.920,4.910,4.920,0,0
1523026800,4.916,4.920,4.916,4.920,29378,874842
1523026860,4.910,4.920,4.910,4.920,0,0
1523026920,4.930,4.920,4.920,4.930,0,0
1523026980,4.912,4.900,4.900,4.918,0,0
1523027040,4.901,4.880,4.860,4.904,0,0
1523027100,4.870,4.900,4.870,4.900,57652,904220
1523027160,4.907,4.905,4.900,4.920,0,0
1523027220,4.926,4.960,4.926,4.960,0,0
1523027280,4.960,4.933,4.920,4.960,0,0
1523027340,4.940,4.948,4.940,4.948,0,0
1523027400,4.950,4.970,4.950,4.970,100229,961872
1523027460,4.980,5.020,4.980,5.020,0,0
1523027520,5.015,4.980,4.970,5.015,0,0
1523027580,4.980,4.980,4.980,4.980,0,0
1523027640,5.000,5.019,5.000,5.025,0,0
1523027700,5.020,5.030,5.020,5.030,69497,1062101
1523027760,5.037,5.020,5.020,5.076,0,0
1523027820,5.017,5.030,5.015,5.030,0,0
1523027880,5.000,5.020,5.000,5.028,0,0
1523027940,5.000,4.960,4.960,5.000,0,0
1523028000,4.980,4.986,4.980,4.986,33580,1131598
1523028060,5.016,5.020,5.016,5.035,0,0
1523028120,5.020,5.014,5.014,5.020,0,0
1523028180,5.000,5.010,4.990,5.011,0,0
1523028240,5.008,4.990,4.990,5.008,0,0
1523028300,5.008,4.958,4.950,5.008,30669,1165178
1523028360,4.972,4.994,4.972,5.000,0,0
1523028420,4.990,4.980,4.970,4.990,0,0
1523028480,4.984,4.980,4.980,4.984,0,0
1523028540,4.970,4.976,4.970,4.976,0,0
1523028600,4.973,4.944,4.944,4.975,31938,1195847
1523028660,4.940,4.962,4.940,4.970,0,0
1523028720,4.980,4.996,4.980,4.997,0,0
1523028780,4.990,4.961,4.960,4.990,0,0
1523028840,4.980,4.970,4.970,4.980,0,0
1523028900,4.956,5.000,4.956,5.000,18643,1227785
1523028960,5.000,5.020,4.996,5.020,0,0
1523029020,5.010,5.010,5.010,5.010,0,0
1523029080,5.005,5.015,5.005,5.015,0,0
1523029140,5.036,5.036,5.036,5.036,0,0
1523029200,5.038,5.070,5.037,5.070,38408,1246428
1523029260,5.066,5.050,5.050,5.070,0,0
1523029320,5.060,5.070,5.060,5.070,0,0
1523029380,5.062,5.060,5.060,5.080,0,0
1523029440,5.060,5.040,5.040,5.071,0,0
1523029500,5.030,5.030,5.030,5.030,15903,1284836
1523029560,5.030,5.040,5.020,5.040,0,0
1523029620,5.050,5.051,5.046,5.051,0,0
1523029680,5.050,5.070,5.050,5.070,0,0
1523029740,5.069,5.041,5.041,5.069,0,0
1523029800,5.044,5.040,5.040,5.050,20807,1300739
1523029860,5.039,5.040,5.030,5.040,0,0
1523029920,5.040,5.050,5.040,5.050,0,0
1523030040,5.068,5.049,5.049,5.068,0,0
1523030100,5.050,5.030,5.030,5.050,49282,1321546
1523030160,5.020,4.970,4.970,5.020,0,0
1523030220,4.970,5.021,4.970,5.021,0,0
1523030280,5.020,4.981,4.981,5.020,0,0
1523030340,4.980,4.980,4.980,4.980,0,0
1523030400,5.010,5.048,5.010,5.050,11776,1370828
1523030460,5.030,5.010,5.010,5.030,0,0
1523030520,5.000,4.980,4.980,5.000,0,0
1523030580,4.980,4.998,4.980,4.998,0,0
1523030640,5.000,5.010,5.000,5.010,0,0
1523030700,5.005,5.000,5.000,5.005,17994,1382604
1523030760,4.990,5.010,4.990,5.010,0,0
1523030820,5.040,5.050,5.040,5.050,0,0
1523030880,5.040,5.021,5.021,5.040,0,0
1523030940,5.040,5.040,5.040,5.040,0,0
1523031000,5.050,5.050,5.050,5.050,42277,1400598
1523031120,5.050,5.090,5.050,5.090,0,0
1523031180,5.080,5.070,5.070,5.099,0,0
1523031240,5.080,5.090,5.080,5.100,0,0
1523031300,5.100,5.084,5.084,5.100,33494,1442875
1523031360,5.080,5.080,5.080,5.080,0,0
1523031420,5.090,5.090,5.090,5.090,0,0
1523031480,5.110,5.130,5.110,5.140,0,0
1523031540,5.135,5.131,5.130,5.135,0,0
1523031600,5.130,5.110,5.110,5.130,34246,1476369
1523031660,5.100,5.100,5.100,5.100,0,0
1523031720,5.105,5.120,5.105,5.120,0,0
1523031780,5.132,5.150,5.130,5.150,0,0
1523031840,5.160,5.177,5.160,5.179,0,0
1523031900,5.180,5.150,5.141,5.180,51213,1510615
1523032020,5.165,5.180,5.165,5.180,0,0
1523032080,5.190,5.141,5.140,5.190,0,0
1523032140,5.140,5.130,5.120,5.150,0,0
1523032200,5.120,5.130,5.100,5.130,26702,1561828
1523032260,5.120,5.110,5.110,5.120,0,0
1523032320,5.110,5.080,5.080,5.110,0,0
1523032380,5.086,5.100,5.081,5.100,0,0
1523032440,5.090,5.080,5.080,5.090,0,0
1523032500,5.094,5.080,5.080,5.094,9264,1588530
1523032620,5.090,5.095,5.090,5.096,0,0
1523032680,5.090,5.090,5.090,5.090,0,0
1523032740,5.084,5.054,5.054,5.084,0,0
1523032800,5.050,5.060,5.050,5.060,22398,1597794
1523032860,5.070,5.080,5.070,5.086,0,0
1523032920,5.070,5.043,5.043,5.070,0,0
1523032980,5.064,5.056,5.056,5.064,0,0
1523033040,5.060,5.065,5.060,5.065,0,0
1523033100,5.080,5.090,5.080,5.096,8609,1620192
1523033160,5.096,5.090,5.090,5.099,0,0
1523033220,5.100,5.099,5.099,5.100,0,0
1523033280,5.100,5.100,5.100,5.100,0,0
1523033340,5.095,5.091,5.091,5.095,0,0
1523033400,5.090,5.090,5.090,5.090,6561,1628801
1523033460,5.090,5.090,5.090,5.090,0,0
1523033520,5.075,5.071,5.071,5.075,0,0
1523033640,5.100,5.108,5.100,5.108,0,0
1523033700,5.102,5.090,5.090,5.102,80196,1635362
1523033760,5.050,5.040,5.034,5.050,0,0
1523033820,5.030,5.000,5.000,5.030,0,0
1523033880,4.990,5.000,4.990,5.000,0,0
1523033940,5.020,5.030,5.020,5.030,0,0
1523034000,5.020,4.970,4.970,5.020,10047,1715558
1523034060,5.000,5.010,5.000,5.010,0,0
1523034120,5.006,5.010,5.006,5.010,0,0
1523034180,5.010,5.010,5.010,5.010,0,0
1523034300,5.013,5.000,5.000,5.013,12284,1725605
1523034360,5.010,5.010,5.010,5.010,0,0
1523034420,5.000,5.028,5.000,5.028,0,0
1523034480,5.020,5.030,5.020,5.030,0,0
1523034540,5.030,5.016,5.016,5.030,0,0
1523034600,5.010,5.028,5.010,5.028,4055,1737889
1523034660,5.030,5.030,5.030,5.030,0,0
1523034720,5.030,5.030,5.030,5.030,0,0
1523034780,5.040,5.040,5.040,5.040,0,0
1523034900,5.020,5.020,5.020,5.020,3226,1741944
1523035020,5.020,5.020,5.020,5.020,0,0
1523035080,5.020,5.020,5.020,5.020,0,0
1523035200,5.030,5.030,5.030,5.030,3316,1745170
1523035320,5.048,5.048,5.048,5.048,0,0
1523035440,5.030,5.030,5.030,5.030,0,0
1523035500,5.030,5.040,5.030,5.040,73699,1748486
1523035560,5.030,5.030,5.030,5.030,0,0
1523035620,5.030,5.050,5.030,5.050,0,0
1523035680,5.056,5.069,5.056,5.080,0,0
1523035740,5.050,5.055,5.050,5.059,0,0
1523035800,5.059,5.060,5.059,5.060,5656,1822185
1523035860,5.059,5.060,5.059,5.060,0,0
1523035920,5.070,5.070,5.070,5.070,0,0
1523035980,5.070,5.070,5.070,5.070,0,0
1523036040,5.080,5.075,5.075,5.080,0,0
1523036100,5.079,5.060,5.060,5.079,6351,1827841
1523036160,5.070,5.080,5.070,5.080,0,0
1523036220,5.049,5.049,5.049,5.049,0,0
1523036340,5.049,5.050,5.040,5.050,0,0
1523036400,5.049,5.049,5.049,5.049,1477,1834192
1523036460,5.049,5.049,5.049,5.049,0,0
1523036640,5.045,5.049,5.045,5.049,0,0
1523036700,5.041,5.054,5.041,5.054,15442,1835669
1523036880,5.050,5.050,5.050,5.050,0,0
1523036940,5.050,5.025,5.025,5.055,0,0
1523037000,5.000,5.029,5.000,5.029,11267,1851111
1523037120,5.021,5.021,5.021,5.021,0,0
1523037180,5.020,5.015,5.010,5.030,0,0
1523037240,5.010,5.015,5.010,5.015,0,0
1523037300,5.020,5.027,5.020,5.030,18574,1862378
1523037360,5.030,5.020,5.020,5.030,0,0
1523037420,5.020,5.020,5.020,5.020,0,0
1523037480,5.020,5.030,5.020,5.030,0,0
1523037540,5.021,5.021,5.021,5.021,0,0
1523037600,5.030,5.039,5.030,5.039,3881,1880952
1523037660,5.039,5.031,5.031,5.039,0,0
1523037720,5.039,5.035,5.030,5.039,0,0
1523037780,5.035,5.039,5.035,5.039,0,0
1523037840,5.039,5.039,5.039,5.039,0,0
1523037900,5.039,5.050,5.039,5.050,9999,1884833
1523037960,5.049,5.039,5.030,5.049,0,0
1523038020,5.039,5.030,5.030,5.039,0,0
1523038080,5.039,5.035,5.035,5.039,0,0
1523038140,5.040,5.040,5.040,5.040,0,0
1523038200,5.050,5.049,5.045,5.050,29617,1894832
1523038260,5.060,5.065,5.060,5.070,0,0
1523038380,5.060,5.075,5.060,5.078,0,0
1523038500,5.056,5.056,5.056,5.056,9640,1924449
1523038560,5.050,5.059,5.050,5.059,0,0
1523038680,5.055,5.055,5.055,5.055,0,0
1523038740,5.045,5.035,5.030,5.045,0,0
1523038800,5.035,5.039,5.030,5.049,13623,1934089
1523038860,5.039,5.035,5.035,5.039,0,0
1523038980,5.029,5.025,5.020,5.029,0,0
1523039040,5.025,5.025,5.025,5.025,0,0
1523039100,5.020,5.030,5.020,5.040,8407,1947712
1523039160,5.035,5.040,5.035,5.050,0,0
1523039220,5.050,5.060,5.050,5.060,0,0
1523039280,5.050,5.050,5.050,5.050,0,0
1523039340,5.040,5.040,5.040,5.040,0,0
1523039400,5.050,5.070,5.050,5.070,5916,1956119
1523039460,5.070,5.060,5.060,5.070,0,0
1523039520,5.062,5.060,5.060,5.062,0,0
1523039580,5.060,5.060,5.060,5.060,0,0
1523039640,5.070,5.050,5.050,5.070,0,0
1523039700,5.050,5.050,5.050,5.050,8048,1962035
1523039760,5.049,5.060,5.049,5.060,0,0
1523039880,5.065,5.060,5.060,5.065,0,0
1523039940,5.070,5.070,5.070,5.070,0,0
1523040000,5.080,5.070,5.070,5.080,24952,1970083
1523040180,5.080,5.070,5.070,5.080,0,0
1523040240,5.085,5.105,5.085,5.105,0,0
1523040300,5.120,5.104,5.100,5.120,11947,1995035
1523040360,5.100,5.100,5.100,5.100,0,0
1523040420,5.100,5.100,5.100,5.100,0,0
1523040480,5.100,5.100,5.100,5.100,0,0
1523040540,5.110,5.110,5.110,5.110,0,0
1523040600,5.100,5.100,5.100,5.100,10224,2006982
1523040660,5.105,5.100,5.100,5.105,0,0
1523040720,5.110,5.100,5.100,5.110,0,0
1523040780,5.110,5.120,5.110,5.120,0,0
1523040840,5.105,5.105,5.105,5.105,0,0
1523040900,5.100,5.105,5.100,5.105,9772,2017206
1523040960,5.105,5.110,5.100,5.110,0,0
1523041020,5.110,5.120,5.110,5.120,0,0
1523041080,5.110,5.120,5.110,5.120,0,0
1523041140,5.130,5.120,5.120,5.130,0,0
1523041200,5.120,5.120,5.120,5.120,42240,2026978
1523041260,5.110,5.100,5.100,5.110,0,0
1523041320,5.110,5.100,5.100,5.110,0,0
1523041380,5.106,5.100,5.100,5.106,0,0
1523041440,5.105,5.100,5.100,5.105,0,0
1523041500,5.100,5.070,5.070,5.100,33048,2069218
1523041560,5.074,5.060,5.060,5.074,0,0
1523041620,5.068,5.070,5.065,5.070,0,0
1523041680,5.080,5.090,5.080,5.090,0,0
1523041740,5.075,5.100,5.075,5.100,0,0
1523041800,5.095,5.115,5.095,5.115,13227,2102266
1523041860,5.115,5.110,5.110,5.115,0,0
1523041980,5.115,5.115,5.115,5.115,0,0
1523042040,5.120,5.130,5.120,5.130,0,0
1523042100,5.130,5.140,5.130,5.140,20705,2115493
1523042160,5.140,5.150,5.140,5.155,0,0
1523042220,5.136,5.148,5.136,5.148,0,0
1523042280,5.148,5.140,5.140,5.148,0,0
1523042340,5.140,5.150,5.140,5.150,0,0
1523042400,5.140,5.150,5.140,5.150,24117,2136198
1523042460,5.140,5.130,5.130,5.140,0,0
1523042520,5.130,5.150,5.130,5.150,0,0
1523042580,5.160,5.140,5.140,5.160,0,0
1523042640,5.145,5.150,5.143,5.150,0,0
1523042700,5.150,5.143,5.143,5.150,12024,2160315
1523042760,5.140,5.140,5.140,5.140,0,0
1523042820,5.140,5.120,5.120,5.150,0,0
1523042880,5.120,5.130,5.120,5.130,0,0
1523042940,5.130,5.120,5.120,5.130,0,0
1523043000,5.120,5.130,5.120,5.130,9357,2172339
1523043060,5.130,5.140,5.121,5.140,0,0
1523043120,5.130,5.130,5.130,5.130,0,0
1523043180,5.150,5.150,5.150,5.150,0,0
1523043240,5.140,5.150,5.140,5.150,0,0
1523043300,5.160,5.150,5.140,5.160,20590,2181696
1523043360,5.155,5.150,5.150,5.155,0,0
1523043420,5.160,5.160,5.160,5.160,0,0
1523043480,5.160,5.170,5.150,5.170,0,0
1523043540,5.160,5.170,5.160,5.170,0,0
1523043600,5.170,5.165,5.165,5.170,40519,2202286
1523043660,5.161,5.180,5.161,5.180,0,0
1523043720,5.180,5.160,5.160,5.180,0,0
1523043780,5.170,5.170,5.170,5.170,0,0
1523043840,5.170,5.160,5.160,5.170,0,0
1523043900,5.150,5.145,5.140,5.150,25915,2242805
1523043960,5.140,5.130,5.130,5.140,0,0
1523044020,5.130,5.140,5.130,5.140,0,0
1523044080,5.135,5.130,5.130,5.135,0,0
1523044140,5.135,5.140,5.130,5.140,0,0
1523044200,5.130,5.135,5.130,5.140,21538,2268720
1523044260,5.140,5.135,5.130,5.140,0,0
1523044320,5.135,5.130,5.130,5.135,0,0
1523044380,5.130,5.135,5.130,5.137,0,0
1523044440,5.130,5.140,5.130,5.140,0,0
1523044500,5.135,5.140,5.130,5.140,91714,2290258
1523044560,5.140,5.130,5.130,5.140,0,0
1523044620,5.135,5.134,5.130,5.140,0,0
1523044680,5.140,5.145,5.135,5.145,0,0
1523044740,5.140,5.130,5.130,5.150,0,0
1523280600,5.114,5.170,5.114,5.170,232196,0
1523280660,5.150,5.180,5.150,5.180,0,0
1523280720,5.190,5.350,5.160,5.390,0,0
1523280780,5.345,5.394,5.345,5.490,0,0
1523280840,5.350,5.334,5.300,5.350,0,0
1523280900,5.330,5.368,5.330,5.450,129872,232196
1523280960,5.350,5.455,5.350,5.455,0,0
1523281020,5.431,5.370,5.350,5.431,0,0
1523281080,5.410,5.439,5.400,5.450,0,0
1523281140,5.410,5.360,5.340,5.410,0,0
1523281200,5.360,5.380,5.360,5.395,98934,362068
1523281260,5.430,5.600,5.430,5.600,0,0
1523281320,5.595,5.506,5.486,5.595,0,0
1523281380,5.480,5.490,5.480,5.500,0,0
1523281440,5.495,5.611,5.495,5.630,0,0
1523281500,5.595,5.521,5.521,5.595,7523,461002
1523282100,5.360,5.380,5.320,5.390,80730,0
1523282220,5.360,5.380,5.320,5.390,0,0
1523282280,5.385,5.390,5.380,5.390,0,0
1523282340,5.385,5.400,5.382,5.400,0,0
1523282400,5.380,5.370,5.370,5.383,26087,728951
1523282460,5.360,5.350,5.340,5.360,0,0
1523282520,5.350,5.340,5.340,5.350,0,0
1523282580,5.340,5.350,5.340,5.350,0,0
1523282640,5.350,5.340,5.340,5.350,0,0
1523282700,5.340,5.350,5.340,5.350,22187,755038
1523282760,5.340,5.350,5.340,5.350,0,0
1523282820,5.340,5.350,5.340,5.350,0,0
1523282880,5.340,5.350,5.340,5.350,0,0
1523282940,5.340,5.340,5.340,5.340,0,0
1523283000,5.350,5.340,5.340,5.350,48865,777225
1523283060,5.345,5.350,5.345,5.350,0,0
1523283120,5.350,5.348,5.348,5.350,0,0
1523283180,5.350,5.440,5.350,5.440,0,0
1523283240,5.455,5.440,5.430,5.460,0,0
1523283300,5.470,5.577,5.470,5.577,40166,826090
1523283360,5.550,5.560,5.500,5.560,0,0
1523283420,5.550,5.520,5.520,5.550,0,0
1523283480,5.530,5.520,5.520,5.538,0,0
1523283540,5.500,5.510,5.500,5.510,0,0
1523283600,5.520,5.520,5.520,5.520,20372,866256
1523283660,5.530,5.570,5.530,5.600,0,0
1523283720,5.560,5.540,5.540,5.560,0,0
1523283780,5.540,5.520,5.520,5.540,0,0
1523283840,5.550,5.550,5.550,5.550,0,0
1523283900,5.550,5.540,5.540,5.550,13595,886628
1523283960,5.540,5.550,5.540,5.550,0,0
1523284080,5.572,5.577,5.572,5.577,0,0
1523284140,5.580,5.570,5.570,5.584,0,0
1523284200,5.589,5.650,5.589,5.650,47876,900223
1523284260,5.644,5.650,5.644,5.650,0,0
1523284320,5.645,5.630,5.630,5.674,0,0
1523284380,5.630,5.610,5.610,5.660,0,0
1523284440,5.600,5.620,5.600,5.620,0,0
1523284500,5.610,5.620,5.610,5.640,26360,948099
1523284560,5.610,5.601,5.601,5.617,0,0
1523284620,5.610,5.600,5.600,5.615,0,0
1523284680,5.615,5.670,5.615,5.670,0,0
1523284740,5.670,5.640,5.640,5.670,0,0
1523284800,5.640,5.670,5.625,5.670,51281,974459
1523284860,5.675,5.710,5.650,5.730,0,0
1523284920,5.690,5.718,5.680,5.718,0,0
1523284980,5.710,5.730,5.710,5.730,0,0
1523285040,5.729,5.690,5.690,5.729,0,0
1523285100,5.709,5.741,5.691,5.780,89767,1025740
1523285160,5.757,5.820,5.757,5.820,0,0
1523285220,5.760,5.770,5.760,5.800,0,0
1523285280,5.770,5.780,5.760,5.790,0,0
1523285340,5.770,5.820,5.770,5.820,0,0
1523285400,5.849,5.800,5.781,5.849,88686,1115507
1523285460,5.810,5.800,5.790,5.810,0,0
1523285520,5.830,5.810,5.810,5.850,0,0
1523285580,5.810,5.817,5.780,5.817,0,0
1523285640,5.810,5.792,5.761,5.810,0,0
1523285700,5.790,5.760,5.750,5.790,39831,1204193
1523285760,5.760,5.765,5.760,5.765,0,0
1523285820,5.740,5.736,5.736,5.740,0,0
1523285880,5.770,5.820,5.770,5.820,0,0
1523285940,5.820,5.775,5.775,5.820,0,0
1523286000,5.775,5.737,5.737,5.775,29105,1244024
1523286060,5.740,5.790,5.740,5.790,0,0
1523286120,5.774,5.760,5.760,5.774,0,0
1523286180,5.760,5.760,5.760,5.760,0,0
1523286240,5.730,5.750,5.730,5.750,0,0
1523286300,5.750,5.730,5.730,5.750,59315,1273129
1523286360,5.700,5.660,5.650,5.700,0,0
1523286420,5.655,5.679,5.640,5.679,0,0
1523286480,5.660,5.650,5.650,5.670,0,0
1523286540,5.660,5.730,5.660,5.734,0,0
1523286600,5.749,5.740,5.739,5.749,27701,1332444
1523286660,5.760,5.768,5.740,5.769,0,0
1523286720,5.760,5.760,5.760,5.760,0,0
1523286780,5.760,5.750,5.750,5.760,0,0
1523286840,5.770,5.760,5.760,5.770,0,0
1523286900,5.770,5.800,5.770,5.800,38802,1360145
1523286960,5.775,5.780,5.775,5.780,0,0
1523287020,5.780,5.770,5.750,5.780,0,0
1523287080,5.750,5.730,5.720,5.750,0,0
1523287140,5.750,5.771,5.750,5.771,0,0
1523287200,5.750,5.770,5.750,5.770,22690,1398947
1523287260,5.780,5.780,5.780,5.780,0,0
1523287320,5.780,5.780,5.780,5.780,0,0
1523287380,5.781,5.790,5.781,5.790,0,0
1523287440,5.765,5.740,5.740,5.765,0,0
1523287500,5.740,5.735,5.730,5.740,28459,1421637
1523287560,5.730,5.720,5.720,5.730,0,0
1523287620,5.720,5.680,5.680,5.730,0,0
1523287680,5.680,5.650,5.640,5.680,0,0
1523287800,5.689,5.730,5.689,5.730,31265,1450096
1523287860,5.730,5.691,5.691,5.730,0,0
1523287920,5.675,5.700,5.675,5.700,0,0
1523287980,5.690,5.680,5.680,5.690,0,0
1523288040,5.630,5.630,5.630,5.630,0,0
1523288100,5.640,5.620,5.620,5.640,47788,1481361
1523288160,5.630,5.670,5.630,5.670,0,0
1523288220,5.661,5.630,5.630,5.661,0,0
1523288280,5.630,5.604,5.581,5.630,0,0
1523288340,5.630,5.630,5.630,5.630,0,0
1523288400,5.700,5.720,5.700,5.730,32671,1529149
1523288520,5.700,5.720,5.700,5.730,0,0
1523288580,5.740,5.710,5.710,5.740,0,0
1523288640,5.670,5.700,5.670,5.705,0,0
1523288700,5.710,5.700,5.690,5.710,28516,1561820
1523288760,5.720,5.730,5.700,5.730,0,0
1523288820,5.732,5.732,5.732,5.732,0,0
1523288880,5.726,5.726,5.726,5.726,0,0
1523288940,5.710,5.719,5.690,5.719,0,0
1523289000,5.730,5.739,5.730,5.739,26971,1590336
1523289060,5.710,5.710,5.710,5.710,0,0
1523289120,5.760,5.764,5.740,5.764,0,0
1523289180,5.750,5.750,5.750,5.750,0,0
1523289300,5.720,5.700,5.700,5.720,13759,1617307
1523289360,5.700,5.720,5.700,5.720,0,0
1523289420,5.708,5.708,5.708,5.708,0,0
1523289480,5.730,5.730,5.730,5.730,0,0
1523289540,5.730,5.742,5.730,5.742,0,0
1523289600,5.740,5.740,5.740,5.740,6010,1631066
1523289660,5.740,5.740,5.740,5.740,0,0
1523289720,5.749,5.750,5.749,5.750,0,0
1523289780,5.737,5.736,5.736,5.737,0,0
1523289840,5.749,5.749,5.749,5.749,0,0
1523289900,5.738,5.738,5.738,5.738,6450,1637076
1523289960,5.760,5.760,5.760,5.760,0,0
1523290020,5.760,5.760,5.760,5.760,0,0
1523290080,5.752,5.752,5.752,5.752,0,0
1523290140,5.720,5.720,5.720,5.720,0,0
1523290200,5.710,5.690,5.650,5.710,22995,1643526
1523290260,5.690,5.660,5.660,5.690,0,0
1523290320,5.660,5.660,5.660,5.660,0,0
1523290380,5.663,5.663,5.663,5.663,0,0
1523290440,5.670,5.670,5.670,5.670,0,0
1523290500,5.680,5.700,5.680,5.700,11818,1666521
1523290560,5.710,5.710,5.710,5.710,0,0
1523290620,5.720,5.720,5.720,5.720,0,0
1523290680,5.750,5.730,5.730,5.750,0,0
1523290740,5.750,5.771,5.740,5.771,0,0
1523290800,5.760,5.770,5.760,5.780,34906,1678339
1523290860,5.780,5.780,5.780,5.780,0,0
1523290920,5.790,5.800,5.790,5.800,0,0
1523290980,5.820,5.760,5.760,5.820,0,0
1523291040,5.770,5.780,5.770,5.790,0,0
1523291100,5.765,5.790,5.765,5.790,15669,1713245
1523291160,5.780,5.760,5.760,5.780,0,0
1523291220,5.780,5.780,5.780,5.780,0,0
1523291280,5.760,5.780,5.760,5.780,0,0
1523291340,5.770,5.760,5.760,5.770,0,0
1523291400,5.770,5.770,5.770,5.770,16648,1728914
1523291460,5.770,5.770,5.770,5.770,0,0
1523291520,5.760,5.750,5.750,5.760,0,0
1523291580,5.760,5.741,5.740,5.760,0,0
1523291640,5.740,5.710,5.710,5.740,0,0
1523291700,5.730,5.760,5.730,5.760,9819,1745562
1523291760,5.770,5.767,5.760,5.770,0,0
1523291880,5.770,5.770,5.770,5.770,0,0
1523291940,5.760,5.760,5.760,5.760,0,0
1523292000,5.780,5.780,5.780,5.780,8486,1755381
1523292060,5.788,5.780,5.780,5.788,0,0
1523292120,5.780,5.780,5.780,5.780,0,0
1523292180,5.790,5.795,5.790,5.795,0,0
1523292240,5.780,5.770,5.770,5.780,0,0
1523292300,5.770,5.760,5.760,5.770,8142,1763867
1523292360,5.760,5.750,5.750,5.760,0,0
1523292420,5.740,5.740,5.740,5.740,0,0
1523292600,5.740,5.750,5.740,5.750,7640,1772009
1523292660,5.760,5.760,5.760,5.760,0,0
1523292720,5.750,5.750,5.750,5.750,0,0
1523292840,5.755,5.755,5.755,5.755,0,0
1523292900,5.755,5.776,5.751,5.776,10837,1779649
1523292960,5.777,5.777,5.777,5.777,0,0
1523293020,5.780,5.789,5.780,5.789,0,0
1523293140,5.785,5.785,5.785,5.785,0,0
1523293200,5.780,5.820,5.780,5.820,33596,1790486
1523293260,5.820,5.820,5.820,5.820,0,0
1523293320,5.810,5.817,5.810,5.817,0,0
1523293380,5.819,5.819,5.819,5.819,0,0
1523293440,5.830,5.850,5.830,5.850,0,0
1523293500,5.850,5.832,5.830,5.850,35921,1824082
1523293620,5.840,5.840,5.840,5.840,0,0
1523293680,5.850,5.830,5.830,5.860,0,0
1523293740,5.825,5.820,5.815,5.825,0,0
1523293800,5.820,5.829,5.820,5.829,17388,1860003
1523293860,5.825,5.825,5.825,5.825,0,0
1523293920,5.820,5.805,5.805,5.827,0,0
1523293980,5.805,5.770,5.770,5.810,0,0
1523294040,5.765,5.765,5.765,5.765,0,0
1523294100,5.730,5.750,5.730,5.750,40425,1877391
1523294160,5.750,5.730,5.720,5.750,0,0
1523294220,5.740,5.710,5.710,5.760,0,0
1523294280,5.715,5.770,5.715,5.770,0,0
1523294340,5.770,5.780,5.750,5.780,0,0
1523294400,5.780,5.780,5.780,5.780,25374,1917816
1523294460,5.740,5.730,5.730,5.740,0,0
1523294520,5.730,5.740,5.730,5.740,0,0
1523294580,5.760,5.740,5.740,5.760,0,0
1523294640,5.750,5.710,5.710,5.750,0,0
1523294700,5.710,5.711,5.710,5.730,37374,1943190
1523294760,5.690,5.720,5.670,5.720,0,0
1523294820,5.718,5.720,5.718,5.720,0,0
1523294880,5.738,5.720,5.720,5.738,0,0
1523294940,5.727,5.750,5.727,5.750,0,0
1523295000,5.760,5.730,5.730,5.760,4800,1980564
1523295240,5.710,5.716,5.710,5.716,0,0
1523295300,5.700,5.680,5.660,5.700,35489,1985364
1523295360,5.660,5.650,5.650,5.677,0,0
1523295420,5.650,5.690,5.650,5.690,0,0
1523295480,5.670,5.670,5.670,5.670,0,0
1523295540,5.684,5.684,5.684,5.684,0,0
1523295600,5.670,5.680,5.670,5.680,8367,2020853
1523295660,5.670,5.670,5.670,5.670,0,0
1523295720,5.650,5.660,5.650,5.660,0,0
1523295780,5.650,5.650,5.650,5.650,0,0
1523295840,5.660,5.670,5.660,5.670,0,0
1523295900,5.690,5.690,5.690,5.690,7321,2029220
1523295960,5.690,5.690,5.690,5.690,0,0
1523296020,5.690,5.720,5.690,5.720,0,0
1523296080,5.710,5.710,5.710,5.710,0,0
1523296200,5.730,5.740,5.730,5.740,8102,2036541
1523296260,5.730,5.740,5.730,5.740,0,0
1523296320,5.737,5.737,5.737,5.737,0,0
1523296500,5.740,5.730,5.730,5.740,13123,2044643
1523296560,5.730,5.730,5.730,5.730,0,0
1523296620,5.715,5.720,5.715,5.720,0,0
1523296680,5.700,5.690,5.690,5.700,0,0
1523296800,5.690,5.690,5.690,5.690,6127,2057766
1523296860,5.710,5.710,5.710,5.710,0,0
1523296920,5.710,5.710,5.710,5.710,0,0
1523296980,5.700,5.710,5.700,5.710,0,0
1523297100,5.720,5.721,5.720,5.721,8805,2063893
1523297160,5.725,5.725,5.725,5.725,0,0
1523297220,5.740,5.730,5.730,5.740,0,0
1523297280,5.735,5.735,5.735,5.735,0,0
1523297340,5.730,5.720,5.720,5.730,0,0
1523297400,5.700,5.700,5.700,5.700,3344,2072698
1523297460,5.700,5.700,5.700,5.700,0,0
1523297640,5.680,5.680,5.680,5.680,0,0
1523297700,5.680,5.680,5.680,5.680,3649,2076042
1523297760,5.690,5.690,5.690,5.690,0,0
1523297820,5.680,5.685,5.680,5.685,0,0
1523297880,5.680,5.680,5.680,5.680,0,0
1523298000,5.680,5.670,5.670,5.680,14159,2079691
1523298060,5.660,5.660,5.660,5.660,0,0
1523298120,5.660,5.660,5.660,5.660,0,0
1523298180,5.630,5.635,5.630,5.635,0,0
1523298240,5.640,5.640,5.640,5.640,0,0
1523298300,5.640,5.640,5.640,5.640,19039,2093850
1523298360,5.640,5.640,5.640,5.640,0,0
1523298420,5.640,5.620,5.620,5.640,0,0
1523298480,5.620,5.610,5.610,5.620,0,0
1523298540,5.620,5.620,5.620,5.620,0,0
1523298600,5.626,5.630,5.626,5.630,9601,2112889
1523298660,5.643,5.643,5.643,5.643,0,0
1523298720,5.649,5.630,5.630,5.649,0,0
1523298780,5.620,5.615,5.610,5.620,0,0
1523298840,5.610,5.620,5.610,5.620,0,0
1523298900,5.620,5.553,5.553,5.620,74000,2122490
1523298960,5.570,5.580,5.570,5.585,0,0
1523299020,5.565,5.560,5.550,5.580,0,0
1523299080,5.550,5.530,5.520,5.550,0,0
1523299140,5.520,5.530,5.490,5.530,0,0
1523299200,5.525,5.520,5.520,5.530,6617,2196490
1523299260,5.525,5.522,5.520,5.525,0,0
1523299320,5.520,5.510,5.510,5.530,0,0
1523299440,5.520,5.530,5.520,5.530,0,0
1523299500,5.540,5.550,5.530,5.550,24388,2203107
1523299560,5.545,5.545,5.545,5.545,0,0
1523299620,5.550,5.530,5.530,5.550,0,0
1523299740,5.520,5.530,5.520,5.530,0,0
1523299800,5.531,5.531,5.531,5.531,18270,2227495
1523299860,5.540,5.580,5.540,5.580,0,0
1523299920,5.600,5.580,5.580,5.600,0,0
1523299980,5.590,5.610,5.590,5.610,0,0
1523300040,5.600,5.609,5.600,5.609,0,0
1523300100,5.600,5.600,5.600,5.600,23680,2245765
1523300160,5.600,5.635,5.600,5.650,0,0
1523300220,5.650,5.650,5.650,5.650,0,0
1523300280,5.630,5.640,5.630,5.640,0,0
1523300340,5.620,5.620,5.620,5.620,0,0
1523300400,5.640,5.640,5.640,5.640,22036,2269445
1523300460,5.650,5.650,5.650,5.650,0,0
1523300520,5.640,5.650,5.640,5.650,0,0
1523300580,5.650,5.680,5.650,5.680,0,0
1523300640,5.690,5.685,5.685,5.690,0,0
1523300700,5.697,5.680,5.680,5.697,33802,2291481
1523300760,5.690,5.673,5.670,5.690,0,0
1523300820,5.680,5.675,5.670,5.680,0,0
1523300880,5.670,5.700,5.670,5.700,0,0
1523300940,5.700,5.690,5.690,5.700,0,0
1523301000,5.700,5.700,5.700,5.700,30661,2325283
1523301060,5.710,5.720,5.710,5.720,0,0
1523301120,5.720,5.750,5.720,5.750,0,0
1523301180,5.750,5.759,5.745,5.759,0,0
1523301240,5.750,5.720,5.720,5.760,0,0
1523301300,5.720,5.750,5.720,5.750,22665,2355944
1523301360,5.749,5.690,5.690,5.749,0,0
1523301420,5.700,5.720,5.700,5.720,0,0
1523301480,5.720,5.690,5.690,5.720,0,0
1523301540,5.688,5.700,5.688,5.700,0,0
1523301600,5.700,5.670,5.670,5.700,14003,2378609
1523301660,5.680,5.679,5.670,5.680,0,0
1523301720,5.700,5.690,5.690,5.700,0,0
1523301780,5.690,5.690,5.690,5.690,0,0
1523301840,5.700,5.698,5.698,5.700,0,0
1523301900,5.710,5.695,5.695,5.710,18676,2392612
1523301960,5.720,5.710,5.710,5.720,0,0
1523302020,5.717,5.720,5.717,5.740,0,0
1523302080,5.723,5.729,5.723,5.729,0,0
1523302140,5.730,5.720,5.720,5.730,0,0
1523302200,5.730,5.720,5.720,5.730,4742,2411288
1523302260,5.720,5.710,5.710,5.720,0,0
1523302320,5.720,5.720,5.720,5.720,0,0
1523302380,5.720,5.720,5.720,5.720,0,0
1523302440,5.720,5.720,5.720,5.720,0,0
1523302500,5.710,5.710,5.710,5.710,22005,2416030
1523302560,5.710,5.700,5.700,5.711,0,0
1523302620,5.700,5.700,5.700,5.700,0,0
1523302680,5.700,5.700,5.700,5.700,0,0
1523302740,5.710,5.706,5.700,5.710,0,0
1523302800,5.710,5.705,5.700,5.710,53471,2438035
1523302860,5.700,5.700,5.700,5.700,0,0
1523302920,5.690,5.690,5.690,5.690,0,0
1523302980,5.690,5.695,5.690,5.695,0,0
1523303040,5.695,5.720,5.695,5.720,0,0
1523303100,5.710,5.710,5.710,5.710,45893,2491506
1523303160,5.720,5.730,5.720,5.730,0,0
1523303220,5.750,5.740,5.740,5.750,0,0
1523303280,5.740,5.720,5.720,5.740,0,0
1523303340,5.720,5.710,5.710,5.720,0,0
1523303400,5.715,5.750,5.710,5.750,49164,2537399
1523303460,5.750,5.760,5.750,5.760,0,0
1523303520,5.760,5.778,5.760,5.780,0,0
1523303580,5.770,5.760,5.760,5.770,0,0
1523303640,5.760,5.760,5.760,5.760,0,0
1523303700,5.760,5.765,5.760,5.765,109641,2586563
1523303760,5.770,5.771,5.770,5.780,0,0
1523303820,5.780,5.775,5.775,5.780,0,0
1523303880,5.775,5.780,5.770,5.780,0,0
1523303940,5.775,5.770,5.770,5.780,0,0
1523367000,5.850,5.880,5.850,5.880,83912,0
1523367060,5.850,5.880,5.850,5.880,0,0
1523367120,5.830,5.870,5.830,5.870,0,0
1523367180,5.875,5.820,5.790,5.875,0,0
1523367240,5.825,5.740,5.720,5.825,0,0
1523367300,5.730,5.678,5.678,5.740,47928,83912
1523367360,5.690,5.710,5.690,5.710,0,0
1523367420,5.720,5.735,5.720,5.735,0,0
1523367480,5.730,5.590,5.560,5.730,0,0
1523367540,5.634,5.613,5.613,5.680,0,0
1523367600,5.623,5.580,5.570,5.623,35784,131840
1523367660,5.610,5.582,5.582,5.610,0,0
1523367720,5.581,5.530,5.520,5.591,0,0
1523367780,5.570,5.510,5.510,5.590,0,0
1523367840,5.500,5.510,5.500,5.530,0,0
1523367900,5.510,5.555,5.510,5.555,38651,167624
1523367960,5.570,5.610,5.570,5.620,0,0
1523368020,5.626,5.580,5.550,5.626,0,0
1523368080,5.610,5.640,5.610,5.640,0,0
1523368140,5.650,5.630,5.630,5.650,0,0
1523368200,5.680,5.730,5.680,5.750,42798,206275
1523368260,5.730,5.660,5.650,5.750,0,0
1523368320,5.680,5.680,5.680,5.680,0,0
1523368380,5.650,5.595,5.590,5.650,0,0
1523368440,5.610,5.600,5.600,5.610,0,0
1523368500,5.545,5.540,5.520,5.545,46134,249073
1523368560,5.590,5.580,5.580,5.600,0,0
1523368620,5.555,5.550,5.550,5.555,0,0
1523368680,5.530,5.514,5.502,5.530,0,0
1523368740,5.510,5.550,5.510,5.550,0,0
1523368800,5.550,5.540,5.540,5.550,25311,295207
1523368860,5.580,5.580,5.580,5.580,0,0
1523368920,5.560,5.540,5.540,5.560,0,0
1523368980,5.510,5.510,5.510,5.510,0,0
1523369040,5.520,5.515,5.510,5.520,0,0
1523369100,5.500,5.411,5.360,5.500,123187,320518
1523369160,5.460,5.460,5.460,5.460,0,0
1523369220,5.436,5.476,5.430,5.480,0,0
1523369280,5.475,5.420,5.420,5.475,0,0
1523369340,5.430,5.478,5.430,5.490,0,0
1523369400,5.490,5.530,5.490,5.549,24335,443705
1523369460,5.540,5.535,5.530,5.540,0,0
1523369520,5.530,5.543,5.530,5.543,0,0
1523369580,5.540,5.510,5.510,5.540,0,0
1523369640,5.500,5.509,5.500,5.509,0,0
1523369700,5.500,5.540,5.500,5.570,18655,468040
1523369760,5.530,5.539,5.530,5.540,0,0
1523369820,5.560,5.565,5.560,5.565,0,0
1523369880,5.561,5.560,5.550,5.561,0,0
1523369940,5.540,5.590,5.540,5.590,0,0
1523370000,5.580,5.570,5.570,5.580,73527,486695
1523370060,5.550,5.550,5.550,5.550,0,0
1523370120,5.590,5.624,5.590,5.624,0,0
1523370180,5.630,5.690,5.620,5.690,0,0
1523370240,5.690,5.680,5.680,5.710,0,0
1523370300,5.700,5.682,5.680,5.700,23827,560222
1523370360,5.680,5.630,5.630,5.680,0,0
1523370420,5.630,5.640,5.630,5.640,0,0
1523370480,5.670,5.656,5.652,5.670,0,0
1523370540,5.650,5.650,5.650,5.650,0,0
1523370600,5.660,5.675,5.660,5.690,11295,584049
1523370660,5.663,5.663,5.663,5.663,0,0
1523370720,5.680,5.690,5.680,5.690,0,0
1523370780,5.680,5.686,5.680,5.686,0,0
1523370840,5.712,5.710,5.710,5.719,0,0
1523370900,5.730,5.749,5.730,5.760,48788,595344
1523370960,5.740,5.765,5.740,5.765,0,0
1523371020,5.780,5.740,5.740,5.780,0,0
1523371080,5.720,5.710,5.710,5.730,0,0
1523371140,5.720,5.760,5.720,5.760,0,0
1523371200,5.770,5.810,5.770,5.810,65919,644132
1523371260,5.820,5.800,5.790,5.820,0,0
1523371320,5.860,5.820,5.800,5.860,0,0
1523371380,5.820,5.830,5.820,5.850,0,0
1523371440,5.839,5.830,5.830,5.839,0,0
1523371500,5.840,5.860,5.840,5.860,62039,710051
1523371560,5.890,5.870,5.870,5.897,0,0
1523371620,5.880,5.940,5.880,5.940,0,0
1523371680,5.890,5.910,5.890,5.920,0,0
1523371740,5.898,5.898,5.898,5.898,0,0
1523371800,5.900,5.910,5.900,5.910,55209,772090
1523371860,5.850,5.856,5.830,5.856,0,0
1523371920,5.860,5.883,5.860,5.890,0,0
1523371980,5.886,5.896,5.860,5.896,0,0
1523372040,5.900,5.940,5.890,5.940,0,0
1523372100,5.950,5.931,5.920,5.960,30820,827299
1523372160,5.920,5.910,5.910,5.920,0,0
1523372220,5.940,5.910,5.890,5.945,0,0
1523372280,5.910,5.910,5.910,5.910,0,0
1523372340,5.940,5.940,5.940,5.940,0,0
1523372400,5.960,5.990,5.959,5.990,53374,858119
1523372460,5.970,5.920,5.910,5.970,0,0
1523372520,5.929,5.929,5.929,5.929,0,0
1523372580,5.940,5.950,5.940,5.950,0,0
1523372640,5.970,5.950,5.950,5.970,0,0
1523372700,5.930,5.920,5.920,5.940,37898,911493
1523372760,5.930,5.930,5.930,5.930,0,0
1523372820,5.930,5.910,5.890,5.930,0,0
1523372880,5.910,5.900,5.880,5.910,0,0
1523372940,5.920,5.930,5.920,5.930,0,0
1523373000,5.930,5.930,5.930,5.930,43231,949391
1523373060,5.930,5.968,5.930,5.968,0,0
1523373120,5.970,5.910,5.910,5.970,0,0
1523373180,5.920,5.950,5.920,5.950,0,0
1523373240,5.940,5.900,5.890,5.940,0,0
1523373300,5.910,5.910,5.910,5.910,22283,992622
1523373360,5.910,5.920,5.910,5.925,0,0
1523373420,5.900,5.932,5.900,5.932,0,0
1523373480,5.950,5.970,5.950,5.970,0,0
1523373540,5.940,5.940,5.940,5.940,0,0
1523373600,5.940,5.980,5.940,5.980,83468,1014905
1523373660,5.990,5.970,5.970,5.990,0,0
1523373720,5.960,5.980,5.960,5.980,0,0
1523373780,5.990,6.055,5.990,6.100,0,0
1523373840,6.050,6.060,6.040,6.062,0,0
1523373900,6.054,6.120,6.054,6.120,35407,1098373
1523373960,6.080,6.040,6.040,6.080,0,0
1523374020,6.080,6.088,6.070,6.088,0,0
1523374080,6.070,6.080,6.070,6.080,0,0
1523374140,6.063,6.080,6.063,6.080,0,0
1523374200,6.100,6.118,6.100,6.155,62842,1133780
1523374260,6.115,6.070,6.055,6.115,0,0
1523374320,6.070,6.090,6.070,6.090,0,0
1523374380,6.090,6.110,6.090,6.120,0,0
1523374440,6.111,6.131,6.111,6.150,0,0
1523374500,6.146,6.128,6.128,6.150,63683,1196622
1523374560,6.130,6.120,6.080,6.130,0,0
1523374620,6.100,6.070,6.060,6.100,0,0
1523374680,6.070,6.080,6.060,6.090,0,0
1523374740,6.080,6.100,6.080,6.100,0,0
1523374800,6.100,6.110,6.100,6.130,17611,1260305
1523374920,6.120,6.140,6.120,6.140,0,0
1523374980,6.158,6.180,6.157,6.180,0,0
1523375040,6.180,6.130,6.130,6.180,0,0
1523375100,6.160,6.110,6.110,6.160,48608,1277916
1523375160,6.111,6.110,6.070,6.128,0,0
1523375220,6.100,6.090,6.090,6.130,0,0
1523375280,6.085,6.091,6.085,6.100,0,0
1523375340,6.090,6.074,6.074,6.101,0,0
1523375400,6.087,6.090,6.068,6.090,37278,1326524
1523375460,6.100,6.090,6.070,6.109,0,0
1523375520,6.080,6.120,6.080,6.120,0,0
1523375580,6.117,6.150,6.114,6.150,0,0
1523375640,6.170,6.180,6.160,6.200,0,0
1523375700,6.199,6.160,6.160,6.210,41085,1363802
1523375760,6.130,6.170,6.130,6.170,0,0
1523375820,6.160,6.140,6.140,6.170,0,0
1523375880,6.150,6.120,6.120,6.161,0,0
1523375940,6.080,6.130,6.080,6.130,0,0
1523376000,6.140,6.140,6.140,6.140,3921,1404887
1523376120,6.140,6.140,6.140,6.140,0,0
1523376180,6.140,6.120,6.120,6.140,0,0
1523376240,6.140,6.140,6.140,6.140,0,0
1523376300,6.170,6.160,6.160,6.170,38101,1408808
1523376360,6.170,6.180,6.170,6.180,0,0
1523376420,6.198,6.100,6.100,6.198,0,0
1523376480,6.121,6.110,6.110,6.130,0,0
1523376540,6.110,6.115,6.110,6.120,0,0
1523376600,6.120,6.118,6.110,6.120,39319,1446909
1523376660,6.140,6.150,6.140,6.150,0,0
1523376720,6.150,6.120,6.120,6.150,0,0
1523376780,6.120,6.130,6.110,6.140,0,0
1523376840,6.110,6.100,6.080,6.120,0,0
1523376900,6.100,6.080,6.064,6.110,22198,1486228
1523376960,6.100,6.130,6.090,6.130,0,0
1523377020,6.130,6.120,6.120,6.130,0,0
1523377080,6.135,6.130,6.130,6.135,0,0
1523377140,6.140,6.170,6.140,6.170,0,0
1523377200,6.170,6.160,6.140,6.170,33883,1508426
1523377260,6.130,6.140,6.130,6.150,0,0
1523377320,6.140,6.130,6.120,6.150,0,0
1523377380,6.130,6.109,6.100,6.140,0,0
1523377440,6.110,6.140,6.100,6.140,0,0
1523377500,6.150,6.120,6.120,6.150,12951,1542309
1523377560,6.120,6.120,6.120,6.120,0,0
1523377620,6.141,6.170,6.141,6.170,0,0
1523377680,6.160,6.165,6.160,6.170,0,0
1523377740,6.170,6.130,6.130,6.170,0,0
1523377800,6.130,6.120,6.110,6.130,24957,1555260
1523377860,6.123,6.123,6.123,6.123,0,0
1523377920,6.135,6.140,6.120,6.150,0,0
1523377980,6.145,6.130,6.130,6.150,0,0
1523378040,6.130,6.140,6.130,6.140,0,0
1523378100,6.150,6.160,6.150,6.160,79881,1580217
1523378160,6.160,6.155,6.155,6.160,0,0
1523378220,6.160,6.199,6.155,6.200,0,0
1523378280,6.210,6.290,6.210,6.320,0,0
1523378340,6.310,6.230,6.230,6.310,0,0
1523378400,6.220,6.240,6.220,6.260,41434,1660098
1523378460,6.240,6.230,6.230,6.280,0,0
1523378520,6.220,6.230,6.210,6.230,0,0
1523378580,6.234,6.230,6.230,6.234,0,0
1523378640,6.250,6.260,6.250,6.260,0,0
1523378700,6.270,6.285,6.260,6.285,33352,1701532
1523378760,6.270,6.300,6.270,6.300,0,0
1523378820,6.287,6.330,6.287,6.330,0,0
1523378880,6.310,6.270,6.270,6.310,0,0
1523378940,6.271,6.290,6.270,6.310,0,0
1523379000,6.281,6.287,6.280,6.290,36452,1734884
1523379060,6.280,6.270,6.270,6.280,0,0
1523379120,6.270,6.210,6.210,6.270,0,0
1523379180,6.220,6.240,6.210,6.240,0,0
1523379240,6.248,6.248,6.248,6.248,0,0
1523379300,6.250,6.280,6.250,6.280,25969,1771336
1523379360,6.280,6.260,6.260,6.280,0,0
1523379420,6.280,6.270,6.270,6.280,0,0
1523379480,6.262,6.260,6.250,6.262,0,0
1523379540,6.270,6.270,6.270,6.270,0,0
1523379600,6.260,6.260,6.260,6.260,22747,1797305
1523379660,6.250,6.250,6.250,6.250,0,0
1523379720,6.260,6.255,6.250,6.260,0,0
1523379780,6.260,6.260,6.260,6.260,0,0
1523379840,6.280,6.310,6.280,6.310,0,0
1523379900,6.300,6.309,6.298,6.310,35048,1820052
1523379960,6.330,6.330,6.330,6.330,0,0
1523380020,6.330,6.314,6.314,6.330,0,0
1523380080,6.330,6.345,6.330,6.350,0,0
1523380140,6.350,6.311,6.311,6.350,0,0
1523380200,6.310,6.320,6.310,6.320,20519,1855100
1523380260,6.320,6.330,6.320,6.330,0,0
1523380380,6.339,6.330,6.330,6.350,0,0
1523380440,6.306,6.300,6.300,6.310,0,0
1523380500,6.298,6.290,6.290,6.310,36156,1875619
1523380560,6.280,6.260,6.260,6.280,0,0
1523380620,6.260,6.265,6.260,6.270,0,0
1523380680,6.250,6.290,6.250,6.290,0,0
1523380740,6.290,6.295,6.290,6.300,0,0
1523380800,6.290,6.300,6.290,6.300,21629,1911775
1523380860,6.310,6.295,6.295,6.310,0,0
1523380980,6.319,6.330,6.319,6.330,0,0
1523381040,6.340,6.356,6.340,6.380,0,0
1523381100,6.355,6.360,6.355,6.360,12604,1933404
1523381160,6.350,6.334,6.334,6.360,0,0
1523381220,6.360,6.364,6.360,6.370,0,0
1523381280,6.390,6.390,6.390,6.390,0,0
1523381340,6.390,6.390,6.390,6.390,0,0
1523381400,6.385,6.360,6.360,6.385,21525,1946008
1523381460,6.320,6.310,6.310,6.320,0,0
1523381520,6.330,6.330,6.330,6.330,0,0
1523381580,6.350,6.310,6.300,6.350,0,0
1523381640,6.310,6.300,6.300,6.310,0,0
1523381700,6.305,6.300,6.300,6.305,3137,1967533
1523381760,6.300,6.310,6.300,6.310,0,0
1523381820,6.320,6.320,6.320,6.320,0,0
1523381880,6.320,6.314,6.314,6.320,0,0
1523381940,6.320,6.320,6.320,6.320,0,0
1523382000,6.340,6.340,6.340,6.340,863,1970670
1523382180,6.340,6.340,6.340,6.340,0,0
1523382300,6.340,6.350,6.340,6.350,22727,1971533
1523382360,6.340,6.350,6.340,6.350,0,0
1523382420,6.320,6.330,6.320,6.331,0,0
1523382540,6.325,6.330,6.325,6.350,0,0
1523382600,6.330,6.330,6.330,6.330,10092,1994260
1523382660,6.330,6.300,6.290,6.330,0,0
1523382720,6.325,6.310,6.310,6.325,0,0
1523382780,6.300,6.300,6.300,6.300,0,0
1523382900,6.300,6.311,6.300,6.315,7984,2004352
1523382960,6.290,6.280,6.280,6.290,0,0
1523383020,6.280,6.280,6.280,6.280,0,0
1523383080,6.300,6.305,6.291,6.305,0,0
1523383140,6.310,6.300,6.300,6.310,0,0
1523383200,6.300,6.303,6.300,6.315,33574,2012336
1523383260,6.300,6.290,6.290,6.300,0,0
1523383320,6.296,6.300,6.296,6.300,0,0
1523383380,6.310,6.320,6.310,6.320,0,0
1523383440,6.250,6.260,6.250,6.275,0,0
1523383500,6.270,6.285,6.270,6.300,35489,2045910
1523383560,6.273,6.290,6.273,6.290,0,0
1523383620,6.300,6.290,6.285,6.300,0,0
1523383680,6.280,6.285,6.280,6.285,0,0
1523383740,6.284,6.295,6.284,6.295,0,0
1523383800,6.290,6.295,6.290,6.295,5937,2081399
1523383860,6.290,6.290,6.290,6.290,0,0
1523383920,6.300,6.300,6.300,6.300,0,0
1523383980,6.300,6.290,6.290,6.300,0,0
1523384040,6.295,6.290,6.290,6.295,0,0
1523384100,6.300,6.300,6.300,6.300,14364,2087336
1523384160,6.315,6.315,6.315,6.315,0,0
1523384220,6.310,6.320,6.310,6.330,0,0
1523384280,6.330,6.330,6.330,6.330,0,0
1523384400,6.330,6.330,6.330,6.330,3188,2101700
1523384460,6.330,6.330,6.330,6.330,0,0
1523384520,6.320,6.330,6.320,6.330,0,0
1523384580,6.330,6.330,6.330,6.330,0,0
1523384640,6.320,6.330,6.320,6.330,0,0
1523384700,6.325,6.322,6.322,6.330,1837,2104888
1523384760,6.310,6.320,6.310,6.320,0,0
1523384940,6.320,6.320,6.320,6.320,0,0
1523385000,6.310,6.300,6.300,6.312,29333,2106725
1523385060,6.300,6.295,6.280,6.300,0,0
1523385120,6.310,6.320,6.310,6.320,0,0
1523385180,6.310,6.320,6.310,6.320,0,0
1523385240,6.316,6.313,6.313,6.320,0,0
1523385300,6.320,6.320,6.320,6.320,7174,2136058
1523385360,6.320,6.320,6.320,6.320,0,0
1523385480,6.326,6.323,6.323,6.326,0,0
1523385540,6.320,6.330,6.320,6.330,0,0
1523385600,6.330,6.315,6.315,6.330,33301,2143232
1523385660,6.315,6.320,6.315,6.330,0,0
1523385720,6.320,6.320,6.320,6.320,0,0
1523385780,6.320,6.320,6.320,6.320,0,0
1523385840,6.330,6.320,6.320,6.330,0,0
1523385900,6.330,6.330,6.330,6.330,6643,2176533
1523386020,6.320,6.330,6.320,6.330,0,0
1523386080,6.320,6.320,6.320,6.320,0,0
1523386140,6.330,6.320,6.320,6.330,0,0
1523386200,6.360,6.390,6.360,6.430,133043,2183176
1523386260,6.410,6.430,6.410,6.430,0,0
1523386320,6.410,6.450,6.410,6.450,0,0
1523386380,6.440,6.460,6.440,6.468,0,0
1523386440,6.450,6.430,6.430,6.460,0,0
1523386500,6.410,6.470,6.410,6.470,52304,2316219
1523386560,6.470,6.510,6.470,6.510,0,0
1523386620,6.510,6.485,6.480,6.510,0,0
1523386680,6.480,6.490,6.480,6.490,0,0
1523386740,6.481,6.480,6.480,6.481,0,0
1523386800,6.480,6.460,6.460,6.480,27075,2368523
1523386860,6.455,6.430,6.430,6.455,0,0
1523386920,6.440,6.426,6.420,6.440,0,0
1523386980,6.440,6.447,6.440,6.447,0,0
1523387040,6.450,6.460,6.450,6.465,0,0
1523387100,6.470,6.440,6.440,6.470,14434,2395598
1523387160,6.440,6.435,6.435,6.440,0,0
1523387220,6.430,6.430,6.430,6.430,0,0
1523387280,6.437,6.440,6.435,6.440,0,0
1523387340,6.450,6.450,6.450,6.450,0,0
1523387400,6.429,6.420,6.420,6.430,65525,2410032
1523387460,6.420,6.382,6.380,6.420,0,0
1523387520,6.390,6.385,6.385,6.390,0,0
1523387580,6.380,6.363,6.363,6.380,0,0
1523387640,6.365,6.360,6.360,6.370,0,0
1523387700,6.325,6.316,6.316,6.325,29529,2475557
1523387760,6.320,6.320,6.320,6.320,0,0
1523387820,6.330,6.370,6.330,6.370,0,0
1523387880,6.350,6.360,6.340,6.360,0,0
1523388000,6.350,6.359,6.350,6.359,12660,2505086
1523388060,6.350,6.350,6.350,6.350,0,0
1523388120,6.355,6.350,6.350,6.355,0,0
1523388180,6.360,6.355,6.350,6.360,0,0
1523388240,6.365,6.370,6.365,6.370,0,0
1523388300,6.370,6.385,6.370,6.390,23776,2517746
1523388360,6.380,6.396,6.380,6.396,0,0
1523388420,6.430,6.434,6.430,6.434,0,0
1523388480,6.435,6.430,6.430,6.440,0,0
1523388540,6.422,6.440,6.422,6.440,0,0
1523388600,6.440,6.430,6.430,6.440,24755,2541522
1523388660,6.430,6.425,6.420,6.430,0,0
1523388720,6.430,6.425,6.425,6.430,0,0
1523388780,6.430,6.430,6.430,6.430,0,0
1523388840,6.430,6.420,6.420,6.430,0,0
1523388900,6.410,6.380,6.380,6.410,36783,2566277
1523388960,6.380,6.400,6.370,6.402,0,0
1523389020,6.400,6.390,6.390,6.400,0,0
1523389080,6.399,6.400,6.399,6.400,0,0
1523389140,6.400,6.440,6.400,6.440,0,0
1523389200,6.459,6.470,6.459,6.470,27036,2603060
1523389260,6.470,6.470,6.470,6.470,0,0
1523389320,6.480,6.460,6.460,6.480,0,0
1523389380,6.450,6.460,6.440,6.470,0,0
1523389440,6.460,6.480,6.450,6.480,0,0
1523389500,6.470,6.480,6.470,6.480,36988,2630096
1523389560,6.440,6.450,6.440,6.450,0,0
1523389620,6.460,6.440,6.440,6.460,0,0
1523389680,6.440,6.430,6.430,6.450,0,0
1523389740,6.440,6.440,6.440,6.440,0,0
1523389800,6.435,6.430,6.430,6.455,30480,2667084
1523389860,6.430,6.420,6.420,6.430,0,0
1523389920,6.430,6.440,6.420,6.440,0,0
1523389980,6.440,6.430,6.430,6.440,0,0
1523390040,6.440,6.440,6.440,6.440,0,0
1523390100,6.430,6.425,6.425,6.430,141789,2697564
1523390160,6.430,6.420,6.420,6.430,0,0
1523390220,6.430,6.410,6.410,6.430,0,0
1523390280,6.420,6.430,6.420,6.430,0,0
1523390340,6.430,6.410,6.410,6.440,0,0
