1519914600,1.530,1.530,1.530,1.530,0,0
1519915500,1.530,1.530,1.530,1.530,655,0
1519915560,1.530,1.530,1.530,1.530,0,0
1519916400,1.530,1.530,1.530,1.530,100,655
1519916580,1.530,1.530,1.530,1.530,0,0
1519917300,1.543,1.543,1.543,1.543,2037,755
1519917480,1.543,1.543,1.543,1.543,0,0
1519917600,1.543,1.543,1.543,1.543,2500,2792
1519917720,1.543,1.543,1.543,1.543,0,0
1519918800,1.530,1.530,1.530,1.530,3248,5292
1519919100,1.535,1.535,1.535,1.535,1400,8540
1519919280,1.535,1.535,1.535,1.535,0,0
1519920600,1.530,1.530,1.530,1.530,1300,9940
1519920660,1.530,1.530,1.530,1.530,0,0
1519920900,1.530,1.530,1.530,1.530,166,11240
1519921500,1.533,1.533,1.533,1.533,2201,11406
1519921740,1.533,1.533,1.533,1.533,0,0
1519924800,1.530,1.530,1.530,1.530,4957,13607
1519924920,1.530,1.530,1.530,1.530,0,0
1519927800,1.500,1.500,1.500,1.500,663,18564
1519927980,1.500,1.500,1.500,1.500,0,0
1519928700,1.517,1.517,1.517,1.517,1800,19227
1519928940,1.517,1.517,1.517,1.517,0,0
1519931100,1.507,1.507,1.507,1.507,1006,21027
1519931340,1.507,1.507,1.507,1.507,0,0
1519935000,1.501,1.501,1.501,1.501,4470,22033
1519936800,1.500,1.500,1.500,1.500,3200,26503
1519936980,1.500,1.500,1.500,1.500,0,0
1519937700,1.500,1.500,1.500,1.500,1125,29703
1519937760,1.500,1.500,1.500,1.500,0,0
1519937940,1.500,1.500,1.500,1.500,0,0
1520001000,1.500,1.500,1.500,1.500,0,0
1520001120,1.500,1.500,1.500,1.500,0,0
1520002500,1.500,1.500,1.500,1.500,12002,0
1520002800,1.500,1.500,1.500,1.500,5500,12002
1520002860,1.500,1.500,1.500,1.500,0,0
1520003100,1.500,1.500,1.500,1.500,600,17502
1520003400,1.500,1.500,1.500,1.500,808,18102
1520003640,1.500,1.500,1.500,1.500,0,0
1520004600,1.500,1.500,1.500,1.500,905,18910
1520004780,1.500,1.500,1.500,1.500,0,0
1520004900,1.500,1.500,1.500,1.500,101,19815
1520004960,1.500,1.500,1.500,1.500,0,0
1520005020,1.500,1.500,1.500,1.500,0,0
1520006100,1.501,1.501,1.501,1.501,1180,19916
1520007600,1.501,1.501,1.501,1.501,1400,21096
1520007840,1.501,1.501,1.501,1.501,0,0
1520010000,1.502,1.502,1.502,1.502,4250,22496
1520010120,1.502,1.502,1.502,1.502,0,0
1520010240,1.506,1.506,1.506,1.506,0,0
1520010300,1.500,1.500,1.500,1.500,6538,26746
1520010420,1.500,1.500,1.500,1.500,0,0
1520010600,1.485,1.490,1.485,1.490,842,33284
1520013300,1.497,1.497,1.497,1.497,1900,34126
1520013360,1.497,1.497,1.497,1.497,0,0
1520014200,1.490,1.490,1.490,1.490,4000,36026
1520014320,1.490,1.490,1.490,1.490,0,0
1520016600,1.493,1.493,1.493,1.493,599,40026
1520016780,1.493,1.493,1.493,1.493,0,0
1520017800,1.490,1.490,1.490,1.490,1000,40625
1520018040,1.490,1.490,1.490,1.490,0,0
1520018100,1.490,1.490,1.490,1.490,1497,41625
1520018220,1.490,1.490,1.490,1.490,0,0
1520018400,1.490,1.490,1.490,1.490,350,43122
1520018640,1.490,1.490,1.490,1.490,0,0
1520018700,1.497,1.497,1.497,1.497,1000,43472
1520021400,1.500,1.500,1.500,1.500,10021,44472
1520021520,1.500,1.500,1.500,1.500,0,0
1520021700,1.500,1.500,1.500,1.500,5335,54493
1520021880,1.500,1.500,1.500,1.500,0,0
1520021940,1.496,1.496,1.496,1.496,0,0
1520022000,1.496,1.496,1.496,1.496,15100,59828
1520022120,1.496,1.496,1.496,1.496,0,0
1520022240,1.499,1.499,1.499,1.499,0,0
1520024100,1.499,1.499,1.499,1.499,16104,74928
1520024280,1.499,1.499,1.499,1.499,0,0
1520024340,1.500,1.500,1.500,1.500,0,0
1520260200,1.500,1.500,1.500,1.500,0,0
1520260500,1.510,1.510,1.510,1.510,13470,0
1520260560,1.510,1.510,1.510,1.510,0,0
1520261100,1.490,1.500,1.490,1.500,17800,13470
1520261160,1.500,1.500,1.500,1.500,0,0
1520261400,1.500,1.500,1.500,1.500,5600,31270
1520263500,1.505,1.505,1.505,1.505,11204,36870
1520263560,1.505,1.505,1.505,1.505,0,0
1520264100,1.500,1.500,1.500,1.500,11635,48074
1520264160,1.500,1.500,1.500,1.500,0,0
1520264700,1.500,1.500,1.500,1.500,9436,59709
1520264820,1.500,1.500,1.500,1.500,0,0
1520264940,1.500,1.500,1.500,1.500,0,0
1520266500,1.490,1.490,1.490,1.490,2101,69145
1520266740,1.490,1.490,1.490,1.490,0,0
1520270700,1.490,1.490,1.490,1.490,1411,71246
1520270760,1.490,1.490,1.490,1.490,0,0
1520274300,1.500,1.500,1.500,1.500,8541,72657
1520275800,1.503,1.503,1.503,1.503,2502,81198
1520276040,1.503,1.503,1.503,1.503,0,0
1520276700,1.500,1.500,1.500,1.500,624,83700
1520276820,1.500,1.500,1.500,1.500,0,0
1520278500,1.505,1.505,1.505,1.505,2100,84324
1520278620,1.505,1.505,1.505,1.505,0,0
1520280600,1.510,1.510,1.510,1.510,1429,86424
1520283300,1.500,1.500,1.500,1.500,2093,87853
1520283540,1.500,1.500,1.500,1.500,0,0
1520346600,1.520,1.520,1.520,1.520,0,0
1520347200,1.522,1.522,1.522,1.522,1160,0
1520347260,1.522,1.522,1.522,1.522,0,0
1520347500,1.540,1.540,1.540,1.540,433,1160
1520347560,1.533,1.533,1.533,1.533,0,0
1520347800,1.533,1.533,1.533,1.533,1145,1593
1520348700,1.530,1.530,1.530,1.530,500,2738
1520348940,1.530,1.530,1.530,1.530,0,0
1520349300,1.530,1.530,1.530,1.530,1005,3238
1520349480,1.530,1.530,1.530,1.530,0,0
1520351100,1.530,1.530,1.530,1.530,735,4243
1520351220,1.530,1.530,1.530,1.530,0,0
1520351400,1.530,1.530,1.530,1.530,1300,4978
1520351580,1.530,1.530,1.530,1.530,0,0
1520352000,1.530,1.530,1.530,1.530,210,6278
1520352120,1.530,1.530,1.530,1.530,0,0
1520353500,1.522,1.522,1.522,1.522,1095,6488
1520355300,1.527,1.527,1.527,1.527,317,7583
1520355420,1.527,1.527,1.527,1.527,0,0
1520357100,1.520,1.520,1.520,1.520,281,7900
1520357280,1.520,1.520,1.520,1.520,0,0
1520357400,1.530,1.530,1.530,1.530,100,8181
1520357460,1.530,1.530,1.530,1.530,0,0
1520358000,1.527,1.527,1.527,1.527,400,8281
1520364300,1.530,1.530,1.530,1.530,160,8681
1520364360,1.530,1.530,1.530,1.530,0,0
1520364900,1.530,1.530,1.530,1.530,8500,8841
1520365140,1.530,1.530,1.530,1.530,0,0
1520365200,1.530,1.530,1.530,1.530,22490,17341
1520365320,1.530,1.530,1.530,1.530,0,0
1520365380,1.510,1.510,1.510,1.510,0,0
1520367000,1.520,1.520,1.520,1.520,16510,39831
1520367120,1.520,1.520,1.520,1.520,0,0
1520367600,1.520,1.520,1.520,1.520,4300,56341
1520367660,1.520,1.520,1.520,1.520,0,0
1520367840,1.511,1.511,1.511,1.511,0,0
1520368500,1.520,1.520,1.520,1.520,300,60641
1520369400,1.520,1.520,1.520,1.520,100,60941
1520369460,1.520,1.520,1.520,1.520,0,0
1520369700,1.514,1.520,1.514,1.520,232,61041
1520369940,1.514,1.520,1.514,1.520,0,0
1520433000,1.510,1.510,1.510,1.510,0,0
1520437800,1.523,1.523,1.523,1.523,4728,0
1520437860,1.523,1.523,1.523,1.523,0,0
1520438040,1.525,1.525,1.525,1.525,0,0
1520438400,1.520,1.520,1.520,1.520,153,4728
1520439000,1.530,1.530,1.530,1.530,138,4881
1520439300,1.527,1.527,1.527,1.527,1042,5019
1520439420,1.527,1.527,1.527,1.527,0,0
1520440800,1.520,1.520,1.520,1.520,227,6061
1520440980,1.520,1.520,1.520,1.520,0,0
1520442300,1.510,1.510,1.510,1.510,1608,6288
1520442480,1.510,1.510,1.510,1.510,0,0
1520448600,1.500,1.500,1.500,1.500,5317,7896
1520448780,1.500,1.500,1.500,1.500,0,0
1520449800,1.500,1.500,1.500,1.500,20433,13213
1520451600,1.510,1.510,1.510,1.510,201,33646
1520451780,1.510,1.510,1.510,1.510,0,0
1520455200,1.500,1.500,1.500,1.500,701,33847
1520455320,1.500,1.500,1.500,1.500,0,0
1520455500,1.500,1.500,1.500,1.500,400,34548
1520455620,1.500,1.500,1.500,1.500,0,0
1520455800,1.500,1.500,1.500,1.500,3525,34948
1520456040,1.500,1.500,1.500,1.500,0,0
1520519400,1.490,1.490,1.490,1.490,0,0
1520519700,1.510,1.510,1.510,1.510,3081,0
1520519760,1.510,1.510,1.510,1.510,0,0
1520520300,1.510,1.510,1.510,1.510,200,3081
1520520900,1.490,1.490,1.490,1.490,1672,3281
1520521080,1.490,1.490,1.490,1.490,0,0
1520521200,1.490,1.490,1.490,1.490,4176,4953
1520521500,1.488,1.488,1.488,1.488,1433,9129
1520521740,1.488,1.488,1.488,1.488,0,0
1520522400,1.490,1.490,1.490,1.490,224,10562
1520523600,1.520,1.520,1.520,1.520,1251,10786
1520523840,1.520,1.520,1.520,1.520,0,0
1520523900,1.530,1.530,1.530,1.530,100,12037
1520524080,1.530,1.530,1.530,1.530,0,0
1520524500,1.520,1.520,1.520,1.520,1229,12137
1520524560,1.520,1.520,1.520,1.520,0,0
1520525700,1.530,1.530,1.530,1.530,2430,13366
1520526300,1.523,1.523,1.523,1.523,400,15796
1520526480,1.523,1.523,1.523,1.523,0,0
1520526540,1.520,1.520,1.520,1.520,0,0
1520526600,1.520,1.520,1.520,1.520,100,16196
1520526780,1.520,1.520,1.520,1.520,0,0
1520527500,1.520,1.520,1.520,1.520,115,16296
1520527560,1.520,1.520,1.520,1.520,0,0
1520528100,1.512,1.512,1.512,1.512,2000,16411
1520528280,1.512,1.512,1.512,1.512,0,0
1520529600,1.520,1.520,1.520,1.520,100,18411
1520529660,1.520,1.520,1.520,1.520,0,0
1520530800,1.500,1.500,1.500,1.500,300,18511
1520532000,1.490,1.490,1.490,1.490,1288,18811
1520532240,1.510,1.510,1.510,1.510,0,0
1520532300,1.490,1.490,1.490,1.490,1000,20099
1520532420,1.490,1.490,1.490,1.490,0,0
1520535000,1.500,1.500,1.500,1.500,1500,21099
1520535120,1.500,1.500,1.500,1.500,0,0
1520539800,1.508,1.508,1.508,1.508,924,22599
1520542500,1.520,1.520,1.520,1.520,1508,23523
1520542740,1.520,1.520,1.520,1.520,0,0
1520605800,1.530,1.530,1.530,1.530,0,0
1520607300,1.510,1.500,1.500,1.510,8974,0
1520607420,1.510,1.500,1.500,1.510,0,0
1520608200,1.500,1.500,1.500,1.500,100,8974
1520609100,1.510,1.510,1.510,1.510,100,9074
1520609340,1.510,1.510,1.510,1.510,0,0
1520611500,1.510,1.510,1.510,1.510,1090,9174
1520611560,1.520,1.520,1.520,1.520,0,0
1520611740,1.520,1.520,1.520,1.520,0,0
1520613000,1.540,1.540,1.540,1.540,255,10264
1520613240,1.540,1.540,1.540,1.540,0,0
1520613600,1.500,1.500,1.500,1.500,26081,10519
1520613720,1.500,1.500,1.500,1.500,0,0
1520613780,1.500,1.500,1.500,1.500,0,0
1520614200,1.497,1.497,1.497,1.497,1900,36600
1520614260,1.497,1.497,1.497,1.497,0,0
1520615400,1.500,1.500,1.500,1.500,1186,38500
1520615460,1.500,1.500,1.500,1.500,0,0
1520623200,1.530,1.530,1.530,1.530,8176,39686
1520623260,1.530,1.530,1.530,1.530,0,0
1520624700,1.540,1.540,1.540,1.540,609,47862
1520625300,1.545,1.545,1.545,1.545,400,48471
1520625360,1.545,1.545,1.545,1.545,0,0
1520626800,1.550,1.550,1.550,1.550,849,48871
1520626920,1.550,1.550,1.550,1.550,0,0
1520628900,1.560,1.560,1.560,1.560,3820,49720
1520629140,1.560,1.560,1.560,1.560,0,0
1520861400,1.550,1.550,1.550,1.550,0,0
1520861700,1.560,1.560,1.560,1.560,870,0
1520862300,1.570,1.570,1.570,1.570,801,870
1520862600,1.573,1.573,1.573,1.573,500,1671
1520864400,1.568,1.568,1.568,1.568,2509,2171
1520864460,1.568,1.568,1.568,1.568,0,0
1520865300,1.570,1.570,1.570,1.570,305,4680
1520865360,1.570,1.570,1.570,1.570,0,0
1520865900,1.590,1.590,1.590,1.590,495,4985
1520866020,1.590,1.590,1.590,1.590,0,0
1520866200,1.590,1.590,1.590,1.590,8900,5480
1520866320,1.590,1.590,1.590,1.590,0,0
1520867700,1.600,1.600,1.600,1.600,8012,14380
1520867940,1.600,1.600,1.600,1.600,0,0
1520868000,1.571,1.580,1.571,1.580,3250,22392
1520868600,1.565,1.565,1.565,1.565,610,25642
1520868660,1.565,1.565,1.565,1.565,0,0
1520868900,1.600,1.600,1.600,1.600,6140,26252
1520868960,1.600,1.600,1.600,1.600,0,0
1520869200,1.570,1.570,1.570,1.570,1258,32392
1520869500,1.570,1.570,1.570,1.570,200,33650
1520869680,1.570,1.570,1.570,1.570,0,0
1520873400,1.565,1.565,1.565,1.565,706,33850
1520873520,1.565,1.565,1.565,1.565,0,0
1520879700,1.560,1.560,1.560,1.560,1090,34556
1520879880,1.560,1.560,1.560,1.560,0,0
1520880900,1.570,1.570,1.570,1.570,886,35646
1520881020,1.570,1.570,1.570,1.570,0,0
1520881140,1.564,1.564,1.564,1.564,0,0
1520882700,1.570,1.570,1.570,1.570,6340,36532
1520882820,1.570,1.570,1.570,1.570,0,0
1520882940,1.590,1.590,1.590,1.590,0,0
1520883000,1.590,1.595,1.590,1.595,900,42872
1520883060,1.590,1.595,1.590,1.595,0,0
1520883900,1.610,1.610,1.610,1.610,31801,43772
1520883960,1.610,1.610,1.610,1.610,0,0
1520884020,1.610,1.570,1.570,1.610,0,0
1520884140,1.610,1.610,1.610,1.610,0,0
1520947800,1.620,1.620,1.620,1.620,0,0
1520948100,1.590,1.590,1.590,1.590,1163,0
1520948400,1.590,1.590,1.590,1.590,100,1163
1520948460,1.590,1.590,1.590,1.590,0,0
1520949000,1.610,1.610,1.610,1.610,2284,1263
1520949120,1.610,1.610,1.610,1.610,0,0
1520949900,1.610,1.610,1.610,1.610,100,3547
1520950020,1.610,1.610,1.610,1.610,0,0
1520954700,1.580,1.580,1.580,1.580,1417,3647
1520954940,1.580,1.580,1.580,1.580,0,0
1520956500,1.592,1.592,1.592,1.592,7000,5064
1520956560,1.592,1.592,1.592,1.592,0,0
1520957700,1.600,1.600,1.600,1.600,105,12064
1520967600,1.570,1.570,1.570,1.570,1600,12169
1520967840,1.570,1.570,1.570,1.570,0,0
1520968200,1.570,1.570,1.570,1.570,1635,13769
1520968320,1.570,1.570,1.570,1.570,0,0
1520970900,1.580,1.580,1.580,1.580,662,15404
1520971140,1.580,1.580,1.580,1.580,0,0
1521034200,1.580,1.580,1.580,1.580,0,0
1521034800,1.590,1.590,1.590,1.590,201,0
1521035040,1.590,1.590,1.590,1.590,0,0
1521036000,1.595,1.595,1.595,1.595,320,201
1521036060,1.595,1.595,1.595,1.595,0,0
1521037800,1.593,1.593,1.593,1.593,1470,521
1521038100,1.590,1.590,1.590,1.590,500,1991
1521038220,1.590,1.590,1.590,1.590,0,0
1521039000,1.590,1.590,1.590,1.590,4500,2491
1521039180,1.590,1.590,1.590,1.590,0,0
1521039600,1.592,1.590,1.590,1.592,1000,6991
1521039900,1.600,1.600,1.600,1.600,4000,7991
1521040500,1.590,1.590,1.590,1.590,153,11991
1521043500,1.590,1.590,1.590,1.590,2600,12144
1521043680,1.590,1.590,1.590,1.590,0,0
1521043800,1.580,1.580,1.580,1.580,700,14744
1521043920,1.580,1.580,1.580,1.580,0,0
1521044700,1.576,1.576,1.576,1.576,350,15444
1521044760,1.576,1.576,1.576,1.576,0,0
1521050400,1.570,1.570,1.570,1.570,294,15794
1521050640,1.570,1.570,1.570,1.570,0,0
1521050700,1.570,1.570,1.570,1.570,327,16088
1521052500,1.560,1.560,1.560,1.560,102,16415
1521052560,1.560,1.560,1.560,1.560,0,0
1521053400,1.550,1.550,1.550,1.550,7702,16517
1521053520,1.550,1.550,1.550,1.550,0,0
1521054300,1.532,1.531,1.531,1.532,10158,24219
1521054420,1.532,1.531,1.531,1.532,0,0
1521056100,1.520,1.520,1.520,1.520,429,34377
1521056340,1.520,1.520,1.520,1.520,0,0
1521057000,1.520,1.520,1.520,1.520,2171,34806
1521057120,1.520,1.520,1.520,1.520,0,0
1521057180,1.520,1.520,1.520,1.520,0,0
1521057300,1.520,1.520,1.520,1.520,15916,36977
1521057480,1.520,1.520,1.520,1.520,0,0
1521057540,1.510,1.520,1.510,1.520,0,0
1521120600,1.530,1.490,1.490,1.530,12024,0
1521120780,1.520,1.520,1.520,1.520,0,0
1521120840,1.515,1.515,1.515,1.515,0,0
1521120900,1.550,1.550,1.550,1.550,1300,12024
1521121020,1.550,1.550,1.550,1.550,0,0
1521122100,1.520,1.520,1.520,1.520,6200,13324
1521122220,1.520,1.520,1.520,1.520,0,0
1521122700,1.515,1.515,1.515,1.515,2810,19524
1521122760,1.520,1.520,1.520,1.520,0,0
1521122880,1.520,1.520,1.520,1.520,0,0
1521123000,1.500,1.500,1.500,1.500,3137,22334
1521123240,1.500,1.500,1.500,1.500,0,0
1521123300,1.500,1.500,1.500,1.500,105,25471
1521123540,1.500,1.500,1.500,1.500,0,0
1521123600,1.498,1.498,1.498,1.498,3500,25576
1521123900,1.490,1.490,1.490,1.490,2003,29076
1521124140,1.490,1.490,1.490,1.490,0,0
1521124500,1.498,1.497,1.497,1.498,15830,31079
1521124620,1.500,1.500,1.500,1.500,0,0
1521124800,1.490,1.490,1.490,1.490,5686,46909
1521124860,1.491,1.490,1.490,1.491,0,0
1521125100,1.490,1.490,1.490,1.490,900,52595
1521125340,1.490,1.490,1.490,1.490,0,0
1521127500,1.510,1.510,1.510,1.510,939,53495
1521127740,1.510,1.510,1.510,1.510,0,0
1521128400,1.490,1.490,1.490,1.490,5845,54434
1521128460,1.490,1.490,1.490,1.490,0,0
1521129000,1.490,1.490,1.490,1.490,11650,60279
1521129120,1.490,1.490,1.490,1.490,0,0
1521130500,1.480,1.480,1.480,1.480,1999,71929
1521131400,1.480,1.480,1.480,1.480,1584,73928
1521131640,1.480,1.480,1.480,1.480,0,0
1521131700,1.480,1.480,1.480,1.480,1116,75512
1521132000,1.474,1.474,1.474,1.474,2200,76628
1521132120,1.474,1.474,1.474,1.474,0,0
1521132300,1.480,1.480,1.480,1.480,2570,78828
1521132360,1.480,1.480,1.480,1.480,0,0
1521134100,1.470,1.470,1.470,1.470,427,81398
1521134280,1.470,1.470,1.470,1.470,0,0
1521138900,1.490,1.490,1.490,1.490,4783,81825
1521139020,1.490,1.490,1.490,1.490,0,0
1521139200,1.490,1.490,1.490,1.490,10100,86608
1521139320,1.490,1.490,1.490,1.490,0,0
1521139440,1.490,1.490,1.490,1.490,0,0
1521139800,1.480,1.480,1.480,1.480,1883,96708
1521139920,1.480,1.480,1.480,1.480,0,0
1521141300,1.470,1.470,1.470,1.470,1901,98591
1521141600,1.470,1.470,1.470,1.470,3300,100492
1521141660,1.470,1.470,1.470,1.470,0,0
1521142200,1.460,1.450,1.450,1.460,10308,103792
1521142500,1.438,1.438,1.438,1.438,4000,114100
1521142800,1.470,1.470,1.470,1.470,1686,118100
1521142920,1.465,1.465,1.465,1.465,0,0
1521143100,1.460,1.450,1.450,1.460,3530,119786
1521143280,1.460,1.450,1.450,1.460,0,0
1521143400,1.440,1.440,1.440,1.440,13428,123316
1521143520,1.440,1.440,1.440,1.440,0,0
1521143640,1.440,1.420,1.420,1.440,0,0
1521143700,1.430,1.430,1.430,1.430,3052,136744
1521143760,1.430,1.430,1.430,1.430,0,0
1521143880,1.440,1.440,1.440,1.440,0,0
1521143940,1.425,1.425,1.425,1.425,0,0
1521207000,1.410,1.400,1.400,1.410,12095,0
1521207180,1.410,1.410,1.410,1.410,0,0
1521207300,1.420,1.420,1.420,1.420,11779,12095
1521207360,1.420,1.420,1.420,1.420,0,0
1521207420,1.413,1.420,1.413,1.420,0,0
1521207540,1.415,1.415,1.415,1.415,0,0
1521207600,1.420,1.420,1.420,1.420,1000,23874
1521207660,1.420,1.420,1.420,1.420,0,0
1521207900,1.420,1.420,1.420,1.420,1600,24874
1521208140,1.420,1.420,1.420,1.420,0,0
1521208200,1.420,1.420,1.420,1.420,6102,26474
1521208320,1.420,1.420,1.420,1.420,0,0
1521208380,1.415,1.415,1.415,1.415,0,0
1521208440,1.420,1.430,1.420,1.430,0,0
1521208500,1.420,1.420,1.420,1.420,6251,32576
1521208560,1.420,1.420,1.420,1.420,0,0
1521209100,1.410,1.400,1.400,1.410,32029,38827
1521209160,1.410,1.400,1.400,1.410,0,0
1521209400,1.400,1.400,1.400,1.400,20098,70856
1521209580,1.400,1.390,1.390,1.400,0,0
1521210000,1.400,1.400,1.400,1.400,22400,90954
1521210060,1.400,1.400,1.400,1.400,0,0
1521210300,1.400,1.400,1.400,1.400,850,113354
1521210480,1.400,1.400,1.400,1.400,0,0
1521210540,1.400,1.400,1.400,1.400,0,0
1521210600,1.410,1.400,1.400,1.410,400,114204
1521210780,1.410,1.400,1.400,1.410,0,0
1521210900,1.400,1.380,1.380,1.400,86755,114604
1521211200,1.400,1.400,1.400,1.400,37410,201359
1521211260,1.400,1.400,1.400,1.400,0,0
1521211800,1.390,1.400,1.390,1.400,13583,238769
1521211920,1.390,1.400,1.390,1.400,0,0
1521211980,1.400,1.400,1.400,1.400,0,0
1521212400,1.400,1.400,1.400,1.400,29157,252352
1521212520,1.400,1.400,1.400,1.400,0,0
1521212700,1.390,1.390,1.390,1.390,45588,281509
1521212940,1.390,1.390,1.390,1.390,0,0
1521213300,1.380,1.380,1.380,1.380,5163,327097
1521213420,1.380,1.380,1.380,1.380,0,0
1521213480,1.380,1.380,1.380,1.380,0,0
1521213540,1.380,1.380,1.380,1.380,0,0
1521213600,1.390,1.390,1.390,1.390,8286,332260
1521213720,1.390,1.390,1.390,1.390,0,0
1521215100,1.380,1.380,1.380,1.380,19369,340546
1521215220,1.380,1.380,1.380,1.380,0,0
1521215400,1.380,1.380,1.380,1.380,1400,359915
1521215700,1.400,1.400,1.400,1.400,26476,361315
1521215880,1.410,1.410,1.410,1.410,0,0
1521215940,1.410,1.410,1.410,1.410,0,0
1521216000,1.400,1.400,1.400,1.400,600,387791
1521216120,1.400,1.400,1.400,1.400,0,0
1521216900,1.390,1.390,1.390,1.390,8057,388391
1521217080,1.390,1.390,1.390,1.390,0,0
1521217500,1.400,1.400,1.400,1.400,1000,396448
1521217740,1.400,1.400,1.400,1.400,0,0
1521217800,1.400,1.400,1.400,1.400,400,397448
1521217920,1.400,1.400,1.400,1.400,0,0
1521218100,1.395,1.395,1.395,1.395,0,397848
1521218280,1.395,1.395,1.395,1.395,0,0
1521218400,1.395,1.395,1.395,1.395,21894,387848
1521218640,1.390,1.390,1.390,1.390,0,0
1521219300,1.396,1.396,1.396,1.396,17202,409742
1521219540,1.396,1.396,1.396,1.396,0,0
1521220200,1.397,1.397,1.397,1.397,2800,426944
1521220380,1.397,1.397,1.397,1.397,0,0
1521221700,1.390,1.380,1.380,1.390,69060,429744
1521221820,1.390,1.380,1.380,1.390,0,0
1521221880,1.380,1.380,1.380,1.380,0,0
1521223500,1.410,1.410,1.410,1.410,317,498804
1521223740,1.410,1.410,1.410,1.410,0,0
1521224400,1.407,1.407,1.407,1.407,685,499121
1521224580,1.407,1.407,1.407,1.407,0,0
1521225300,1.403,1.403,1.403,1.403,3450,499806
1521225360,1.403,1.403,1.403,1.403,0,0
1521225420,1.403,1.403,1.403,1.403,0,0
1521226200,1.410,1.410,1.410,1.410,1200,503256
1521226440,1.410,1.410,1.410,1.410,0,0
1521227700,1.410,1.410,1.410,1.410,600,504456
1521227940,1.410,1.410,1.410,1.410,0,0
1521228300,1.420,1.420,1.420,1.420,2400,505056
1521228360,1.420,1.420,1.420,1.420,0,0
1521228420,1.440,1.440,1.440,1.440,0,0
1521228600,1.450,1.450,1.450,1.450,5178,507456
1521228780,1.450,1.450,1.450,1.450,0,0
1521228900,1.470,1.470,1.470,1.470,8361,512634
1521228960,1.470,1.470,1.470,1.470,0,0
1521229080,1.440,1.430,1.430,1.440,0,0
1521229200,1.420,1.420,1.420,1.420,14564,520995
1521229260,1.420,1.420,1.420,1.420,0,0
1521229320,1.410,1.410,1.410,1.410,0,0
1521229380,1.400,1.400,1.400,1.400,0,0
1521229440,1.400,1.390,1.390,1.400,0,0
1521229500,1.390,1.390,1.390,1.390,2650,535559
1521229680,1.398,1.400,1.398,1.400,0,0
1521229740,1.390,1.390,1.390,1.390,0,0
1521230100,1.420,1.420,1.420,1.420,7310,538209
1521230340,1.420,1.410,1.410,1.420,0,0
1521466200,1.410,1.410,1.410,1.410,11507,0
1521466260,1.400,1.400,1.400,1.400,0,0
1521466380,1.400,1.400,1.400,1.400,0,0
1521466440,1.410,1.410,1.410,1.410,0,0
1521466500,1.403,1.403,1.403,1.403,26142,11507
1521466560,1.410,1.410,1.410,1.410,0,0
1521466740,1.400,1.440,1.400,1.440,0,0
1521466800,1.450,1.450,1.450,1.450,2315,37649
1521466920,1.450,1.450,1.450,1.450,0,0
1521466980,1.450,1.450,1.450,1.450,0,0
1521467100,1.450,1.450,1.450,1.450,300,39964
1521467160,1.480,1.480,1.480,1.480,0,0
1521467400,1.490,1.490,1.490,1.490,26947,40264
1521467460,1.500,1.500,1.500,1.500,0,0
1521467520,1.500,1.500,1.500,1.500,0,0
1521467580,1.504,1.504,1.504,1.504,0,0
1521467640,1.500,1.480,1.480,1.500,0,0
1521467700,1.450,1.450,1.450,1.450,18815,67211
1521467820,1.440,1.440,1.440,1.440,0,0
1521467940,1.420,1.410,1.410,1.420,0,0
1521468000,1.437,1.437,1.437,1.437,5875,86026
1521468180,1.437,1.437,1.437,1.437,0,0
1521468600,1.430,1.430,1.430,1.430,4400,91901
1521468780,1.430,1.430,1.430,1.430,0,0
1521468900,1.440,1.440,1.440,1.440,1200,96301
1521469200,1.431,1.431,1.431,1.431,4701,97501
1521469260,1.431,1.431,1.431,1.431,0,0
1521469500,1.440,1.440,1.440,1.440,1610,102202
1521469560,1.440,1.440,1.440,1.440,0,0
1521469680,1.460,1.460,1.460,1.460,0,0
1521470100,1.450,1.450,1.450,1.450,6802,103812
1521470160,1.450,1.450,1.450,1.450,0,0
1521470400,1.455,1.455,1.455,1.455,600,110614
1521470700,1.450,1.450,1.450,1.450,2150,111214
1521470760,1.450,1.450,1.450,1.450,0,0
1521471600,1.440,1.440,1.440,1.440,3599,113364
1521471720,1.440,1.440,1.440,1.440,0,0
1521471900,1.459,1.459,1.459,1.459,6600,116963
1521473700,1.470,1.470,1.470,1.470,626,123563
1521473760,1.470,1.470,1.470,1.470,0,0
1521474000,1.450,1.450,1.450,1.450,3317,124189
1521474180,1.450,1.450,1.450,1.450,0,0
1521474600,1.460,1.461,1.460,1.461,17200,127506
1521474660,1.460,1.461,1.460,1.461,0,0
1521475500,1.440,1.430,1.430,1.440,2798,144706
1521475740,1.440,1.430,1.430,1.440,0,0
1521475800,1.440,1.440,1.440,1.440,8652,147504
1521475980,1.440,1.440,1.440,1.440,0,0
1521476040,1.430,1.420,1.420,1.430,0,0
1521476100,1.400,1.400,1.400,1.400,10259,156156
1521476160,1.429,1.429,1.429,1.429,0,0
1521477300,1.450,1.450,1.450,1.450,100,166415
1521477360,1.450,1.450,1.450,1.450,0,0
1521477600,1.440,1.440,1.440,1.440,100,166515
1521477780,1.440,1.440,1.440,1.440,0,0
1521477900,1.450,1.450,1.450,1.450,5600,166615
1521477960,1.450,1.450,1.450,1.450,0,0
1521480000,1.430,1.430,1.430,1.430,1849,172215
1521480060,1.430,1.430,1.430,1.430,0,0
1521482400,1.420,1.420,1.420,1.420,8595,174064
1521482640,1.420,1.420,1.420,1.420,0,0
1521483900,1.440,1.440,1.440,1.440,200,182659
1521484020,1.440,1.440,1.440,1.440,0,0
1521484500,1.430,1.430,1.430,1.430,2000,182859
1521484740,1.430,1.430,1.430,1.430,0,0
1521485700,1.430,1.430,1.430,1.430,7691,184859
1521485760,1.430,1.430,1.430,1.430,0,0
1521485940,1.410,1.410,1.410,1.410,0,0
1521488700,1.433,1.433,1.433,1.433,1550,192550
1521488820,1.433,1.433,1.433,1.433,0,0
1521489300,1.430,1.440,1.430,1.440,938,194100
1521489540,1.430,1.440,1.430,1.440,0,0
1521552600,1.450,1.450,1.450,1.450,0,0
1521552780,1.450,1.450,1.450,1.450,0,0
1521552900,1.450,1.450,1.450,1.450,7451,0
1521553020,1.450,1.454,1.450,1.454,0,0
1521553200,1.450,1.450,1.450,1.450,200,7451
1521553500,1.450,1.450,1.450,1.450,1600,7651
1521553800,1.447,1.447,1.447,1.447,800,9251
1521553860,1.450,1.450,1.450,1.450,0,0
1521554400,1.450,1.450,1.450,1.450,2200,10051
1521554700,1.450,1.450,1.450,1.450,100,12251
1521554760,1.450,1.450,1.450,1.450,0,0
1521557700,1.450,1.450,1.450,1.450,4995,12351
1521557880,1.450,1.450,1.450,1.450,0,0
1521558300,1.440,1.440,1.440,1.440,106,17346
1521558360,1.440,1.440,1.440,1.440,0,0
1521560700,1.450,1.450,1.450,1.450,866,17452
1521560760,1.450,1.450,1.450,1.450,0,0
1521561300,1.450,1.450,1.450,1.450,3464,18318
1521561420,1.450,1.450,1.450,1.450,0,0
1521565500,1.450,1.450,1.450,1.450,12141,21782
1521565680,1.450,1.450,1.450,1.450,0,0
1521565740,1.459,1.459,1.459,1.459,0,0
1521567300,1.460,1.460,1.460,1.460,300,33923
1521567480,1.460,1.460,1.460,1.460,0,0
1521568800,1.460,1.460,1.460,1.460,100,34223
1521568860,1.460,1.460,1.460,1.460,0,0
1521568980,1.460,1.460,1.460,1.460,0,0
1521570900,1.470,1.470,1.470,1.470,401,34323
1521571140,1.470,1.470,1.470,1.470,0,0
1521573900,1.470,1.470,1.470,1.470,1685,34724
1521574140,1.470,1.470,1.470,1.470,0,0
1521574200,1.470,1.470,1.470,1.470,2600,36409
1521574320,1.470,1.470,1.470,1.470,0,0
1521575700,1.460,1.460,1.460,1.460,5385,39009
1521575940,1.460,1.460,1.460,1.460,0,0
1521639000,1.460,1.460,1.460,1.460,720,0
1521639120,1.490,1.490,1.490,1.490,0,0
1521639600,1.490,1.500,1.490,1.500,2900,720
1521639780,1.490,1.500,1.490,1.500,0,0
1521639840,1.500,1.500,1.500,1.500,0,0
1521641100,1.490,1.490,1.490,1.490,1308,3620
1521641340,1.490,1.490,1.490,1.490,0,0
1521642300,1.500,1.500,1.500,1.500,2465,4928
1521642540,1.500,1.500,1.500,1.500,0,0
1521642600,1.490,1.490,1.490,1.490,3700,7393
1521642660,1.490,1.490,1.490,1.490,0,0
1521642720,1.493,1.493,1.493,1.493,0,0
1521644100,1.490,1.490,1.490,1.490,1115,11093
1521644220,1.490,1.490,1.490,1.490,0,0
1521644700,1.490,1.490,1.490,1.490,211,12208
1521644820,1.490,1.490,1.490,1.490,0,0
1521645000,1.496,1.496,1.496,1.496,750,12419
1521645060,1.496,1.496,1.496,1.496,0,0
1521645300,1.495,1.495,1.495,1.495,600,13169
1521645360,1.495,1.495,1.495,1.495,0,0
1521645480,1.500,1.500,1.500,1.500,0,0
1521645540,1.496,1.496,1.496,1.496,0,0
1521645600,1.500,1.500,1.500,1.500,901,13769
1521645720,1.500,1.500,1.500,1.500,0,0
1521646500,1.495,1.495,1.495,1.495,2700,14670
1521646620,1.495,1.495,1.495,1.495,0,0
1521647100,1.500,1.500,1.500,1.500,2401,17370
1521647160,1.500,1.500,1.500,1.500,0,0
1521647220,1.500,1.500,1.500,1.500,0,0
1521647700,1.500,1.500,1.500,1.500,710,19771
1521647940,1.500,1.500,1.500,1.500,0,0
1521648600,1.500,1.500,1.500,1.500,101,20481
1521651300,1.500,1.500,1.500,1.500,1206,20582
1521651900,1.510,1.510,1.510,1.510,10235,21788
1521651960,1.510,1.510,1.510,1.510,0,0
1521652020,1.510,1.520,1.510,1.520,0,0
1521653700,1.520,1.520,1.520,1.520,402,32023
1521653820,1.520,1.520,1.520,1.520,0,0
1521655500,1.539,1.539,1.539,1.539,2920,32425
1521655560,1.539,1.539,1.539,1.539,0,0
1521656400,1.547,1.547,1.547,1.547,1003,35345
1521656640,1.547,1.547,1.547,1.547,0,0
1521656700,1.550,1.550,1.550,1.550,800,36348
1521656760,1.550,1.550,1.550,1.550,0,0
1521656940,1.550,1.550,1.550,1.550,0,0
1521658800,1.526,1.526,1.526,1.526,495,37148
1521659400,1.530,1.530,1.530,1.530,800,37643
1521659640,1.530,1.530,1.530,1.530,0,0
1521660000,1.530,1.530,1.530,1.530,201,38443
1521660120,1.530,1.530,1.530,1.530,0,0
1521660300,1.510,1.510,1.510,1.510,10470,38644
1521660360,1.510,1.510,1.510,1.510,0,0
1521660420,1.506,1.506,1.506,1.506,0,0
1521660480,1.510,1.510,1.510,1.510,0,0
1521660540,1.525,1.525,1.525,1.525,0,0
1521660900,1.516,1.516,1.516,1.516,2000,49114
1521661020,1.516,1.516,1.516,1.516,0,0
1521661140,1.513,1.513,1.513,1.513,0,0
1521662100,1.510,1.530,1.510,1.540,1386,51114
1521662340,1.510,1.530,1.510,1.540,0,0
1521725400,1.520,1.550,1.520,1.550,482,0
1521725700,1.540,1.540,1.540,1.540,3334,482
1521726000,1.540,1.540,1.540,1.540,102,3816
1521726300,1.520,1.520,1.520,1.520,300,3918
1521726900,1.520,1.520,1.520,1.520,340,4218
1521727140,1.520,1.520,1.520,1.520,0,0
1521727500,1.510,1.510,1.510,1.510,3203,4558
1521727680,1.510,1.510,1.510,1.510,0,0
1521727740,1.510,1.510,1.510,1.510,0,0
1521730500,1.515,1.515,1.515,1.515,7155,7761
1521730740,1.515,1.515,1.515,1.515,0,0
1521731100,1.520,1.520,1.520,1.520,600,14916
1521731220,1.520,1.520,1.520,1.520,0,0
1521732000,1.530,1.530,1.530,1.530,100,15516
1521732180,1.520,1.520,1.520,1.520,0,0
1521733500,1.530,1.530,1.530,1.530,835,15616
1521733800,1.530,1.530,1.530,1.530,100,16451
1521736500,1.523,1.523,1.523,1.523,6900,16551
1521737100,1.520,1.520,1.520,1.520,300,23451
1521737280,1.520,1.520,1.520,1.520,0,0
1521738000,1.520,1.520,1.520,1.520,1700,23751
1521738060,1.520,1.520,1.520,1.520,0,0
1521738300,1.510,1.510,1.510,1.510,967,25451
1521739200,1.510,1.510,1.510,1.510,5002,26418
1521739500,1.530,1.530,1.530,1.530,200,31420
1521740100,1.530,1.530,1.530,1.530,100,31620
1521740340,1.530,1.530,1.530,1.530,0,0
1521742500,1.520,1.520,1.520,1.520,2703,31720
1521742740,1.520,1.520,1.520,1.520,0,0
1521743100,1.510,1.510,1.510,1.510,2400,34423
1521743340,1.510,1.510,1.510,1.510,0,0
1521743700,1.510,1.510,1.510,1.510,900,36823
1521743760,1.510,1.510,1.510,1.510,0,0
1521748200,1.510,1.510,1.510,1.510,1421,37723
1521748320,1.510,1.510,1.510,1.510,0,0
1521748500,1.510,1.510,1.510,1.510,5516,39144
1521748620,1.510,1.510,1.510,1.510,0,0
1521748740,1.500,1.500,1.500,1.500,0,0
1521811800,1.500,1.500,1.500,1.500,0,0
1521812100,1.504,1.500,1.500,1.504,3900,0
1521812340,1.504,1.500,1.500,1.504,0,0
1521812700,1.500,1.500,1.500,1.500,5005,3900
1521815400,1.498,1.498,1.498,1.498,500,8905
1521815460,1.498,1.498,1.498,1.498,0,0
1521815700,1.494,1.494,1.494,1.494,1000,9405
1521815760,1.490,1.490,1.490,1.490,0,0
1521815940,1.498,1.498,1.498,1.498,0,0
1521816300,1.490,1.490,1.490,1.490,4590,10405
1521816480,1.490,1.490,1.490,1.490,0,0
1521816900,1.480,1.480,1.480,1.480,910,14995
1521817140,1.480,1.480,1.480,1.480,0,0
1521817500,1.470,1.470,1.470,1.470,9325,15905
1521817620,1.470,1.470,1.470,1.470,0,0
1521817800,1.482,1.482,1.482,1.482,501,25230
1521825000,1.473,1.473,1.473,1.473,1209,25731
1521825060,1.473,1.473,1.473,1.473,0,0
1521825120,1.480,1.480,1.480,1.480,0,0
1521826200,1.473,1.473,1.473,1.473,2185,26940
1521826380,1.473,1.473,1.473,1.473,0,0
1521828900,1.474,1.474,1.474,1.474,2886,29125
1521829140,1.470,1.470,1.470,1.470,0,0
1521829500,1.470,1.470,1.470,1.470,412,32011
1521829740,1.470,1.470,1.470,1.470,0,0
1521832500,1.463,1.463,1.463,1.463,1935,32423
1521832680,1.463,1.463,1.463,1.463,0,0
1521834000,1.465,1.465,1.465,1.465,659,34358
1521834060,1.465,1.465,1.465,1.465,0,0
1521834900,1.465,1.465,1.465,1.465,872,35017
1521835140,1.465,1.465,1.465,1.465,0,0
