1517495400,8.960,8.960,8.960,8.960,0,0
1517495700,9.000,9.000,9.000,9.000,29132,0
1517495760,9.000,8.980,8.980,9.000,0,0
1517495820,8.980,8.980,8.980,8.980,0,0
1517495880,8.980,8.980,8.980,8.980,0,0
1517495940,8.990,8.990,8.990,8.990,0,0
1517496000,8.990,9.000,8.990,9.000,11514,29132
1517496060,9.010,9.000,9.000,9.010,0,0
1517496120,9.000,9.000,9.000,9.000,0,0
1517496180,9.000,9.000,9.000,9.000,0,0
1517496240,9.010,9.000,9.000,9.010,0,0
1517496300,9.000,9.010,9.000,9.020,7600,40646
1517496420,9.020,9.010,9.010,9.020,0,0
1517496480,9.010,9.010,9.010,9.010,0,0
1517496540,9.010,9.000,9.000,9.010,0,0
1517496600,9.020,9.010,9.010,9.020,8100,48246
1517496660,9.010,9.020,9.000,9.020,0,0
1517496720,9.010,9.010,9.010,9.010,0,0
1517496780,9.020,9.020,9.020,9.020,0,0
1517496840,9.010,9.010,9.010,9.010,0,0
1517496900,9.010,9.010,9.010,9.010,10226,56346
1517496960,9.020,9.030,9.020,9.030,0,0
1517497020,9.020,9.030,9.020,9.030,0,0
1517497080,9.020,9.030,9.020,9.030,0,0
1517497140,9.020,9.020,9.020,9.020,0,0
1517497200,9.020,9.020,9.020,9.020,8744,66572
1517497260,9.020,9.020,9.020,9.020,0,0
1517497320,9.020,9.020,9.020,9.020,0,0
1517497380,9.020,9.020,9.020,9.020,0,0
1517497440,9.020,9.020,9.020,9.020,0,0
1517497500,9.020,9.020,9.020,9.020,14035,75316
1517497560,9.020,9.030,9.020,9.030,0,0
1517497620,9.030,9.030,9.030,9.030,0,0
1517497680,9.040,9.040,9.040,9.040,0,0
1517497740,9.040,9.050,9.040,9.050,0,0
1517497800,9.040,9.040,9.040,9.040,15958,89351
1517497860,9.040,9.040,9.040,9.040,0,0
1517497920,9.040,9.030,9.030,9.040,0,0
1517497980,9.030,9.030,9.030,9.030,0,0
1517498040,9.040,9.020,9.020,9.040,0,0
1517498100,9.020,9.020,9.020,9.020,100,105309
1517498340,9.020,9.020,9.020,9.020,0,0
1517498400,9.030,9.030,9.030,9.030,1167,105409
1517498460,9.020,9.020,9.020,9.020,0,0
1517498580,9.020,9.020,9.020,9.020,0,0
1517498700,9.020,9.020,9.020,9.020,7205,106576
1517498760,9.030,9.020,9.020,9.030,0,0
1517498820,9.020,9.020,9.020,9.020,0,0
1517498880,9.030,9.020,9.020,9.030,0,0
1517498940,9.030,9.020,9.020,9.030,0,0
1517499000,9.020,9.020,9.020,9.020,850,113781
1517499060,9.020,9.020,9.020,9.020,0,0
1517499120,9.030,9.030,9.030,9.030,0,0
1517499180,9.020,9.020,9.020,9.020,0,0
1517499300,9.020,9.030,9.020,9.030,13177,114631
1517499360,9.020,9.020,9.020,9.020,0,0
1517499420,9.030,9.020,9.020,9.030,0,0
1517499480,9.030,9.020,9.020,9.030,0,0
1517499540,9.020,9.010,9.010,9.020,0,0
1517499600,9.010,9.000,9.000,9.010,1904,127808
1517499660,9.010,9.000,9.000,9.010,0,0
1517499720,9.000,9.000,9.000,9.000,0,0
1517499780,9.000,9.000,9.000,9.000,0,0
1517499840,9.000,9.010,9.000,9.010,0,0
1517499900,9.010,9.000,9.000,9.010,3740,129712
1517499960,9.000,9.000,9.000,9.000,0,0
1517500020,9.010,9.000,9.000,9.010,0,0
1517500080,9.010,9.010,9.010,9.010,0,0
1517500140,9.000,9.010,9.000,9.010,0,0
1517500200,9.000,9.010,9.000,9.010,10777,133452
1517500260,9.010,9.000,9.000,9.010,0,0
1517500320,9.000,9.000,9.000,9.000,0,0
1517500380,9.000,9.010,9.000,9.010,0,0
1517500440,9.010,9.000,9.000,9.010,0,0
1517500500,9.010,9.000,9.000,9.010,4210,144229
1517500560,9.020,9.020,9.020,9.020,0,0
1517500680,9.020,9.010,9.010,9.020,0,0
1517500800,9.000,9.020,9.000,9.020,55399,148439
1517500860,9.040,9.040,9.040,9.040,0,0
1517500920,9.040,9.040,9.040,9.040,0,0
1517500980,9.040,9.040,9.040,9.040,0,0
1517501040,9.040,9.040,9.040,9.040,0,0
1517501100,9.040,9.050,9.040,9.050,4532,203838
1517501160,9.040,9.050,9.040,9.050,0,0
1517501220,9.040,9.050,9.040,9.050,0,0
1517501280,9.050,9.050,9.050,9.050,0,0
1517501340,9.050,9.050,9.050,9.050,0,0
1517501400,9.050,9.050,9.050,9.050,100,208370
1517501460,9.050,9.050,9.050,9.050,0,0
1517501520,9.050,9.050,9.050,9.050,0,0
1517501580,9.050,9.050,9.050,9.050,0,0
1517501640,9.050,9.050,9.050,9.050,0,0
1517501700,9.050,9.050,9.050,9.050,1875,208470
1517501760,9.050,9.050,9.050,9.050,0,0
1517501820,9.050,9.050,9.050,9.050,0,0
1517501880,9.050,9.050,9.050,9.050,0,0
1517501940,9.050,9.050,9.050,9.050,0,0
1517502000,9.050,9.050,9.050,9.050,6705,210345
1517502060,9.050,9.040,9.040,9.050,0,0
1517502120,9.050,9.050,9.050,9.050,0,0
1517502180,9.050,9.050,9.050,9.050,0,0
1517502240,9.050,9.050,9.050,9.050,0,0
1517502300,9.050,9.050,9.050,9.050,5935,217050
1517502360,9.050,9.050,9.050,9.050,0,0
1517502420,9.050,9.050,9.050,9.050,0,0
1517502480,9.050,9.050,9.050,9.050,0,0
1517502540,9.050,9.050,9.050,9.050,0,0
1517502600,9.050,9.050,9.050,9.050,1300,222985
1517502660,9.050,9.050,9.050,9.050,0,0
1517502720,9.050,9.050,9.050,9.050,0,0
1517502780,9.050,9.050,9.050,9.050,0,0
1517502840,9.050,9.050,9.050,9.050,0,0
1517502900,9.050,9.050,9.050,9.050,31905,224285
1517502960,9.050,9.050,9.050,9.050,0,0
1517503020,9.050,9.050,9.050,9.050,0,0
1517503080,9.050,9.050,9.050,9.050,0,0
1517503140,9.040,9.030,9.030,9.040,0,0
1517503200,9.030,9.030,9.030,9.030,1200,256190
1517503260,9.030,9.040,9.030,9.040,0,0
1517503320,9.030,9.030,9.030,9.030,0,0
1517503380,9.030,9.030,9.030,9.030,0,0
1517503440,9.030,9.030,9.030,9.030,0,0
1517503500,9.030,9.030,9.030,9.030,20763,257390
1517503560,9.040,9.030,9.030,9.040,0,0
1517503620,9.030,9.040,9.030,9.040,0,0
1517503680,9.030,9.030,9.030,9.030,0,0
1517503740,9.030,9.030,9.030,9.030,0,0
1517503800,9.030,9.040,9.030,9.040,35599,278153
1517503860,9.030,9.030,9.030,9.030,0,0
1517503920,9.030,9.040,9.030,9.040,0,0
1517503980,9.040,9.050,9.040,9.050,0,0
1517504040,9.040,9.040,9.040,9.040,0,0
1517504100,9.040,9.040,9.040,9.040,2510,313752
1517504160,9.040,9.050,9.040,9.050,0,0
1517504220,9.040,9.040,9.040,9.040,0,0
1517504280,9.040,9.040,9.040,9.040,0,0
1517504340,9.040,9.050,9.040,9.050,0,0
1517504400,9.050,9.040,9.040,9.050,2400,316262
1517504460,9.040,9.050,9.040,9.050,0,0
1517504520,9.040,9.050,9.040,9.050,0,0
1517504580,9.040,9.040,9.040,9.040,0,0
1517504640,9.040,9.050,9.040,9.050,0,0
1517504700,9.040,9.050,9.040,9.050,7995,318662
1517504760,9.040,9.040,9.040,9.040,0,0
1517504820,9.040,9.030,9.030,9.050,0,0
1517504880,9.040,9.030,9.030,9.040,0,0
1517504940,9.030,9.030,9.030,9.030,0,0
1517505000,9.040,9.040,9.040,9.040,12283,326657
1517505120,9.060,9.060,9.060,9.060,0,0
1517505240,9.060,9.050,9.050,9.060,0,0
1517505300,9.060,9.050,9.050,9.060,11700,338940
1517505360,9.050,9.060,9.050,9.060,0,0
1517505420,9.060,9.060,9.060,9.060,0,0
1517505480,9.060,9.060,9.060,9.060,0,0
1517505540,9.060,9.070,9.060,9.070,0,0
1517505600,9.060,9.060,9.060,9.060,4200,350640
1517505660,9.080,9.080,9.080,9.080,0,0
1517505720,9.080,9.080,9.080,9.080,0,0
1517505780,9.080,9.080,9.080,9.080,0,0
1517505840,9.070,9.070,9.070,9.070,0,0
1517505900,9.070,9.070,9.070,9.070,13040,354840
1517505960,9.070,9.080,9.070,9.080,0,0
1517506020,9.070,9.070,9.070,9.070,0,0
1517506080,9.070,9.070,9.070,9.070,0,0
1517506140,9.070,9.070,9.070,9.070,0,0
1517506200,9.070,9.070,9.070,9.070,73862,367880
1517506260,9.070,9.070,9.070,9.070,0,0
1517506320,9.070,9.060,9.060,9.070,0,0
1517506380,9.060,9.050,9.050,9.060,0,0
1517506440,9.030,9.030,9.030,9.030,0,0
1517506500,9.030,9.040,9.030,9.040,22316,441742
1517506560,9.030,9.030,9.030,9.030,0,0
1517506620,9.000,9.010,9.000,9.010,0,0
1517506680,9.010,9.010,9.010,9.010,0,0
1517506740,9.000,9.010,9.000,9.010,0,0
1517506800,9.000,9.000,9.000,9.000,22408,464058
1517506860,9.000,9.000,9.000,9.000,0,0
1517506920,9.000,9.000,9.000,9.000,0,0
1517506980,9.000,8.990,8.990,9.000,0,0
1517507040,8.980,8.970,8.970,8.980,0,0
1517507100,8.970,8.970,8.970,8.970,18600,486466
1517507160,8.980,8.980,8.980,8.980,0,0
1517507280,8.980,8.990,8.980,8.990,0,0
1517507340,8.990,8.990,8.990,8.990,0,0
1517507400,9.000,9.000,9.000,9.000,831,505066
1517507520,9.000,9.000,9.000,9.000,0,0
1517507640,9.000,9.000,9.000,9.000,0,0
1517507700,9.000,9.000,9.000,9.000,557,505897
1517507760,9.000,9.000,9.000,9.000,0,0
1517507820,9.000,9.000,9.000,9.000,0,0
1517507880,9.000,9.000,9.000,9.000,0,0
1517507940,9.000,9.000,9.000,9.000,0,0
1517508000,9.000,9.000,9.000,9.000,11882,506454
1517508060,9.000,9.000,9.000,9.000,0,0
1517508120,9.000,9.010,9.000,9.010,0,0
1517508180,9.000,9.010,9.000,9.010,0,0
1517508240,9.010,9.000,9.000,9.010,0,0
1517508300,9.020,9.030,9.020,9.030,20359,518336
1517508360,9.040,9.020,9.020,9.040,0,0
1517508420,9.020,9.030,9.020,9.030,0,0
1517508480,9.020,9.010,9.010,9.030,0,0
1517508540,9.010,9.010,9.010,9.010,0,0
1517508600,9.010,9.020,9.010,9.020,10905,538695
1517508660,9.010,9.010,9.010,9.010,0,0
1517508720,9.010,9.010,9.010,9.010,0,0
1517508780,9.010,9.010,9.010,9.010,0,0
1517508900,9.000,9.000,9.000,9.000,7030,549600
1517508960,9.000,9.000,9.000,9.000,0,0
1517509080,8.990,9.000,8.990,9.000,0,0
1517509140,9.010,9.010,9.010,9.010,0,0
1517509200,9.000,9.000,9.000,9.000,1104,556630
1517509260,9.000,9.000,9.000,9.000,0,0
1517509320,9.010,9.000,9.000,9.010,0,0
1517509380,9.000,9.000,9.000,9.000,0,0
1517509440,9.000,9.000,9.000,9.000,0,0
1517509500,9.010,9.000,9.000,9.010,8669,557734
1517509560,9.010,9.000,9.000,9.010,0,0
1517509620,9.010,9.000,9.000,9.010,0,0
1517509680,9.020,9.030,9.020,9.030,0,0
1517509740,9.020,9.020,9.020,9.020,0,0
1517509800,9.020,9.020,9.020,9.020,4505,566403
1517509860,9.020,9.030,9.020,9.030,0,0
1517509920,9.010,9.010,9.010,9.010,0,0
1517509980,9.010,9.010,9.010,9.010,0,0
1517510040,9.020,9.010,9.010,9.020,0,0
1517510100,9.020,9.010,9.010,9.020,2300,570908
1517510220,9.010,9.020,9.010,9.020,0,0
1517510280,9.010,9.010,9.010,9.010,0,0
1517510400,9.020,9.010,9.010,9.020,13165,573208
1517510460,9.010,9.010,9.010,9.010,0,0
1517510520,9.000,9.000,9.000,9.000,0,0
1517510580,9.000,8.990,8.990,9.000,0,0
1517510640,9.000,9.000,9.000,9.000,0,0
1517510700,9.000,9.000,9.000,9.000,400,586373
1517510760,9.000,9.000,9.000,9.000,0,0
1517510880,9.000,9.000,9.000,9.000,0,0
1517510940,9.000,9.000,9.000,9.000,0,0
1517511000,9.000,9.000,9.000,9.000,12186,586773
1517511060,9.000,9.000,9.000,9.000,0,0
1517511120,8.990,9.000,8.990,9.000,0,0
1517511180,9.000,8.990,8.990,9.000,0,0
1517511240,9.000,8.990,8.980,9.000,0,0
1517511300,8.980,8.980,8.980,8.980,1671,598959
1517511360,8.980,8.980,8.980,8.980,0,0
1517511420,8.990,8.980,8.980,8.990,0,0
1517511540,8.980,8.980,8.980,8.980,0,0
1517511600,8.990,8.990,8.990,8.990,505,600630
1517511900,8.990,9.000,8.990,9.000,6688,601135
1517511960,9.000,9.000,9.000,9.000,0,0
1517512020,9.000,9.000,9.000,9.000,0,0
1517512080,9.000,9.000,9.000,9.000,0,0
1517512140,9.000,8.990,8.990,9.000,0,0
1517512200,9.000,9.000,9.000,9.000,100,607823
1517512260,9.000,9.000,9.000,9.000,0,0
1517512320,9.000,9.000,9.000,9.000,0,0
1517512380,9.000,9.000,9.000,9.000,0,0
1517512440,9.000,9.000,9.000,9.000,0,0
1517512500,9.000,9.000,9.000,9.000,10007,607923
1517512560,9.000,9.000,9.000,9.000,0,0
1517512620,9.000,9.000,9.000,9.000,0,0
1517512680,9.000,9.000,9.000,9.000,0,0
1517512740,9.000,9.000,9.000,9.000,0,0
1517512800,9.000,8.990,8.990,9.000,19172,617930
1517512860,9.000,8.990,8.990,9.000,0,0
1517512920,8.980,8.980,8.980,8.980,0,0
1517512980,8.990,8.990,8.990,8.990,0,0
1517513100,9.000,9.000,9.000,9.000,22411,637102
1517513280,9.000,9.000,9.000,9.000,0,0
1517513340,9.000,9.000,9.000,9.000,0,0
1517513400,9.000,9.000,9.000,9.000,2285,659513
1517513460,9.000,9.000,9.000,9.000,0,0
1517513520,9.000,9.000,9.000,9.000,0,0
1517513580,9.000,9.000,9.000,9.000,0,0
1517513640,9.000,9.000,9.000,9.000,0,0
1517513700,9.000,8.990,8.990,9.000,4091,661798
1517513760,9.000,9.000,9.000,9.000,0,0
1517513820,9.000,9.000,9.000,9.000,0,0
1517513880,9.000,9.000,9.000,9.000,0,0
1517513940,9.000,9.000,9.000,9.000,0,0
1517514000,9.000,9.000,9.000,9.000,4833,665889
1517514060,9.000,9.000,9.000,9.000,0,0
1517514120,9.000,9.000,9.000,9.000,0,0
1517514180,8.990,9.000,8.990,9.000,0,0
1517514240,8.990,9.000,8.990,9.000,0,0
1517514300,8.990,8.990,8.990,8.990,5100,670722
1517514360,9.000,8.980,8.980,9.000,0,0
1517514420,8.980,8.980,8.980,8.980,0,0
1517514540,8.990,8.990,8.990,8.990,0,0
1517514600,9.000,9.000,9.000,9.000,2200,675822
1517514720,9.000,9.000,9.000,9.000,0,0
1517514840,9.000,9.000,9.000,9.000,0,0
1517514900,9.000,9.000,9.000,9.000,1340,678022
1517514960,8.990,8.990,8.990,8.990,0,0
1517515020,9.000,8.990,8.990,9.000,0,0
1517515080,9.000,9.000,9.000,9.000,0,0
1517515140,9.000,9.000,9.000,9.000,0,0
1517515200,9.000,9.000,9.000,9.000,15213,679362
1517515260,9.000,9.010,9.000,9.010,0,0
1517515320,9.000,9.010,9.000,9.010,0,0
1517515380,9.000,9.000,9.000,9.000,0,0
1517515440,9.010,9.000,9.000,9.010,0,0
1517515500,9.000,9.000,9.000,9.000,30840,694575
1517515560,9.000,9.000,9.000,9.000,0,0
1517515620,9.000,8.990,8.990,9.000,0,0
1517515680,9.000,9.010,9.000,9.010,0,0
1517515740,9.000,9.000,9.000,9.000,0,0
1517515800,9.000,9.010,9.000,9.010,3630,725415
1517515860,9.000,9.000,9.000,9.000,0,0
1517515920,9.010,9.000,9.000,9.010,0,0
1517515980,9.000,9.010,9.000,9.010,0,0
1517516040,9.000,9.000,9.000,9.000,0,0
1517516100,9.000,9.010,9.000,9.010,12959,729045
1517516160,9.010,9.020,9.010,9.020,0,0
1517516220,9.020,9.030,9.010,9.030,0,0
1517516280,9.030,9.040,9.020,9.040,0,0
1517516340,9.040,9.030,9.030,9.040,0,0
1517516400,9.040,9.030,9.030,9.040,10980,742004
1517516460,9.040,9.030,9.030,9.040,0,0
1517516520,9.040,9.040,9.040,9.040,0,0
1517516580,9.030,9.050,9.030,9.050,0,0
1517516640,9.040,9.050,9.040,9.050,0,0
1517516700,9.040,9.050,9.040,9.050,10092,752984
1517516760,9.040,9.060,9.040,9.060,0,0
1517516820,9.050,9.060,9.050,9.060,0,0
1517516880,9.040,9.040,9.040,9.040,0,0
1517516940,9.040,9.040,9.040,9.040,0,0
1517517000,9.040,9.040,9.040,9.040,1584,763076
1517517060,9.040,9.040,9.040,9.040,0,0
1517517120,9.040,9.050,9.040,9.050,0,0
1517517180,9.040,9.040,9.040,9.040,0,0
1517517240,9.040,9.040,9.040,9.040,0,0
1517517300,9.040,9.050,9.040,9.050,6825,764660
1517517360,9.040,9.040,9.040,9.040,0,0
1517517420,9.050,9.040,9.040,9.050,0,0
1517517480,9.040,9.050,9.040,9.050,0,0
1517517540,9.040,9.050,9.040,9.050,0,0
1517517600,9.040,9.050,9.040,9.050,12716,771485
1517517660,9.050,9.040,9.040,9.050,0,0
1517517720,9.040,9.050,9.040,9.050,0,0
1517517780,9.040,9.050,9.040,9.050,0,0
1517517840,9.050,9.040,9.040,9.050,0,0
1517517900,9.050,9.040,9.040,9.050,17215,784201
1517517960,9.050,9.060,9.050,9.060,0,0
1517518020,9.050,9.070,9.050,9.070,0,0
1517518080,9.060,9.070,9.060,9.070,0,0
1517518140,9.070,9.070,9.070,9.070,0,0
1517518200,9.070,9.060,9.060,9.070,45897,801416
1517518260,9.060,9.070,9.060,9.070,0,0
1517518320,9.060,9.070,9.060,9.070,0,0
1517518380,9.060,9.050,9.050,9.070,0,0
1517518440,9.050,9.070,9.050,9.070,0,0
1517518500,9.060,9.070,9.060,9.070,31116,847313
1517518560,9.060,9.070,9.060,9.070,0,0
1517518620,9.070,9.060,9.060,9.070,0,0
1517518680,9.070,9.060,9.060,9.070,0,0
1517518740,9.070,9.070,9.060,9.070,0,0
1517581800,9.020,9.040,8.970,9.040,17985,0
1517581920,9.020,9.000,9.000,9.020,0,0
1517581980,9.010,9.010,9.010,9.010,0,0
1517582040,9.010,9.010,9.010,9.010,0,0
1517582100,9.010,9.010,9.010,9.010,23016,17985
1517582160,9.010,8.970,8.970,9.010,0,0
1517582220,8.970,8.950,8.950,8.970,0,0
1517582280,8.920,8.920,8.920,8.920,0,0
1517582400,8.930,8.930,8.930,8.930,28244,41001
1517582460,8.930,8.920,8.920,8.930,0,0
1517582520,8.950,8.950,8.950,8.950,0,0
1517582580,8.950,8.960,8.950,8.960,0,0
1517582640,8.960,8.960,8.960,8.960,0,0
1517582700,8.950,8.950,8.950,8.950,5200,69245
1517582820,8.950,8.950,8.950,8.950,0,0
1517582880,8.950,8.950,8.950,8.950,0,0
1517582940,8.960,8.950,8.950,8.960,0,0
1517583000,8.950,8.950,8.950,8.950,18392,74445
1517583060,8.950,8.950,8.950,8.950,0,0
1517583240,8.960,8.930,8.910,8.960,0,0
1517583300,8.940,8.950,8.940,8.950,20493,92837
1517583360,8.980,8.980,8.980,8.980,0,0
1517583420,8.990,8.980,8.980,8.990,0,0
1517583540,8.980,8.980,8.980,8.980,0,0
1517583600,8.950,8.950,8.950,8.950,10208,113330
1517583780,8.950,8.950,8.950,8.950,0,0
1517583840,8.960,8.960,8.960,8.960,0,0
1517583900,8.950,8.960,8.950,8.960,14391,123538
1517583960,8.960,8.960,8.960,8.960,0,0
1517584020,8.960,8.960,8.960,8.960,0,0
1517584080,8.950,8.950,8.950,8.950,0,0
1517584200,8.950,8.950,8.950,8.950,6335,137929
1517584380,8.950,8.950,8.950,8.950,0,0
1517584500,8.950,8.950,8.950,8.950,110,144264
1517584740,8.950,8.950,8.950,8.950,0,0
1517584800,8.950,8.950,8.950,8.950,18243,144374
1517584860,8.950,8.960,8.950,8.960,0,0
1517585100,8.960,8.960,8.960,8.960,1043,162617
1517585280,8.960,8.960,8.960,8.960,0,0
1517585400,8.960,8.960,8.960,8.960,14966,163660
1517585460,8.960,8.960,8.960,8.960,0,0
1517585520,8.960,8.950,8.950,8.960,0,0
1517585580,8.960,8.960,8.960,8.960,0,0
1517585640,8.950,8.950,8.950,8.950,0,0
1517585700,8.950,8.950,8.950,8.950,6054,178626
1517585760,8.960,8.970,8.960,8.970,0,0
1517585820,8.960,8.960,8.960,8.960,0,0
1517585940,8.950,8.950,8.950,8.950,0,0
1517586000,8.960,8.960,8.960,8.960,4455,184680
1517586060,8.960,8.960,8.960,8.960,0,0
1517586180,8.960,8.950,8.950,8.960,0,0
1517586300,8.950,8.950,8.950,8.950,2100,189135
1517586540,8.950,8.950,8.950,8.950,0,0
1517586900,8.960,8.960,8.960,8.960,4443,191235
1517586960,8.950,8.950,8.950,8.950,0,0
1517587080,8.960,8.950,8.950,8.960,0,0
1517587140,8.960,8.960,8.960,8.960,0,0
1517587200,8.950,8.950,8.950,8.950,22400,195678
1517587440,8.950,8.950,8.950,8.950,0,0
1517587500,8.950,8.950,8.950,8.950,3600,218078
1517587680,8.950,8.950,8.950,8.950,0,0
1517587800,8.950,8.950,8.950,8.950,7104,221678
1517587920,8.960,8.960,8.960,8.960,0,0
1517588040,8.960,8.970,8.960,8.970,0,0
1517588100,8.960,8.960,8.960,8.960,11506,228782
1517588160,8.960,8.960,8.960,8.960,0,0
1517588220,8.960,8.960,8.960,8.960,0,0
1517588280,8.970,8.930,8.930,8.970,0,0
1517588340,8.930,8.930,8.930,8.930,0,0
1517588400,8.930,8.930,8.930,8.930,3855,240288
1517588460,8.930,8.930,8.930,8.930,0,0
1517588640,8.940,8.940,8.940,8.940,0,0
1517588700,8.930,8.930,8.930,8.930,7721,244143
1517588760,8.930,8.930,8.930,8.930,0,0
1517588820,8.930,8.930,8.930,8.930,0,0
1517589000,8.940,8.940,8.940,8.940,450,251864
1517589120,8.940,8.940,8.940,8.940,0,0
1517589180,8.930,8.930,8.930,8.930,0,0
1517589240,8.930,8.930,8.930,8.930,0,0
1517589300,8.930,8.930,8.930,8.930,1939,252314
1517589360,8.940,8.940,8.940,8.940,0,0
1517589420,8.930,8.930,8.930,8.930,0,0
1517589480,8.930,8.930,8.930,8.930,0,0
1517589540,8.940,8.940,8.940,8.940,0,0
1517589600,8.940,8.940,8.940,8.940,1580,254253
1517589660,8.940,8.940,8.940,8.940,0,0
1517589720,8.930,8.930,8.930,8.930,0,0
1517589780,8.930,8.930,8.930,8.930,0,0
1517589900,8.920,8.920,8.920,8.920,9010,255833
1517590020,8.930,8.930,8.930,8.930,0,0
1517590140,8.920,8.920,8.920,8.920,0,0
1517590200,8.910,8.910,8.910,8.910,219,264843
1517590440,8.910,8.910,8.910,8.910,0,0
1517590500,8.920,8.910,8.910,8.920,3707,265062
1517590680,8.920,8.910,8.910,8.920,0,0
1517590740,8.900,8.900,8.900,8.900,0,0
1517590800,8.900,8.900,8.900,8.900,1701,268769
1517590920,8.900,8.900,8.900,8.900,0,0
1517591100,8.900,8.890,8.890,8.900,19645,270470
1517591160,8.860,8.860,8.860,8.860,0,0
1517591220,8.880,8.880,8.880,8.880,0,0
1517591340,8.900,8.900,8.900,8.900,0,0
1517591400,8.910,8.910,8.910,8.910,12914,290115
1517591520,8.910,8.910,8.910,8.910,0,0
1517591580,8.920,8.920,8.920,8.920,0,0
1517591640,8.930,8.930,8.930,8.930,0,0
1517591700,8.930,8.930,8.930,8.930,22508,303029
1517591940,8.950,8.950,8.950,8.950,0,0
1517592000,8.950,8.950,8.950,8.950,300,325537
1517592120,8.950,8.950,8.950,8.950,0,0
1517592240,8.950,8.950,8.950,8.950,0,0
1517592300,8.950,8.950,8.950,8.950,1302,325837
1517592420,8.950,8.950,8.950,8.950,0,0
1517592480,8.950,8.950,8.950,8.950,0,0
1517592540,8.950,8.950,8.950,8.950,0,0
1517592600,8.950,8.950,8.950,8.950,3953,327139
1517592660,8.940,8.950,8.940,8.950,0,0
1517592780,8.950,8.950,8.950,8.950,0,0
1517592840,8.940,8.940,8.940,8.940,0,0
1517592900,8.950,8.950,8.950,8.950,15436,331092
1517592960,8.960,8.960,8.960,8.960,0,0
1517593020,8.960,8.960,8.960,8.960,0,0
1517593140,8.930,8.940,8.930,8.940,0,0
1517593200,8.940,8.940,8.940,8.940,1001,346528
1517593380,8.940,8.940,8.940,8.940,0,0
1517593440,8.950,8.950,8.950,8.950,0,0
1517593500,8.960,8.960,8.960,8.960,1077,347529
1517593620,8.960,8.960,8.960,8.960,0,0
1517593740,8.960,8.960,8.960,8.960,0,0
1517593800,8.960,8.960,8.960,8.960,100,348606
1517593920,8.960,8.960,8.960,8.960,0,0
1517594040,8.960,8.960,8.960,8.960,0,0
1517594100,8.960,8.950,8.950,8.960,2012,348706
1517594220,8.960,8.950,8.950,8.960,0,0
1517594340,8.960,8.960,8.960,8.960,0,0
1517594400,8.950,8.950,8.950,8.950,1633,350718
1517594700,8.950,8.950,8.950,8.950,3555,352351
1517594820,8.960,8.960,8.960,8.960,0,0
1517595000,8.960,8.960,8.960,8.960,718,355906
1517595060,8.950,8.950,8.950,8.950,0,0
1517595180,8.960,8.960,8.960,8.960,0,0
1517595300,8.960,8.960,8.960,8.960,2800,356624
1517595360,8.960,8.960,8.960,8.960,0,0
1517595480,8.960,8.960,8.960,8.960,0,0
1517595600,8.960,8.960,8.960,8.960,4897,359424
1517595660,8.950,8.950,8.950,8.950,0,0
1517595840,8.940,8.930,8.930,8.940,0,0
1517595900,8.930,8.930,8.930,8.930,607,364321
1517595960,8.930,8.930,8.930,8.930,0,0
1517596200,8.940,8.940,8.940,8.940,7433,364928
1517596380,8.940,8.940,8.940,8.940,0,0
1517596500,8.940,8.930,8.930,8.940,3765,372361
1517596560,8.940,8.940,8.940,8.940,0,0
1517596620,8.940,8.940,8.940,8.940,0,0
1517596740,8.940,8.930,8.930,8.940,0,0
1517596800,8.930,8.930,8.930,8.930,2169,376126
1517596860,8.940,8.940,8.940,8.940,0,0
1517596980,8.940,8.930,8.930,8.940,0,0
1517597100,8.940,8.940,8.940,8.940,5828,378295
1517597280,8.940,8.930,8.930,8.940,0,0
1517597340,8.920,8.920,8.920,8.920,0,0
1517597400,8.920,8.920,8.920,8.920,6930,384123
1517597640,8.920,8.910,8.910,8.920,0,0
1517597700,8.920,8.920,8.920,8.920,19471,391053
1517597820,8.910,8.910,8.910,8.910,0,0
1517597940,8.900,8.900,8.900,8.900,0,0
1517598000,8.890,8.890,8.890,8.890,16022,410524
1517598060,8.890,8.890,8.890,8.890,0,0
1517598240,8.890,8.890,8.890,8.890,0,0
1517598300,8.900,8.900,8.900,8.900,4993,426546
1517598420,8.900,8.890,8.890,8.900,0,0
1517598540,8.890,8.890,8.890,8.890,0,0
1517598600,8.880,8.880,8.880,8.880,4973,431539
1517598660,8.880,8.880,8.880,8.880,0,0
1517598780,8.870,8.870,8.870,8.870,0,0
1517598900,8.880,8.880,8.880,8.880,253,436512
1517598960,8.880,8.880,8.880,8.880,0,0
1517599080,8.870,8.870,8.870,8.870,0,0
1517599140,8.870,8.870,8.870,8.870,0,0
1517599200,8.870,8.870,8.870,8.870,9534,436765
1517599260,8.870,8.870,8.870,8.870,0,0
1517599320,8.870,8.870,8.870,8.870,0,0
1517599380,8.880,8.880,8.880,8.880,0,0
1517599440,8.870,8.860,8.860,8.870,0,0
1517599500,8.860,8.870,8.860,8.870,1707,446299
1517599620,8.870,8.870,8.870,8.870,0,0
1517599680,8.870,8.870,8.870,8.870,0,0
1517599800,8.870,8.870,8.870,8.870,3320,448006
1517599860,8.870,8.870,8.870,8.870,0,0
1517599920,8.880,8.880,8.880,8.880,0,0
1517599980,8.880,8.880,8.880,8.880,0,0
1517600040,8.870,8.870,8.870,8.870,0,0
1517600100,8.880,8.880,8.880,8.880,10784,451326
1517600160,8.880,8.870,8.870,8.880,0,0
1517600220,8.880,8.880,8.880,8.880,0,0
1517600280,8.880,8.890,8.880,8.890,0,0
1517600340,8.890,8.880,8.880,8.890,0,0
1517600400,8.890,8.890,8.890,8.890,3640,462110
1517600640,8.880,8.890,8.880,8.890,0,0
1517600700,8.880,8.880,8.880,8.880,19727,465750
1517600760,8.880,8.880,8.880,8.880,0,0
1517600820,8.880,8.880,8.880,8.880,0,0
1517600880,8.840,8.850,8.840,8.850,0,0
1517600940,8.860,8.860,8.860,8.860,0,0
1517601000,8.860,8.860,8.860,8.860,15106,485477
1517601060,8.860,8.850,8.840,8.860,0,0
1517601120,8.850,8.850,8.850,8.850,0,0
1517601180,8.850,8.850,8.850,8.850,0,0
1517601240,8.850,8.850,8.850,8.850,0,0
1517601300,8.850,8.840,8.840,8.850,10886,500583
1517601420,8.840,8.840,8.840,8.840,0,0
1517601480,8.830,8.840,8.830,8.840,0,0
1517601540,8.840,8.840,8.840,8.840,0,0
1517601600,8.830,8.830,8.830,8.830,33251,511469
1517601660,8.840,8.840,8.840,8.840,0,0
1517601720,8.840,8.840,8.840,8.840,0,0
1517601780,8.840,8.840,8.840,8.840,0,0
1517601840,8.830,8.840,8.830,8.840,0,0
1517601900,8.840,8.840,8.840,8.840,5876,544720
1517601960,8.830,8.830,8.830,8.830,0,0
1517602080,8.830,8.820,8.820,8.830,0,0
1517602140,8.830,8.830,8.830,8.830,0,0
1517602200,8.830,8.830,8.830,8.830,4755,550596
1517602260,8.840,8.840,8.840,8.840,0,0
1517602320,8.860,8.860,8.860,8.860,0,0
1517602440,8.870,8.870,8.870,8.870,0,0
1517602500,8.870,8.860,8.860,8.870,7927,555351
1517602560,8.880,8.880,8.880,8.880,0,0
1517602680,8.880,8.880,8.880,8.880,0,0
1517602740,8.870,8.880,8.870,8.880,0,0
1517602800,8.860,8.860,8.860,8.860,7485,563278
1517602860,8.870,8.860,8.860,8.870,0,0
1517602980,8.870,8.870,8.870,8.870,0,0
1517603040,8.870,8.860,8.860,8.870,0,0
1517603100,8.860,8.870,8.860,8.870,3694,570763
1517603160,8.870,8.870,8.870,8.870,0,0
1517603220,8.870,8.860,8.860,8.870,0,0
1517603280,8.870,8.870,8.870,8.870,0,0
1517603340,8.870,8.860,8.860,8.870,0,0
1517603400,8.850,8.840,8.840,8.850,8009,574457
1517603460,8.850,8.850,8.850,8.850,0,0
1517603520,8.850,8.850,8.850,8.850,0,0
1517603580,8.850,8.850,8.850,8.850,0,0
1517603640,8.850,8.850,8.850,8.850,0,0
1517603700,8.850,8.850,8.850,8.850,8648,582466
1517603760,8.850,8.850,8.850,8.850,0,0
1517603820,8.850,8.850,8.850,8.850,0,0
1517603880,8.850,8.850,8.850,8.850,0,0
1517603940,8.850,8.870,8.850,8.870,0,0
1517604000,8.860,8.840,8.840,8.860,8955,591114
1517604060,8.840,8.840,8.840,8.840,0,0
1517604120,8.850,8.850,8.850,8.850,0,0
1517604180,8.860,8.850,8.850,8.860,0,0
1517604240,8.860,8.850,8.850,8.860,0,0
1517604300,8.860,8.850,8.850,8.860,18956,600069
1517604360,8.860,8.840,8.830,8.860,0,0
1517604420,8.840,8.840,8.840,8.840,0,0
1517604480,8.840,8.840,8.840,8.840,0,0
1517604540,8.840,8.830,8.830,8.840,0,0
1517604600,8.840,8.850,8.840,8.850,84559,619025
1517604660,8.840,8.830,8.830,8.850,0,0
1517604720,8.830,8.820,8.820,8.830,0,0
1517604780,8.830,8.850,8.830,8.850,0,0
1517604840,8.850,8.860,8.850,8.860,0,0
1517604900,8.860,8.860,8.860,8.860,86546,703584
1517604960,8.860,8.880,8.860,8.880,0,0
1517605020,8.880,8.860,8.860,8.880,0,0
1517605080,8.870,8.860,8.850,8.870,0,0
1517605140,8.860,8.860,8.850,8.860,0,0
1517841000,8.850,8.850,8.850,8.850,9149,0
1517841120,8.800,8.800,8.800,8.800,0,0
1517841180,8.750,8.750,8.750,8.750,0,0
1517841240,8.770,8.770,8.770,8.770,0,0
1517841300,8.760,8.760,8.760,8.760,4770,9149
1517841420,8.760,8.760,8.760,8.760,0,0
1517841480,8.750,8.750,8.750,8.750,0,0
1517841600,8.750,8.770,8.750,8.770,9484,13919
1517841780,8.750,8.770,8.750,8.770,0,0
1517841840,8.770,8.770,8.770,8.770,0,0
1517841900,8.800,8.800,8.800,8.800,1714,23403
1517842020,8.800,8.800,8.800,8.800,0,0
1517842080,8.790,8.790,8.790,8.790,0,0
1517842200,8.760,8.760,8.760,8.760,8178,25117
1517842440,8.760,8.760,8.760,8.760,0,0
1517842500,8.760,8.760,8.760,8.760,8000,33295
1517842620,8.770,8.810,8.770,8.810,0,0
1517842800,8.810,8.810,8.810,8.810,9000,41295
1517842860,8.810,8.810,8.810,8.810,0,0
1517843100,8.810,8.810,8.810,8.810,1284,50295
1517843280,8.810,8.810,8.810,8.810,0,0
1517843340,8.810,8.810,8.810,8.810,0,0
1517843400,8.830,8.840,8.830,8.840,8045,51579
1517843460,8.850,8.850,8.850,8.850,0,0
1517843640,8.840,8.840,8.840,8.840,0,0
1517843700,8.850,8.860,8.850,8.860,631,59624
1517843760,8.840,8.840,8.840,8.840,0,0
1517843820,8.840,8.840,8.840,8.840,0,0
1517843880,8.840,8.840,8.840,8.840,0,0
1517844000,8.840,8.830,8.830,8.840,4700,60255
1517844120,8.840,8.840,8.840,8.840,0,0
1517844180,8.820,8.820,8.820,8.820,0,0
1517844300,8.830,8.840,8.830,8.850,3309,64955
1517844420,8.830,8.830,8.830,8.830,0,0
1517844480,8.820,8.820,8.820,8.820,0,0
1517844600,8.820,8.820,8.820,8.820,3717,68264
1517844660,8.820,8.810,8.810,8.820,0,0
1517844720,8.810,8.810,8.810,8.810,0,0
1517844780,8.810,8.800,8.800,8.810,0,0
1517844900,8.800,8.800,8.800,8.800,4332,71981
1517844960,8.790,8.800,8.790,8.800,0,0
1517845020,8.790,8.790,8.790,8.790,0,0
1517845080,8.800,8.790,8.790,8.800,0,0
1517845140,8.800,8.800,8.800,8.800,0,0
1517845200,8.790,8.800,8.790,8.800,5835,76313
1517845260,8.790,8.800,8.790,8.800,0,0
1517845320,8.800,8.790,8.790,8.800,0,0
1517845380,8.790,8.790,8.790,8.790,0,0
1517845440,8.800,8.790,8.790,8.800,0,0
1517845500,8.800,8.800,8.800,8.800,3209,82148
1517845560,8.810,8.810,8.810,8.810,0,0
1517845620,8.810,8.810,8.810,8.810,0,0
1517845680,8.810,8.810,8.810,8.810,0,0
1517845740,8.810,8.810,8.810,8.810,0,0
1517845800,8.800,8.800,8.800,8.800,2400,85357
1517845860,8.800,8.800,8.800,8.800,0,0
1517845920,8.800,8.810,8.800,8.810,0,0
1517845980,8.810,8.810,8.810,8.810,0,0
1517846100,8.810,8.810,8.810,8.810,2170,87757
1517846160,8.810,8.810,8.810,8.810,0,0
1517846220,8.810,8.820,8.810,8.820,0,0
1517846280,8.810,8.810,8.810,8.810,0,0
1517846340,8.820,8.810,8.810,8.820,0,0
1517846400,8.810,8.810,8.810,8.810,3106,89927
1517846460,8.810,8.810,8.810,8.810,0,0
1517846520,8.810,8.810,8.810,8.810,0,0
1517846580,8.810,8.800,8.800,8.810,0,0
1517846640,8.800,8.800,8.800,8.800,0,0
1517846700,8.800,8.800,8.800,8.800,1003,93033
1517846820,8.800,8.800,8.800,8.800,0,0
1517846880,8.810,8.800,8.800,8.810,0,0
1517846940,8.800,8.800,8.800,8.800,0,0
1517847000,8.800,8.810,8.800,8.810,9264,94036
1517847120,8.810,8.820,8.800,8.820,0,0
1517847180,8.830,8.830,8.830,8.830,0,0
1517847240,8.830,8.830,8.830,8.830,0,0
1517847300,8.830,8.850,8.830,8.850,5391,103300
1517847360,8.850,8.850,8.850,8.850,0,0
1517847420,8.840,8.840,8.840,8.840,0,0
1517847480,8.840,8.820,8.820,8.840,0,0
1517847540,8.820,8.820,8.820,8.820,0,0
1517847600,8.820,8.820,8.820,8.820,102,108691
1517847660,8.820,8.820,8.820,8.820,0,0
1517847720,8.820,8.820,8.820,8.820,0,0
1517847780,8.820,8.820,8.820,8.820,0,0
1517847900,8.820,8.820,8.820,8.820,7078,108793
1517847960,8.830,8.830,8.830,8.830,0,0
1517848020,8.830,8.820,8.820,8.830,0,0
1517848080,8.820,8.820,8.820,8.820,0,0
1517848140,8.820,8.820,8.820,8.820,0,0
1517848200,8.820,8.820,8.820,8.820,2241,115871
1517848260,8.820,8.820,8.820,8.820,0,0
1517848320,8.820,8.820,8.820,8.820,0,0
1517848380,8.820,8.820,8.820,8.820,0,0
1517848440,8.820,8.820,8.820,8.820,0,0
1517848500,8.820,8.810,8.810,8.820,11894,118112
1517848620,8.810,8.810,8.810,8.810,0,0
1517848680,8.810,8.810,8.810,8.810,0,0
1517848740,8.810,8.820,8.810,8.820,0,0
1517848800,8.810,8.810,8.810,8.810,100,130006
1517848860,8.810,8.810,8.810,8.810,0,0
1517848920,8.810,8.810,8.810,8.810,0,0
1517848980,8.810,8.810,8.810,8.810,0,0
1517849040,8.810,8.810,8.810,8.810,0,0
1517849100,8.810,8.810,8.810,8.810,10121,130106
1517849160,8.810,8.810,8.810,8.810,0,0
1517849220,8.810,8.810,8.810,8.810,0,0
1517849280,8.810,8.810,8.810,8.810,0,0
1517849340,8.800,8.800,8.800,8.800,0,0
1517849400,8.800,8.790,8.790,8.800,6271,140227
1517849460,8.800,8.790,8.790,8.800,0,0
1517849520,8.790,8.790,8.790,8.790,0,0
1517849580,8.800,8.810,8.800,8.810,0,0
1517849640,8.800,8.800,8.800,8.800,0,0
1517849700,8.800,8.800,8.800,8.800,5923,146498
1517849760,8.800,8.800,8.800,8.800,0,0
1517849820,8.800,8.800,8.800,8.800,0,0
1517849940,8.800,8.790,8.790,8.800,0,0
1517850000,8.800,8.800,8.800,8.800,5550,152421
1517850060,8.790,8.790,8.790,8.790,0,0
1517850120,8.800,8.780,8.780,8.800,0,0
1517850180,8.770,8.770,8.770,8.770,0,0
1517850240,8.760,8.770,8.760,8.770,0,0
1517850300,8.750,8.760,8.750,8.760,1612,157971
1517850360,8.760,8.750,8.750,8.760,0,0
1517850420,8.750,8.750,8.750,8.750,0,0
1517850480,8.760,8.750,8.750,8.760,0,0
1517850540,8.750,8.760,8.750,8.760,0,0
1517850600,8.750,8.760,8.750,8.760,3903,159583
1517850660,8.760,8.760,8.760,8.760,0,0
1517850720,8.750,8.760,8.750,8.760,0,0
1517850780,8.750,8.770,8.750,8.770,0,0
1517850840,8.770,8.760,8.760,8.770,0,0
1517850900,8.770,8.760,8.750,8.770,11319,163486
1517851020,8.760,8.760,8.760,8.760,0,0
1517851080,8.750,8.760,8.750,8.760,0,0
1517851140,8.750,8.760,8.750,8.760,0,0
1517851200,8.760,8.760,8.760,8.760,11408,174805
1517851260,8.760,8.760,8.760,8.760,0,0
1517851320,8.770,8.770,8.770,8.770,0,0
1517851380,8.750,8.760,8.750,8.760,0,0
1517851440,8.770,8.770,8.770,8.770,0,0
1517851500,8.760,8.770,8.760,8.770,4203,186213
1517851560,8.770,8.770,8.770,8.770,0,0
1517851620,8.780,8.780,8.780,8.780,0,0
1517851680,8.780,8.770,8.770,8.780,0,0
1517851740,8.760,8.770,8.760,8.770,0,0
1517851800,8.760,8.770,8.760,8.770,2300,190416
1517851860,8.760,8.770,8.760,8.770,0,0
1517851980,8.770,8.770,8.770,8.770,0,0
1517852040,8.780,8.780,8.780,8.780,0,0
1517852100,8.780,8.770,8.770,8.780,2856,192716
1517852160,8.760,8.760,8.760,8.760,0,0
1517852220,8.760,8.760,8.760,8.760,0,0
1517852280,8.760,8.760,8.760,8.760,0,0
1517852340,8.760,8.760,8.760,8.760,0,0
1517852400,8.760,8.760,8.760,8.760,2144,195572
1517852460,8.750,8.760,8.750,8.760,0,0
1517852520,8.760,8.760,8.760,8.760,0,0
1517852580,8.760,8.760,8.760,8.760,0,0
1517852640,8.750,8.750,8.750,8.750,0,0
1517852700,8.760,8.760,8.760,8.760,3800,197716
1517852760,8.760,8.760,8.760,8.760,0,0
1517852820,8.760,8.760,8.760,8.760,0,0
1517852880,8.750,8.760,8.750,8.760,0,0
1517852940,8.750,8.760,8.750,8.760,0,0
1517853000,8.760,8.760,8.760,8.760,10619,201516
1517853060,8.760,8.750,8.750,8.760,0,0
1517853120,8.750,8.750,8.750,8.750,0,0
1517853240,8.750,8.750,8.750,8.750,0,0
1517853300,8.750,8.750,8.750,8.750,4688,212135
1517853360,8.760,8.760,8.760,8.760,0,0
1517853420,8.760,8.750,8.750,8.760,0,0
1517853540,8.750,8.760,8.750,8.760,0,0
1517853600,8.750,8.760,8.750,8.760,38007,216823
1517853660,8.760,8.750,8.750,8.760,0,0
1517853720,8.760,8.750,8.750,8.760,0,0
1517853780,8.750,8.750,8.750,8.750,0,0
1517853840,8.760,8.760,8.760,8.760,0,0
1517853900,8.760,8.760,8.760,8.760,7327,254830
1517853960,8.750,8.750,8.750,8.750,0,0
1517854020,8.760,8.750,8.750,8.760,0,0
1517854080,8.760,8.750,8.750,8.760,0,0
1517854140,8.760,8.730,8.730,8.760,0,0
1517854200,8.740,8.730,8.730,8.740,605,262157
1517854260,8.740,8.730,8.730,8.740,0,0
1517854320,8.730,8.730,8.730,8.730,0,0
1517854440,8.730,8.730,8.730,8.730,0,0
1517854500,8.740,8.740,8.740,8.740,17505,262762
1517854560,8.740,8.740,8.740,8.740,0,0
1517854620,8.740,8.730,8.730,8.740,0,0
1517854680,8.730,8.730,8.730,8.730,0,0
1517854740,8.730,8.730,8.730,8.730,0,0
1517854800,8.730,8.730,8.730,8.730,14837,280267
1517854860,8.720,8.730,8.720,8.730,0,0
1517854920,8.730,8.730,8.730,8.730,0,0
1517854980,8.730,8.730,8.730,8.730,0,0
1517855040,8.740,8.740,8.740,8.740,0,0
1517855100,8.750,8.750,8.750,8.750,3502,295104
1517855160,8.750,8.750,8.750,8.750,0,0
1517855220,8.750,8.760,8.750,8.760,0,0
1517855280,8.740,8.740,8.740,8.740,0,0
1517855340,8.750,8.750,8.750,8.750,0,0
1517855400,8.760,8.760,8.760,8.760,1209,298606
1517855460,8.760,8.760,8.760,8.760,0,0
1517855520,8.760,8.760,8.760,8.760,0,0
1517855640,8.760,8.760,8.760,8.760,0,0
1517855700,8.760,8.750,8.750,8.760,1128,299815
1517855820,8.760,8.760,8.760,8.760,0,0
1517855880,8.750,8.760,8.750,8.760,0,0
1517855940,8.760,8.760,8.760,8.760,0,0
1517856000,8.760,8.750,8.750,8.760,3473,300943
1517856120,8.740,8.740,8.740,8.740,0,0
1517856180,8.740,8.740,8.740,8.740,0,0
1517856240,8.750,8.740,8.740,8.750,0,0
1517856300,8.740,8.750,8.740,8.750,3420,304416
1517856360,8.740,8.740,8.740,8.740,0,0
1517856420,8.740,8.740,8.740,8.740,0,0
1517856480,8.740,8.750,8.740,8.750,0,0
1517856540,8.740,8.740,8.740,8.740,0,0
1517856600,8.740,8.740,8.740,8.740,2960,307836
1517856660,8.740,8.750,8.740,8.750,0,0
1517856720,8.740,8.740,8.740,8.740,0,0
1517856780,8.740,8.750,8.740,8.750,0,0
1517856840,8.740,8.750,8.740,8.750,0,0
1517856900,8.750,8.750,8.750,8.750,4510,310796
1517856960,8.760,8.760,8.760,8.760,0,0
1517857020,8.760,8.760,8.760,8.760,0,0
1517857080,8.760,8.760,8.760,8.760,0,0
1517857140,8.760,8.760,8.760,8.760,0,0
1517857200,8.770,8.770,8.770,8.770,7058,315306
1517857260,8.770,8.770,8.770,8.770,0,0
1517857320,8.760,8.750,8.750,8.760,0,0
1517857380,8.760,8.750,8.750,8.760,0,0
1517857440,8.750,8.740,8.740,8.750,0,0
1517857500,8.740,8.740,8.740,8.740,3466,322364
1517857560,8.740,8.740,8.740,8.740,0,0
1517857620,8.750,8.740,8.740,8.750,0,0
1517857680,8.730,8.730,8.730,8.730,0,0
1517857740,8.740,8.740,8.740,8.740,0,0
1517857800,8.740,8.740,8.740,8.740,7330,325830
1517857860,8.740,8.740,8.740,8.740,0,0
1517857920,8.730,8.730,8.730,8.730,0,0
1517857980,8.730,8.740,8.730,8.740,0,0
1517858100,8.730,8.730,8.730,8.730,6000,333160
1517858160,8.730,8.730,8.730,8.730,0,0
1517858220,8.740,8.730,8.730,8.740,0,0
1517858280,8.730,8.720,8.720,8.730,0,0
1517858340,8.730,8.730,8.730,8.730,0,0
1517858400,8.720,8.720,8.720,8.720,5725,339160
1517858520,8.720,8.710,8.710,8.720,0,0
1517858580,8.720,8.730,8.720,8.730,0,0
1517858640,8.710,8.700,8.700,8.710,0,0
1517858700,8.720,8.720,8.720,8.720,1767,344885
1517858760,8.720,8.720,8.720,8.720,0,0
1517858820,8.710,8.720,8.710,8.720,0,0
1517858880,8.710,8.710,8.710,8.710,0,0
1517858940,8.720,8.720,8.720,8.720,0,0
1517859000,8.710,8.710,8.710,8.710,15394,346652
1517859120,8.710,8.710,8.710,8.710,0,0
1517859180,8.710,8.700,8.700,8.710,0,0
1517859240,8.710,8.710,8.710,8.710,0,0
1517859300,8.700,8.700,8.700,8.700,14612,362046
1517859360,8.710,8.700,8.700,8.710,0,0
1517859480,8.710,8.710,8.710,8.710,0,0
1517859540,8.700,8.700,8.700,8.700,0,0
1517859600,8.700,8.700,8.700,8.700,16924,376658
1517859660,8.710,8.710,8.710,8.710,0,0
1517859720,8.720,8.710,8.710,8.720,0,0
1517859780,8.720,8.720,8.720,8.720,0,0
1517859840,8.720,8.710,8.710,8.720,0,0
1517859900,8.720,8.710,8.710,8.720,6767,393582
1517859960,8.720,8.710,8.710,8.720,0,0
1517860020,8.710,8.710,8.710,8.710,0,0
1517860080,8.710,8.710,8.710,8.710,0,0
1517860200,8.710,8.700,8.700,8.710,7163,400349
1517860260,8.700,8.700,8.700,8.700,0,0
1517860380,8.700,8.690,8.690,8.700,0,0
1517860440,8.700,8.700,8.700,8.700,0,0
1517860500,8.690,8.690,8.690,8.690,6104,407512
1517860560,8.700,8.690,8.690,8.700,0,0
1517860620,8.690,8.680,8.680,8.690,0,0
1517860680,8.690,8.700,8.690,8.700,0,0
1517860740,8.700,8.700,8.700,8.700,0,0
1517860800,8.700,8.680,8.680,8.700,14484,413616
1517860860,8.690,8.690,8.690,8.690,0,0
1517860920,8.690,8.680,8.680,8.690,0,0
1517860980,8.690,8.680,8.680,8.690,0,0
1517861040,8.670,8.660,8.660,8.670,0,0
1517861100,8.660,8.660,8.660,8.660,20718,428100
1517861160,8.670,8.660,8.660,8.670,0,0
1517861220,8.670,8.650,8.650,8.670,0,0
1517861280,8.650,8.650,8.650,8.650,0,0
1517861340,8.640,8.630,8.630,8.640,0,0
1517861400,8.650,8.630,8.630,8.650,39698,448818
1517861460,8.630,8.630,8.630,8.630,0,0
1517861520,8.630,8.640,8.630,8.660,0,0
1517861580,8.640,8.620,8.620,8.650,0,0
1517861640,8.630,8.640,8.630,8.640,0,0
1517861700,8.630,8.630,8.630,8.630,10817,488516
1517861760,8.650,8.660,8.650,8.660,0,0
1517861820,8.660,8.680,8.660,8.680,0,0
1517861880,8.670,8.660,8.660,8.670,0,0
1517861940,8.660,8.670,8.660,8.670,0,0
1517862000,8.660,8.660,8.660,8.660,18383,499333
1517862060,8.660,8.660,8.660,8.660,0,0
1517862120,8.650,8.660,8.650,8.660,0,0
1517862180,8.670,8.700,8.670,8.700,0,0
1517862240,8.700,8.710,8.700,8.710,0,0
1517862300,8.710,8.720,8.710,8.720,6472,517716
1517862360,8.690,8.690,8.690,8.690,0,0
1517862420,8.700,8.690,8.690,8.700,0,0
1517862480,8.700,8.700,8.700,8.700,0,0
1517862540,8.700,8.700,8.700,8.700,0,0
1517862600,8.690,8.700,8.690,8.700,21111,524188
1517862660,8.690,8.690,8.690,8.690,0,0
1517862720,8.700,8.710,8.700,8.710,0,0
1517862780,8.710,8.720,8.710,8.720,0,0
1517862840,8.710,8.720,8.710,8.720,0,0
1517862900,8.710,8.720,8.710,8.720,19825,545299
1517862960,8.710,8.720,8.710,8.720,0,0
1517863020,8.710,8.710,8.710,8.710,0,0
1517863080,8.710,8.720,8.710,8.720,0,0
1517863140,8.700,8.690,8.690,8.700,0,0
1517863200,8.690,8.680,8.680,8.690,13667,565124
1517863260,8.680,8.670,8.670,8.680,0,0
1517863320,8.690,8.680,8.680,8.690,0,0
1517863380,8.680,8.690,8.680,8.690,0,0
1517863440,8.680,8.680,8.680,8.680,0,0
1517863500,8.680,8.670,8.670,8.680,22730,578791
1517863560,8.660,8.660,8.660,8.660,0,0
1517863620,8.660,8.660,8.660,8.660,0,0
1517863680,8.650,8.660,8.650,8.660,0,0
1517863740,8.650,8.640,8.640,8.650,0,0
1517863800,8.640,8.640,8.640,8.640,36110,601521
1517863860,8.640,8.650,8.640,8.650,0,0
1517863920,8.630,8.620,8.620,8.630,0,0
1517863980,8.620,8.630,8.620,8.630,0,0
1517864040,8.620,8.630,8.620,8.630,0,0
1517864100,8.630,8.620,8.620,8.630,54033,637631
1517864160,8.620,8.620,8.620,8.620,0,0
1517864220,8.620,8.620,8.620,8.620,0,0
1517864280,8.620,8.610,8.610,8.620,0,0
1517864340,8.620,8.610,8.610,8.620,0,0
1517927400,8.520,8.490,8.490,8.520,11234,0
1517927460,8.510,8.520,8.510,8.520,0,0
1517927520,8.520,8.520,8.520,8.520,0,0
1517927580,8.530,8.520,8.520,8.530,0,0
1517927640,8.520,8.520,8.520,8.520,0,0
1517927700,8.540,8.590,8.540,8.600,34998,11234
1517927760,8.600,8.600,8.600,8.600,0,0
1517927820,8.600,8.610,8.600,8.610,0,0
1517927880,8.620,8.670,8.620,8.670,0,0
1517927940,8.660,8.640,8.640,8.660,0,0
1517928000,8.660,8.660,8.660,8.660,10527,46232
1517928060,8.650,8.640,8.640,8.650,0,0
1517928120,8.640,8.660,8.640,8.660,0,0
1517928180,8.660,8.660,8.660,8.660,0,0
1517928240,8.670,8.690,8.660,8.690,0,0
1517928300,8.710,8.710,8.710,8.710,4230,56759
1517928360,8.710,8.710,8.710,8.710,0,0
1517928420,8.710,8.710,8.710,8.710,0,0
1517928600,8.760,8.760,8.760,8.760,14177,60989
1517928660,8.760,8.760,8.760,8.760,0,0
1517930400,8.680,8.680,8.680,8.680,83840,75166
1517930520,8.680,8.680,8.680,8.680,0,0
1517930700,8.660,8.660,8.660,8.660,8655,159006
1517930760,8.670,8.670,8.670,8.670,0,0
1517930820,8.650,8.650,8.650,8.650,0,0
1517930880,8.650,8.650,8.650,8.650,0,0
1517930940,8.660,8.660,8.660,8.660,0,0
1517931000,8.660,8.660,8.660,8.660,8179,167661
1517931060,8.660,8.650,8.650,8.660,0,0
1517931120,8.650,8.640,8.640,8.650,0,0
1517931240,8.630,8.630,8.630,8.630,0,0
1517931300,8.620,8.610,8.600,8.620,8639,175840
1517931360,8.600,8.590,8.590,8.600,0,0
1517931420,8.580,8.590,8.580,8.600,0,0
1517931480,8.580,8.580,8.580,8.580,0,0
1517931540,8.590,8.580,8.580,8.590,0,0
1517931600,8.600,8.600,8.600,8.600,10802,184479
1517931660,8.580,8.580,8.580,8.580,0,0
1517931720,8.570,8.570,8.570,8.570,0,0
1517931780,8.570,8.550,8.550,8.570,0,0
1517931840,8.550,8.560,8.550,8.560,0,0
1517931900,8.560,8.550,8.550,8.560,10031,195281
1517931960,8.560,8.560,8.560,8.560,0,0
1517932020,8.560,8.550,8.550,8.560,0,0
1517932080,8.560,8.550,8.550,8.560,0,0
1517932140,8.550,8.550,8.550,8.550,0,0
1517932200,8.550,8.550,8.550,8.550,31767,205312
1517932260,8.550,8.560,8.550,8.560,0,0
1517932320,8.570,8.600,8.570,8.600,0,0
1517932380,8.600,8.590,8.590,8.610,0,0
1517932440,8.600,8.590,8.590,8.600,0,0
1517932500,8.600,8.590,8.590,8.600,10306,237079
1517932560,8.600,8.590,8.590,8.600,0,0
1517932620,8.590,8.580,8.580,8.600,0,0
1517932680,8.590,8.590,8.590,8.590,0,0
1517932740,8.590,8.580,8.580,8.590,0,0
1517932800,8.570,8.570,8.570,8.570,10895,247385
1517932860,8.570,8.570,8.570,8.570,0,0
1517932920,8.580,8.580,8.580,8.580,0,0
1517932980,8.590,8.600,8.590,8.600,0,0
1517933040,8.590,8.600,8.590,8.600,0,0
1517933100,8.590,8.600,8.590,8.600,38997,258280
1517933160,8.590,8.600,8.590,8.600,0,0
1517933220,8.590,8.590,8.590,8.590,0,0
1517933280,8.590,8.560,8.560,8.590,0,0
1517933340,8.560,8.550,8.550,8.560,0,0
1517933400,8.550,8.550,8.550,8.550,44552,297277
1517933460,8.550,8.540,8.540,8.550,0,0
1517933520,8.540,8.510,8.510,8.540,0,0
1517933580,8.510,8.500,8.500,8.510,0,0
1517933640,8.510,8.500,8.500,8.510,0,0
1517933700,8.510,8.510,8.510,8.510,7935,341829
1517933760,8.520,8.520,8.520,8.520,0,0
1517933820,8.540,8.540,8.540,8.540,0,0
1517933880,8.540,8.540,8.540,8.540,0,0
1517933940,8.530,8.530,8.530,8.530,0,0
1517934000,8.530,8.530,8.530,8.530,21437,349764
1517934060,8.530,8.540,8.530,8.540,0,0
1517934120,8.550,8.540,8.540,8.550,0,0
1517934180,8.550,8.530,8.530,8.550,0,0
1517934240,8.530,8.530,8.530,8.530,0,0
1517934300,8.520,8.520,8.520,8.520,21623,371201
1517934420,8.500,8.520,8.500,8.520,0,0
1517934480,8.520,8.510,8.510,8.520,0,0
1517934540,8.510,8.500,8.500,8.510,0,0
1517934600,8.500,8.510,8.500,8.510,4225,392824
1517934660,8.500,8.500,8.500,8.500,0,0
1517934720,8.500,8.500,8.500,8.500,0,0
1517934840,8.490,8.490,8.490,8.490,0,0
1517934900,8.500,8.500,8.500,8.500,5278,397049
1517934960,8.500,8.500,8.500,8.500,0,0
1517935020,8.500,8.500,8.500,8.500,0,0
1517935080,8.510,8.510,8.510,8.510,0,0
1517935140,8.510,8.510,8.510,8.510,0,0
1517935200,8.510,8.510,8.510,8.510,3586,402327
1517935260,8.500,8.500,8.500,8.500,0,0
1517935380,8.500,8.500,8.500,8.500,0,0
1517935440,8.520,8.520,8.520,8.520,0,0
1517935500,8.510,8.510,8.510,8.510,2100,405913
1517935560,8.510,8.510,8.510,8.510,0,0
1517935620,8.500,8.490,8.490,8.500,0,0
1517935800,8.490,8.500,8.490,8.500,19361,408013
1517935860,8.490,8.490,8.490,8.490,0,0
1517935920,8.490,8.510,8.490,8.510,0,0
1517935980,8.510,8.510,8.510,8.510,0,0
1517936040,8.500,8.500,8.500,8.500,0,0
1517936100,8.500,8.500,8.500,8.500,12197,427374
1517936160,8.500,8.480,8.480,8.500,0,0
1517936220,8.480,8.480,8.480,8.480,0,0
1517936280,8.480,8.490,8.480,8.490,0,0
1517936340,8.490,8.480,8.480,8.490,0,0
1517936400,8.480,8.490,8.480,8.490,1819,439571
1517936460,8.480,8.490,8.480,8.490,0,0
1517936520,8.490,8.490,8.490,8.490,0,0
1517936640,8.480,8.490,8.480,8.490,0,0
1517936700,8.490,8.490,8.490,8.490,12487,441390
1517936760,8.500,8.500,8.500,8.500,0,0
1517936820,8.490,8.490,8.490,8.490,0,0
1517936880,8.500,8.510,8.500,8.510,0,0
1517936940,8.510,8.520,8.510,8.520,0,0
1517937000,8.500,8.500,8.500,8.500,19446,453877
1517937060,8.500,8.500,8.500,8.500,0,0
1517937120,8.500,8.500,8.500,8.500,0,0
1517937180,8.510,8.510,8.510,8.510,0,0
1517937240,8.510,8.500,8.500,8.510,0,0
1517937300,8.510,8.520,8.510,8.520,25292,473323
1517937360,8.520,8.520,8.520,8.520,0,0
1517937420,8.520,8.510,8.510,8.520,0,0
1517937480,8.520,8.520,8.520,8.520,0,0
1517937540,8.510,8.510,8.510,8.510,0,0
1517937600,8.520,8.510,8.510,8.520,7198,498615
1517937840,8.520,8.520,8.520,8.520,0,0
1517937900,8.520,8.530,8.520,8.530,27789,505813
1517937960,8.520,8.530,8.520,8.530,0,0
1517938020,8.530,8.530,8.530,8.530,0,0
1517938080,8.530,8.530,8.530,8.530,0,0
1517938140,8.530,8.540,8.530,8.540,0,0
1517938200,8.540,8.540,8.540,8.540,27746,533602
1517938260,8.530,8.530,8.530,8.530,0,0
1517938320,8.540,8.540,8.540,8.540,0,0
1517938380,8.540,8.540,8.540,8.540,0,0
1517938500,8.540,8.550,8.540,8.550,10225,561348
1517938620,8.560,8.560,8.560,8.560,0,0
1517938680,8.560,8.600,8.560,8.600,0,0
1517938740,8.610,8.610,8.610,8.610,0,0
1517938800,8.610,8.610,8.610,8.610,16008,571573
1517938860,8.610,8.610,8.610,8.610,0,0
1517938920,8.620,8.610,8.610,8.620,0,0
1517938980,8.610,8.620,8.610,8.620,0,0
1517939040,8.620,8.640,8.620,8.640,0,0
1517939100,8.640,8.630,8.630,8.640,28816,587581
1517939160,8.620,8.630,8.620,8.630,0,0
1517939220,8.630,8.630,8.630,8.630,0,0
1517939280,8.630,8.630,8.630,8.630,0,0
1517939340,8.630,8.620,8.620,8.630,0,0
1517939400,8.620,8.620,8.620,8.620,24808,616397
1517939460,8.610,8.600,8.600,8.610,0,0
1517939520,8.590,8.600,8.590,8.600,0,0
1517939580,8.600,8.600,8.600,8.600,0,0
1517939640,8.590,8.600,8.590,8.600,0,0
1517939700,8.600,8.600,8.600,8.600,13054,641205
1517939760,8.600,8.600,8.600,8.600,0,0
1517939820,8.600,8.590,8.590,8.600,0,0
1517939880,8.590,8.590,8.590,8.590,0,0
1517939940,8.600,8.600,8.600,8.600,0,0
1517940000,8.590,8.590,8.590,8.590,17284,654259
1517940060,8.580,8.580,8.580,8.580,0,0
1517940120,8.590,8.580,8.580,8.590,0,0
1517940180,8.580,8.580,8.580,8.580,0,0
1517940300,8.570,8.570,8.570,8.570,13696,671543
1517940360,8.580,8.570,8.570,8.580,0,0
1517940420,8.570,8.570,8.570,8.570,0,0
1517940480,8.550,8.550,8.550,8.550,0,0
1517940540,8.550,8.550,8.550,8.550,0,0
1517940600,8.550,8.550,8.550,8.550,19773,685239
1517940660,8.550,8.560,8.550,8.560,0,0
1517940780,8.560,8.550,8.550,8.560,0,0
1517940840,8.550,8.550,8.550,8.550,0,0
1517940900,8.550,8.550,8.550,8.550,3764,705012
1517941020,8.550,8.550,8.550,8.550,0,0
1517941080,8.560,8.560,8.560,8.560,0,0
1517941140,8.570,8.570,8.570,8.570,0,0
1517941200,8.580,8.590,8.580,8.590,5753,708776
1517941320,8.590,8.590,8.590,8.590,0,0
1517941380,8.590,8.580,8.580,8.590,0,0
1517941440,8.580,8.590,8.580,8.590,0,0
1517941500,8.590,8.590,8.590,8.590,5285,714529
1517941560,8.590,8.590,8.590,8.590,0,0
1517941620,8.590,8.590,8.590,8.590,0,0
1517941740,8.600,8.610,8.600,8.610,0,0
1517941800,8.600,8.590,8.590,8.600,5387,719814
1517941860,8.590,8.580,8.580,8.590,0,0
1517941980,8.580,8.580,8.580,8.580,0,0
1517942040,8.590,8.560,8.560,8.590,0,0
1517942100,8.560,8.570,8.560,8.570,2548,725201
1517942280,8.580,8.570,8.570,8.580,0,0
1517942340,8.570,8.570,8.570,8.570,0,0
1517942400,8.570,8.570,8.570,8.570,9561,727749
1517942460,8.560,8.560,8.560,8.560,0,0
1517942520,8.550,8.550,8.550,8.550,0,0
1517942580,8.550,8.560,8.550,8.560,0,0
1517942640,8.560,8.570,8.560,8.570,0,0
1517942700,8.560,8.560,8.560,8.560,5398,737310
1517942760,8.560,8.570,8.560,8.570,0,0
1517942820,8.570,8.570,8.570,8.570,0,0
1517942880,8.560,8.560,8.560,8.560,0,0
1517943000,8.550,8.550,8.550,8.550,8183,742708
1517943060,8.540,8.540,8.540,8.540,0,0
1517943180,8.530,8.540,8.530,8.540,0,0
1517943240,8.540,8.550,8.540,8.550,0,0
1517943300,8.540,8.540,8.540,8.540,211,750891
1517943420,8.540,8.540,8.540,8.540,0,0
1517943600,8.540,8.540,8.540,8.540,6171,751102
1517943660,8.540,8.540,8.540,8.540,0,0
1517943720,8.550,8.550,8.550,8.550,0,0
1517943780,8.550,8.550,8.550,8.550,0,0
1517943840,8.550,8.550,8.550,8.550,0,0
1517943900,8.550,8.550,8.550,8.550,3032,757273
1517943960,8.550,8.540,8.540,8.550,0,0
1517944140,8.550,8.540,8.540,8.550,0,0
1517944200,8.540,8.550,8.540,8.550,4901,760305
1517944260,8.540,8.550,8.540,8.550,0,0
1517944320,8.560,8.560,8.560,8.560,0,0
1517944380,8.560,8.560,8.560,8.560,0,0
1517944440,8.560,8.560,8.560,8.560,0,0
1517944500,8.550,8.550,8.550,8.550,2094,765206
1517944620,8.550,8.560,8.550,8.560,0,0
1517944680,8.560,8.560,8.560,8.560,0,0
1517944800,8.570,8.570,8.570,8.570,16065,767300
1517944860,8.570,8.580,8.570,8.580,0,0
1517944980,8.590,8.590,8.590,8.590,0,0
1517945040,8.590,8.580,8.580,8.590,0,0
1517945100,8.570,8.570,8.570,8.570,4495,783365
1517945160,8.570,8.580,8.570,8.580,0,0
1517945220,8.570,8.570,8.570,8.570,0,0
1517945280,8.580,8.590,8.580,8.590,0,0
1517945400,8.590,8.590,8.590,8.590,23294,787860
1517945460,8.610,8.600,8.600,8.610,0,0
1517945520,8.610,8.620,8.610,8.620,0,0
1517945580,8.620,8.620,8.620,8.620,0,0
1517945640,8.620,8.630,8.620,8.630,0,0
1517945700,8.640,8.660,8.640,8.660,9101,811154
1517945760,8.660,8.650,8.650,8.660,0,0
1517945880,8.660,8.670,8.660,8.670,0,0
1517945940,8.660,8.660,8.660,8.660,0,0
1517946000,8.660,8.660,8.660,8.660,1977,820255
1517946180,8.670,8.670,8.670,8.670,0,0
1517946240,8.660,8.670,8.660,8.670,0,0
1517946300,8.680,8.690,8.680,8.690,15770,822232
1517946360,8.690,8.690,8.690,8.690,0,0
1517946420,8.700,8.690,8.690,8.700,0,0
1517946480,8.700,8.690,8.690,8.710,0,0
1517946540,8.680,8.680,8.680,8.680,0,0
1517946600,8.690,8.690,8.690,8.690,9063,838002
1517946660,8.690,8.680,8.680,8.690,0,0
1517946720,8.680,8.670,8.670,8.680,0,0
1517946840,8.670,8.670,8.670,8.670,0,0
1517946900,8.670,8.660,8.660,8.670,13817,847065
1517946960,8.670,8.660,8.660,8.670,0,0
1517947020,8.660,8.660,8.660,8.660,0,0
1517947080,8.670,8.680,8.670,8.680,0,0
1517947140,8.670,8.660,8.660,8.670,0,0
1517947200,8.670,8.660,8.660,8.670,10478,860882
1517947260,8.670,8.660,8.660,8.670,0,0
1517947320,8.670,8.660,8.660,8.670,0,0
1517947380,8.650,8.650,8.650,8.650,0,0
1517947440,8.650,8.650,8.650,8.650,0,0
1517947500,8.660,8.650,8.650,8.660,19278,871360
1517947560,8.660,8.650,8.650,8.660,0,0
1517947620,8.660,8.660,8.660,8.660,0,0
1517947680,8.660,8.660,8.660,8.660,0,0
1517947740,8.660,8.660,8.660,8.660,0,0
1517947800,8.660,8.660,8.660,8.660,6827,890638
1517947920,8.650,8.650,8.650,8.650,0,0
1517947980,8.650,8.650,8.650,8.650,0,0
1517948040,8.650,8.650,8.650,8.650,0,0
1517948100,8.650,8.650,8.650,8.650,10109,897465
1517948160,8.650,8.650,8.650,8.650,0,0
1517948220,8.650,8.650,8.650,8.650,0,0
1517948280,8.650,8.650,8.650,8.650,0,0
1517948340,8.650,8.640,8.640,8.650,0,0
1517948400,8.640,8.650,8.640,8.650,22046,907574
1517948460,8.650,8.650,8.650,8.650,0,0
1517948520,8.650,8.650,8.650,8.650,0,0
1517948580,8.650,8.630,8.630,8.650,0,0
1517948640,8.630,8.630,8.630,8.630,0,0
1517948700,8.630,8.640,8.630,8.640,15620,929620
1517948760,8.640,8.640,8.640,8.640,0,0
1517948820,8.630,8.630,8.630,8.630,0,0
1517948880,8.630,8.630,8.630,8.630,0,0
1517948940,8.630,8.630,8.630,8.630,0,0
1517949000,8.630,8.630,8.630,8.630,16385,945240
1517949060,8.630,8.620,8.620,8.630,0,0
1517949120,8.620,8.620,8.620,8.620,0,0
1517949180,8.620,8.620,8.620,8.620,0,0
1517949240,8.620,8.620,8.620,8.620,0,0
1517949300,8.620,8.610,8.610,8.620,17726,961625
1517949360,8.620,8.620,8.620,8.620,0,0
1517949420,8.620,8.620,8.620,8.620,0,0
1517949480,8.620,8.620,8.620,8.620,0,0
1517949540,8.620,8.630,8.620,8.630,0,0
1517949600,8.620,8.630,8.620,8.630,15139,979351
1517949660,8.620,8.630,8.620,8.630,0,0
1517949720,8.630,8.620,8.620,8.630,0,0
1517949780,8.630,8.620,8.620,8.630,0,0
1517949840,8.630,8.620,8.620,8.630,0,0
1517949900,8.620,8.630,8.620,8.630,22790,994490
1517949960,8.630,8.620,8.620,8.630,0,0
1517950020,8.620,8.630,8.620,8.630,0,0
1517950080,8.630,8.600,8.600,8.630,0,0
1517950140,8.600,8.590,8.590,8.600,0,0
1517950200,8.590,8.600,8.590,8.600,55687,1017280
1517950260,8.580,8.570,8.570,8.580,0,0
1517950320,8.570,8.560,8.560,8.570,0,0
1517950380,8.560,8.570,8.560,8.570,0,0
1517950440,8.560,8.540,8.540,8.560,0,0
1517950500,8.540,8.530,8.530,8.540,123082,1072967
1517950560,8.540,8.540,8.540,8.540,0,0
1517950620,8.540,8.530,8.530,8.540,0,0
1517950680,8.540,8.530,8.530,8.540,0,0
1517950740,8.540,8.530,8.530,8.540,0,0
1518013800,8.480,8.460,8.460,8.480,14873,0
1518013860,8.430,8.410,8.410,8.430,0,0
1518013980,8.420,8.410,8.400,8.420,0,0
1518014040,8.410,8.410,8.410,8.410,0,0
1518014100,8.460,8.460,8.460,8.460,4830,14873
1518014160,8.480,8.490,8.480,8.490,0,0
1518014220,8.520,8.520,8.520,8.520,0,0
1518014280,8.540,8.540,8.540,8.540,0,0
1518014400,8.540,8.570,8.540,8.570,5047,19703
1518014460,8.540,8.570,8.540,8.570,0,0
1518014520,8.580,8.560,8.560,8.580,0,0
1518014580,8.560,8.560,8.560,8.560,0,0
1518014700,8.590,8.600,8.590,8.600,3611,24750
1518014760,8.600,8.600,8.600,8.600,0,0
1518014820,8.580,8.570,8.570,8.580,0,0
1518014940,8.560,8.560,8.560,8.560,0,0
1518015000,8.550,8.560,8.550,8.560,4598,28361
1518015060,8.550,8.560,8.550,8.560,0,0
1518015180,8.590,8.590,8.590,8.590,0,0
1518015240,8.610,8.610,8.610,8.610,0,0
1518015300,8.610,8.620,8.610,8.620,6928,32959
1518015360,8.610,8.620,8.610,8.620,0,0
1518015480,8.610,8.610,8.610,8.610,0,0
1518015540,8.610,8.610,8.610,8.610,0,0
1518015600,8.610,8.590,8.590,8.610,13407,39887
1518015660,8.590,8.590,8.590,8.590,0,0
1518015780,8.560,8.560,8.560,8.560,0,0
1518015900,8.560,8.560,8.560,8.560,200,53294
1518015960,8.560,8.560,8.560,8.560,0,0
1518016020,8.560,8.560,8.560,8.560,0,0
1518016140,8.560,8.560,8.560,8.560,0,0
1518016200,8.560,8.550,8.550,8.560,2201,53494
1518016320,8.540,8.540,8.540,8.540,0,0
1518016500,8.530,8.530,8.530,8.530,1558,55695
1518016560,8.530,8.530,8.530,8.530,0,0
1518016620,8.520,8.520,8.520,8.520,0,0
1518016800,8.510,8.510,8.510,8.510,4517,57253
1518016860,8.510,8.500,8.500,8.510,0,0
1518016980,8.480,8.480,8.480,8.480,0,0
1518017400,8.470,8.470,8.470,8.470,5833,61770
1518017460,8.460,8.460,8.460,8.460,0,0
1518017580,8.450,8.450,8.450,8.450,0,0
1518017700,8.450,8.450,8.450,8.450,2319,67603
1518017820,8.450,8.440,8.440,8.450,0,0
1518017880,8.450,8.450,8.450,8.450,0,0
1518018000,8.450,8.450,8.450,8.450,7904,69922
1518018060,8.450,8.450,8.450,8.450,0,0
1518018120,8.460,8.460,8.460,8.460,0,0
1518018180,8.450,8.450,8.450,8.450,0,0
1518018240,8.450,8.450,8.450,8.450,0,0
1518018300,8.450,8.450,8.450,8.450,8406,77826
1518018360,8.450,8.450,8.450,8.450,0,0
1518018420,8.460,8.460,8.460,8.460,0,0
1518018600,8.460,8.460,8.460,8.460,605,86232
1518018660,8.460,8.460,8.460,8.460,0,0
1518018720,8.460,8.460,8.460,8.460,0,0
1518018780,8.460,8.460,8.460,8.460,0,0
1518018900,8.460,8.460,8.460,8.460,1666,86837
1518019140,8.460,8.460,8.460,8.460,0,0
1518019200,8.460,8.460,8.460,8.460,805,88503
1518019380,8.460,8.460,8.460,8.460,0,0
1518019500,8.460,8.460,8.460,8.460,810,89308
1518019560,8.460,8.460,8.460,8.460,0,0
1518019680,8.460,8.460,8.460,8.460,0,0
1518019740,8.460,8.460,8.460,8.460,0,0
1518019800,8.460,8.460,8.460,8.460,2602,90118
1518019860,8.460,8.460,8.460,8.460,0,0
1518019920,8.460,8.460,8.460,8.460,0,0
1518019980,8.470,8.460,8.460,8.470,0,0
1518020040,8.460,8.460,8.460,8.460,0,0
1518020100,8.460,8.460,8.460,8.460,2815,92720
1518020220,8.460,8.460,8.460,8.460,0,0
1518020400,8.460,8.460,8.460,8.460,101,95535
1518020520,8.460,8.460,8.460,8.460,0,0
1518020580,8.460,8.460,8.460,8.460,0,0
1518020640,8.460,8.460,8.460,8.460,0,0
1518020700,8.460,8.460,8.460,8.460,14281,95636
1518020820,8.460,8.460,8.460,8.460,0,0
1518020940,8.450,8.450,8.450,8.450,0,0
1518021000,8.450,8.440,8.440,8.450,6135,109917
1518021060,8.450,8.440,8.440,8.450,0,0
1518021180,8.450,8.450,8.450,8.450,0,0
1518021300,8.450,8.450,8.450,8.450,5098,116052
1518021420,8.450,8.450,8.450,8.450,0,0
1518021480,8.450,8.440,8.440,8.450,0,0
1518021540,8.450,8.450,8.450,8.450,0,0
1518021600,8.450,8.450,8.450,8.450,4330,121150
1518021660,8.450,8.440,8.440,8.450,0,0
1518021780,8.450,8.450,8.450,8.450,0,0
1518021840,8.450,8.450,8.450,8.450,0,0
1518021900,8.450,8.450,8.450,8.450,3731,125480
1518022020,8.440,8.450,8.440,8.450,0,0
1518022140,8.450,8.450,8.450,8.450,0,0
1518022200,8.440,8.440,8.440,8.440,4231,129211
1518022260,8.440,8.440,8.440,8.440,0,0
1518022380,8.440,8.440,8.440,8.440,0,0
1518022500,8.430,8.430,8.430,8.430,5018,133442
1518022620,8.430,8.430,8.430,8.430,0,0
1518022680,8.430,8.430,8.430,8.430,0,0
1518022740,8.420,8.420,8.420,8.420,0,0
1518022800,8.430,8.430,8.430,8.430,4010,138460
1518023040,8.430,8.430,8.430,8.430,0,0
1518023100,8.430,8.430,8.430,8.430,405,142470
1518023220,8.430,8.430,8.430,8.430,0,0
1518023400,8.420,8.420,8.420,8.420,610,142875
1518023460,8.420,8.420,8.420,8.420,0,0
1518023520,8.430,8.430,8.430,8.430,0,0
1518023640,8.430,8.430,8.430,8.430,0,0
1518023700,8.430,8.430,8.430,8.430,4422,143485
1518023760,8.430,8.430,8.430,8.430,0,0
1518024000,8.430,8.430,8.430,8.430,505,147907
1518024060,8.430,8.430,8.430,8.430,0,0
1518024120,8.430,8.430,8.430,8.430,0,0
1518024300,8.430,8.430,8.430,8.430,1800,148412
1518024540,8.430,8.430,8.430,8.430,0,0
1518024600,8.420,8.420,8.420,8.420,2428,150212
1518024660,8.420,8.420,8.420,8.420,0,0
1518024780,8.430,8.420,8.420,8.430,0,0
1518024840,8.430,8.430,8.430,8.430,0,0
1518024900,8.430,8.430,8.430,8.430,1809,152640
1518024960,8.430,8.420,8.420,8.430,0,0
1518025020,8.430,8.430,8.430,8.430,0,0
1518025080,8.420,8.420,8.420,8.420,0,0
1518025140,8.420,8.420,8.420,8.420,0,0
1518025200,8.420,8.410,8.410,8.420,14573,154449
1518025260,8.410,8.410,8.410,8.410,0,0
1518025320,8.410,8.410,8.410,8.410,0,0
1518025500,8.410,8.400,8.400,8.410,2416,169022
1518025620,8.410,8.400,8.400,8.410,0,0
1518025680,8.400,8.400,8.400,8.400,0,0
1518025740,8.400,8.400,8.400,8.400,0,0
1518025800,8.400,8.400,8.400,8.400,2003,171438
1518025920,8.400,8.400,8.400,8.400,0,0
1518025980,8.410,8.410,8.410,8.410,0,0
1518026100,8.400,8.400,8.400,8.400,632,173441
1518026280,8.400,8.400,8.400,8.400,0,0
1518026340,8.400,8.400,8.400,8.400,0,0
1518026400,8.410,8.400,8.400,8.410,17963,174073
1518026460,8.400,8.400,8.400,8.400,0,0
1518026580,8.390,8.380,8.380,8.390,0,0
1518026640,8.380,8.380,8.380,8.380,0,0
1518026700,8.380,8.380,8.380,8.380,8040,192036
1518026760,8.380,8.370,8.370,8.380,0,0
1518026820,8.380,8.370,8.370,8.380,0,0
1518026880,8.380,8.380,8.380,8.380,0,0
1518027000,8.380,8.380,8.380,8.380,6340,200076
1518027120,8.370,8.370,8.370,8.370,0,0
1518027180,8.370,8.370,8.370,8.370,0,0
1518027240,8.370,8.360,8.360,8.370,0,0
1518027300,8.360,8.360,8.360,8.360,1403,206416
1518027360,8.360,8.360,8.360,8.360,0,0
1518027540,8.360,8.360,8.360,8.360,0,0
1518027600,8.370,8.370,8.370,8.370,9483,207819
1518027660,8.360,8.360,8.360,8.360,0,0
1518027720,8.360,8.360,8.360,8.360,0,0
1518027780,8.350,8.340,8.340,8.350,0,0
1518027840,8.350,8.350,8.350,8.350,0,0
1518027900,8.350,8.350,8.350,8.350,1810,217302
1518027960,8.350,8.350,8.350,8.350,0,0
1518028020,8.360,8.350,8.350,8.360,0,0
1518028140,8.360,8.360,8.360,8.360,0,0
1518028200,8.360,8.360,8.360,8.360,200,219112
1518028260,8.360,8.360,8.360,8.360,0,0
1518028320,8.360,8.360,8.360,8.360,0,0
1518028380,8.360,8.360,8.360,8.360,0,0
1518028440,8.360,8.360,8.360,8.360,0,0
1518028500,8.350,8.360,8.350,8.360,3809,219312
1518028560,8.360,8.360,8.360,8.360,0,0
1518028620,8.360,8.350,8.350,8.360,0,0
1518028680,8.360,8.360,8.360,8.360,0,0
1518028740,8.360,8.360,8.360,8.360,0,0
1518028800,8.360,8.360,8.360,8.360,5732,223121
1518028920,8.360,8.360,8.360,8.360,0,0
1518028980,8.370,8.360,8.360,8.370,0,0
1518029100,8.370,8.360,8.360,8.370,7190,228853
1518029160,8.360,8.360,8.360,8.360,0,0
1518029340,8.360,8.350,8.350,8.360,0,0
1518029400,8.350,8.360,8.350,8.360,12359,236043
1518029460,8.360,8.360,8.360,8.360,0,0
1518029580,8.350,8.350,8.350,8.350,0,0
1518029640,8.360,8.360,8.360,8.360,0,0
1518029700,8.370,8.370,8.370,8.370,14393,248402
1518029820,8.370,8.360,8.360,8.370,0,0
1518029880,8.370,8.370,8.370,8.370,0,0
1518029940,8.370,8.360,8.360,8.370,0,0
1518030000,8.370,8.370,8.370,8.370,9704,262795
1518030060,8.370,8.370,8.370,8.370,0,0
1518030120,8.370,8.370,8.370,8.370,0,0
1518030180,8.360,8.360,8.360,8.360,0,0
1518030240,8.360,8.360,8.360,8.360,0,0
1518030300,8.370,8.360,8.360,8.370,758,272499
1518030360,8.370,8.360,8.360,8.370,0,0
1518030420,8.370,8.370,8.370,8.370,0,0
1518030480,8.360,8.360,8.360,8.360,0,0
1518030600,8.370,8.360,8.360,8.370,12395,273257
1518030660,8.360,8.370,8.360,8.370,0,0
1518030720,8.360,8.370,8.360,8.370,0,0
1518030780,8.370,8.360,8.360,8.370,0,0
1518030840,8.370,8.360,8.360,8.370,0,0
1518030900,8.360,8.360,8.360,8.360,2317,285652
1518030960,8.360,8.360,8.360,8.360,0,0
1518031020,8.360,8.360,8.360,8.360,0,0
1518031080,8.360,8.370,8.360,8.370,0,0
1518031140,8.360,8.370,8.360,8.370,0,0
1518031200,8.370,8.370,8.370,8.370,7894,287969
1518031260,8.370,8.370,8.370,8.370,0,0
1518031320,8.370,8.370,8.370,8.370,0,0
1518031380,8.360,8.370,8.360,8.370,0,0
1518031440,8.370,8.370,8.370,8.370,0,0
1518031500,8.360,8.370,8.360,8.370,9078,295863
1518031560,8.380,8.390,8.380,8.390,0,0
1518031620,8.390,8.390,8.390,8.390,0,0
1518031680,8.390,8.390,8.390,8.390,0,0
1518031800,8.390,8.390,8.390,8.390,15493,304941
1518031860,8.400,8.400,8.400,8.400,0,0
1518031920,8.420,8.410,8.410,8.420,0,0
1518031980,8.420,8.420,8.420,8.420,0,0
1518032040,8.420,8.430,8.420,8.430,0,0
1518032100,8.430,8.430,8.430,8.430,7574,320434
1518032160,8.440,8.440,8.440,8.440,0,0
1518032220,8.430,8.430,8.430,8.430,0,0
1518032280,8.430,8.430,8.430,8.430,0,0
1518032340,8.430,8.430,8.430,8.430,0,0
1518032400,8.420,8.430,8.420,8.430,7394,328008
1518032580,8.420,8.430,8.420,8.430,0,0
1518032700,8.420,8.420,8.420,8.420,9669,335402
1518032880,8.420,8.420,8.420,8.420,0,0
1518032940,8.420,8.410,8.410,8.420,0,0
1518033000,8.400,8.410,8.400,8.410,25877,345071
1518033060,8.400,8.400,8.400,8.400,0,0
1518033120,8.400,8.400,8.400,8.400,0,0
1518033180,8.400,8.420,8.400,8.420,0,0
1518033240,8.430,8.440,8.430,8.440,0,0
1518033300,8.440,8.430,8.430,8.440,23612,370948
1518033420,8.430,8.430,8.430,8.430,0,0
1518033480,8.430,8.440,8.430,8.440,0,0
1518033540,8.450,8.460,8.450,8.470,0,0
1518033600,8.460,8.460,8.460,8.460,6639,394560
1518033660,8.460,8.460,8.460,8.460,0,0
1518033720,8.460,8.460,8.460,8.460,0,0
1518033780,8.470,8.460,8.460,8.470,0,0
1518033840,8.470,8.470,8.470,8.470,0,0
1518033900,8.480,8.470,8.470,8.480,6561,401199
1518033960,8.470,8.470,8.470,8.470,0,0
1518034020,8.480,8.470,8.470,8.480,0,0
1518034080,8.470,8.470,8.470,8.470,0,0
1518034200,8.470,8.470,8.470,8.470,9824,407760
1518034320,8.470,8.470,8.470,8.470,0,0
1518034440,8.470,8.470,8.470,8.470,0,0
1518034500,8.470,8.480,8.470,8.480,21235,417584
1518034560,8.490,8.500,8.490,8.500,0,0
1518034620,8.500,8.490,8.490,8.500,0,0
1518034680,8.500,8.500,8.500,8.500,0,0
1518034740,8.500,8.490,8.490,8.500,0,0
1518034800,8.500,8.500,8.500,8.500,1120,438819
1518034860,8.500,8.500,8.500,8.500,0,0
1518034920,8.500,8.500,8.500,8.500,0,0
1518034980,8.500,8.500,8.500,8.500,0,0
1518035040,8.500,8.500,8.500,8.500,0,0
1518035100,8.500,8.490,8.490,8.500,22864,439939
1518035160,8.500,8.510,8.500,8.510,0,0
1518035220,8.510,8.520,8.510,8.520,0,0
1518035280,8.510,8.500,8.500,8.520,0,0
1518035340,8.500,8.490,8.490,8.500,0,0
1518035400,8.490,8.490,8.490,8.490,11576,462803
1518035460,8.490,8.490,8.490,8.490,0,0
1518035520,8.490,8.480,8.480,8.490,0,0
1518035580,8.480,8.490,8.480,8.490,0,0
1518035640,8.490,8.490,8.490,8.490,0,0
1518035700,8.490,8.490,8.490,8.490,15751,474379
1518035760,8.490,8.490,8.490,8.490,0,0
1518035820,8.500,8.490,8.490,8.500,0,0
1518035880,8.490,8.490,8.490,8.490,0,0
1518035940,8.490,8.490,8.490,8.490,0,0
1518036000,8.490,8.490,8.490,8.490,11458,490130
1518036060,8.490,8.500,8.490,8.500,0,0
1518036120,8.500,8.490,8.490,8.500,0,0
1518036180,8.500,8.490,8.490,8.500,0,0
1518036240,8.490,8.500,8.490,8.500,0,0
1518036300,8.490,8.500,8.490,8.500,37410,501588
1518036360,8.490,8.480,8.480,8.500,0,0
1518036420,8.470,8.470,8.470,8.470,0,0
1518036480,8.470,8.470,8.470,8.470,0,0
1518036540,8.470,8.470,8.470,8.470,0,0
1518036600,8.470,8.480,8.470,8.480,25150,538998
1518036660,8.470,8.480,8.470,8.480,0,0
1518036720,8.470,8.480,8.470,8.480,0,0
1518036780,8.480,8.480,8.480,8.480,0,0
1518036840,8.470,8.480,8.470,8.480,0,0
1518036900,8.480,8.460,8.460,8.480,43694,564148
1518036960,8.460,8.450,8.450,8.460,0,0
1518037020,8.460,8.450,8.450,8.460,0,0
1518037080,8.460,8.470,8.460,8.470,0,0
1518037140,8.470,8.460,8.460,8.470,0,0
1518100200,8.490,8.490,8.490,8.490,0,0
1518100500,8.490,8.490,8.490,8.490,8816,0
1518100560,8.490,8.490,8.490,8.490,0,0
1518100740,8.480,8.490,8.450,8.490,0,0
1518100800,8.500,8.510,8.500,8.510,16908,8816
1518100860,8.500,8.500,8.500,8.500,0,0
1518100920,8.500,8.500,8.500,8.500,0,0
1518100980,8.500,8.500,8.500,8.500,0,0
1518101040,8.510,8.500,8.500,8.510,0,0
1518101100,8.500,8.500,8.500,8.500,4879,25724
1518101160,8.500,8.500,8.500,8.500,0,0
1518101220,8.500,8.510,8.500,8.510,0,0
1518101280,8.500,8.500,8.500,8.500,0,0
1518101340,8.500,8.500,8.500,8.500,0,0
1518101400,8.500,8.500,8.500,8.500,9981,30603
1518101460,8.500,8.490,8.490,8.500,0,0
1518101520,8.500,8.490,8.490,8.500,0,0
1518101580,8.490,8.490,8.490,8.490,0,0
1518101640,8.500,8.500,8.500,8.500,0,0
1518101700,8.500,8.490,8.490,8.500,2703,40584
1518101760,8.490,8.500,8.490,8.500,0,0
1518101820,8.490,8.490,8.490,8.490,0,0
1518102000,8.480,8.470,8.470,8.480,20353,43287
1518102060,8.470,8.470,8.470,8.470,0,0
1518102120,8.470,8.470,8.470,8.470,0,0
1518102180,8.480,8.490,8.480,8.490,0,0
1518102240,8.500,8.490,8.480,8.500,0,0
1518102300,8.480,8.490,8.480,8.490,4390,63640
1518102360,8.500,8.500,8.500,8.500,0,0
1518102420,8.490,8.490,8.490,8.490,0,0
1518102480,8.480,8.490,8.480,8.490,0,0
1518102540,8.490,8.490,8.490,8.490,0,0
1518102600,8.480,8.490,8.480,8.490,3868,68030
1518102660,8.490,8.480,8.480,8.490,0,0
1518102720,8.480,8.490,8.480,8.490,0,0
1518102780,8.480,8.490,8.480,8.490,0,0
1518102900,8.490,8.490,8.490,8.490,3029,71898
1518102960,8.490,8.490,8.490,8.490,0,0
1518103020,8.480,8.490,8.480,8.490,0,0
1518103080,8.480,8.480,8.480,8.480,0,0
1518103140,8.480,8.470,8.470,8.480,0,0
1518103200,8.470,8.460,8.460,8.470,3014,74927
1518103260,8.470,8.460,8.460,8.470,0,0
1518103320,8.460,8.460,8.460,8.460,0,0
1518103380,8.460,8.450,8.450,8.460,0,0
1518103440,8.460,8.460,8.460,8.460,0,0
1518103500,8.460,8.460,8.460,8.460,1950,77941
1518103560,8.460,8.460,8.460,8.460,0,0
1518103680,8.450,8.450,8.450,8.450,0,0
1518103740,8.450,8.450,8.450,8.450,0,0
1518103800,8.440,8.460,8.440,8.460,3402,79891
1518103860,8.460,8.450,8.450,8.460,0,0
1518103920,8.460,8.460,8.460,8.460,0,0
1518103980,8.460,8.460,8.460,8.460,0,0
1518104040,8.450,8.450,8.450,8.450,0,0
1518104100,8.460,8.450,8.450,8.460,7991,83293
1518104220,8.440,8.440,8.440,8.440,0,0
1518104280,8.440,8.450,8.440,8.450,0,0
1518104340,8.450,8.460,8.450,8.460,0,0
1518104400,8.460,8.460,8.460,8.460,6329,91284
1518104460,8.480,8.480,8.480,8.480,0,0
1518104520,8.480,8.480,8.480,8.480,0,0
1518104700,8.460,8.460,8.460,8.460,2532,97613
1518104820,8.460,8.460,8.460,8.460,0,0
1518104880,8.470,8.470,8.470,8.470,0,0
1518105000,8.460,8.460,8.460,8.460,8963,100145
1518105060,8.450,8.450,8.450,8.450,0,0
1518105120,8.450,8.450,8.450,8.450,0,0
1518105240,8.450,8.450,8.450,8.450,0,0
1518105300,8.450,8.440,8.440,8.450,9152,109108
1518105360,8.450,8.460,8.450,8.460,0,0
1518105480,8.460,8.460,8.460,8.460,0,0
1518105540,8.460,8.460,8.460,8.460,0,0
1518105600,8.460,8.460,8.460,8.460,3259,118260
1518105720,8.470,8.490,8.470,8.490,0,0
1518105780,8.480,8.480,8.480,8.480,0,0
1518105900,8.480,8.470,8.470,8.480,4100,121519
1518105960,8.480,8.470,8.470,8.480,0,0
1518106020,8.470,8.470,8.470,8.470,0,0
1518106080,8.470,8.470,8.470,8.470,0,0
1518106140,8.460,8.460,8.460,8.460,0,0
1518106200,8.450,8.450,8.450,8.450,2210,125619
1518106260,8.440,8.440,8.440,8.440,0,0
1518106320,8.440,8.440,8.440,8.440,0,0
1518106380,8.430,8.430,8.430,8.430,0,0
1518106440,8.420,8.420,8.420,8.420,0,0
1518106500,8.420,8.420,8.420,8.420,4485,127829
1518106560,8.400,8.400,8.400,8.400,0,0
1518106620,8.400,8.400,8.400,8.400,0,0
1518106680,8.410,8.400,8.400,8.410,0,0
1518106740,8.400,8.400,8.400,8.400,0,0
1518106800,8.400,8.400,8.400,8.400,19595,132314
1518106860,8.400,8.400,8.400,8.400,0,0
1518106920,8.400,8.400,8.400,8.400,0,0
1518106980,8.400,8.400,8.400,8.400,0,0
1518107040,8.390,8.380,8.380,8.390,0,0
1518107100,8.400,8.400,8.400,8.400,3392,151909
1518107160,8.390,8.390,8.390,8.390,0,0
1518107280,8.390,8.390,8.390,8.390,0,0
1518107340,8.380,8.380,8.380,8.380,0,0
1518107400,8.380,8.380,8.380,8.380,982,155301
1518107460,8.380,8.380,8.380,8.380,0,0
1518107520,8.370,8.360,8.360,8.370,0,0
1518107580,8.380,8.380,8.380,8.380,0,0
1518107700,8.400,8.400,8.400,8.400,4665,156283
1518107880,8.390,8.400,8.390,8.400,0,0
1518107940,8.400,8.400,8.400,8.400,0,0
1518108000,8.400,8.400,8.400,8.400,4788,160948
1518108120,8.380,8.360,8.360,8.380,0,0
1518108180,8.370,8.370,8.370,8.370,0,0
1518108240,8.380,8.380,8.380,8.380,0,0
1518108300,8.360,8.360,8.360,8.360,2993,165736
1518108360,8.370,8.370,8.370,8.370,0,0
1518108480,8.370,8.360,8.360,8.370,0,0
1518108600,8.390,8.400,8.390,8.400,20091,168729
1518108660,8.400,8.400,8.400,8.400,0,0
1518108720,8.420,8.410,8.410,8.420,0,0
1518108780,8.400,8.400,8.400,8.400,0,0
1518108840,8.420,8.410,8.410,8.420,0,0
1518108900,8.440,8.450,8.440,8.450,16025,188820
1518108960,8.450,8.450,8.450,8.450,0,0
1518109020,8.440,8.440,8.440,8.440,0,0
1518109080,8.450,8.450,8.450,8.450,0,0
1518109140,8.450,8.450,8.450,8.450,0,0
1518109200,8.440,8.450,8.440,8.450,14477,204845
1518109260,8.460,8.470,8.460,8.470,0,0
1518109320,8.470,8.460,8.460,8.470,0,0
1518109380,8.450,8.470,8.450,8.470,0,0
1518109440,8.460,8.460,8.460,8.460,0,0
1518109500,8.460,8.460,8.460,8.460,11252,219322
1518109560,8.460,8.450,8.450,8.460,0,0
1518109620,8.450,8.450,8.450,8.450,0,0
1518109680,8.450,8.450,8.450,8.450,0,0
1518109740,8.450,8.450,8.450,8.450,0,0
1518109800,8.450,8.450,8.450,8.450,14931,230574
1518109860,8.460,8.460,8.460,8.460,0,0
1518109920,8.450,8.450,8.450,8.450,0,0
1518109980,8.450,8.450,8.450,8.450,0,0
1518110040,8.450,8.440,8.440,8.450,0,0
1518110100,8.450,8.460,8.450,8.460,43270,245505
1518110160,8.460,8.470,8.460,8.470,0,0
1518110220,8.460,8.460,8.460,8.460,0,0
1518110280,8.450,8.450,8.450,8.450,0,0
1518110400,8.450,8.450,8.450,8.450,25822,288775
1518110460,8.450,8.440,8.440,8.450,0,0
1518110520,8.420,8.420,8.420,8.420,0,0
1518110580,8.410,8.410,8.410,8.410,0,0
1518110640,8.420,8.400,8.400,8.420,0,0
1518110700,8.410,8.420,8.410,8.420,18630,314597
1518110760,8.420,8.420,8.420,8.420,0,0
1518110820,8.410,8.410,8.410,8.410,0,0
1518110940,8.420,8.420,8.420,8.420,0,0
1518111000,8.420,8.430,8.420,8.430,8953,333227
1518111060,8.430,8.430,8.430,8.430,0,0
1518111120,8.420,8.420,8.420,8.420,0,0
1518111180,8.410,8.410,8.410,8.410,0,0
1518111240,8.410,8.420,8.410,8.420,0,0
1518111300,8.420,8.420,8.420,8.420,10178,342180
1518111360,8.430,8.430,8.430,8.430,0,0
1518111420,8.430,8.420,8.420,8.430,0,0
1518111480,8.420,8.420,8.420,8.420,0,0
1518111540,8.410,8.410,8.410,8.410,0,0
1518111600,8.410,8.410,8.410,8.410,9254,352358
1518111660,8.420,8.430,8.420,8.430,0,0
1518111780,8.430,8.430,8.430,8.430,0,0
1518111840,8.420,8.420,8.420,8.420,0,0
1518111900,8.420,8.410,8.410,8.420,9661,361612
1518111960,8.420,8.410,8.410,8.420,0,0
1518112020,8.400,8.400,8.400,8.400,0,0
1518112080,8.400,8.400,8.400,8.400,0,0
1518112140,8.400,8.400,8.400,8.400,0,0
1518112200,8.400,8.400,8.400,8.400,20797,371273
1518112260,8.400,8.400,8.400,8.400,0,0
1518112320,8.400,8.400,8.400,8.400,0,0
1518112380,8.400,8.370,8.370,8.400,0,0
1518112440,8.370,8.380,8.370,8.380,0,0
1518112500,8.370,8.370,8.370,8.370,9737,392070
1518112560,8.360,8.340,8.340,8.360,0,0
1518112620,8.350,8.360,8.350,8.360,0,0
1518112680,8.360,8.350,8.350,8.360,0,0
1518112740,8.360,8.370,8.360,8.370,0,0
1518112800,8.350,8.370,8.350,8.370,6920,401807
1518112860,8.360,8.360,8.360,8.360,0,0
1518112920,8.360,8.350,8.350,8.360,0,0
1518112980,8.350,8.350,8.350,8.350,0,0
1518113100,8.330,8.330,8.330,8.330,2987,408727
1518113220,8.330,8.330,8.330,8.330,0,0
1518113280,8.340,8.350,8.340,8.350,0,0
1518113340,8.350,8.350,8.350,8.350,0,0
1518113400,8.350,8.340,8.340,8.350,2700,411714
1518113580,8.350,8.340,8.340,8.350,0,0
1518113640,8.330,8.330,8.330,8.330,0,0
1518113700,8.340,8.350,8.340,8.350,6111,414414
1518113760,8.370,8.370,8.370,8.370,0,0
1518113820,8.380,8.390,8.380,8.390,0,0
1518113880,8.390,8.390,8.390,8.390,0,0
1518113940,8.390,8.390,8.390,8.390,0,0
1518114000,8.390,8.400,8.390,8.400,15042,420525
1518114060,8.410,8.420,8.410,8.420,0,0
1518114120,8.420,8.420,8.420,8.420,0,0
1518114180,8.410,8.430,8.410,8.430,0,0
1518114240,8.430,8.440,8.430,8.440,0,0
1518114300,8.450,8.440,8.440,8.450,12077,435567
1518114360,8.440,8.440,8.440,8.440,0,0
1518114420,8.430,8.430,8.430,8.430,0,0
1518114480,8.420,8.420,8.420,8.420,0,0
1518114540,8.420,8.430,8.420,8.430,0,0
1518114600,8.420,8.420,8.420,8.420,5286,447644
1518114660,8.430,8.430,8.430,8.430,0,0
1518114840,8.430,8.430,8.430,8.430,0,0
1518114900,8.430,8.430,8.430,8.430,10645,452930
1518114960,8.430,8.430,8.430,8.430,0,0
1518115020,8.430,8.440,8.430,8.440,0,0
1518115140,8.430,8.430,8.430,8.430,0,0
1518115200,8.440,8.430,8.430,8.440,13216,463575
1518115440,8.430,8.420,8.420,8.430,0,0
1518115500,8.420,8.420,8.420,8.420,2679,476791
1518115620,8.420,8.410,8.410,8.420,0,0
1518115680,8.400,8.400,8.400,8.400,0,0
1518115740,8.400,8.400,8.400,8.400,0,0
1518115800,8.410,8.410,8.410,8.410,2771,479470
1518115860,8.410,8.410,8.410,8.410,0,0
1518115920,8.400,8.400,8.400,8.400,0,0
1518115980,8.410,8.400,8.400,8.410,0,0
1518116100,8.400,8.400,8.400,8.400,2511,482241
1518116160,8.390,8.390,8.390,8.390,0,0
1518116280,8.420,8.420,8.420,8.420,0,0
1518116400,8.410,8.410,8.410,8.410,2811,484752
1518116460,8.390,8.390,8.390,8.390,0,0
1518116580,8.400,8.400,8.400,8.400,0,0
1518116640,8.390,8.380,8.380,8.390,0,0
1518116700,8.390,8.390,8.390,8.390,584,487563
1518116880,8.390,8.390,8.390,8.390,0,0
1518117000,8.410,8.410,8.410,8.410,3441,488147
1518117120,8.410,8.410,8.410,8.410,0,0
1518117180,8.410,8.410,8.410,8.410,0,0
1518117300,8.410,8.410,8.410,8.410,3075,491588
1518117360,8.410,8.420,8.410,8.420,0,0
1518117420,8.420,8.430,8.420,8.430,0,0
1518117600,8.390,8.400,8.390,8.400,2346,494663
1518117720,8.390,8.400,8.390,8.400,0,0
1518117780,8.390,8.390,8.390,8.390,0,0
1518117900,8.380,8.400,8.380,8.400,7285,497009
1518117960,8.390,8.400,8.390,8.400,0,0
1518118020,8.380,8.380,8.380,8.380,0,0
1518118080,8.390,8.390,8.390,8.390,0,0
1518118140,8.370,8.380,8.370,8.380,0,0
1518118200,8.380,8.370,8.370,8.380,2779,504294
1518118260,8.360,8.360,8.360,8.360,0,0
1518118320,8.370,8.370,8.370,8.370,0,0
1518118380,8.370,8.370,8.370,8.370,0,0
1518118440,8.370,8.370,8.370,8.370,0,0
1518118500,8.360,8.360,8.360,8.360,5199,507073
1518118560,8.360,8.360,8.360,8.360,0,0
1518118620,8.360,8.370,8.360,8.370,0,0
1518118680,8.380,8.380,8.380,8.380,0,0
1518118740,8.370,8.370,8.370,8.370,0,0
1518118800,8.380,8.380,8.380,8.380,1451,512272
1518119040,8.380,8.380,8.380,8.380,0,0
1518119100,8.380,8.390,8.380,8.390,17973,513723
1518119160,8.380,8.380,8.380,8.380,0,0
1518119280,8.370,8.370,8.370,8.370,0,0
1518119340,8.370,8.360,8.360,8.370,0,0
1518119400,8.360,8.370,8.360,8.370,12422,531696
1518119520,8.370,8.370,8.370,8.370,0,0
1518119580,8.360,8.370,8.360,8.370,0,0
1518119640,8.380,8.380,8.380,8.380,0,0
1518119700,8.380,8.380,8.380,8.380,3708,544118
1518119820,8.380,8.370,8.370,8.380,0,0
1518119880,8.380,8.380,8.380,8.380,0,0
1518119940,8.370,8.370,8.370,8.370,0,0
1518120000,8.380,8.380,8.380,8.380,20053,547826
1518120060,8.380,8.390,8.380,8.390,0,0
1518120180,8.390,8.400,8.390,8.400,0,0
1518120240,8.400,8.400,8.400,8.400,0,0
1518120300,8.400,8.400,8.400,8.400,8494,567879
1518120360,8.400,8.400,8.400,8.400,0,0
1518120480,8.390,8.390,8.390,8.390,0,0
1518120540,8.400,8.390,8.390,8.400,0,0
1518120600,8.390,8.390,8.390,8.390,5220,576373
1518120660,8.390,8.390,8.390,8.390,0,0
1518120720,8.390,8.390,8.390,8.390,0,0
1518120780,8.390,8.390,8.390,8.390,0,0
1518120840,8.380,8.390,8.380,8.390,0,0
1518120900,8.400,8.400,8.400,8.400,6887,581593
1518120960,8.390,8.390,8.390,8.390,0,0
1518121020,8.390,8.400,8.390,8.400,0,0
1518121080,8.390,8.390,8.390,8.390,0,0
1518121140,8.390,8.390,8.390,8.390,0,0
1518121200,8.390,8.390,8.390,8.390,12031,588480
1518121260,8.380,8.390,8.380,8.390,0,0
1518121320,8.400,8.410,8.400,8.410,0,0
1518121380,8.400,8.400,8.400,8.400,0,0
1518121500,8.380,8.390,8.380,8.390,6738,600511
1518121620,8.380,8.390,8.380,8.390,0,0
1518121680,8.400,8.400,8.400,8.400,0,0
1518121740,8.390,8.390,8.390,8.390,0,0
1518121800,8.380,8.380,8.380,8.380,3380,607249
1518121860,8.380,8.380,8.380,8.380,0,0
1518121920,8.380,8.380,8.380,8.380,0,0
1518121980,8.380,8.380,8.380,8.380,0,0
1518122040,8.380,8.390,8.380,8.390,0,0
1518122100,8.380,8.380,8.380,8.380,23818,610629
1518122160,8.380,8.370,8.370,8.380,0,0
1518122220,8.380,8.360,8.360,8.380,0,0
1518122280,8.360,8.360,8.360,8.360,0,0
1518122400,8.350,8.360,8.350,8.360,17303,634447
1518122460,8.360,8.360,8.360,8.360,0,0
1518122520,8.360,8.350,8.350,8.360,0,0
1518122580,8.350,8.360,8.350,8.360,0,0
1518122640,8.340,8.370,8.340,8.370,0,0
1518122700,8.360,8.350,8.350,8.360,24793,651750
1518122820,8.340,8.340,8.340,8.340,0,0
1518122880,8.340,8.340,8.340,8.340,0,0
1518122940,8.340,8.340,8.340,8.340,0,0
1518123000,8.350,8.350,8.350,8.350,17123,676543
1518123060,8.340,8.330,8.330,8.340,0,0
1518123120,8.330,8.330,8.330,8.330,0,0
1518123180,8.330,8.330,8.330,8.330,0,0
1518123240,8.320,8.340,8.320,8.340,0,0
1518123300,8.330,8.330,8.330,8.330,33647,693666
1518123360,8.320,8.310,8.310,8.320,0,0
1518123420,8.310,8.310,8.310,8.310,0,0
1518123480,8.310,8.300,8.300,8.310,0,0
1518123540,8.300,8.310,8.300,8.310,0,0
1518186600,8.370,8.360,8.350,8.370,5763,0
1518186660,8.360,8.360,8.360,8.360,0,0
1518186900,8.350,8.360,8.350,8.370,11359,5763
1518186960,8.350,8.350,8.350,8.350,0,0
1518187020,8.340,8.330,8.330,8.340,0,0
1518187080,8.330,8.290,8.290,8.330,0,0
1518187140,8.290,8.280,8.280,8.290,0,0
1518187200,8.270,8.270,8.270,8.270,362,17122
1518187380,8.290,8.290,8.290,8.290,0,0
1518187440,8.290,8.290,8.290,8.290,0,0
1518187500,8.300,8.290,8.290,8.300,9892,17484
1518187560,8.290,8.290,8.290,8.290,0,0
1518187680,8.320,8.290,8.290,8.320,0,0
1518187800,8.290,8.290,8.290,8.290,1826,27376
1518187920,8.290,8.290,8.290,8.290,0,0
1518188040,8.310,8.310,8.310,8.310,0,0
1518188100,8.340,8.340,8.340,8.340,6004,29202
1518188160,8.340,8.340,8.340,8.340,0,0
1518188220,8.330,8.330,8.330,8.330,0,0
1518188340,8.310,8.310,8.310,8.310,0,0
1518188400,8.300,8.300,8.300,8.300,2014,35206
1518188580,8.300,8.300,8.300,8.300,0,0
1518188700,8.280,8.280,8.280,8.280,1780,37220
1518188820,8.280,8.280,8.280,8.280,0,0
1518188940,8.290,8.290,8.290,8.290,0,0
1518189000,8.300,8.300,8.300,8.300,8299,39000
1518189120,8.300,8.300,8.300,8.300,0,0
1518189180,8.300,8.310,8.300,8.310,0,0
1518189240,8.330,8.330,8.330,8.330,0,0
1518189300,8.320,8.320,8.320,8.320,4070,47299
1518189360,8.320,8.320,8.320,8.320,0,0
1518189420,8.330,8.340,8.330,8.340,0,0
1518189540,8.330,8.330,8.330,8.330,0,0
1518189600,8.320,8.320,8.320,8.320,6456,51369
1518189660,8.320,8.320,8.320,8.320,0,0
1518189720,8.310,8.320,8.310,8.320,0,0
1518189780,8.320,8.320,8.320,8.320,0,0
1518189840,8.320,8.320,8.320,8.320,0,0
1518189900,8.300,8.300,8.300,8.300,10966,57825
1518189960,8.300,8.300,8.300,8.300,0,0
1518190020,8.310,8.300,8.300,8.310,0,0
1518190140,8.300,8.300,8.300,8.300,0,0
1518190200,8.290,8.290,8.290,8.290,15603,68791
1518190260,8.280,8.280,8.280,8.280,0,0
1518190320,8.290,8.290,8.290,8.290,0,0
1518190380,8.290,8.290,8.290,8.290,0,0
1518190440,8.290,8.290,8.290,8.290,0,0
1518190500,8.300,8.320,8.300,8.320,44953,84394
1518190560,8.300,8.320,8.300,8.320,0,0
1518190620,8.320,8.320,8.320,8.320,0,0
1518190680,8.340,8.310,8.310,8.340,0,0
1518190740,8.310,8.310,8.310,8.310,0,0
1518190800,8.310,8.310,8.310,8.310,4826,129347
1518190860,8.310,8.280,8.280,8.310,0,0
1518190920,8.290,8.290,8.290,8.290,0,0
1518191040,8.280,8.260,8.260,8.280,0,0
1518191100,8.260,8.250,8.250,8.260,36531,134173
1518191160,8.260,8.250,8.250,8.260,0,0
1518191220,8.250,8.250,8.250,8.250,0,0
1518191280,8.250,8.240,8.240,8.250,0,0
1518191340,8.250,8.250,8.250,8.250,0,0
1518191400,8.250,8.250,8.250,8.250,3815,170704
1518191460,8.250,8.250,8.250,8.250,0,0
1518191520,8.260,8.260,8.260,8.260,0,0
1518191640,8.270,8.270,8.270,8.270,0,0
1518191700,8.270,8.270,8.270,8.270,7000,174519
1518191760,8.260,8.260,8.260,8.260,0,0
1518191880,8.250,8.250,8.250,8.250,0,0
1518191940,8.250,8.250,8.250,8.250,0,0
1518192000,8.250,8.250,8.250,8.250,6729,181519
1518192060,8.260,8.260,8.260,8.260,0,0
1518192180,8.280,8.280,8.280,8.280,0,0
1518192300,8.290,8.290,8.290,8.290,4610,188248
1518192420,8.290,8.290,8.290,8.290,0,0
1518192480,8.290,8.290,8.290,8.290,0,0
1518192540,8.290,8.290,8.290,8.290,0,0
1518192600,8.290,8.290,8.290,8.290,5084,192858
1518192660,8.300,8.300,8.300,8.300,0,0
1518192720,8.290,8.280,8.280,8.290,0,0
1518192780,8.280,8.290,8.280,8.290,0,0
1518192900,8.280,8.280,8.280,8.280,3042,197942
1518193080,8.260,8.250,8.250,8.260,0,0
1518193140,8.250,8.250,8.250,8.250,0,0
1518193200,8.260,8.260,8.260,8.260,10930,200984
1518193440,8.270,8.260,8.260,8.270,0,0
1518193500,8.260,8.260,8.260,8.260,5877,211914
1518193620,8.270,8.270,8.270,8.270,0,0
1518193680,8.280,8.280,8.280,8.280,0,0
1518193740,8.260,8.260,8.260,8.260,0,0
1518193800,8.260,8.260,8.260,8.260,37080,217791
1518193860,8.260,8.270,8.260,8.270,0,0
1518193920,8.280,8.280,8.280,8.280,0,0
1518193980,8.280,8.290,8.280,8.290,0,0
1518194100,8.290,8.290,8.290,8.290,831,254871
1518194280,8.290,8.290,8.290,8.290,0,0
1518194340,8.300,8.300,8.300,8.300,0,0
1518194400,8.290,8.290,8.290,8.290,19065,255702
1518194460,8.290,8.290,8.290,8.290,0,0
1518194520,8.300,8.300,8.300,8.300,0,0
1518194640,8.290,8.300,8.290,8.300,0,0
1518194700,8.280,8.280,8.280,8.280,9976,274767
1518194820,8.280,8.280,8.280,8.280,0,0
1518194940,8.290,8.280,8.280,8.290,0,0
1518195000,8.270,8.270,8.270,8.270,4262,284743
1518195060,8.260,8.260,8.260,8.260,0,0
1518195180,8.260,8.260,8.260,8.260,0,0
1518195240,8.260,8.260,8.260,8.260,0,0
1518195300,8.260,8.270,8.260,8.270,33945,289005
1518195360,8.270,8.270,8.270,8.270,0,0
1518195420,8.260,8.260,8.260,8.260,0,0
1518195480,8.260,8.260,8.260,8.260,0,0
1518195540,8.260,8.260,8.260,8.260,0,0
1518195600,8.250,8.250,8.250,8.250,11407,322950
1518195660,8.250,8.250,8.250,8.250,0,0
1518195720,8.250,8.240,8.240,8.250,0,0
1518195780,8.240,8.250,8.240,8.250,0,0
1518195840,8.250,8.250,8.250,8.250,0,0
1518195900,8.250,8.250,8.250,8.250,10800,334357
1518195960,8.240,8.230,8.230,8.240,0,0
1518196080,8.220,8.200,8.200,8.220,0,0
1518196140,8.200,8.180,8.180,8.200,0,0
1518196200,8.180,8.200,8.180,8.200,17189,345157
1518196260,8.200,8.210,8.200,8.210,0,0
1518196320,8.210,8.210,8.210,8.210,0,0
1518196380,8.210,8.210,8.210,8.210,0,0
1518196440,8.210,8.200,8.200,8.210,0,0
1518196500,8.200,8.200,8.200,8.200,13802,362346
1518196560,8.200,8.200,8.200,8.200,0,0
1518196620,8.200,8.210,8.200,8.210,0,0
1518196680,8.210,8.210,8.210,8.210,0,0
1518196740,8.210,8.220,8.210,8.220,0,0
1518196800,8.210,8.220,8.210,8.220,11403,376148
1518196860,8.220,8.220,8.220,8.220,0,0
1518196920,8.230,8.240,8.230,8.240,0,0
1518196980,8.240,8.230,8.230,8.240,0,0
1518197040,8.240,8.230,8.230,8.240,0,0
1518197100,8.240,8.250,8.240,8.250,25090,387551
1518197160,8.240,8.230,8.230,8.240,0,0
1518197220,8.230,8.230,8.230,8.230,0,0
1518197280,8.230,8.220,8.220,8.230,0,0
1518197340,8.230,8.240,8.230,8.240,0,0
1518197400,8.240,8.240,8.240,8.240,10441,412641
1518197460,8.240,8.240,8.240,8.240,0,0
1518197640,8.240,8.230,8.230,8.250,0,0
1518197700,8.230,8.230,8.230,8.230,8964,423082
1518197760,8.230,8.230,8.230,8.230,0,0
1518197940,8.230,8.230,8.230,8.230,0,0
1518198000,8.220,8.210,8.210,8.220,20431,432046
1518198120,8.210,8.210,8.210,8.210,0,0
1518198180,8.210,8.210,8.210,8.210,0,0
1518198240,8.210,8.200,8.200,8.210,0,0
1518198300,8.200,8.200,8.200,8.200,3192,452477
1518198360,8.200,8.200,8.200,8.200,0,0
1518198420,8.200,8.200,8.200,8.200,0,0
1518198480,8.200,8.200,8.200,8.200,0,0
1518198600,8.190,8.180,8.180,8.190,7611,455669
1518198660,8.190,8.190,8.190,8.190,0,0
1518198720,8.200,8.200,8.200,8.200,0,0
1518198780,8.200,8.200,8.200,8.200,0,0
1518198900,8.210,8.210,8.210,8.210,22196,463280
1518198960,8.210,8.210,8.210,8.210,0,0
1518199020,8.220,8.230,8.220,8.230,0,0
1518199080,8.240,8.250,8.240,8.250,0,0
1518199140,8.250,8.260,8.250,8.260,0,0
1518199200,8.270,8.260,8.260,8.270,6189,485476
1518199260,8.230,8.230,8.230,8.230,0,0
1518199320,8.210,8.210,8.210,8.210,0,0
1518199380,8.210,8.220,8.210,8.220,0,0
1518199440,8.210,8.220,8.210,8.220,0,0
1518199500,8.220,8.230,8.220,8.240,4686,491665
1518199620,8.220,8.210,8.210,8.220,0,0
1518199680,8.210,8.210,8.210,8.210,0,0
1518199740,8.210,8.210,8.210,8.210,0,0
1518199800,8.200,8.200,8.200,8.200,3001,496351
1518199860,8.200,8.200,8.200,8.200,0,0
1518199920,8.190,8.180,8.180,8.190,0,0
1518200100,8.200,8.200,8.200,8.200,3608,499352
1518200160,8.200,8.200,8.200,8.200,0,0
1518200220,8.210,8.210,8.210,8.210,0,0
1518200280,8.210,8.210,8.210,8.210,0,0
1518200340,8.210,8.210,8.210,8.210,0,0
1518200400,8.210,8.210,8.210,8.210,2423,502960
1518200460,8.210,8.210,8.210,8.210,0,0
1518200520,8.200,8.200,8.200,8.200,0,0
1518200700,8.180,8.190,8.180,8.190,4146,505383
1518200820,8.180,8.190,8.180,8.190,0,0
1518200940,8.190,8.190,8.190,8.190,0,0
1518201000,8.200,8.200,8.200,8.200,600,509529
1518201120,8.190,8.190,8.190,8.190,0,0
1518201300,8.190,8.200,8.190,8.200,4927,510129
1518201360,8.190,8.200,8.190,8.200,0,0
1518201420,8.190,8.190,8.190,8.190,0,0
1518201480,8.190,8.190,8.190,8.190,0,0
1518201600,8.180,8.180,8.180,8.180,3500,515056
1518201660,8.180,8.180,8.180,8.180,0,0
1518201720,8.180,8.190,8.180,8.190,0,0
1518201780,8.190,8.190,8.190,8.190,0,0
1518201840,8.190,8.190,8.190,8.190,0,0
1518201900,8.200,8.200,8.200,8.200,9414,518556
1518201960,8.200,8.210,8.200,8.210,0,0
1518202020,8.210,8.210,8.210,8.210,0,0
1518202200,8.210,8.210,8.210,8.210,101,527970
1518202260,8.210,8.210,8.210,8.210,0,0
1518202320,8.210,8.210,8.210,8.210,0,0
1518202380,8.210,8.210,8.210,8.210,0,0
1518202440,8.210,8.210,8.210,8.210,0,0
1518202500,8.210,8.250,8.210,8.250,31097,528071
1518202560,8.250,8.260,8.250,8.260,0,0
1518202620,8.260,8.260,8.260,8.260,0,0
1518202740,8.250,8.250,8.250,8.250,0,0
1518202800,8.250,8.260,8.250,8.260,101426,559168
1518202860,8.250,8.260,8.250,8.260,0,0
1518202920,8.270,8.270,8.270,8.270,0,0
1518202980,8.280,8.280,8.280,8.280,0,0
1518203040,8.270,8.280,8.260,8.280,0,0
1518203100,8.280,8.280,8.280,8.280,43621,660594
1518203160,8.280,8.290,8.280,8.290,0,0
1518203220,8.300,8.290,8.290,8.300,0,0
1518203340,8.310,8.310,8.310,8.310,0,0
1518203400,8.320,8.330,8.320,8.330,22770,704215
1518203460,8.350,8.350,8.350,8.350,0,0
1518203520,8.350,8.350,8.350,8.350,0,0
1518203580,8.350,8.350,8.350,8.350,0,0
1518203640,8.340,8.340,8.340,8.340,0,0
1518203700,8.340,8.350,8.340,8.350,7777,726985
1518203820,8.350,8.370,8.350,8.370,0,0
1518203880,8.370,8.370,8.370,8.370,0,0
1518204000,8.370,8.370,8.370,8.370,2957,734762
1518204060,8.370,8.370,8.370,8.370,0,0
1518204120,8.380,8.380,8.380,8.380,0,0
1518204180,8.380,8.380,8.380,8.380,0,0
1518204240,8.380,8.370,8.370,8.380,0,0
1518204300,8.400,8.390,8.390,8.400,43799,737719
1518204360,8.380,8.380,8.380,8.380,0,0
1518204480,8.380,8.360,8.360,8.380,0,0
1518204540,8.360,8.350,8.350,8.360,0,0
1518204600,8.350,8.340,8.340,8.350,3870,781518
1518204660,8.330,8.330,8.330,8.330,0,0
1518204720,8.340,8.350,8.340,8.350,0,0
1518204840,8.340,8.330,8.330,8.340,0,0
1518204900,8.330,8.310,8.310,8.330,8036,785388
1518204960,8.320,8.330,8.320,8.330,0,0
1518205020,8.330,8.330,8.330,8.330,0,0
1518205080,8.340,8.340,8.340,8.340,0,0
1518205140,8.340,8.340,8.340,8.340,0,0
1518205200,8.350,8.350,8.350,8.350,12320,793424
1518205260,8.340,8.340,8.340,8.340,0,0
1518205320,8.340,8.330,8.330,8.340,0,0
1518205380,8.340,8.330,8.330,8.340,0,0
1518205440,8.310,8.320,8.310,8.320,0,0
1518205500,8.330,8.330,8.330,8.330,11092,805744
1518205560,8.330,8.340,8.330,8.340,0,0
1518205620,8.340,8.340,8.340,8.340,0,0
1518205740,8.360,8.350,8.350,8.360,0,0
1518205800,8.350,8.350,8.350,8.350,5773,816836
1518205860,8.360,8.350,8.350,8.360,0,0
1518205920,8.350,8.350,8.350,8.350,0,0
1518205980,8.360,8.370,8.360,8.370,0,0
1518206040,8.350,8.350,8.350,8.350,0,0
1518206100,8.350,8.340,8.340,8.350,2340,822609
1518206160,8.350,8.350,8.350,8.350,0,0
1518206280,8.350,8.340,8.340,8.350,0,0
1518206340,8.350,8.350,8.350,8.350,0,0
1518206400,8.340,8.330,8.330,8.340,8375,824949
1518206460,8.350,8.330,8.330,8.350,0,0
1518206520,8.320,8.320,8.320,8.320,0,0
1518206580,8.330,8.340,8.330,8.340,0,0
1518206700,8.340,8.340,8.340,8.340,7777,833324
1518206820,8.330,8.320,8.320,8.330,0,0
1518206880,8.320,8.320,8.320,8.320,0,0
1518206940,8.310,8.310,8.310,8.310,0,0
1518207000,8.310,8.310,8.310,8.310,6880,841101
1518207060,8.310,8.310,8.310,8.310,0,0
1518207120,8.310,8.330,8.310,8.330,0,0
1518207180,8.330,8.340,8.330,8.340,0,0
1518207240,8.340,8.340,8.340,8.340,0,0
1518207300,8.340,8.350,8.340,8.350,2462,847981
1518207360,8.340,8.340,8.340,8.340,0,0
1518207600,8.350,8.340,8.340,8.350,8259,850443
1518207660,8.350,8.350,8.350,8.350,0,0
1518207720,8.350,8.350,8.350,8.350,0,0
1518207840,8.350,8.340,8.340,8.350,0,0
1518207900,8.330,8.330,8.330,8.330,9157,858702
1518207960,8.340,8.350,8.330,8.350,0,0
1518208020,8.340,8.340,8.340,8.340,0,0
1518208080,8.340,8.340,8.340,8.340,0,0
1518208200,8.340,8.340,8.340,8.340,6290,867859
1518208380,8.350,8.350,8.350,8.350,0,0
1518208440,8.350,8.350,8.350,8.350,0,0
1518208500,8.360,8.350,8.350,8.360,13139,874149
1518208560,8.360,8.350,8.350,8.360,0,0
1518208620,8.350,8.360,8.350,8.360,0,0
1518208680,8.350,8.360,8.350,8.370,0,0
1518208740,8.360,8.360,8.360,8.360,0,0
1518208800,8.350,8.360,8.350,8.360,18101,887288
1518208860,8.360,8.370,8.360,8.370,0,0
1518208920,8.370,8.370,8.370,8.370,0,0
1518208980,8.370,8.380,8.370,8.390,0,0
1518209040,8.380,8.380,8.380,8.380,0,0
1518209100,8.380,8.390,8.380,8.400,28144,905389
1518209160,8.400,8.390,8.390,8.400,0,0
1518209220,8.400,8.410,8.400,8.410,0,0
1518209280,8.400,8.410,8.400,8.410,0,0
1518209340,8.420,8.410,8.410,8.420,0,0
1518209400,8.430,8.420,8.420,8.430,19606,933533
1518209460,8.430,8.440,8.430,8.440,0,0
1518209520,8.430,8.410,8.410,8.430,0,0
1518209580,8.410,8.420,8.410,8.420,0,0
1518209640,8.400,8.410,8.400,8.410,0,0
1518209700,8.400,8.410,8.400,8.410,63123,953139
1518209760,8.420,8.410,8.410,8.420,0,0
1518209820,8.410,8.400,8.400,8.420,0,0
1518209880,8.400,8.390,8.390,8.400,0,0
1518209940,8.390,8.390,8.380,8.390,0,0
