1517495400,73.110,73.080,73.060,73.220,40196,0
1517495460,72.980,73.030,72.980,73.030,0,0
1517495520,73.030,73.120,73.030,73.120,0,0
1517495580,73.140,73.170,73.120,73.170,0,0
1517495640,73.160,73.310,73.120,73.380,0,0
1517495700,73.330,73.420,73.330,73.450,32819,40196
1517495760,73.490,73.680,73.490,73.680,0,0
1517495820,73.760,73.660,73.610,73.760,0,0
1517495880,73.710,73.650,73.650,73.710,0,0
1517495940,73.700,73.620,73.550,73.700,0,0
1517496000,73.690,73.560,73.560,73.690,28407,73015
1517496060,73.620,73.560,73.560,73.630,0,0
1517496120,73.530,73.430,73.430,73.530,0,0
1517496180,73.360,73.400,73.360,73.400,0,0
1517496240,73.380,73.350,73.310,73.400,0,0
1517496300,73.380,73.280,73.280,73.390,20354,101422
1517496360,73.360,73.220,73.220,73.380,0,0
1517496420,73.240,73.150,73.150,73.240,0,0
1517496480,73.150,73.110,73.110,73.150,0,0
1517496540,73.150,73.060,73.060,73.190,0,0
1517496600,73.060,73.030,72.960,73.060,51810,121776
1517496660,73.060,73.070,73.050,73.070,0,0
1517496720,73.080,73.140,73.080,73.140,0,0
1517496780,73.190,73.270,73.190,73.300,0,0
1517496840,73.300,73.290,73.250,73.300,0,0
1517496900,73.270,73.260,73.260,73.280,24911,173586
1517496960,73.250,73.260,73.250,73.260,0,0
1517497020,73.260,73.250,73.250,73.290,0,0
1517497080,73.250,73.240,73.240,73.250,0,0
1517497140,73.230,73.220,73.220,73.270,0,0
1517497200,73.220,73.230,73.220,73.260,15980,198497
1517497260,73.210,73.180,73.180,73.210,0,0
1517497320,73.180,73.190,73.160,73.200,0,0
1517497380,73.210,73.150,73.120,73.210,0,0
1517497440,73.140,73.130,73.120,73.150,0,0
1517497500,73.130,73.080,73.060,73.130,22639,214477
1517497560,73.090,72.990,72.990,73.100,0,0
1517497620,72.980,72.970,72.940,72.980,0,0
1517497680,73.020,73.030,73.020,73.030,0,0
1517497740,73.040,73.050,73.010,73.050,0,0
1517497800,73.080,73.050,73.040,73.090,14742,237116
1517497860,73.060,73.070,73.060,73.080,0,0
1517497920,73.100,73.080,73.060,73.110,0,0
1517497980,73.080,73.120,73.040,73.120,0,0
1517498040,73.060,73.020,73.020,73.060,0,0
1517498100,73.020,72.970,72.970,73.020,25192,251858
1517498160,72.960,72.920,72.840,72.960,0,0
1517498220,72.940,72.960,72.930,72.970,0,0
1517498280,72.980,73.030,72.980,73.030,0,0
1517498340,73.020,73.050,73.020,73.050,0,0
1517498400,73.030,72.980,72.980,73.030,21074,277050
1517498460,72.960,72.890,72.890,72.960,0,0
1517498520,72.880,72.870,72.870,72.900,0,0
1517498580,72.860,72.920,72.860,72.920,0,0
1517498640,72.920,72.870,72.870,72.920,0,0
1517498700,72.910,72.910,72.910,72.910,17679,298124
1517498760,72.900,72.910,72.870,72.910,0,0
1517498820,72.870,72.860,72.860,72.880,0,0
1517498880,72.880,72.810,72.810,72.880,0,0
1517498940,72.780,72.860,72.780,72.860,0,0
1517499000,72.810,72.820,72.810,72.850,17558,315803
1517499060,72.820,72.800,72.800,72.820,0,0
1517499120,72.730,72.790,72.730,72.790,0,0
1517499180,72.800,72.800,72.800,72.800,0,0
1517499240,72.790,72.820,72.790,72.820,0,0
1517499300,72.850,72.890,72.850,72.890,22185,333361
1517499360,72.870,72.880,72.870,72.880,0,0
1517499420,72.860,72.960,72.830,72.960,0,0
1517499480,72.940,72.950,72.940,72.950,0,0
1517499540,72.890,72.910,72.890,72.920,0,0
1517499600,72.910,72.850,72.850,72.910,22424,355546
1517499660,72.880,72.850,72.840,72.880,0,0
1517499720,72.840,72.880,72.840,72.880,0,0
1517499780,72.850,72.870,72.830,72.870,0,0
1517499840,72.870,72.770,72.770,72.870,0,0
1517499900,72.750,72.890,72.750,72.890,14440,377970
1517499960,72.910,72.920,72.910,72.920,0,0
1517500020,72.930,72.940,72.930,72.940,0,0
1517500080,72.940,72.910,72.910,72.940,0,0
1517500140,72.920,72.900,72.900,72.920,0,0
1517500200,72.920,72.930,72.920,72.940,15397,392410
1517500260,72.920,72.880,72.880,72.920,0,0
1517500320,72.900,72.890,72.890,72.900,0,0
1517500380,72.880,72.890,72.880,72.890,0,0
1517500440,72.870,72.880,72.870,72.880,0,0
1517500500,72.870,72.900,72.870,72.900,16576,407807
1517500560,72.920,72.910,72.910,72.920,0,0
1517500620,72.910,72.860,72.860,72.910,0,0
1517500680,72.830,72.860,72.830,72.860,0,0
1517500740,72.860,72.820,72.820,72.860,0,0
1517500800,72.870,72.930,72.870,72.930,14403,424383
1517500860,72.950,72.940,72.940,72.950,0,0
1517500920,72.960,72.990,72.960,72.990,0,0
1517500980,72.980,72.960,72.960,72.980,0,0
1517501040,72.990,72.970,72.970,72.990,0,0
1517501100,72.970,72.960,72.960,72.970,11837,438786
1517501160,72.970,72.990,72.970,72.990,0,0
1517501220,72.990,72.990,72.990,72.990,0,0
1517501280,72.970,73.000,72.970,73.000,0,0
1517501340,73.000,72.990,72.990,73.000,0,0
1517501400,72.970,72.940,72.940,72.970,25003,450623
1517501460,72.940,72.950,72.940,72.950,0,0
1517501520,72.910,72.950,72.900,72.970,0,0
1517501580,72.920,72.950,72.920,72.950,0,0
1517501640,72.930,72.980,72.930,72.980,0,0
1517501700,73.000,73.050,73.000,73.050,17109,475626
1517501760,73.050,73.030,73.030,73.070,0,0
1517501820,73.020,72.990,72.990,73.020,0,0
1517501880,73.010,73.010,73.010,73.010,0,0
1517501940,73.040,73.010,73.010,73.040,0,0
1517502000,73.010,73.010,73.010,73.010,10527,492735
1517502060,73.000,72.970,72.930,73.000,0,0
1517502120,72.970,72.960,72.960,72.970,0,0
1517502240,72.910,72.930,72.910,72.930,0,0
1517502300,72.940,72.950,72.930,72.950,7518,503262
1517502360,72.900,72.890,72.880,72.910,0,0
1517502420,72.880,72.860,72.850,72.880,0,0
1517502480,72.870,72.870,72.870,72.870,0,0
1517502540,72.880,72.860,72.860,72.880,0,0
1517502600,72.850,72.820,72.820,72.860,38518,510780
1517502660,72.840,72.850,72.840,72.850,0,0
1517502720,72.840,72.860,72.840,72.860,0,0
1517502780,72.870,72.910,72.870,72.910,0,0
1517502840,72.930,72.920,72.920,72.940,0,0
1517502900,72.940,72.930,72.930,72.940,36845,549298
1517502960,72.930,72.940,72.930,72.940,0,0
1517503020,72.940,72.940,72.940,72.940,0,0
1517503080,72.940,72.950,72.940,72.950,0,0
1517503140,72.920,72.900,72.900,72.920,0,0
1517503200,72.890,72.920,72.890,72.920,20613,586143
1517503260,72.910,72.890,72.890,72.910,0,0
1517503320,72.910,72.920,72.910,72.920,0,0
1517503380,72.900,72.890,72.890,72.900,0,0
1517503440,72.920,72.950,72.910,72.950,0,0
1517503500,72.950,72.980,72.950,72.980,63817,606756
1517503560,72.970,73.000,72.970,73.000,0,0
1517503620,73.030,73.000,72.980,73.030,0,0
1517503680,73.000,73.020,73.000,73.020,0,0
1517503740,73.010,72.990,72.990,73.010,0,0
1517503800,73.000,72.960,72.940,73.000,42198,670573
1517503860,72.960,72.940,72.940,72.960,0,0
1517503920,72.950,72.930,72.890,72.950,0,0
1517503980,72.930,72.930,72.930,72.930,0,0
1517504040,72.950,72.880,72.880,72.950,0,0
1517504100,72.880,72.870,72.860,72.880,11321,712771
1517504160,72.860,72.880,72.860,72.880,0,0
1517504220,72.880,72.900,72.880,72.910,0,0
1517504280,72.900,72.900,72.900,72.900,0,0
1517504340,72.900,72.900,72.900,72.900,0,0
1517504400,72.920,72.930,72.910,72.940,12059,724092
1517504460,72.930,72.920,72.910,72.930,0,0
1517504520,72.900,72.890,72.890,72.900,0,0
1517504580,72.880,72.890,72.880,72.890,0,0
1517504640,72.910,72.890,72.890,72.910,0,0
1517504700,72.900,72.900,72.900,72.900,6924,736151
1517504760,72.920,72.920,72.920,72.920,0,0
1517504820,72.900,72.910,72.900,72.910,0,0
1517504880,72.920,72.920,72.920,72.920,0,0
1517504940,72.930,72.910,72.910,72.930,0,0
1517505000,72.920,72.950,72.920,72.950,19787,743075
1517505060,72.930,72.940,72.920,72.940,0,0
1517505120,72.940,72.940,72.940,72.940,0,0
1517505180,72.950,72.960,72.940,72.960,0,0
1517505240,72.960,72.890,72.890,72.970,0,0
1517505300,72.900,72.870,72.870,72.900,12534,762862
1517505360,72.880,72.890,72.880,72.920,0,0
1517505420,72.900,72.910,72.900,72.910,0,0
1517505480,72.890,72.880,72.870,72.890,0,0
1517505540,72.890,72.900,72.890,72.900,0,0
1517505600,72.900,72.860,72.860,72.900,19987,775396
1517505660,72.870,72.850,72.850,72.870,0,0
1517505720,72.840,72.830,72.830,72.860,0,0
1517505780,72.850,72.800,72.800,72.860,0,0
1517505840,72.830,72.820,72.820,72.830,0,0
1517505900,72.830,72.830,72.830,72.830,9651,795383
1517505960,72.810,72.810,72.810,72.810,0,0
1517506020,72.820,72.820,72.820,72.820,0,0
1517506080,72.820,72.820,72.820,72.820,0,0
1517506140,72.820,72.810,72.810,72.820,0,0
1517506200,72.820,72.820,72.820,72.820,22601,805034
1517506260,72.830,72.810,72.810,72.840,0,0
1517506320,72.830,72.820,72.820,72.830,0,0
1517506380,72.820,72.840,72.820,72.840,0,0
1517506440,72.830,72.830,72.830,72.830,0,0
1517506500,72.830,72.830,72.830,72.830,15439,827635
1517506560,72.830,72.820,72.810,72.830,0,0
1517506620,72.820,72.820,72.820,72.820,0,0
1517506680,72.830,72.830,72.830,72.830,0,0
1517506740,72.830,72.810,72.810,72.830,0,0
1517506800,72.830,72.810,72.810,72.830,16103,843074
1517506860,72.820,72.810,72.810,72.820,0,0
1517506920,72.820,72.830,72.820,72.830,0,0
1517506980,72.820,72.800,72.800,72.820,0,0
1517507040,72.800,72.800,72.800,72.800,0,0
1517507100,72.800,72.780,72.770,72.800,16131,859177
1517507160,72.790,72.820,72.780,72.820,0,0
1517507220,72.820,72.790,72.790,72.820,0,0
1517507280,72.770,72.800,72.770,72.800,0,0
1517507340,72.800,72.810,72.800,72.810,0,0
1517507400,72.810,72.820,72.810,72.820,9688,875308
1517507460,72.820,72.820,72.820,72.820,0,0
1517507520,72.810,72.820,72.810,72.820,0,0
1517507580,72.820,72.830,72.820,72.830,0,0
1517507640,72.820,72.810,72.810,72.820,0,0
1517507700,72.830,72.830,72.830,72.830,7993,884996
1517507760,72.840,72.850,72.840,72.850,0,0
1517507820,72.850,72.880,72.850,72.880,0,0
1517507880,72.880,72.890,72.880,72.900,0,0
1517508000,72.900,72.910,72.900,72.910,10282,892989
1517508060,72.910,72.930,72.910,72.930,0,0
1517508120,72.950,72.970,72.950,72.970,0,0
1517508180,72.970,72.970,72.970,72.970,0,0
1517508240,72.980,73.030,72.980,73.030,0,0
1517508300,73.040,73.060,73.040,73.060,8968,903271
1517508360,73.070,73.070,73.070,73.070,0,0
1517508420,73.070,73.110,73.070,73.110,0,0
1517508480,73.120,73.140,73.120,73.140,0,0
1517508600,73.150,73.120,73.120,73.150,10913,912239
1517508660,73.110,73.100,73.100,73.110,0,0
1517508720,73.080,73.060,73.060,73.080,0,0
1517508780,73.070,73.070,73.070,73.070,0,0
1517508840,73.070,73.040,73.040,73.070,0,0
1517508900,73.030,73.060,73.030,73.060,6545,923152
1517508960,73.060,73.060,73.060,73.060,0,0
1517509020,73.050,73.070,73.050,73.070,0,0
1517509080,73.070,73.060,73.060,73.070,0,0
1517509200,73.060,73.030,73.030,73.060,14003,929697
1517509260,73.020,73.030,73.020,73.030,0,0
1517509320,73.030,73.010,73.010,73.030,0,0
1517509380,73.010,73.020,73.010,73.020,0,0
1517509440,73.010,73.000,73.000,73.010,0,0
1517509500,73.000,72.990,72.990,73.000,27343,943700
1517509560,73.000,73.000,73.000,73.000,0,0
1517509620,73.000,72.990,72.980,73.000,0,0
1517509680,73.000,73.000,73.000,73.000,0,0
1517509740,72.980,72.980,72.980,72.980,0,0
1517509800,72.970,72.970,72.970,72.970,9282,971043
1517509860,72.960,72.960,72.960,72.960,0,0
1517509920,72.970,72.960,72.960,72.970,0,0
1517509980,72.940,72.940,72.940,72.940,0,0
1517510040,72.920,72.900,72.900,72.920,0,0
1517510100,72.900,72.930,72.900,72.930,11230,980325
1517510160,72.930,72.950,72.930,72.950,0,0
1517510220,72.950,72.940,72.940,72.950,0,0
1517510280,72.920,72.920,72.920,72.920,0,0
1517510340,72.920,72.890,72.890,72.920,0,0
1517510400,72.890,72.880,72.880,72.890,11386,991555
1517510460,72.870,72.840,72.840,72.870,0,0
1517510520,72.850,72.840,72.840,72.860,0,0
1517510580,72.860,72.870,72.860,72.870,0,0
1517510640,72.860,72.870,72.860,72.870,0,0
1517510700,72.840,72.830,72.830,72.840,9106,1002941
1517510760,72.850,72.850,72.850,72.850,0,0
1517510820,72.860,72.830,72.830,72.860,0,0
1517510880,72.840,72.860,72.840,72.860,0,0
1517510940,72.860,72.870,72.860,72.870,0,0
1517511000,72.870,72.860,72.860,72.880,9826,1012047
1517511060,72.860,72.850,72.850,72.870,0,0
1517511120,72.820,72.820,72.820,72.820,0,0
1517511180,72.840,72.840,72.840,72.840,0,0
1517511240,72.800,72.780,72.780,72.800,0,0
1517511300,72.800,72.810,72.800,72.810,9736,1021873
1517511360,72.810,72.790,72.790,72.810,0,0
1517511420,72.780,72.800,72.780,72.810,0,0
1517511480,72.790,72.820,72.780,72.820,0,0
1517511540,72.820,72.830,72.820,72.830,0,0
1517511600,72.840,72.830,72.830,72.840,8835,1031609
1517511660,72.830,72.830,72.830,72.830,0,0
1517511720,72.810,72.760,72.760,72.810,0,0
1517511780,72.760,72.790,72.760,72.790,0,0
1517511840,72.770,72.750,72.750,72.770,0,0
1517511900,72.790,72.780,72.780,72.790,9633,1040444
1517511960,72.810,72.830,72.810,72.830,0,0
1517512020,72.840,72.840,72.840,72.840,0,0
1517512080,72.840,72.830,72.830,72.850,0,0
1517512140,72.800,72.820,72.800,72.820,0,0
1517512200,72.810,72.770,72.770,72.810,9271,1050077
1517512260,72.780,72.810,72.780,72.810,0,0
1517512320,72.830,72.750,72.750,72.830,0,0
1517512380,72.750,72.730,72.730,72.750,0,0
1517512440,72.750,72.750,72.750,72.750,0,0
1517512500,72.740,72.740,72.740,72.740,6636,1059348
1517512560,72.760,72.750,72.750,72.760,0,0
1517512620,72.730,72.720,72.720,72.730,0,0
1517512680,72.720,72.710,72.710,72.740,0,0
1517512740,72.720,72.710,72.710,72.720,0,0
1517512800,72.720,72.640,72.640,72.720,19126,1065984
1517512860,72.640,72.640,72.640,72.640,0,0
1517512920,72.600,72.610,72.590,72.620,0,0
1517512980,72.620,72.610,72.610,72.620,0,0
1517513040,72.670,72.660,72.660,72.670,0,0
1517513100,72.670,72.670,72.670,72.670,7656,1085110
1517513160,72.700,72.710,72.700,72.710,0,0
1517513220,72.730,72.780,72.730,72.780,0,0
1517513280,72.790,72.790,72.790,72.790,0,0
1517513340,72.810,72.830,72.810,72.840,0,0
1517513400,72.820,72.830,72.820,72.850,14392,1092766
1517513460,72.830,72.810,72.810,72.830,0,0
1517513520,72.840,72.870,72.840,72.870,0,0
1517513580,72.870,72.880,72.850,72.880,0,0
1517513640,72.890,72.880,72.880,72.910,0,0
1517513700,72.890,72.940,72.890,72.940,11883,1107158
1517513760,72.980,72.930,72.930,72.980,0,0
1517513820,72.930,72.920,72.920,72.930,0,0
1517513880,72.900,72.910,72.900,72.910,0,0
1517513940,72.900,72.910,72.900,72.910,0,0
1517514000,72.900,72.940,72.900,72.940,23116,1119041
1517514060,72.950,72.940,72.940,72.950,0,0
1517514120,72.940,72.950,72.920,72.950,0,0
1517514180,72.910,72.880,72.840,72.910,0,0
1517514240,72.870,72.860,72.860,72.870,0,0
1517514300,72.900,72.870,72.870,72.900,12852,1142157
1517514360,72.890,72.850,72.850,72.890,0,0
1517514420,72.860,72.850,72.850,72.860,0,0
1517514480,72.830,72.830,72.830,72.830,0,0
1517514540,72.840,72.870,72.840,72.880,0,0
1517514600,72.900,72.900,72.900,72.900,13602,1155009
1517514660,72.890,72.860,72.860,72.890,0,0
1517514720,72.890,72.910,72.890,72.910,0,0
1517514780,72.890,72.890,72.890,72.890,0,0
1517514840,72.890,72.860,72.860,72.900,0,0
1517514900,72.900,72.890,72.880,72.900,9914,1168611
1517514960,72.920,72.910,72.910,72.920,0,0
1517515020,72.910,72.920,72.910,72.930,0,0
1517515080,72.930,72.920,72.920,72.930,0,0
1517515140,72.930,72.940,72.930,72.940,0,0
1517515200,72.930,72.890,72.890,72.930,15575,1178525
1517515260,72.940,72.950,72.940,72.950,0,0
1517515320,72.940,72.930,72.910,72.940,0,0
1517515380,72.930,72.940,72.930,72.940,0,0
1517515440,72.930,72.900,72.900,72.930,0,0
1517515500,72.880,72.890,72.880,72.900,10196,1194100
1517515560,72.890,72.880,72.880,72.890,0,0
1517515620,72.880,72.900,72.880,72.920,0,0
1517515680,72.900,72.900,72.900,72.900,0,0
1517515740,72.900,72.910,72.900,72.910,0,0
1517515800,72.920,72.930,72.920,72.940,22912,1204296
1517515860,72.920,72.880,72.880,72.940,0,0
1517515920,72.880,72.860,72.860,72.880,0,0
1517515980,72.890,72.880,72.880,72.890,0,0
1517516040,72.860,72.850,72.850,72.870,0,0
1517516100,72.860,72.870,72.850,72.870,57344,1227208
1517516160,72.860,72.850,72.850,72.860,0,0
1517516220,72.840,72.810,72.770,72.840,0,0
1517516280,72.820,72.790,72.770,72.830,0,0
1517516340,72.800,72.770,72.750,72.820,0,0
1517516400,72.760,72.810,72.760,72.810,17012,1284552
1517516460,72.810,72.770,72.770,72.810,0,0
1517516520,72.790,72.790,72.790,72.790,0,0
1517516580,72.800,72.830,72.800,72.830,0,0
1517516640,72.800,72.810,72.800,72.810,0,0
1517516700,72.810,72.820,72.810,72.820,18745,1301564
1517516760,72.820,72.850,72.820,72.850,0,0
1517516820,72.830,72.810,72.810,72.830,0,0
1517516880,72.820,72.760,72.760,72.820,0,0
1517516940,72.750,72.730,72.730,72.750,0,0
1517517000,72.750,72.700,72.700,72.750,24938,1320309
1517517060,72.700,72.690,72.640,72.700,0,0
1517517120,72.660,72.670,72.660,72.670,0,0
1517517180,72.630,72.660,72.610,72.660,0,0
1517517240,72.670,72.700,72.660,72.700,0,0
1517517300,72.710,72.700,72.680,72.710,26113,1345247
1517517360,72.710,72.700,72.690,72.710,0,0
1517517420,72.720,72.730,72.680,72.730,0,0
1517517480,72.740,72.730,72.720,72.740,0,0
1517517540,72.720,72.730,72.720,72.740,0,0
1517517600,72.730,72.640,72.640,72.730,202822,1371360
1517517660,72.660,72.640,72.640,72.670,0,0
1517517720,72.650,72.690,72.650,72.690,0,0
1517517780,72.700,72.660,72.660,72.700,0,0
1517517840,72.670,72.640,72.640,72.670,0,0
1517517900,72.640,72.680,72.640,72.690,52063,1574182
1517517960,72.670,72.700,72.670,72.700,0,0
1517518020,72.740,72.770,72.730,72.770,0,0
1517518080,72.760,72.770,72.750,72.780,0,0
1517518140,72.770,72.760,72.760,72.790,0,0
1517518200,72.790,72.810,72.790,72.830,54689,1626245
1517518260,72.820,72.840,72.820,72.860,0,0
1517518320,72.830,72.820,72.820,72.850,0,0
1517518380,72.830,72.790,72.780,72.830,0,0
1517518440,72.800,72.790,72.780,72.800,0,0
1517518500,72.780,72.810,72.780,72.820,293955,1680934
1517518560,72.820,72.770,72.770,72.820,0,0
1517518620,72.770,72.780,72.770,72.800,0,0
1517518680,72.780,72.800,72.780,72.830,0,0
1517518740,72.830,72.830,72.810,72.840,0,0
1517581800,72.300,72.590,72.150,72.590,25815,0
1517581860,72.590,72.520,72.520,72.590,0,0
1517581920,72.550,72.670,72.550,72.700,0,0
1517581980,72.700,72.580,72.580,72.700,0,0
1517582040,72.500,72.500,72.500,72.500,0,0
1517582100,72.580,72.580,72.580,72.580,2981,25815
1517582160,72.510,72.530,72.510,72.530,0,0
1517582220,72.530,72.600,72.530,72.600,0,0
1517582280,72.530,72.560,72.510,72.560,0,0
1517582400,72.600,72.580,72.580,72.600,11832,28796
1517582460,72.550,72.480,72.480,72.550,0,0
1517582520,72.520,72.540,72.510,72.540,0,0
1517582580,72.560,72.540,72.540,72.560,0,0
1517582640,72.570,72.570,72.570,72.570,0,0
1517582700,72.580,72.650,72.550,72.650,5894,40628
1517582760,72.660,72.640,72.640,72.660,0,0
1517582820,72.640,72.640,72.640,72.640,0,0
1517582940,72.650,72.640,72.640,72.650,0,0
1517583000,72.580,72.530,72.530,72.580,9361,46522
1517583060,72.500,72.520,72.480,72.520,0,0
1517583120,72.540,72.590,72.520,72.590,0,0
1517583180,72.530,72.500,72.500,72.530,0,0
1517583240,72.470,72.490,72.470,72.510,0,0
1517583300,72.410,72.450,72.410,72.450,6476,55883
1517583360,72.470,72.470,72.470,72.470,0,0
1517583420,72.450,72.480,72.450,72.480,0,0
1517583480,72.450,72.470,72.450,72.490,0,0
1517583540,72.480,72.480,72.480,72.480,0,0
1517583600,72.450,72.460,72.450,72.540,12117,62359
1517583660,72.440,72.380,72.360,72.440,0,0
1517583720,72.340,72.330,72.330,72.340,0,0
1517583780,72.290,72.320,72.290,72.320,0,0
1517583900,72.300,72.340,72.300,72.340,11222,74476
1517583960,72.330,72.400,72.330,72.430,0,0
1517584020,72.540,72.540,72.540,72.540,0,0
1517584080,72.530,72.550,72.510,72.570,0,0
1517584140,72.460,72.460,72.460,72.460,0,0
1517584200,72.460,72.390,72.390,72.460,9296,85698
1517584260,72.410,72.420,72.410,72.420,0,0
1517584320,72.420,72.460,72.420,72.470,0,0
1517584380,72.460,72.390,72.390,72.460,0,0
1517584440,72.420,72.440,72.420,72.440,0,0
1517584500,72.450,72.400,72.400,72.470,11264,94994
1517584560,72.450,72.400,72.400,72.470,0,0
1517584620,72.410,72.370,72.370,72.410,0,0
1517584680,72.350,72.320,72.320,72.350,0,0
1517584740,72.370,72.390,72.370,72.390,0,0
1517584800,72.290,72.340,72.290,72.340,11026,106258
1517584860,72.370,72.410,72.370,72.410,0,0
1517584920,72.470,72.470,72.470,72.470,0,0
1517584980,72.440,72.410,72.410,72.440,0,0
1517585040,72.410,72.380,72.380,72.410,0,0
1517585100,72.400,72.460,72.400,72.460,5010,117284
1517585160,72.460,72.460,72.460,72.460,0,0
1517585220,72.430,72.360,72.360,72.430,0,0
1517585280,72.380,72.400,72.380,72.400,0,0
1517585400,72.340,72.280,72.280,72.340,18174,122294
1517585460,72.280,72.310,72.280,72.310,0,0
1517585520,72.260,72.230,72.230,72.290,0,0
1517585580,72.230,72.260,72.230,72.260,0,0
1517585640,72.250,72.260,72.250,72.280,0,0
1517585700,72.230,72.230,72.230,72.230,6607,140468
1517585760,72.230,72.230,72.230,72.230,0,0
1517585820,72.210,72.250,72.210,72.250,0,0
1517585940,72.230,72.230,72.230,72.230,0,0
1517586000,72.230,72.250,72.230,72.250,9798,147075
1517586060,72.230,72.250,72.230,72.250,0,0
1517586120,72.270,72.300,72.270,72.300,0,0
1517586240,72.240,72.190,72.190,72.240,0,0
1517586300,72.200,72.160,72.160,72.200,7756,156873
1517586360,72.160,72.160,72.160,72.160,0,0
1517586420,72.160,72.160,72.160,72.160,0,0
1517586480,72.210,72.200,72.200,72.210,0,0
1517586540,72.170,72.190,72.170,72.190,0,0
1517586600,72.170,72.190,72.170,72.210,10276,164629
1517586660,72.200,72.190,72.190,72.200,0,0
1517586720,72.180,72.190,72.180,72.210,0,0
1517586780,72.180,72.180,72.180,72.180,0,0
1517586840,72.200,72.220,72.190,72.220,0,0
1517586900,72.210,72.200,72.200,72.220,9163,174905
1517586960,72.160,72.160,72.160,72.160,0,0
1517587020,72.140,72.100,72.100,72.160,0,0
1517587080,72.100,72.110,72.100,72.140,0,0
1517587140,72.090,72.080,72.080,72.090,0,0
1517587200,72.090,72.080,72.080,72.090,11390,184068
1517587260,72.100,72.080,72.080,72.100,0,0
1517587320,72.080,72.100,72.070,72.100,0,0
1517587380,72.100,72.100,72.100,72.100,0,0
1517587440,72.110,72.070,72.070,72.110,0,0
1517587500,72.050,72.060,72.050,72.060,6488,195458
1517587560,72.080,72.070,72.070,72.080,0,0
1517587620,72.050,72.050,72.050,72.050,0,0
1517587680,72.070,72.050,72.050,72.070,0,0
1517587740,72.080,72.090,72.080,72.100,0,0
1517587800,72.090,72.140,72.090,72.140,5238,201946
1517587860,72.150,72.150,72.150,72.150,0,0
1517587920,72.160,72.140,72.140,72.160,0,0
1517587980,72.180,72.190,72.180,72.190,0,0
1517588040,72.210,72.190,72.190,72.210,0,0
1517588100,72.210,72.200,72.200,72.250,7786,207184
1517588160,72.210,72.180,72.180,72.210,0,0
1517588220,72.140,72.140,72.140,72.140,0,0
1517588280,72.120,72.100,72.100,72.120,0,0
1517588340,72.080,72.060,72.060,72.100,0,0
1517588400,72.090,72.060,72.060,72.090,5600,214970
1517588460,72.050,72.080,72.050,72.080,0,0
1517588520,72.090,72.080,72.080,72.090,0,0
1517588580,72.090,72.090,72.090,72.090,0,0
1517588640,72.110,72.130,72.110,72.130,0,0
1517588700,72.110,72.090,72.090,72.110,4062,220570
1517588760,72.110,72.110,72.110,72.110,0,0
1517588880,72.120,72.140,72.120,72.140,0,0
1517588940,72.110,72.130,72.110,72.130,0,0
1517589000,72.120,72.170,72.120,72.180,11452,224632
1517589060,72.140,72.090,72.090,72.140,0,0
1517589120,72.110,72.120,72.080,72.120,0,0
1517589180,72.170,72.140,72.140,72.170,0,0
1517589240,72.140,72.010,72.010,72.140,0,0
1517589300,72.030,71.940,71.940,72.060,16933,236084
1517589360,71.980,71.960,71.960,71.990,0,0
1517589420,71.950,71.900,71.900,71.950,0,0
1517589480,71.890,71.910,71.880,71.910,0,0
1517589540,71.910,71.980,71.910,71.980,0,0
1517589600,71.960,71.940,71.940,71.960,25143,253017
1517589660,71.940,71.930,71.930,71.970,0,0
1517589720,71.890,71.880,71.840,71.890,0,0
1517589780,71.890,71.890,71.890,71.890,0,0
1517589840,71.850,71.810,71.810,71.850,0,0
1517589900,71.810,71.840,71.810,71.850,22523,278160
1517589960,71.840,71.860,71.840,71.890,0,0
1517590020,71.900,71.920,71.900,71.930,0,0
1517590080,71.930,71.990,71.930,71.990,0,0
1517590140,71.960,71.920,71.920,71.960,0,0
1517590200,71.920,71.890,71.880,71.920,12673,300683
1517590260,71.890,71.910,71.890,71.920,0,0
1517590320,71.890,71.880,71.860,71.900,0,0
1517590380,71.910,71.940,71.910,71.940,0,0
1517590500,71.970,71.910,71.910,71.970,8646,313356
1517590560,71.910,71.910,71.910,71.910,0,0
1517590680,71.860,71.850,71.790,71.860,0,0
1517590740,71.840,71.830,71.800,71.840,0,0
1517590800,71.830,71.820,71.800,71.830,31427,322002
1517590860,71.820,71.820,71.820,71.820,0,0
1517590920,71.860,71.840,71.840,71.890,0,0
1517590980,71.820,71.870,71.810,71.870,0,0
1517591040,71.880,71.900,71.880,71.900,0,0
1517591100,71.940,71.970,71.940,71.970,20124,353429
1517591160,71.980,71.920,71.920,71.980,0,0
1517591220,71.890,71.910,71.890,71.930,0,0
1517591280,71.920,71.880,71.880,71.920,0,0
1517591340,71.910,71.900,71.900,71.910,0,0
1517591400,71.910,71.890,71.890,71.910,21265,373553
1517591460,71.940,71.960,71.940,71.960,0,0
1517591520,71.960,72.000,71.960,72.010,0,0
1517591580,72.010,72.000,72.000,72.010,0,0
1517591640,72.030,72.000,72.000,72.030,0,0
1517591700,72.020,72.090,72.020,72.090,9113,394818
1517591760,72.080,72.070,72.070,72.090,0,0
1517591820,72.110,72.110,72.110,72.110,0,0
1517591880,72.100,72.080,72.080,72.100,0,0
1517591940,72.120,72.120,72.120,72.120,0,0
1517592000,72.130,72.100,72.100,72.130,5162,403931
1517592060,72.130,72.100,72.100,72.130,0,0
1517592120,72.100,72.100,72.100,72.100,0,0
1517592180,72.080,72.120,72.080,72.120,0,0
1517592300,72.120,72.160,72.120,72.160,86442,409093
1517592360,72.160,72.120,72.090,72.160,0,0
1517592420,72.120,72.160,72.090,72.160,0,0
1517592480,72.150,72.100,72.100,72.150,0,0
1517592540,72.090,72.240,72.090,72.240,0,0
1517592600,72.230,72.200,72.200,72.250,22987,495535
1517592660,72.200,72.250,72.200,72.250,0,0
1517592720,72.250,72.230,72.230,72.270,0,0
1517592780,72.230,72.240,72.230,72.250,0,0
1517592840,72.230,72.300,72.230,72.300,0,0
1517592900,72.310,72.250,72.250,72.330,21497,518522
1517592960,72.250,72.220,72.220,72.260,0,0
1517593020,72.210,72.200,72.200,72.230,0,0
1517593080,72.220,72.230,72.220,72.230,0,0
1517593140,72.220,72.200,72.200,72.230,0,0
1517593200,72.220,72.180,72.180,72.220,11703,540019
1517593260,72.180,72.190,72.170,72.190,0,0
1517593320,72.170,72.200,72.170,72.200,0,0
1517593380,72.210,72.180,72.180,72.210,0,0
1517593440,72.220,72.220,72.220,72.220,0,0
1517593500,72.220,72.200,72.200,72.220,12061,551722
1517593560,72.190,72.180,72.180,72.210,0,0
1517593620,72.170,72.140,72.140,72.170,0,0
1517593680,72.170,72.180,72.170,72.180,0,0
1517593740,72.180,72.200,72.180,72.200,0,0
1517593800,72.190,72.180,72.180,72.190,10331,563783
1517593860,72.200,72.190,72.190,72.210,0,0
1517593920,72.210,72.210,72.210,72.210,0,0
1517593980,72.200,72.190,72.180,72.210,0,0
1517594040,72.200,72.190,72.190,72.200,0,0
1517594100,72.190,72.200,72.190,72.220,12774,574114
1517594160,72.210,72.220,72.210,72.230,0,0
1517594220,72.240,72.240,72.240,72.240,0,0
1517594280,72.230,72.200,72.200,72.230,0,0
1517594340,72.180,72.160,72.140,72.180,0,0
1517594400,72.130,72.070,72.070,72.130,11498,586888
1517594460,72.070,72.110,72.070,72.110,0,0
1517594520,72.100,72.080,72.080,72.100,0,0
1517594580,72.110,72.110,72.110,72.110,0,0
1517594640,72.130,72.110,72.110,72.130,0,0
1517594700,72.140,72.170,72.140,72.170,24863,598386
1517594760,72.150,72.140,72.140,72.150,0,0
1517594820,72.130,72.130,72.130,72.130,0,0
1517594880,72.110,72.080,72.080,72.110,0,0
1517594940,72.070,72.080,72.070,72.080,0,0
1517595000,72.060,72.070,72.060,72.070,7047,623249
1517595060,72.080,72.050,72.050,72.080,0,0
1517595120,72.050,72.060,72.030,72.060,0,0
1517595180,72.080,72.090,72.070,72.090,0,0
1517595240,72.090,72.080,72.080,72.090,0,0
1517595300,72.110,72.110,72.110,72.110,9168,630296
1517595360,72.130,72.120,72.110,72.130,0,0
1517595420,72.120,72.110,72.110,72.120,0,0
1517595480,72.120,72.090,72.090,72.140,0,0
1517595540,72.100,72.100,72.100,72.100,0,0
1517595600,72.060,72.030,72.030,72.070,16961,639464
1517595660,72.010,71.990,71.970,72.010,0,0
1517595720,71.990,72.030,71.990,72.030,0,0
1517595780,72.020,71.960,71.960,72.020,0,0
1517595840,71.940,71.920,71.920,71.940,0,0
1517595900,71.940,71.950,71.930,71.960,15881,656425
1517595960,71.990,71.970,71.950,71.990,0,0
1517596020,71.990,72.000,71.970,72.000,0,0
1517596080,72.000,71.970,71.970,72.000,0,0
1517596140,71.980,71.980,71.980,71.980,0,0
1517596200,72.000,71.990,71.990,72.000,28139,672306
1517596260,71.970,71.980,71.970,71.980,0,0
1517596320,72.000,71.980,71.980,72.000,0,0
1517596380,71.970,72.000,71.970,72.000,0,0
1517596440,72.000,71.970,71.970,72.000,0,0
1517596500,71.970,71.980,71.970,72.000,17676,700445
1517596560,71.980,71.960,71.960,71.980,0,0
1517596620,71.960,71.960,71.960,71.960,0,0
1517596680,71.970,71.960,71.960,71.990,0,0
1517596740,71.950,71.920,71.920,71.950,0,0
1517596800,71.930,71.910,71.910,71.930,9764,718121
1517596860,71.930,71.890,71.890,71.930,0,0
1517596920,71.880,71.910,71.880,71.910,0,0
1517596980,71.890,71.870,71.870,71.900,0,0
1517597040,71.870,71.890,71.870,71.890,0,0
1517597100,71.870,71.850,71.850,71.870,10636,727885
1517597160,71.850,71.860,71.850,71.890,0,0
1517597220,71.850,71.890,71.850,71.890,0,0
1517597280,71.880,71.880,71.880,71.880,0,0
1517597340,71.870,71.810,71.810,71.870,0,0
1517597400,71.850,71.860,71.850,71.860,14228,738521
1517597460,71.870,71.850,71.840,71.870,0,0
1517597520,71.850,71.870,71.850,71.870,0,0
1517597580,71.870,71.880,71.870,71.880,0,0
1517597640,71.900,71.890,71.880,71.900,0,0
1517597700,71.890,71.920,71.890,71.930,18952,752749
1517597760,71.900,71.880,71.880,71.900,0,0
1517597820,71.890,71.880,71.870,71.890,0,0
1517597880,71.890,71.920,71.880,71.930,0,0
1517597940,71.920,71.930,71.900,71.930,0,0
1517598000,71.900,71.840,71.840,71.900,23763,771701
1517598060,71.870,71.880,71.870,71.880,0,0
1517598120,71.920,71.920,71.920,71.920,0,0
1517598180,71.970,71.980,71.970,71.980,0,0
1517598240,71.980,71.970,71.950,71.980,0,0
1517598300,72.010,71.990,71.960,72.020,19068,795464
1517598360,72.020,72.000,72.000,72.020,0,0
1517598420,71.990,72.010,71.990,72.010,0,0
1517598480,72.000,71.970,71.970,72.000,0,0
1517598540,71.970,71.940,71.940,71.970,0,0
1517598600,71.950,71.880,71.870,71.950,13770,814532
1517598660,71.870,71.860,71.860,71.870,0,0
1517598720,71.870,71.860,71.860,71.870,0,0
1517598780,71.890,71.830,71.830,71.890,0,0
1517598840,71.850,71.870,71.830,71.870,0,0
1517598900,71.880,71.880,71.880,71.880,10797,828302
1517598960,71.870,71.860,71.860,71.880,0,0
1517599020,71.860,71.880,71.860,71.880,0,0
1517599080,71.910,71.860,71.860,71.910,0,0
1517599140,71.830,71.820,71.780,71.830,0,0
1517599200,71.840,71.860,71.840,71.860,8183,839099
1517599260,71.870,71.870,71.870,71.870,0,0
1517599320,71.830,71.820,71.820,71.830,0,0
1517599380,71.860,71.810,71.810,71.860,0,0
1517599440,71.800,71.820,71.800,71.820,0,0
1517599500,71.850,71.830,71.810,71.850,15113,847282
1517599560,71.780,71.800,71.780,71.800,0,0
1517599620,71.810,71.770,71.770,71.810,0,0
1517599680,71.780,71.770,71.770,71.780,0,0
1517599740,71.770,71.720,71.710,71.770,0,0
1517599800,71.760,71.810,71.760,71.810,12742,862395
1517599860,71.850,71.890,71.850,71.890,0,0
1517599920,71.890,71.870,71.860,71.890,0,0
1517599980,71.870,71.870,71.870,71.870,0,0
1517600040,71.860,71.880,71.860,71.880,0,0
1517600100,71.850,71.860,71.850,71.870,23765,875137
1517600160,71.860,71.820,71.810,71.870,0,0
1517600220,71.860,71.840,71.840,71.860,0,0
1517600280,71.830,71.780,71.780,71.830,0,0
1517600340,71.770,71.750,71.750,71.770,0,0
1517600400,71.780,71.760,71.750,71.790,15767,898902
1517600460,71.750,71.760,71.750,71.770,0,0
1517600520,71.760,71.750,71.750,71.760,0,0
1517600580,71.760,71.730,71.730,71.760,0,0
1517600640,71.780,71.780,71.780,71.780,0,0
1517600700,71.780,71.730,71.720,71.780,26592,914669
1517600760,71.720,71.680,71.680,71.720,0,0
1517600820,71.670,71.690,71.670,71.690,0,0
1517600880,71.660,71.600,71.600,71.680,0,0
1517600940,71.630,71.660,71.630,71.660,0,0
1517601000,71.650,71.640,71.600,71.650,63060,941261
1517601060,71.610,71.620,71.570,71.620,0,0
1517601120,71.620,71.590,71.590,71.640,0,0
1517601180,71.590,71.580,71.580,71.600,0,0
1517601240,71.580,71.600,71.560,71.630,0,0
1517601300,71.590,71.600,71.590,71.630,76779,1004321
1517601360,71.590,71.540,71.540,71.610,0,0
1517601420,71.550,71.580,71.540,71.580,0,0
1517601480,71.550,71.510,71.490,71.550,0,0
1517601540,71.510,71.540,71.500,71.540,0,0
1517601600,71.500,71.480,71.470,71.500,39877,1081100
1517601660,71.510,71.500,71.500,71.530,0,0
1517601720,71.500,71.480,71.480,71.520,0,0
1517601780,71.470,71.430,71.420,71.470,0,0
1517601840,71.430,71.410,71.410,71.450,0,0
1517601900,71.410,71.420,71.400,71.420,24039,1120977
1517601960,71.380,71.400,71.360,71.410,0,0
1517602020,71.370,71.390,71.370,71.390,0,0
1517602080,71.400,71.390,71.360,71.400,0,0
1517602140,71.390,71.410,71.390,71.410,0,0
1517602200,71.390,71.450,71.390,71.450,29803,1145016
1517602260,71.480,71.520,71.470,71.520,0,0
1517602320,71.520,71.530,71.510,71.530,0,0
1517602380,71.530,71.550,71.530,71.550,0,0
1517602440,71.520,71.520,71.520,71.520,0,0
1517602500,71.520,71.530,71.480,71.540,56086,1174819
1517602560,71.580,71.650,71.580,71.670,0,0
1517602620,71.600,71.640,71.600,71.640,0,0
1517602680,71.650,71.610,71.610,71.660,0,0
1517602740,71.650,71.600,71.590,71.650,0,0
1517602800,71.600,71.620,71.600,71.620,25813,1230905
1517602860,71.600,71.590,71.590,71.610,0,0
1517602920,71.620,71.610,71.600,71.620,0,0
1517602980,71.640,71.600,71.600,71.640,0,0
1517603040,71.590,71.600,71.590,71.620,0,0
1517603100,71.610,71.600,71.600,71.610,38297,1256718
1517603160,71.610,71.600,71.590,71.610,0,0
1517603220,71.600,71.550,71.540,71.600,0,0
1517603280,71.540,71.570,71.520,71.570,0,0
1517603340,71.540,71.530,71.530,71.560,0,0
1517603400,71.510,71.480,71.470,71.520,40462,1295015
1517603460,71.490,71.450,71.440,71.490,0,0
1517603520,71.440,71.510,71.440,71.540,0,0
1517603580,71.510,71.550,71.510,71.560,0,0
1517603640,71.560,71.580,71.560,71.590,0,0
1517603700,71.560,71.550,71.540,71.560,39249,1335477
1517603760,71.550,71.560,71.530,71.560,0,0
1517603820,71.550,71.560,71.540,71.560,0,0
1517603880,71.570,71.620,71.550,71.620,0,0
1517603940,71.650,71.690,71.640,71.690,0,0
1517604000,71.660,71.570,71.560,71.660,29385,1374726
1517604060,71.560,71.540,71.540,71.560,0,0
1517604120,71.550,71.530,71.510,71.570,0,0
1517604180,71.550,71.520,71.520,71.550,0,0
1517604240,71.530,71.550,71.530,71.570,0,0
1517604300,71.480,71.470,71.470,71.500,72583,1404111
1517604360,71.480,71.440,71.440,71.500,0,0
1517604420,71.460,71.390,71.390,71.460,0,0
1517604480,71.420,71.380,71.350,71.420,0,0
1517604540,71.370,71.380,71.370,71.390,0,0
1517604600,71.400,71.390,71.390,71.440,84886,1476694
1517604660,71.420,71.410,71.390,71.420,0,0
1517604720,71.400,71.390,71.390,71.400,0,0
1517604780,71.390,71.380,71.380,71.400,0,0
1517604840,71.390,71.380,71.380,71.390,0,0
1517604900,71.390,71.380,71.380,71.390,380917,1561580
1517604960,71.390,71.380,71.360,71.390,0,0
1517605020,71.370,71.330,71.330,71.370,0,0
1517605080,71.310,71.300,71.290,71.310,0,0
1517605140,71.290,71.250,71.250,71.300,0,0
1517841000,70.930,70.560,70.550,70.930,52268,0
1517841060,70.960,70.910,70.910,70.960,0,0
1517841120,71.070,71.100,71.070,71.100,0,0
1517841180,71.180,71.220,71.180,71.220,0,0
1517841240,71.230,71.230,71.230,71.230,0,0
1517841300,71.070,71.210,71.070,71.210,9223,52268
1517841360,71.210,71.160,71.160,71.210,0,0
1517841420,71.120,71.140,71.120,71.140,0,0
1517841480,71.130,71.020,71.020,71.130,0,0
1517841540,71.060,70.980,70.980,71.060,0,0
1517841600,70.890,70.880,70.880,70.890,10275,61491
1517841660,70.810,70.790,70.790,70.870,0,0
1517841720,70.860,70.840,70.840,70.860,0,0
1517841780,70.920,70.920,70.920,70.920,0,0
1517841840,70.960,70.940,70.940,70.960,0,0
1517841900,70.870,71.030,70.870,71.060,9281,71766
1517842020,70.960,70.960,70.960,70.960,0,0
1517842080,71.010,70.970,70.930,71.010,0,0
1517842140,71.020,70.970,70.970,71.020,0,0
1517842200,70.990,71.020,70.990,71.020,7100,81047
1517842260,70.980,70.890,70.890,70.980,0,0
1517842320,70.910,70.940,70.910,70.940,0,0
1517842380,70.950,70.950,70.950,70.950,0,0
1517842440,70.950,70.950,70.950,70.950,0,0
1517842500,70.940,71.000,70.900,71.000,7095,88147
1517842560,71.010,71.020,71.010,71.020,0,0
1517842620,71.020,70.990,70.990,71.020,0,0
1517842680,70.970,71.050,70.970,71.050,0,0
1517842740,71.000,71.010,71.000,71.010,0,0
1517842800,70.940,71.020,70.940,71.020,12801,95242
1517842860,71.040,71.040,71.040,71.040,0,0
1517842920,70.970,71.070,70.970,71.110,0,0
1517842980,71.170,71.150,71.150,71.170,0,0
1517843040,71.150,71.100,71.100,71.150,0,0
1517843100,71.090,71.080,71.070,71.090,6540,108043
1517843220,71.090,71.110,71.090,71.110,0,0
1517843280,71.080,71.130,71.070,71.130,0,0
1517843340,71.180,71.180,71.180,71.180,0,0
1517843400,71.170,71.160,71.160,71.170,10841,114583
1517843460,71.130,71.160,71.110,71.160,0,0
1517843520,71.140,71.200,71.140,71.200,0,0
1517843580,71.170,71.270,71.170,71.270,0,0
1517843640,71.330,71.360,71.330,71.360,0,0
1517843700,71.300,71.340,71.300,71.340,6620,125424
1517843820,71.240,71.240,71.240,71.240,0,0
1517843880,71.260,71.280,71.260,71.280,0,0
1517843940,71.300,71.310,71.270,71.310,0,0
1517844000,71.280,71.370,71.280,71.370,24738,132044
1517844060,71.330,71.360,71.330,71.360,0,0
1517844120,71.350,71.320,71.320,71.350,0,0
1517844180,71.380,71.410,71.380,71.410,0,0
1517844240,71.410,71.420,71.390,71.440,0,0
1517844300,71.450,71.470,71.450,71.470,7184,156782
1517844360,71.430,71.450,71.430,71.450,0,0
1517844420,71.440,71.420,71.400,71.440,0,0
1517844480,71.430,71.420,71.420,71.430,0,0
1517844540,71.430,71.430,71.430,71.430,0,0
1517844600,71.410,71.400,71.400,71.410,10281,163966
1517844660,71.380,71.320,71.320,71.380,0,0
1517844720,71.300,71.300,71.300,71.300,0,0
1517844780,71.290,71.270,71.270,71.290,0,0
1517844840,71.260,71.260,71.260,71.260,0,0
1517844900,71.200,71.190,71.180,71.200,14884,174247
1517844960,71.200,71.190,71.190,71.230,0,0
1517845020,71.210,71.210,71.210,71.210,0,0
1517845080,71.120,71.120,71.120,71.120,0,0
1517845140,71.180,71.150,71.150,71.180,0,0
1517845200,71.150,71.170,71.150,71.170,16960,189131
1517845260,71.180,71.240,71.180,71.240,0,0
1517845320,71.250,71.220,71.220,71.250,0,0
1517845380,71.210,71.210,71.210,71.210,0,0
1517845440,71.210,71.230,71.210,71.260,0,0
1517845500,71.230,71.240,71.210,71.240,28279,206091
1517845560,71.250,71.230,71.230,71.250,0,0
1517845620,71.220,71.230,71.220,71.230,0,0
1517845680,71.210,71.190,71.190,71.210,0,0
1517845740,71.190,71.150,71.140,71.190,0,0
1517845800,71.180,71.140,71.140,71.180,30568,234370
1517845860,71.140,71.130,71.120,71.140,0,0
1517845920,71.160,71.150,71.150,71.170,0,0
1517845980,71.020,70.980,70.980,71.020,0,0
1517846040,71.020,71.000,70.950,71.020,0,0
1517846100,70.980,71.000,70.980,71.000,22154,264938
1517846160,71.040,71.060,71.040,71.070,0,0
1517846220,71.040,71.000,71.000,71.060,0,0
1517846280,71.040,70.930,70.930,71.040,0,0
1517846340,70.920,70.840,70.840,70.920,0,0
1517846400,70.840,70.960,70.840,70.960,21387,287092
1517846460,70.950,70.920,70.920,70.950,0,0
1517846520,70.940,70.980,70.940,70.980,0,0
1517846580,70.940,70.940,70.940,70.940,0,0
1517846640,70.910,70.940,70.910,70.940,0,0
1517846700,70.910,70.900,70.900,70.930,12578,308479
1517846760,70.910,70.900,70.900,70.930,0,0
1517846820,70.940,70.880,70.880,70.940,0,0
1517846880,70.900,70.930,70.900,70.930,0,0
1517846940,70.910,70.870,70.870,70.910,0,0
1517847000,70.890,70.900,70.890,70.900,9920,321057
1517847060,70.920,70.900,70.900,70.920,0,0
1517847120,70.960,70.940,70.940,70.970,0,0
1517847180,70.930,70.930,70.930,70.930,0,0
1517847240,70.870,70.910,70.870,70.910,0,0
1517847300,70.900,70.920,70.900,70.920,21022,330977
1517847360,70.920,70.910,70.910,70.930,0,0
1517847420,70.910,70.920,70.910,70.930,0,0
1517847480,70.900,70.890,70.890,70.910,0,0
1517847540,70.910,70.900,70.900,70.910,0,0
1517847600,70.850,70.880,70.850,70.880,15667,351999
1517847660,70.890,70.870,70.870,70.900,0,0
1517847720,70.880,70.910,70.880,70.920,0,0
1517847780,70.910,70.910,70.910,70.910,0,0
1517847840,70.960,71.010,70.960,71.010,0,0
1517847900,71.020,71.000,71.000,71.020,68171,367666
1517847960,70.990,70.970,70.940,70.990,0,0
1517848020,70.970,70.990,70.970,70.990,0,0
1517848080,70.990,70.890,70.890,70.990,0,0
1517848140,70.880,70.790,70.730,70.880,0,0
1517848200,70.780,70.790,70.760,70.790,16111,435837
1517848260,70.810,70.860,70.810,70.860,0,0
1517848320,70.840,70.820,70.820,70.880,0,0
1517848380,70.830,70.850,70.830,70.850,0,0
1517848440,70.890,70.900,70.890,70.900,0,0
1517848500,70.910,70.880,70.880,70.910,6708,451948
1517848560,70.890,70.810,70.810,70.890,0,0
1517848620,70.870,70.830,70.830,70.870,0,0
1517848680,70.840,70.800,70.800,70.840,0,0
1517848740,70.790,70.790,70.790,70.790,0,0
1517848800,70.770,70.780,70.770,70.780,7558,458656
1517848860,70.810,70.790,70.790,70.830,0,0
1517848920,70.800,70.800,70.800,70.800,0,0
1517848980,70.760,70.640,70.640,70.760,0,0
1517849100,70.730,70.740,70.730,70.740,7185,466214
1517849220,70.730,70.740,70.730,70.740,0,0
1517849280,70.740,70.730,70.730,70.750,0,0
1517849340,70.730,70.730,70.730,70.730,0,0
1517849400,70.720,70.720,70.720,70.720,47641,473399
1517849460,70.770,70.800,70.770,70.830,0,0
1517849520,70.840,70.830,70.830,70.840,0,0
1517849580,70.850,70.880,70.850,70.880,0,0
1517849640,70.880,70.860,70.860,70.880,0,0
1517849700,70.870,70.880,70.840,70.880,10866,521040
1517849760,70.860,70.870,70.860,70.870,0,0
1517849820,70.840,70.910,70.840,70.910,0,0
1517849880,70.900,70.890,70.890,70.900,0,0
1517849940,70.930,70.920,70.920,70.930,0,0
1517850000,70.910,70.920,70.900,70.920,19438,531906
1517850060,70.900,70.840,70.840,70.900,0,0
1517850120,70.850,70.810,70.810,70.850,0,0
1517850180,70.790,70.840,70.790,70.840,0,0
1517850240,70.840,70.820,70.820,70.840,0,0
1517850300,70.790,70.810,70.790,70.810,15492,551344
1517850360,70.800,70.800,70.800,70.800,0,0
1517850420,70.780,70.770,70.770,70.780,0,0
1517850480,70.770,70.700,70.700,70.770,0,0
1517850540,70.690,70.680,70.680,70.690,0,0
1517850600,70.670,70.690,70.670,70.710,18456,566836
1517850660,70.670,70.680,70.660,70.680,0,0
1517850720,70.710,70.720,70.700,70.740,0,0
1517850780,70.720,70.740,70.720,70.740,0,0
1517850840,70.700,70.690,70.680,70.700,0,0
1517850900,70.680,70.610,70.610,70.680,10904,585292
1517850960,70.610,70.630,70.610,70.640,0,0
1517851020,70.630,70.620,70.600,70.630,0,0
1517851080,70.630,70.620,70.610,70.640,0,0
1517851140,70.640,70.590,70.590,70.640,0,0
1517851200,70.580,70.580,70.580,70.580,19370,596196
1517851260,70.590,70.590,70.590,70.590,0,0
1517851320,70.570,70.470,70.470,70.570,0,0
1517851380,70.500,70.440,70.440,70.500,0,0
1517851440,70.470,70.480,70.470,70.500,0,0
1517851500,70.470,70.470,70.470,70.470,6280,615566
1517851560,70.520,70.520,70.520,70.520,0,0
1517851620,70.550,70.530,70.530,70.550,0,0
1517851740,70.560,70.530,70.530,70.560,0,0
1517851800,70.530,70.540,70.530,70.540,10665,621846
1517851860,70.560,70.570,70.530,70.570,0,0
1517851920,70.580,70.580,70.580,70.580,0,0
1517851980,70.560,70.580,70.550,70.580,0,0
1517852040,70.560,70.560,70.560,70.560,0,0
1517852100,70.560,70.500,70.500,70.560,43232,632511
1517852160,70.490,70.450,70.410,70.490,0,0
1517852220,70.420,70.430,70.420,70.440,0,0
1517852280,70.390,70.440,70.390,70.440,0,0
1517852340,70.440,70.400,70.400,70.440,0,0
1517852400,70.400,70.450,70.400,70.450,83866,675743
1517852460,70.440,70.470,70.420,70.470,0,0
1517852520,70.470,70.390,70.360,70.470,0,0
1517852580,70.410,70.420,70.410,70.420,0,0
1517852640,70.420,70.450,70.380,70.450,0,0
1517852700,70.450,70.460,70.430,70.480,80173,759609
1517852760,70.440,70.440,70.440,70.440,0,0
1517852820,70.450,70.420,70.420,70.450,0,0
1517852880,70.440,70.400,70.400,70.470,0,0
1517852940,70.420,70.490,70.420,70.520,0,0
1517853000,70.510,70.600,70.510,70.600,12068,839782
1517853060,70.580,70.580,70.580,70.580,0,0
1517853120,70.570,70.620,70.570,70.620,0,0
1517853180,70.620,70.630,70.620,70.650,0,0
1517853240,70.640,70.640,70.640,70.640,0,0
1517853300,70.610,70.620,70.610,70.620,6155,851850
1517853360,70.640,70.620,70.610,70.640,0,0
1517853420,70.550,70.550,70.550,70.550,0,0
1517853480,70.550,70.550,70.550,70.550,0,0
1517853540,70.520,70.500,70.500,70.520,0,0
1517853600,70.440,70.410,70.410,70.460,20275,858005
1517853660,70.380,70.410,70.380,70.420,0,0
1517853720,70.350,70.330,70.280,70.370,0,0
1517853780,70.340,70.320,70.290,70.340,0,0
1517853840,70.310,70.220,70.220,70.310,0,0
1517853900,70.210,70.220,70.210,70.260,10146,878280
1517853960,70.230,70.230,70.230,70.230,0,0
1517854080,70.180,70.200,70.180,70.200,0,0
1517854140,70.130,70.140,70.130,70.140,0,0
1517854200,70.120,70.160,70.120,70.160,6889,888426
1517854260,70.150,70.120,70.120,70.150,0,0
1517854320,70.160,70.180,70.160,70.180,0,0
1517854380,70.210,70.220,70.210,70.220,0,0
1517854440,70.220,70.230,70.220,70.230,0,0
1517854500,70.200,70.240,70.200,70.280,10818,895315
1517854560,70.230,70.190,70.190,70.250,0,0
1517854620,70.220,70.230,70.220,70.230,0,0
1517854680,70.200,70.220,70.200,70.260,0,0
1517854740,70.220,70.190,70.190,70.250,0,0
1517854800,70.230,70.250,70.230,70.250,16609,906133
1517854860,70.260,70.220,70.220,70.260,0,0
1517854920,70.210,70.230,70.210,70.260,0,0
1517854980,70.170,70.170,70.170,70.170,0,0
1517855040,70.250,70.190,70.190,70.250,0,0
1517855100,70.190,70.160,70.160,70.190,7345,922742
1517855160,70.160,70.090,70.090,70.160,0,0
1517855220,70.150,70.140,70.140,70.150,0,0
1517855280,70.110,70.130,70.080,70.160,0,0
1517855340,70.150,70.180,70.150,70.180,0,0
1517855400,70.210,70.190,70.190,70.210,13076,930087
1517855460,70.180,70.160,70.160,70.190,0,0
1517855520,70.200,70.200,70.200,70.200,0,0
1517855580,70.220,70.190,70.190,70.220,0,0
1517855640,70.180,70.110,70.110,70.180,0,0
1517855700,70.120,70.140,70.110,70.150,21072,943163
1517855760,70.120,70.130,70.120,70.130,0,0
1517855820,70.090,70.120,70.080,70.120,0,0
1517855880,70.080,70.070,70.070,70.150,0,0
1517855940,70.050,70.030,70.030,70.080,0,0
1517856000,70.060,70.050,70.050,70.090,20769,964235
1517856060,70.110,70.110,70.110,70.110,0,0
1517856120,70.100,70.030,70.030,70.100,0,0
1517856180,70.040,70.090,70.040,70.100,0,0
1517856240,70.080,70.040,70.040,70.080,0,0
1517856300,70.010,70.010,70.010,70.010,8345,985004
1517856360,70.080,70.090,70.080,70.100,0,0
1517856420,70.110,70.130,70.090,70.130,0,0
1517856480,70.120,70.100,70.100,70.120,0,0
1517856600,70.140,70.170,70.140,70.170,16536,993349
1517856660,70.190,70.190,70.190,70.190,0,0
1517856720,70.200,70.190,70.190,70.200,0,0
1517856840,70.210,70.240,70.210,70.240,0,0
1517856900,70.240,70.260,70.170,70.270,37133,1009885
1517856960,70.260,70.310,70.260,70.310,0,0
1517857020,70.300,70.310,70.300,70.310,0,0
1517857080,70.310,70.350,70.310,70.350,0,0
1517857140,70.360,70.390,70.360,70.390,0,0
1517857200,70.400,70.420,70.400,70.420,23871,1047018
1517857260,70.380,70.360,70.360,70.380,0,0
1517857320,70.300,70.300,70.300,70.300,0,0
1517857380,70.310,70.240,70.240,70.310,0,0
1517857440,70.270,70.270,70.270,70.270,0,0
1517857500,70.280,70.250,70.250,70.280,13096,1070889
1517857560,70.240,70.220,70.220,70.240,0,0
1517857620,70.210,70.150,70.150,70.210,0,0
1517857680,70.180,70.190,70.170,70.190,0,0
1517857740,70.180,70.200,70.180,70.200,0,0
1517857800,70.160,70.120,70.120,70.160,9970,1083985
1517857860,70.210,70.230,70.210,70.250,0,0
1517857920,70.190,70.170,70.170,70.220,0,0
1517857980,70.190,70.180,70.170,70.190,0,0
1517858040,70.190,70.200,70.190,70.200,0,0
1517858100,70.190,70.090,70.090,70.190,32782,1093955
1517858160,70.080,70.060,70.060,70.080,0,0
1517858220,70.060,70.030,70.030,70.060,0,0
1517858280,70.010,70.000,69.990,70.010,0,0
1517858340,69.970,69.990,69.970,70.000,0,0
1517858400,69.960,70.000,69.960,70.000,33449,1126737
1517858460,69.990,70.020,69.990,70.040,0,0
1517858520,70.000,70.020,69.980,70.020,0,0
1517858580,70.050,70.010,70.010,70.050,0,0
1517858640,70.010,69.930,69.930,70.020,0,0
1517858700,69.920,69.910,69.910,69.950,22533,1160186
1517858760,69.910,69.900,69.900,69.910,0,0
1517858820,69.920,69.910,69.910,69.920,0,0
1517858880,69.910,69.930,69.910,69.930,0,0
1517858940,69.940,69.950,69.940,69.950,0,0
1517859000,69.910,69.840,69.810,69.910,51568,1182719
1517859060,69.810,69.840,69.810,69.840,0,0
1517859120,69.840,69.870,69.820,69.870,0,0
1517859180,69.810,69.800,69.790,69.810,0,0
1517859240,69.780,69.770,69.770,69.780,0,0
1517859300,69.870,69.810,69.730,69.870,156211,1234287
1517859360,69.820,69.720,69.650,69.820,0,0
1517859420,69.660,69.800,69.660,69.810,0,0
1517859480,69.830,69.790,69.790,69.830,0,0
1517859540,69.750,69.760,69.750,69.780,0,0
1517859600,69.790,69.850,69.780,69.860,81598,1390498
1517859660,69.850,69.860,69.820,69.860,0,0
1517859720,69.860,69.870,69.860,69.880,0,0
1517859780,69.920,69.930,69.920,69.950,0,0
1517859840,69.870,69.820,69.770,69.870,0,0
1517859900,69.890,69.850,69.850,69.890,24011,1472096
1517859960,69.860,69.820,69.820,69.860,0,0
1517860020,69.830,69.810,69.810,69.830,0,0
1517860080,69.800,69.740,69.740,69.800,0,0
1517860140,69.760,69.730,69.730,69.770,0,0
1517860200,69.700,69.610,69.610,69.720,32540,1496107
1517860260,69.580,69.640,69.570,69.640,0,0
1517860320,69.640,69.620,69.620,69.650,0,0
1517860380,69.640,69.670,69.640,69.670,0,0
1517860440,69.650,69.660,69.640,69.660,0,0
1517860500,69.580,69.600,69.580,69.630,27946,1528647
1517860560,69.620,69.510,69.510,69.620,0,0
1517860620,69.550,69.440,69.430,69.550,0,0
1517860680,69.440,69.420,69.400,69.440,0,0
1517860740,69.420,69.460,69.420,69.480,0,0
1517860800,69.420,69.350,69.280,69.420,30715,1556593
1517860860,69.350,69.450,69.350,69.470,0,0
1517860920,69.450,69.480,69.430,69.480,0,0
1517860980,69.450,69.400,69.400,69.480,0,0
1517861040,69.350,69.220,69.220,69.380,0,0
1517861100,69.100,69.170,69.040,69.170,39557,1587308
1517861160,69.100,68.980,68.960,69.100,0,0
1517861220,68.910,68.930,68.770,68.970,0,0
1517861280,68.820,68.820,68.820,68.820,0,0
1517861340,68.810,68.410,68.400,68.810,0,0
1517861400,68.470,68.460,68.410,68.500,31363,1626865
1517861460,68.490,68.490,68.490,68.490,0,0
1517861520,68.410,68.810,68.410,68.810,0,0
1517861580,68.960,68.820,68.800,68.960,0,0
1517861640,68.630,68.750,68.620,68.800,0,0
1517861700,68.960,68.990,68.930,68.990,37833,1658228
1517861760,69.060,69.150,69.060,69.200,0,0
1517861820,69.270,69.360,69.270,69.440,0,0
1517861880,69.310,69.170,69.140,69.310,0,0
1517861940,69.190,69.200,69.100,69.310,0,0
1517862000,69.210,69.200,69.170,69.210,34445,1696061
1517862060,69.180,69.270,69.180,69.270,0,0
1517862120,69.230,69.260,69.180,69.260,0,0
1517862180,69.400,69.460,69.380,69.460,0,0
1517862240,69.500,69.420,69.350,69.500,0,0
1517862300,69.450,69.470,69.450,69.490,46342,1730506
1517862360,69.460,69.440,69.390,69.460,0,0
1517862420,69.410,69.480,69.380,69.520,0,0
1517862480,69.490,69.580,69.490,69.600,0,0
1517862540,69.510,69.490,69.470,69.510,0,0
1517862600,69.490,69.360,69.350,69.520,61319,1776848
1517862660,69.320,69.330,69.270,69.400,0,0
1517862720,69.330,69.450,69.330,69.460,0,0
1517862780,69.510,69.520,69.460,69.520,0,0
1517862840,69.520,69.430,69.430,69.540,0,0
1517862900,69.400,69.350,69.350,69.420,62315,1838167
1517862960,69.400,69.200,69.200,69.400,0,0
1517863020,69.200,69.230,69.200,69.270,0,0
1517863080,69.220,69.120,69.120,69.230,0,0
1517863140,69.110,69.010,69.010,69.200,0,0
1517863200,69.010,68.840,68.830,69.050,71712,1900482
1517863260,68.820,68.890,68.780,68.970,0,0
1517863320,68.820,68.990,68.820,68.990,0,0
1517863380,68.950,68.930,68.930,69.060,0,0
1517863440,69.010,68.960,68.950,69.010,0,0
1517863500,68.970,68.910,68.910,68.970,173567,1972194
1517863560,68.940,68.960,68.890,69.000,0,0
1517863620,68.880,68.910,68.860,68.910,0,0
1517863680,68.930,68.920,68.920,68.960,0,0
1517863740,68.910,68.830,68.790,68.910,0,0
1517863800,68.790,68.840,68.790,68.920,154562,2145761
1517863860,68.750,68.690,68.690,68.750,0,0
1517863920,68.630,68.620,68.580,68.630,0,0
1517863980,68.640,68.520,68.510,68.710,0,0
1517864040,68.520,68.490,68.490,68.550,0,0
1517864100,68.530,68.520,68.490,68.560,495262,2300323
1517864160,68.530,68.620,68.530,68.690,0,0
1517864220,68.660,68.730,68.660,68.740,0,0
1517864280,68.710,68.480,68.480,68.710,0,0
1517864340,68.430,68.220,68.220,68.430,0,0
