1519914600,9.150,9.250,9.150,9.320,151174,0
1519914660,9.280,9.250,9.250,9.300,0,0
1519914720,9.300,9.200,9.200,9.300,0,0
1519914780,9.220,9.300,9.200,9.300,0,0
1519914840,9.300,9.200,9.200,9.300,0,0
1519914900,9.250,9.300,9.200,9.300,48084,151174
1519914960,9.300,9.200,9.200,9.300,0,0
1519915020,9.210,9.200,9.150,9.210,0,0
1519915080,9.120,9.200,9.100,9.200,0,0
1519915140,9.150,9.200,9.150,9.200,0,0
1519915200,9.150,9.200,9.150,9.250,43687,199258
1519915260,9.200,9.150,9.150,9.200,0,0
1519915320,9.200,9.220,9.200,9.220,0,0
1519915380,9.150,9.180,9.150,9.200,0,0
1519915440,9.200,9.150,9.150,9.200,0,0
1519915500,9.130,9.130,9.130,9.130,33268,242945
1519915560,9.100,9.150,9.100,9.150,0,0
1519915620,9.150,9.180,9.150,9.180,0,0
1519915680,9.150,9.100,9.100,9.150,0,0
1519915740,9.200,9.150,9.150,9.200,0,0
1519915800,9.150,9.100,9.100,9.150,29614,276213
1519915860,9.090,9.150,9.050,9.150,0,0
1519915920,9.150,9.150,9.150,9.150,0,0
1519915980,9.150,9.200,9.150,9.200,0,0
1519916040,9.200,9.180,9.180,9.200,0,0
1519916100,9.150,9.150,9.150,9.150,4979,305827
1519916160,9.150,9.150,9.150,9.150,0,0
1519916220,9.120,9.120,9.120,9.120,0,0
1519916280,9.100,9.120,9.100,9.120,0,0
1519916340,9.120,9.100,9.100,9.120,0,0
1519916400,9.100,9.070,9.070,9.100,45212,310806
1519916460,9.100,9.100,9.100,9.100,0,0
1519916580,9.070,9.100,9.070,9.100,0,0
1519916640,9.100,9.150,9.100,9.200,0,0
1519916700,9.150,9.150,9.150,9.150,8644,356018
1519916760,9.100,9.100,9.100,9.100,0,0
1519916880,9.120,9.120,9.120,9.120,0,0
1519916940,9.150,9.150,9.150,9.150,0,0
1519917000,9.150,9.180,9.150,9.180,108118,364662
1519917060,9.200,9.180,9.170,9.200,0,0
1519917120,9.180,9.150,9.150,9.180,0,0
1519917180,9.180,9.150,9.150,9.180,0,0
1519917240,9.180,9.200,9.180,9.200,0,0
1519917300,9.200,9.150,9.150,9.200,30656,472780
1519917360,9.180,9.180,9.180,9.180,0,0
1519917420,9.200,9.180,9.180,9.200,0,0
1519917480,9.180,9.200,9.180,9.200,0,0
1519917540,9.200,9.180,9.180,9.200,0,0
1519917600,9.180,9.200,9.180,9.200,140533,503436
1519917660,9.200,9.180,9.150,9.200,0,0
1519917720,9.180,9.300,9.180,9.300,0,0
1519917780,9.250,9.290,9.250,9.290,0,0
1519917840,9.280,9.220,9.220,9.280,0,0
1519917900,9.200,9.220,9.200,9.220,71715,643969
1519917960,9.220,9.220,9.220,9.220,0,0
1519918020,9.250,9.200,9.200,9.250,0,0
1519918080,9.220,9.220,9.220,9.220,0,0
1519918140,9.200,9.220,9.200,9.220,0,0
1519918200,9.200,9.150,9.150,9.200,45502,715684
1519918260,9.150,9.180,9.150,9.200,0,0
1519918320,9.180,9.200,9.150,9.220,0,0
1519918380,9.200,9.180,9.180,9.200,0,0
1519918440,9.150,9.180,9.150,9.180,0,0
1519918500,9.180,9.200,9.180,9.200,15384,761186
1519918560,9.220,9.180,9.180,9.220,0,0
1519918620,9.150,9.100,9.100,9.150,0,0
1519918680,9.100,9.100,9.100,9.100,0,0
1519918740,9.120,9.120,9.120,9.120,0,0
1519918800,9.150,9.100,9.100,9.150,17316,776570
1519918860,9.150,9.070,9.070,9.150,0,0
1519918920,9.070,9.070,9.070,9.070,0,0
1519918980,9.070,9.100,9.070,9.100,0,0
1519919040,9.050,9.000,9.000,9.100,0,0
1519919100,9.030,9.030,9.030,9.030,4873,793886
1519919160,9.100,9.100,9.100,9.100,0,0
1519919220,9.050,9.050,9.050,9.050,0,0
1519919280,9.050,9.100,9.050,9.100,0,0
1519919400,9.100,9.100,9.100,9.100,438,798759
1519919580,9.100,9.100,9.100,9.100,0,0
1519919640,9.070,9.100,9.070,9.100,0,0
1519919700,9.070,9.100,9.070,9.100,14102,799197
1519919760,9.100,9.150,9.100,9.150,0,0
1519919820,9.150,9.120,9.120,9.150,0,0
1519919880,9.150,9.150,9.150,9.150,0,0
1519919940,9.120,9.120,9.120,9.120,0,0
1519920000,9.150,9.150,9.150,9.150,4844,813299
1519920060,9.100,9.050,9.050,9.100,0,0
1519920180,9.050,9.050,9.050,9.050,0,0
1519920240,9.150,9.150,9.150,9.150,0,0
1519920300,9.130,9.130,9.130,9.130,2800,818143
1519920420,9.150,9.120,9.120,9.150,0,0
1519920480,9.150,9.150,9.150,9.150,0,0
1519920540,9.150,9.150,9.150,9.150,0,0
1519920600,9.150,9.150,9.150,9.150,3600,820943
1519920660,9.150,9.150,9.150,9.150,0,0
1519920720,9.150,9.150,9.150,9.150,0,0
1519920780,9.150,9.150,9.150,9.150,0,0
1519920840,9.150,9.150,9.150,9.150,0,0
1519920900,9.150,9.150,9.150,9.150,16718,824543
1519920960,9.150,9.150,9.150,9.150,0,0
1519921020,9.150,9.150,9.150,9.150,0,0
1519921080,9.180,9.200,9.150,9.200,0,0
1519921140,9.180,9.150,9.150,9.200,0,0
1519921200,9.170,9.170,9.170,9.170,14729,841261
1519921320,9.200,9.200,9.200,9.200,0,0
1519921380,9.200,9.250,9.200,9.250,0,0
1519921440,9.250,9.250,9.250,9.250,0,0
1519921500,9.250,9.220,9.220,9.250,8932,855990
1519921560,9.250,9.220,9.220,9.250,0,0
1519921620,9.220,9.220,9.220,9.220,0,0
1519921680,9.220,9.200,9.200,9.220,0,0
1519921800,9.200,9.200,9.200,9.200,800,864922
1519921860,9.200,9.200,9.200,9.200,0,0
1519921920,9.200,9.200,9.200,9.200,0,0
1519921980,9.200,9.200,9.200,9.200,0,0
1519922100,9.200,9.150,9.150,9.200,9691,865722
1519922160,9.200,9.200,9.200,9.200,0,0
1519922280,9.220,9.220,9.220,9.220,0,0
1519922400,9.200,9.200,9.200,9.200,1700,875413
1519922520,9.200,9.200,9.200,9.200,0,0
1519922580,9.200,9.200,9.200,9.200,0,0
1519922640,9.200,9.200,9.200,9.200,0,0
1519922700,9.200,9.200,9.200,9.200,6864,877113
1519922760,9.200,9.200,9.200,9.200,0,0
1519922820,9.200,9.200,9.200,9.200,0,0
1519922880,9.200,9.150,9.150,9.200,0,0
1519922940,9.200,9.200,9.200,9.200,0,0
1519923000,9.200,9.180,9.180,9.200,2395,883977
1519923060,9.200,9.200,9.200,9.200,0,0
1519923120,9.200,9.200,9.200,9.200,0,0
1519923180,9.200,9.200,9.200,9.200,0,0
1519923240,9.200,9.200,9.200,9.200,0,0
1519923300,9.200,9.200,9.200,9.200,11629,886372
1519923360,9.200,9.200,9.200,9.200,0,0
1519923420,9.200,9.200,9.200,9.200,0,0
1519923480,9.200,9.200,9.200,9.200,0,0
1519923540,9.200,9.150,9.150,9.200,0,0
1519923600,9.150,9.150,9.150,9.150,3226,898001
1519923660,9.200,9.200,9.200,9.200,0,0
1519923720,9.170,9.170,9.170,9.170,0,0
1519923780,9.200,9.200,9.200,9.200,0,0
1519923840,9.200,9.180,9.180,9.200,0,0
1519923900,9.200,9.200,9.200,9.200,1732,901227
1519923960,9.150,9.150,9.150,9.150,0,0
1519924080,9.180,9.200,9.180,9.200,0,0
1519924140,9.150,9.150,9.150,9.150,0,0
1519924200,9.150,9.180,9.150,9.180,5024,902959
1519924260,9.150,9.150,9.150,9.150,0,0
1519924320,9.200,9.200,9.200,9.200,0,0
1519924380,9.200,9.200,9.200,9.200,0,0
1519924440,9.200,9.150,9.150,9.250,0,0
1519924500,9.200,9.200,9.200,9.200,7718,907983
1519924560,9.200,9.180,9.180,9.200,0,0
1519924620,9.200,9.180,9.180,9.200,0,0
1519924680,9.200,9.250,9.200,9.250,0,0
1519924740,9.200,9.200,9.200,9.200,0,0
1519924800,9.200,9.200,9.200,9.200,1755,915701
1519924860,9.200,9.200,9.200,9.200,0,0
1519924920,9.200,9.170,9.170,9.200,0,0
1519925040,9.180,9.200,9.180,9.200,0,0
1519925100,9.200,9.200,9.200,9.200,11227,917456
1519925220,9.200,9.250,9.200,9.250,0,0
1519925280,9.170,9.200,9.170,9.200,0,0
1519925340,9.210,9.200,9.200,9.210,0,0
1519925400,9.200,9.200,9.200,9.200,10814,928683
1519925460,9.200,9.200,9.200,9.200,0,0
1519925520,9.180,9.150,9.150,9.180,0,0
1519925580,9.120,9.120,9.120,9.120,0,0
1519925700,9.120,9.150,9.120,9.150,5087,939497
1519925880,9.120,9.150,9.120,9.150,0,0
1519925940,9.100,9.150,9.100,9.150,0,0
1519926000,9.150,9.150,9.150,9.150,901,944584
1519926240,9.150,9.150,9.150,9.150,0,0
1519926300,9.100,9.100,9.100,9.100,14800,945485
1519926480,9.150,9.120,9.100,9.150,0,0
1519926600,9.120,9.120,9.120,9.120,36925,960285
1519926660,9.100,9.150,9.100,9.150,0,0
1519926720,9.100,9.100,9.100,9.100,0,0
1519926780,9.150,9.150,9.150,9.150,0,0
1519926840,9.050,9.100,9.050,9.100,0,0
1519926900,9.050,9.050,9.050,9.050,1000,997210
1519927020,9.050,9.050,9.050,9.050,0,0
1519927140,9.050,9.050,9.050,9.050,0,0
1519927200,9.100,9.100,9.100,9.100,700,998210
1519927320,9.050,9.050,9.050,9.050,0,0
1519927440,9.070,9.070,9.070,9.070,0,0
1519927500,9.050,9.050,9.050,9.050,39720,998910
1519927620,9.100,9.050,9.050,9.100,0,0
1519927680,9.070,9.050,9.050,9.070,0,0
1519927740,9.000,9.070,9.000,9.100,0,0
1519927800,9.070,9.050,9.050,9.070,16931,1038630
1519927860,9.050,9.070,9.050,9.070,0,0
1519927920,9.050,9.050,9.050,9.050,0,0
1519927980,9.100,9.100,9.100,9.100,0,0
1519928040,9.050,9.070,9.050,9.070,0,0
1519928100,9.050,9.050,9.050,9.050,5331,1055561
1519928160,9.070,9.070,9.070,9.070,0,0
1519928220,9.070,9.070,9.070,9.070,0,0
1519928280,9.100,9.100,9.100,9.100,0,0
1519928400,9.050,9.050,9.050,9.050,872,1060892
1519928640,9.070,9.100,9.070,9.100,0,0
1519928700,9.070,9.100,9.070,9.100,35754,1061764
1519928760,9.100,9.150,9.100,9.150,0,0
1519928820,9.120,9.200,9.120,9.200,0,0
1519928940,9.150,9.120,9.120,9.150,0,0
1519929000,9.120,9.150,9.120,9.150,23325,1097518
1519929060,9.150,9.150,9.150,9.150,0,0
1519929120,9.150,9.120,9.120,9.150,0,0
1519929180,9.120,9.070,9.070,9.120,0,0
1519929240,9.100,9.100,9.100,9.100,0,0
1519929300,9.100,9.100,9.100,9.100,1925,1120843
1519929360,9.100,9.150,9.100,9.150,0,0
1519929420,9.100,9.100,9.100,9.100,0,0
1519929480,9.150,9.150,9.150,9.150,0,0
1519929540,9.100,9.100,9.100,9.100,0,0
1519929600,9.100,9.100,9.100,9.100,6489,1122768
1519929720,9.100,9.100,9.100,9.100,0,0
1519929900,9.100,9.100,9.100,9.100,2500,1129257
1519930020,9.100,9.100,9.100,9.100,0,0
1519930080,9.150,9.100,9.100,9.150,0,0
1519930140,9.100,9.100,9.100,9.100,0,0
1519930200,9.100,9.050,9.050,9.100,14050,1131757
1519930260,9.100,9.050,9.050,9.100,0,0
1519930320,9.100,9.100,9.100,9.100,0,0
1519930380,9.100,9.100,9.100,9.100,0,0
1519930500,9.100,9.100,9.100,9.100,8585,1145807
1519930560,9.100,9.100,9.100,9.100,0,0
1519930620,9.070,9.100,9.070,9.100,0,0
1519930740,9.120,9.100,9.100,9.120,0,0
1519930800,9.150,9.100,9.100,9.150,13458,1154392
1519930860,9.150,9.100,9.100,9.150,0,0
1519930920,9.130,9.100,9.100,9.130,0,0
1519930980,9.120,9.110,9.110,9.120,0,0
1519931040,9.100,9.120,9.100,9.120,0,0
1519931100,9.100,9.100,9.100,9.100,4882,1167850
1519931160,9.120,9.100,9.100,9.120,0,0
1519931220,9.100,9.100,9.100,9.100,0,0
1519931340,9.120,9.120,9.120,9.120,0,0
1519931400,9.100,9.100,9.100,9.100,32252,1172732
1519931460,9.100,9.100,9.100,9.100,0,0
1519931520,9.150,9.100,9.100,9.150,0,0
1519931580,9.100,9.100,9.100,9.100,0,0
1519931640,9.100,9.100,9.100,9.100,0,0
1519931700,9.100,9.100,9.100,9.100,23890,1204984
1519931760,9.120,9.150,9.120,9.150,0,0
1519931820,9.100,9.100,9.100,9.100,0,0
1519931880,9.100,9.100,9.100,9.100,0,0
1519931940,9.150,9.140,9.140,9.150,0,0
1519932000,9.100,9.150,9.100,9.150,150,1228874
1519932180,9.100,9.150,9.100,9.150,0,0
1519932300,9.120,9.150,9.120,9.150,8246,1229024
1519932360,9.150,9.150,9.150,9.150,0,0
1519932480,9.150,9.150,9.150,9.150,0,0
1519932540,9.100,9.100,9.100,9.100,0,0
1519932600,9.200,9.150,9.150,9.200,4097,1237270
1519932720,9.200,9.200,9.200,9.200,0,0
1519932780,9.200,9.150,9.150,9.200,0,0
1519932900,9.150,9.150,9.150,9.150,4800,1241367
1519932960,9.150,9.150,9.150,9.150,0,0
1519933020,9.150,9.150,9.150,9.150,0,0
1519933080,9.150,9.150,9.150,9.150,0,0
1519933140,9.150,9.150,9.150,9.150,0,0
1519933200,9.150,9.150,9.150,9.150,1739,1246167
1519933260,9.150,9.150,9.150,9.150,0,0
1519933320,9.150,9.150,9.150,9.150,0,0
1519933380,9.150,9.150,9.150,9.150,0,0
1519933500,9.150,9.150,9.150,9.150,14814,1247906
1519933620,9.180,9.150,9.150,9.180,0,0
1519933800,9.200,9.200,9.200,9.200,4827,1262720
1519933920,9.200,9.200,9.200,9.200,0,0
1519934040,9.180,9.150,9.150,9.180,0,0
1519934100,9.100,9.100,9.100,9.100,844,1267547
1519934220,9.100,9.100,9.100,9.100,0,0
1519934280,9.100,9.100,9.100,9.100,0,0
1519934340,9.120,9.120,9.120,9.120,0,0
1519934400,9.120,9.120,9.120,9.120,16997,1268391
1519934460,9.120,9.120,9.120,9.120,0,0
1519934520,9.150,9.150,9.150,9.150,0,0
1519934580,9.200,9.150,9.150,9.200,0,0
1519934640,9.150,9.150,9.150,9.150,0,0
1519934700,9.150,9.150,9.150,9.150,6492,1285388
1519934760,9.150,9.150,9.150,9.150,0,0
1519934820,9.150,9.150,9.150,9.150,0,0
1519934880,9.150,9.120,9.120,9.150,0,0
1519935000,9.180,9.150,9.150,9.180,3574,1291880
1519935120,9.180,9.150,9.150,9.180,0,0
1519935180,9.190,9.180,9.180,9.190,0,0
1519935240,9.150,9.120,9.100,9.150,0,0
1519935300,9.120,9.120,9.120,9.120,2929,1295454
1519935360,9.120,9.120,9.120,9.120,0,0
1519935420,9.120,9.120,9.120,9.120,0,0
1519935480,9.120,9.150,9.120,9.150,0,0
1519935540,9.120,9.150,9.120,9.150,0,0
1519935600,9.180,9.150,9.150,9.180,22485,1298383
1519935660,9.150,9.150,9.150,9.150,0,0
1519935720,9.150,9.150,9.150,9.150,0,0
1519935780,9.150,9.150,9.150,9.150,0,0
1519935840,9.150,9.150,9.150,9.150,0,0
1519935900,9.180,9.150,9.150,9.180,6543,1320868
1519936020,9.150,9.150,9.150,9.150,0,0
1519936080,9.100,9.120,9.100,9.120,0,0
1519936140,9.120,9.120,9.120,9.120,0,0
1519936200,9.150,9.100,9.100,9.150,19062,1327411
1519936260,9.150,9.200,9.150,9.200,0,0
1519936320,9.150,9.120,9.120,9.150,0,0
1519936380,9.150,9.150,9.150,9.150,0,0
1519936440,9.120,9.150,9.120,9.150,0,0
1519936500,9.150,9.150,9.150,9.150,1935,1346473
1519936560,9.150,9.100,9.100,9.150,0,0
1519936620,9.150,9.100,9.100,9.150,0,0
1519936680,9.150,9.150,9.150,9.150,0,0
1519936740,9.150,9.150,9.150,9.150,0,0
1519936800,9.150,9.100,9.100,9.150,20527,1348408
1519936860,9.150,9.120,9.100,9.150,0,0
1519936920,9.150,9.120,9.100,9.150,0,0
1519936980,9.100,9.180,9.100,9.180,0,0
1519937040,9.180,9.150,9.150,9.200,0,0
1519937100,9.200,9.150,9.120,9.200,25872,1368935
1519937160,9.120,9.120,9.120,9.120,0,0
1519937220,9.100,9.180,9.100,9.180,0,0
1519937280,9.180,9.180,9.180,9.180,0,0
1519937340,9.180,9.150,9.150,9.180,0,0
1519937400,9.150,9.120,9.120,9.150,25029,1394807
1519937460,9.120,9.100,9.100,9.120,0,0
1519937520,9.100,9.120,9.100,9.120,0,0
1519937580,9.120,9.100,9.100,9.120,0,0
1519937640,9.100,9.120,9.100,9.150,0,0
1519937700,9.150,9.100,9.100,9.150,105435,1419836
1519937760,9.120,9.150,9.100,9.150,0,0
1519937820,9.150,9.120,9.100,9.150,0,0
1519937880,9.150,9.120,9.100,9.150,0,0
1519937940,9.150,9.200,9.100,9.200,0,0
1520001000,9.050,8.750,8.750,9.050,15930,0
1520001060,9.200,9.200,9.200,9.200,0,0
1520001120,9.200,9.000,9.000,9.200,0,0
1520001180,9.000,8.950,8.950,9.000,0,0
1520001240,9.050,9.000,9.000,9.100,0,0
1520001300,9.000,9.100,9.000,9.100,8918,15930
1520001360,9.100,9.050,9.050,9.100,0,0
1520001420,9.100,9.100,9.100,9.100,0,0
1520001480,9.100,9.050,9.050,9.100,0,0
1520001540,9.100,9.050,9.050,9.100,0,0
1520001600,9.050,9.100,9.050,9.100,5650,24848
1520001660,9.100,9.150,9.100,9.150,0,0
1520001780,9.150,9.100,9.100,9.150,0,0
1520001900,9.100,9.100,9.100,9.100,8816,30498
1520001960,9.200,9.200,9.200,9.200,0,0
1520002020,9.200,9.250,9.200,9.250,0,0
1520002080,9.220,9.250,9.220,9.250,0,0
1520002140,9.230,9.230,9.230,9.230,0,0
1520002200,9.200,9.200,9.200,9.200,18470,39314
1520002260,9.220,9.250,9.200,9.250,0,0
1520002320,9.200,9.200,9.200,9.200,0,0
1520002380,9.150,9.100,9.100,9.150,0,0
1520002440,9.100,9.100,9.100,9.100,0,0
1520002500,9.150,9.150,9.150,9.150,4952,57784
1520002560,9.150,9.150,9.150,9.150,0,0
1520002740,9.150,9.120,9.120,9.150,0,0
1520002800,9.150,9.150,9.150,9.150,3353,62736
1520002860,9.150,9.200,9.150,9.200,0,0
1520002920,9.180,9.180,9.180,9.180,0,0
1520003100,9.200,9.200,9.200,9.200,5814,66089
1520003340,9.200,9.200,9.200,9.200,0,0
1520003400,9.200,9.200,9.200,9.200,402,71903
1520003580,9.200,9.200,9.200,9.200,0,0
1520003640,9.200,9.200,9.200,9.200,0,0
1520003700,9.200,9.150,9.150,9.200,14093,72305
1520003760,9.180,9.180,9.180,9.180,0,0
1520004000,9.200,9.200,9.200,9.200,7145,86398
1520004060,9.170,9.170,9.170,9.170,0,0
1520004240,9.200,9.200,9.200,9.200,0,0
1520004300,9.200,9.200,9.200,9.200,2866,93543
1520004420,9.220,9.220,9.220,9.220,0,0
1520004600,9.200,9.150,9.150,9.200,18244,96409
1520004660,9.150,9.100,9.100,9.150,0,0
1520004720,9.100,9.100,9.100,9.100,0,0
1520004840,9.150,9.150,9.150,9.150,0,0
1520004900,9.150,9.150,9.150,9.150,6507,114653
1520004960,9.160,9.120,9.120,9.160,0,0
1520005200,9.180,9.180,9.180,9.180,5532,121160
1520005260,9.180,9.180,9.180,9.180,0,0
1520005320,9.180,9.150,9.150,9.180,0,0
1520005380,9.150,9.150,9.150,9.150,0,0
1520005500,9.150,9.150,9.150,9.150,205,126692
1520005560,9.150,9.150,9.150,9.150,0,0
1520005680,9.150,9.150,9.150,9.150,0,0
1520005800,9.150,9.120,9.120,9.150,4085,126897
1520005920,9.180,9.180,9.180,9.180,0,0
1520006100,9.200,9.200,9.200,9.200,1038,130982
1520006160,9.200,9.200,9.200,9.200,0,0
1520006220,9.200,9.200,9.200,9.200,0,0
1520006400,9.150,9.200,9.150,9.200,4902,132020
1520006460,9.150,9.200,9.150,9.200,0,0
1520006520,9.200,9.180,9.180,9.200,0,0
1520006580,9.180,9.180,9.180,9.180,0,0
1520006700,9.150,9.150,9.150,9.150,8517,136922
1520006760,9.150,9.150,9.150,9.150,0,0
1520006820,9.150,9.150,9.150,9.150,0,0
1520007000,9.120,9.120,9.120,9.120,2799,145439
1520007120,9.120,9.120,9.120,9.120,0,0
1520007180,9.150,9.150,9.150,9.150,0,0
1520007240,9.120,9.120,9.120,9.120,0,0
1520007300,9.150,9.120,9.120,9.150,28370,148238
1520007360,9.100,9.100,9.100,9.100,0,0
1520007420,9.100,9.150,9.100,9.150,0,0
1520007480,9.100,9.100,9.100,9.100,0,0
1520007540,9.150,9.150,9.150,9.150,0,0
1520007600,9.070,9.070,9.070,9.070,2135,176608
1520007660,9.070,9.070,9.070,9.070,0,0
1520007780,9.100,9.150,9.100,9.150,0,0
1520007840,9.100,9.100,9.100,9.100,0,0
1520007900,9.100,9.150,9.100,9.150,2517,178743
1520008020,9.100,9.150,9.100,9.150,0,0
1520008080,9.120,9.120,9.120,9.120,0,0
1520008200,9.100,9.100,9.100,9.100,1602,181260
1520008260,9.150,9.120,9.120,9.150,0,0
1520008320,9.100,9.150,9.100,9.150,0,0
1520008380,9.120,9.120,9.120,9.120,0,0
1520008440,9.120,9.120,9.120,9.120,0,0
1520008500,9.150,9.150,9.150,9.150,7193,182862
1520008560,9.180,9.200,9.180,9.200,0,0
1520008620,9.200,9.200,9.200,9.200,0,0
1520008680,9.200,9.200,9.200,9.200,0,0
1520008740,9.200,9.200,9.200,9.200,0,0
1520008800,9.200,9.200,9.200,9.200,18614,190055
1520008860,9.200,9.200,9.200,9.200,0,0
1520008920,9.200,9.200,9.200,9.200,0,0
1520008980,9.200,9.200,9.200,9.200,0,0
1520009040,9.180,9.200,9.180,9.200,0,0
1520009100,9.200,9.180,9.180,9.200,5636,208669
1520009160,9.200,9.200,9.200,9.200,0,0
1520009220,9.200,9.200,9.200,9.200,0,0
1520009280,9.200,9.200,9.200,9.200,0,0
1520009340,9.200,9.180,9.180,9.200,0,0
1520009400,9.200,9.180,9.180,9.200,5500,214305
1520009460,9.200,9.180,9.180,9.200,0,0
1520009520,9.200,9.200,9.200,9.200,0,0
1520009580,9.200,9.200,9.200,9.200,0,0
1520009640,9.200,9.200,9.200,9.200,0,0
1520009700,9.180,9.200,9.180,9.200,7641,219805
1520009760,9.200,9.200,9.200,9.200,0,0
1520009820,9.200,9.200,9.200,9.200,0,0
1520009880,9.200,9.200,9.200,9.200,0,0
1520009940,9.200,9.200,9.200,9.200,0,0
1520010000,9.200,9.200,9.200,9.200,200,227446
1520010060,9.200,9.200,9.200,9.200,0,0
1520010120,9.200,9.200,9.200,9.200,0,0
1520010180,9.200,9.200,9.200,9.200,0,0
1520010240,9.200,9.200,9.200,9.200,0,0
1520010300,9.200,9.180,9.180,9.200,5078,227646
1520010360,9.180,9.180,9.180,9.180,0,0
1520010480,9.200,9.200,9.200,9.200,0,0
1520010540,9.200,9.200,9.200,9.200,0,0
1520010600,9.200,9.200,9.200,9.200,1230,232724
1520010660,9.200,9.200,9.200,9.200,0,0
1520010720,9.200,9.180,9.180,9.200,0,0
1520010840,9.180,9.180,9.180,9.180,0,0
1520010900,9.200,9.200,9.200,9.200,1100,233954
1520010960,9.200,9.200,9.200,9.200,0,0
1520011020,9.200,9.180,9.180,9.200,0,0
1520011080,9.180,9.180,9.180,9.180,0,0
1520011200,9.180,9.180,9.180,9.180,600,235054
1520011260,9.180,9.180,9.180,9.180,0,0
1520011320,9.200,9.200,9.200,9.200,0,0
1520011500,9.200,9.200,9.200,9.200,3300,235654
1520011560,9.180,9.180,9.180,9.180,0,0
1520011620,9.180,9.180,9.180,9.180,0,0
1520011680,9.200,9.200,9.200,9.200,0,0
1520011800,9.180,9.180,9.180,9.180,1436,238954
1520011860,9.180,9.200,9.180,9.200,0,0
1520011920,9.180,9.180,9.180,9.180,0,0
1520011980,9.200,9.200,9.200,9.200,0,0
1520012040,9.200,9.180,9.180,9.200,0,0
1520012100,9.180,9.180,9.180,9.180,10700,240390
1520012220,9.180,9.180,9.180,9.180,0,0
1520012280,9.180,9.180,9.180,9.180,0,0
1520012340,9.200,9.200,9.200,9.200,0,0
1520012400,9.200,9.200,9.200,9.200,3400,251090
1520012520,9.200,9.180,9.180,9.200,0,0
1520012700,9.180,9.200,9.180,9.200,1200,254490
1520012760,9.200,9.200,9.200,9.200,0,0
1520013000,9.180,9.180,9.180,9.180,8210,255690
1520013060,9.180,9.180,9.180,9.180,0,0
1520013120,9.180,9.150,9.150,9.180,0,0
1520013180,9.180,9.160,9.160,9.180,0,0
1520013240,9.200,9.200,9.200,9.200,0,0
1520013300,9.200,9.180,9.180,9.200,817,263900
1520013480,9.200,9.180,9.180,9.200,0,0
1520013600,9.180,9.180,9.180,9.180,1547,264717
1520013660,9.180,9.180,9.180,9.180,0,0
1520013780,9.150,9.150,9.150,9.150,0,0
1520013900,9.200,9.180,9.180,9.200,1400,266264
1520013960,9.150,9.150,9.150,9.150,0,0
1520014020,9.170,9.170,9.170,9.170,0,0
1520014200,9.200,9.180,9.180,9.200,600,267664
1520014260,9.200,9.180,9.180,9.200,0,0
1520014500,9.180,9.180,9.180,9.180,611,268264
1520014560,9.180,9.180,9.180,9.180,0,0
1520014620,9.180,9.200,9.180,9.200,0,0
1520014800,9.200,9.180,9.180,9.200,4222,268875
1520014860,9.180,9.180,9.180,9.180,0,0
1520014920,9.180,9.180,9.180,9.180,0,0
1520014980,9.180,9.180,9.180,9.180,0,0
1520015040,9.180,9.170,9.170,9.180,0,0
1520015100,9.180,9.180,9.180,9.180,1069,273097
1520015160,9.150,9.150,9.150,9.150,0,0
1520015280,9.180,9.180,9.180,9.180,0,0
1520015340,9.180,9.200,9.180,9.200,0,0
1520015400,9.200,9.200,9.200,9.200,4499,274166
1520015520,9.180,9.200,9.150,9.200,0,0
1520015580,9.180,9.180,9.180,9.180,0,0
1520015640,9.180,9.180,9.180,9.180,0,0
1520015700,9.180,9.180,9.180,9.180,1945,278665
1520015760,9.180,9.180,9.180,9.180,0,0
1520015820,9.200,9.150,9.150,9.200,0,0
1520015940,9.180,9.180,9.180,9.180,0,0
1520016000,9.200,9.180,9.180,9.200,2400,280610
1520016120,9.200,9.180,9.180,9.200,0,0
1520016180,9.180,9.200,9.180,9.200,0,0
1520016240,9.200,9.200,9.200,9.200,0,0
1520016300,9.200,9.200,9.200,9.200,1000,283010
1520016420,9.200,9.200,9.200,9.200,0,0
1520016480,9.180,9.180,9.180,9.180,0,0
1520016540,9.200,9.200,9.200,9.200,0,0
1520016600,9.200,9.200,9.200,9.200,500,284010
1520016720,9.200,9.200,9.200,9.200,0,0
1520016780,9.180,9.180,9.180,9.180,0,0
1520016900,9.200,9.200,9.200,9.200,3600,284510
1520016960,9.180,9.200,9.180,9.200,0,0
1520017020,9.180,9.180,9.180,9.180,0,0
1520017140,9.200,9.180,9.180,9.200,0,0
1520017200,9.200,9.200,9.200,9.200,1574,288110
1520017260,9.180,9.180,9.180,9.180,0,0
1520017380,9.150,9.180,9.150,9.180,0,0
1520017500,9.200,9.200,9.200,9.200,1200,289684
1520017560,9.200,9.200,9.200,9.200,0,0
1520017800,9.200,9.200,9.200,9.200,1000,290884
1520017920,9.180,9.180,9.180,9.180,0,0
1520017980,9.200,9.200,9.200,9.200,0,0
1520018100,9.180,9.200,9.180,9.200,63012,291884
1520018160,9.200,9.200,9.200,9.200,0,0
1520018220,9.180,9.220,9.180,9.220,0,0
1520018280,9.220,9.250,9.220,9.250,0,0
1520018340,9.220,9.220,9.220,9.220,0,0
1520018400,9.250,9.220,9.220,9.250,117693,354896
1520018460,9.250,9.220,9.220,9.250,0,0
1520018520,9.250,9.250,9.250,9.250,0,0
1520018580,9.250,9.250,9.250,9.250,0,0
1520018700,9.250,9.300,9.250,9.300,82223,472589
1520018760,9.300,9.320,9.300,9.350,0,0
1520018820,9.350,9.350,9.350,9.350,0,0
1520018880,9.350,9.350,9.350,9.350,0,0
1520018940,9.380,9.400,9.380,9.400,0,0
1520019000,9.400,9.400,9.400,9.400,25428,554812
1520019180,9.370,9.300,9.300,9.370,0,0
1520019240,9.300,9.300,9.300,9.300,0,0
1520019300,9.300,9.250,9.250,9.300,29128,580240
1520019360,9.250,9.250,9.250,9.250,0,0
1520019420,9.220,9.250,9.200,9.250,0,0
1520019600,9.280,9.280,9.280,9.280,1020,609368
1520019660,9.280,9.280,9.280,9.280,0,0
1520019840,9.250,9.250,9.250,9.250,0,0
1520019900,9.200,9.200,9.200,9.200,58262,610388
1520019960,9.200,9.200,9.200,9.200,0,0
1520020020,9.200,9.200,9.200,9.200,0,0
1520020080,9.200,9.200,9.200,9.200,0,0
1520020200,9.150,9.200,9.150,9.200,7609,668650
1520020260,9.150,9.200,9.150,9.200,0,0
1520020380,9.200,9.200,9.200,9.200,0,0
1520020500,9.150,9.150,9.150,9.150,1225,676259
1520020560,9.150,9.150,9.150,9.150,0,0
1520020620,9.200,9.200,9.200,9.200,0,0
1520020800,9.200,9.200,9.200,9.200,11956,677484
1520020860,9.200,9.200,9.200,9.200,0,0
1520020920,9.180,9.150,9.150,9.200,0,0
1520021040,9.100,9.100,9.100,9.100,0,0
1520021100,9.100,9.100,9.100,9.100,14540,689440
1520021160,9.070,9.100,9.070,9.100,0,0
1520021220,9.100,9.100,9.100,9.100,0,0
1520021280,9.100,9.100,9.100,9.100,0,0
1520021340,9.100,9.100,9.100,9.100,0,0
1520021400,9.100,9.100,9.100,9.100,25680,703980
1520021460,9.100,9.070,9.070,9.100,0,0
1520021520,9.070,9.070,9.070,9.070,0,0
1520021640,9.150,9.100,9.100,9.150,0,0
1520021700,9.100,9.100,9.100,9.100,7470,729660
1520021820,9.100,9.100,9.100,9.100,0,0
1520021880,9.150,9.100,9.100,9.150,0,0
1520021940,9.200,9.100,9.100,9.200,0,0
1520022000,9.180,9.150,9.100,9.180,23735,737130
1520022060,9.150,9.150,9.150,9.150,0,0
1520022120,9.150,9.200,9.150,9.200,0,0
1520022180,9.150,9.150,9.150,9.150,0,0
1520022240,9.150,9.100,9.100,9.150,0,0
1520022300,9.100,9.100,9.100,9.100,100,760865
1520022360,9.100,9.100,9.100,9.100,0,0
1520022420,9.100,9.100,9.100,9.100,0,0
1520022480,9.100,9.100,9.100,9.100,0,0
1520022540,9.100,9.100,9.100,9.100,0,0
1520022600,9.120,9.100,9.100,9.120,8734,760965
1520022660,9.100,9.150,9.100,9.150,0,0
1520022720,9.100,9.150,9.100,9.150,0,0
1520022780,9.100,9.100,9.100,9.100,0,0
1520022900,9.100,9.150,9.100,9.150,17040,769699
1520023020,9.150,9.100,9.100,9.150,0,0
1520023080,9.120,9.120,9.120,9.120,0,0
1520023140,9.100,9.150,9.100,9.150,0,0
1520023200,9.150,9.150,9.150,9.150,7862,786739
1520023260,9.180,9.180,9.180,9.180,0,0
1520023320,9.200,9.180,9.180,9.200,0,0
1520023380,9.180,9.150,9.150,9.180,0,0
1520023440,9.150,9.200,9.150,9.200,0,0
1520023500,9.200,9.150,9.150,9.200,4319,794601
1520023560,9.150,9.180,9.150,9.180,0,0
1520023620,9.200,9.150,9.150,9.200,0,0
1520023680,9.150,9.180,9.150,9.200,0,0
1520023740,9.150,9.200,9.150,9.200,0,0
1520023800,9.150,9.200,9.150,9.200,7636,798920
1520023860,9.150,9.200,9.150,9.200,0,0
1520023920,9.150,9.180,9.150,9.200,0,0
1520023980,9.200,9.150,9.150,9.200,0,0
1520024040,9.150,9.200,9.150,9.200,0,0
1520024100,9.150,9.200,9.150,9.200,73862,806556
1520024160,9.150,9.180,9.150,9.180,0,0
1520024220,9.150,9.100,9.100,9.150,0,0
1520024280,9.120,9.100,9.100,9.150,0,0
1520024340,9.120,9.150,9.100,9.200,0,0
1520260200,9.150,9.150,9.150,9.150,10348,0
1520260380,9.250,9.280,9.250,9.280,0,0
1520260440,9.250,9.300,9.250,9.350,0,0
1520260500,9.350,9.400,9.350,9.400,13645,10348
1520260560,9.350,9.300,9.300,9.400,0,0
1520260620,9.350,9.400,9.350,9.400,0,0
1520260680,9.300,9.350,9.300,9.350,0,0
1520260740,9.300,9.300,9.300,9.300,0,0
1520260800,9.350,9.350,9.350,9.350,5040,23993
1520260860,9.300,9.300,9.300,9.300,0,0
1520260920,9.250,9.250,9.250,9.250,0,0
1520261100,9.200,9.250,9.200,9.250,400,29033
1520261400,9.250,9.250,9.250,9.250,1031,29433
1520261460,9.150,9.200,9.150,9.200,0,0
1520261520,9.200,9.200,9.200,9.200,0,0
1520261640,9.150,9.150,9.150,9.150,0,0
1520261700,9.250,9.250,9.250,9.250,2165,30464
1520261820,9.250,9.250,9.250,9.250,0,0
1520262000,9.200,9.200,9.200,9.200,402,32629
1520262180,9.220,9.250,9.220,9.250,0,0
1520262300,9.220,9.220,9.220,9.220,1132,33031
1520262420,9.220,9.220,9.220,9.220,0,0
1520262540,9.250,9.250,9.250,9.250,0,0
1520262600,9.250,9.250,9.250,9.250,201,34163
1520262660,9.250,9.250,9.250,9.250,0,0
1520262720,9.200,9.250,9.200,9.250,0,0
1520262900,9.220,9.200,9.200,9.220,5398,34364
1520262960,9.200,9.250,9.200,9.250,0,0
1520263080,9.250,9.250,9.250,9.250,0,0
1520263140,9.250,9.300,9.250,9.300,0,0
1520263200,9.350,9.350,9.350,9.350,8034,39762
1520263260,9.350,9.400,9.350,9.400,0,0
1520263320,9.350,9.350,9.350,9.350,0,0
1520263380,9.350,9.350,9.350,9.350,0,0
1520263440,9.400,9.450,9.370,9.450,0,0
1520263500,9.450,9.450,9.450,9.450,675,47796
1520263560,9.450,9.450,9.450,9.450,0,0
1520263620,9.450,9.450,9.450,9.450,0,0
1520263680,9.400,9.400,9.400,9.400,0,0
1520263740,9.400,9.400,9.400,9.400,0,0
1520263800,9.400,9.450,9.400,9.450,3003,48471
1520263860,9.400,9.450,9.400,9.450,0,0
1520264100,9.450,9.450,9.450,9.450,9150,51474
1520264160,9.450,9.430,9.430,9.450,0,0
1520264220,9.450,9.450,9.450,9.450,0,0
1520264280,9.460,9.500,9.460,9.500,0,0
1520264400,9.500,9.500,9.500,9.500,700,60624
1520264460,9.470,9.500,9.470,9.500,0,0
1520264700,9.470,9.500,9.470,9.500,13754,61324
1520264760,9.470,9.500,9.470,9.500,0,0
1520264820,9.450,9.450,9.450,9.450,0,0
1520265000,9.430,9.430,9.430,9.430,7226,75078
1520265060,9.430,9.430,9.430,9.430,0,0
1520265180,9.400,9.500,9.400,9.500,0,0
1520265300,9.490,9.500,9.490,9.500,6300,82304
1520265360,9.490,9.500,9.490,9.500,0,0
1520265420,9.400,9.500,9.400,9.500,0,0
1520265540,9.500,9.500,9.500,9.500,0,0
1520265600,9.450,9.500,9.450,9.500,3285,88604
1520265660,9.500,9.470,9.470,9.500,0,0
1520265720,9.500,9.500,9.500,9.500,0,0
1520265780,9.450,9.450,9.450,9.450,0,0
1520265840,9.500,9.470,9.470,9.500,0,0
1520265900,9.500,9.550,9.500,9.550,28136,91889
1520265960,9.500,9.550,9.500,9.550,0,0
1520266020,9.550,9.650,9.550,9.650,0,0
1520266080,9.650,9.630,9.610,9.700,0,0
1520266140,9.610,9.700,9.610,9.700,0,0
1520266200,9.700,9.650,9.650,9.700,6696,120025
1520266260,9.620,9.610,9.610,9.620,0,0
1520266320,9.650,9.630,9.630,9.650,0,0
1520266380,9.620,9.650,9.620,9.650,0,0
1520266440,9.650,9.650,9.650,9.650,0,0
1520266500,9.610,9.610,9.610,9.610,32920,126721
1520266560,9.700,9.650,9.650,9.700,0,0
1520266620,9.700,9.700,9.700,9.700,0,0
1520266680,9.600,9.600,9.600,9.600,0,0
1520266740,9.700,9.750,9.700,9.800,0,0
1520266800,9.800,9.710,9.710,9.800,4812,159641
1520266860,9.790,9.790,9.790,9.790,0,0
1520266920,9.780,9.800,9.750,9.800,0,0
1520266980,9.700,9.750,9.700,9.750,0,0
1520267040,9.700,9.750,9.700,9.750,0,0
1520267100,9.750,9.700,9.700,9.750,11166,164453
1520267160,9.720,9.700,9.680,9.720,0,0
1520267280,9.700,9.700,9.700,9.700,0,0
1520267340,9.750,9.750,9.750,9.750,0,0
1520267400,9.750,9.750,9.750,9.750,2966,175619
1520267460,9.800,9.800,9.800,9.800,0,0
1520267520,9.780,9.800,9.750,9.800,0,0
1520267580,9.750,9.750,9.750,9.750,0,0
1520267640,9.700,9.700,9.700,9.700,0,0
1520267700,9.720,9.700,9.700,9.720,2370,178585
1520267760,9.750,9.700,9.700,9.750,0,0
1520267820,9.720,9.750,9.720,9.750,0,0
1520268000,9.750,9.800,9.750,9.800,7670,180955
1520268060,9.800,9.780,9.780,9.800,0,0
1520268120,9.750,9.800,9.750,9.800,0,0
1520268180,9.760,9.760,9.760,9.760,0,0
1520268240,9.760,9.800,9.760,9.800,0,0
1520268300,9.800,9.800,9.800,9.800,13704,188625
1520268360,9.850,9.800,9.800,9.850,0,0
1520268420,9.800,9.850,9.800,9.850,0,0
1520268480,9.850,9.800,9.800,9.850,0,0
1520268600,9.780,9.780,9.780,9.780,900,202329
1520268900,9.750,9.720,9.700,9.750,4433,203229
1520269020,9.720,9.750,9.720,9.750,0,0
1520269140,9.720,9.720,9.720,9.720,0,0
1520269200,9.750,9.750,9.750,9.750,7552,207662
1520269380,9.720,9.750,9.720,9.750,0,0
1520269440,9.750,9.800,9.750,9.800,0,0
1520269500,9.750,9.800,9.750,9.800,2100,215214
1520269800,9.800,9.800,9.800,9.800,2386,217314
1520269920,9.800,9.800,9.800,9.800,0,0
1520269980,9.760,9.760,9.760,9.760,0,0
1520270100,9.750,9.750,9.750,9.750,4254,219700
1520270160,9.780,9.800,9.780,9.800,0,0
1520270280,9.750,9.750,9.750,9.750,0,0
1520270340,9.750,9.700,9.700,9.750,0,0
1520270400,9.710,9.750,9.710,9.750,669,223954
1520270460,9.710,9.750,9.710,9.750,0,0
1520270580,9.730,9.700,9.700,9.730,0,0
1520270700,9.720,9.750,9.720,9.750,5004,224623
1520270820,9.720,9.750,9.720,9.750,0,0
1520270940,9.700,9.720,9.700,9.720,0,0
1520271000,9.720,9.720,9.720,9.720,7396,229627
1520271060,9.750,9.780,9.750,9.780,0,0
1520271120,9.750,9.780,9.750,9.780,0,0
1520271300,9.720,9.750,9.720,9.750,2491,237023
1520271600,9.700,9.700,9.700,9.700,450,239514
1520271720,9.700,9.700,9.700,9.700,0,0
1520271840,9.720,9.720,9.720,9.720,0,0
1520271900,9.700,9.750,9.700,9.750,1412,239964
1520272200,9.730,9.750,9.730,9.750,4831,241376
1520272260,9.750,9.750,9.750,9.750,0,0
1520272320,9.750,9.750,9.750,9.750,0,0
1520272380,9.740,9.720,9.720,9.740,0,0
1520272500,9.750,9.750,9.750,9.750,3857,246207
1520272560,9.750,9.700,9.700,9.750,0,0
1520272620,9.720,9.720,9.720,9.720,0,0
1520272680,9.750,9.750,9.750,9.750,0,0
1520272800,9.750,9.800,9.750,9.850,11128,250064
1520272860,9.800,9.780,9.780,9.800,0,0
1520272920,9.780,9.750,9.750,9.780,0,0
1520272980,9.800,9.800,9.800,9.800,0,0
1520273100,9.770,9.770,9.770,9.770,3613,261192
1520273220,9.750,9.780,9.750,9.780,0,0
1520273280,9.770,9.770,9.770,9.770,0,0
1520273340,9.790,9.800,9.790,9.800,0,0
1520273400,9.780,9.780,9.780,9.780,696,264805
1520273520,9.800,9.800,9.800,9.800,0,0
1520273700,9.800,9.750,9.750,9.800,1000,265501
1520273760,9.780,9.800,9.780,9.800,0,0
1520273940,9.800,9.780,9.780,9.800,0,0
1520274000,9.800,9.750,9.750,9.800,13787,266501
1520274060,9.800,9.770,9.770,9.800,0,0
1520274180,9.800,9.800,9.800,9.800,0,0
1520274240,9.850,9.850,9.850,9.850,0,0
1520274300,9.930,9.950,9.900,9.950,12704,280288
1520274360,9.930,9.950,9.930,9.950,0,0
1520274420,9.930,9.930,9.930,9.930,0,0
1520274480,9.930,9.950,9.930,9.950,0,0
1520274540,9.930,9.850,9.850,9.930,0,0
1520274600,9.880,9.900,9.880,9.900,15370,292992
1520274660,9.880,9.880,9.880,9.880,0,0
1520274780,9.850,9.900,9.850,9.900,0,0
1520274840,9.900,9.850,9.850,9.900,0,0
1520274900,9.860,9.850,9.850,9.860,1267,308362
1520274960,9.850,9.850,9.850,9.850,0,0
1520275020,9.850,9.850,9.850,9.850,0,0
1520275080,9.900,9.850,9.850,9.900,0,0
1520275140,9.850,9.850,9.850,9.850,0,0
1520275200,9.850,9.880,9.850,9.880,11153,309629
1520275260,9.860,9.850,9.850,9.900,0,0
1520275320,9.850,9.800,9.800,9.900,0,0
1520275380,9.900,9.900,9.900,9.900,0,0
1520275500,9.840,9.900,9.840,9.900,5436,320782
1520275560,9.800,9.800,9.800,9.800,0,0
1520275680,9.900,9.900,9.900,9.900,0,0
1520275800,9.800,9.800,9.800,9.800,300,326218
1520275860,9.800,9.800,9.800,9.800,0,0
1520276100,9.800,9.850,9.800,9.850,11254,326518
1520276160,9.820,9.800,9.800,9.820,0,0
1520276220,9.850,9.800,9.800,9.850,0,0
1520276280,9.800,9.800,9.800,9.800,0,0
1520276340,9.780,9.790,9.780,9.800,0,0
1520276400,9.800,9.800,9.800,9.800,781,337772
1520276520,9.760,9.780,9.760,9.780,0,0
1520276580,9.780,9.780,9.780,9.780,0,0
1520276700,9.750,9.780,9.750,9.780,1935,338553
1520276760,9.750,9.750,9.750,9.750,0,0
1520276820,9.750,9.750,9.750,9.750,0,0
1520276880,9.780,9.750,9.750,9.780,0,0
1520276940,9.750,9.750,9.750,9.750,0,0
1520277000,9.750,9.750,9.750,9.750,1898,340488
1520277060,9.750,9.800,9.750,9.800,0,0
1520277120,9.780,9.750,9.750,9.780,0,0
1520277180,9.750,9.750,9.750,9.750,0,0
1520277240,9.780,9.750,9.750,9.780,0,0
1520277300,9.750,9.750,9.750,9.750,4230,342386
1520277360,9.750,9.750,9.750,9.750,0,0
1520277420,9.780,9.750,9.750,9.780,0,0
1520277480,9.800,9.750,9.750,9.800,0,0
1520277540,9.800,9.800,9.800,9.800,0,0
1520277600,9.780,9.750,9.750,9.780,2011,346616
1520277660,9.780,9.780,9.780,9.780,0,0
1520277780,9.780,9.780,9.780,9.780,0,0
1520277840,9.800,9.780,9.780,9.800,0,0
1520277900,9.780,9.800,9.750,9.800,26262,348627
1520277960,9.700,9.750,9.700,9.800,0,0
1520278020,9.800,9.780,9.780,9.800,0,0
1520278140,9.750,9.750,9.750,9.750,0,0
1520278200,9.780,9.750,9.750,9.780,900,374889
1520278320,9.780,9.750,9.750,9.780,0,0
1520278440,9.780,9.780,9.780,9.780,0,0
1520278500,9.750,9.750,9.750,9.750,12364,375789
1520278560,9.800,9.800,9.800,9.800,0,0
1520278620,9.750,9.720,9.720,9.750,0,0
1520278680,9.750,9.750,9.750,9.750,0,0
1520278740,9.750,9.800,9.750,9.800,0,0
1520278800,9.780,9.750,9.750,9.780,24935,388153
1520278860,9.800,9.750,9.750,9.800,0,0
1520278920,9.780,9.750,9.750,9.800,0,0
1520278980,9.800,9.850,9.800,9.850,0,0
1520279040,9.820,9.820,9.820,9.820,0,0
1520279100,9.820,9.820,9.820,9.820,13723,413088
1520279220,9.820,9.820,9.820,9.820,0,0
1520279340,9.800,9.820,9.800,9.820,0,0
1520279400,9.850,9.850,9.850,9.850,2612,426811
1520279460,9.820,9.820,9.820,9.820,0,0
1520279580,9.820,9.820,9.820,9.820,0,0
1520279640,9.800,9.800,9.800,9.800,0,0
1520279700,9.820,9.830,9.820,9.830,3305,429423
1520279760,9.830,9.810,9.810,9.830,0,0
1520279820,9.800,9.820,9.800,9.820,0,0
1520279880,9.800,9.820,9.800,9.820,0,0
1520280000,9.820,9.820,9.820,9.820,11395,432728
1520280060,9.820,9.810,9.810,9.820,0,0
1520280120,9.840,9.840,9.840,9.840,0,0
1520280180,9.820,9.850,9.820,9.850,0,0
1520280240,9.880,9.880,9.880,9.880,0,0
1520280300,9.850,9.850,9.850,9.850,10830,444123
1520280360,9.850,9.850,9.850,9.850,0,0
1520280420,9.820,9.820,9.820,9.820,0,0
1520280480,9.800,9.800,9.800,9.800,0,0
1520280540,9.800,9.780,9.780,9.800,0,0
1520280600,9.800,9.800,9.800,9.800,2097,454953
1520280720,9.780,9.780,9.780,9.780,0,0
1520280900,9.800,9.820,9.800,9.820,9948,457050
1520280960,9.800,9.800,9.800,9.800,0,0
1520281020,9.820,9.820,9.820,9.820,0,0
1520281080,9.800,9.800,9.800,9.800,0,0
1520281140,9.800,9.820,9.800,9.820,0,0
1520281200,9.820,9.820,9.820,9.820,1149,466998
1520281260,9.820,9.820,9.820,9.820,0,0
1520281320,9.820,9.820,9.820,9.820,0,0
1520281380,9.850,9.820,9.820,9.850,0,0
1520281440,9.820,9.820,9.820,9.820,0,0
1520281500,9.820,9.820,9.820,9.820,3715,468147
1520281620,9.820,9.750,9.750,9.820,0,0
1520281680,9.820,9.820,9.820,9.820,0,0
1520281800,9.800,9.800,9.800,9.800,2222,471862
1520281860,9.800,9.800,9.800,9.800,0,0
1520281920,9.800,9.820,9.800,9.820,0,0
1520281980,9.820,9.820,9.820,9.820,0,0
1520282040,9.820,9.800,9.800,9.820,0,0
1520282100,9.800,9.800,9.800,9.800,5089,474084
1520282160,9.800,9.820,9.800,9.820,0,0
1520282220,9.820,9.800,9.800,9.820,0,0
1520282280,9.820,9.800,9.800,9.820,0,0
1520282340,9.800,9.800,9.800,9.800,0,0
1520282400,9.800,9.820,9.800,9.820,31868,479173
1520282520,9.800,9.800,9.800,9.800,0,0
1520282580,9.820,9.850,9.800,9.850,0,0
1520282640,9.900,9.850,9.850,9.900,0,0
1520282700,9.900,9.880,9.880,9.900,5585,511041
1520282760,9.880,9.900,9.880,9.900,0,0
1520282820,9.880,9.900,9.880,9.900,0,0
1520282880,9.900,9.880,9.880,9.900,0,0
1520282940,9.850,9.880,9.850,9.880,0,0
1520283000,9.900,9.850,9.850,9.900,40466,516626
1520283060,9.800,9.820,9.800,9.820,0,0
1520283120,9.800,9.820,9.800,9.820,0,0
1520283180,9.800,9.820,9.780,9.850,0,0
1520283240,9.850,9.820,9.800,9.850,0,0
1520283300,9.820,9.850,9.820,9.850,42007,557092
1520283360,9.850,9.820,9.820,9.850,0,0
1520283420,9.850,9.820,9.820,9.850,0,0
1520283480,9.820,9.780,9.780,9.820,0,0
1520283540,9.750,9.750,9.750,9.800,0,0
