1506955320,53.720,53.720,53.720,53.720,0,0
1506955380,53.720,53.720,53.720,53.720,0,0
1506955440,53.720,53.720,53.720,53.720,0,0
1506955500,53.720,53.720,53.720,53.720,0,0
1506955560,53.720,53.720,53.720,53.720,0,0
1506955620,53.720,53.720,53.720,53.720,0,0
1506955680,53.720,53.720,53.720,53.720,0,0
1506955740,53.720,53.720,53.720,53.720,0,0
1506955800,53.720,53.720,53.720,53.720,0,0
1506955860,53.720,53.720,53.720,53.720,0,0
1506955920,53.720,53.720,53.720,53.720,0,0
1506955980,53.720,53.720,53.720,53.720,0,0
1506956040,53.720,53.720,53.720,53.720,0,0
1506956100,53.720,53.720,53.720,53.720,0,0
1506956160,53.720,53.720,53.720,53.720,0,0
1506956220,53.720,53.720,53.720,53.720,0,0
1506956280,53.720,53.720,53.720,53.720,0,0
1506956340,53.720,53.720,53.720,53.720,0,0
1506956400,53.720,53.720,53.720,53.720,0,0
1506956460,53.720,53.720,53.720,53.720,0,0
1506956520,53.720,53.720,53.720,53.720,0,0
1506956580,53.720,53.720,53.720,53.720,0,0
1506956640,53.720,53.720,53.720,53.720,0,0
1506956700,53.720,53.720,53.720,53.720,0,0
1506956760,53.720,53.720,53.720,53.720,0,0
1506956820,53.720,53.720,53.720,53.720,0,0
1506956880,53.720,53.720,53.720,53.720,0,0
1506956940,53.720,53.720,53.720,53.720,0,0
1506957000,53.720,53.720,53.720,53.720,0,0
1506957060,53.720,53.720,53.720,53.720,0,0
1506957120,53.720,53.720,53.720,53.720,0,0
1506957180,53.720,53.720,53.720,53.720,0,0
1506957240,53.720,53.720,53.720,53.720,0,0
1506957300,53.720,53.720,53.720,53.720,0,0
1506957360,53.720,53.720,53.720,53.720,0,0
1506957420,53.720,53.720,53.720,53.720,0,0
1506957480,53.720,53.720,53.720,53.720,0,0
1506957540,53.720,53.720,53.720,53.720,0,0
1506957600,53.720,53.720,53.720,53.720,0,0
1506957660,53.720,53.720,53.720,53.720,0,0
1506957720,53.720,53.720,53.720,53.720,0,0
1506957780,53.720,53.720,53.720,53.720,0,0
1506957840,53.720,53.720,53.720,53.720,0,0
1506957900,53.720,53.720,53.720,53.720,0,0
1506957960,53.720,53.720,53.720,53.720,0,0
1506958020,53.720,53.720,53.720,53.720,0,0
1506958080,53.720,53.720,53.720,53.720,0,0
1506958140,53.720,53.720,53.720,53.720,0,0
1506958200,53.720,53.720,53.720,53.720,0,0
1506958260,53.720,53.720,53.720,53.720,0,0
1506958320,53.720,53.720,53.720,53.720,0,0
1506958380,53.720,53.720,53.720,53.720,0,0
1506958440,53.720,53.720,53.720,53.720,0,0
1506958500,53.720,53.720,53.720,53.720,0,0
1506958560,53.720,53.720,53.720,53.720,0,0
1506958620,53.720,53.720,53.720,53.720,0,0
1506958680,53.720,53.720,53.720,53.720,0,0
1506958740,53.720,53.720,53.720,53.720,0,0
1506958800,53.720,53.720,53.720,53.720,0,0
1506958860,53.720,53.720,53.720,53.720,0,0
1506958920,53.720,53.720,53.720,53.720,0,0
1506958980,53.720,53.720,53.720,53.720,0,0
1506959040,53.720,53.720,53.720,53.720,0,0
1506959100,53.720,53.720,53.720,53.720,0,0
1506959160,53.720,53.720,53.720,53.720,0,0
1506959220,53.720,53.720,53.720,53.720,0,0
1506959280,53.720,53.720,53.720,53.720,0,0
1506959340,53.720,53.720,53.720,53.720,0,0
1506959400,53.720,53.720,53.720,53.720,0,0
1506959460,53.720,53.720,53.720,53.720,0,0
1506959520,53.720,53.720,53.720,53.720,0,0
1506959580,53.720,53.720,53.720,53.720,0,0
1506959640,53.720,53.720,53.720,53.720,0,0
1506959700,53.720,53.720,53.720,53.720,0,0
1506959760,53.720,53.720,53.720,53.720,0,0
1506959820,53.720,53.720,53.720,53.720,0,0
1506959880,53.720,53.720,53.720,53.720,0,0
1506959940,53.720,53.720,53.720,53.720,0,0
1506960000,53.720,53.720,53.720,53.720,0,0
1506960060,53.720,53.720,53.720,53.720,0,0
1506960120,53.720,53.720,53.720,53.720,0,0
1506960180,53.720,53.720,53.720,53.720,0,0
1506960240,53.720,53.720,53.720,53.720,0,0
1506960300,53.720,53.720,53.720,53.720,0,0
1506960360,53.720,53.720,53.720,53.720,0,0
1506960420,53.720,53.720,53.720,53.720,0,0
1506960480,53.720,53.720,53.720,53.720,0,0
1506960540,53.720,53.720,53.720,53.720,0,0
1506960600,53.720,53.720,53.720,53.720,0,0
1506960660,53.720,53.720,53.720,53.720,0,0
1506960720,53.720,53.720,53.720,53.720,0,0
1506960780,53.720,53.720,53.720,53.720,0,0
1506960840,53.720,53.720,53.720,53.720,0,0
1506960900,53.720,53.720,53.720,53.720,0,0
1506960960,53.720,53.720,53.720,53.720,0,0
1506961020,53.720,53.720,53.720,53.720,0,0
1506961080,53.720,53.720,53.720,53.720,0,0
1506961140,53.720,53.720,53.720,53.720,0,0
1506961200,53.720,53.720,53.720,53.720,0,0
1506961260,53.720,53.720,53.720,53.720,0,0
1506961320,53.720,53.720,53.720,53.720,0,0
1506961380,53.720,53.720,53.720,53.720,0,0
1506961440,53.720,53.720,53.720,53.720,0,0
1506961500,53.720,53.720,53.720,53.720,0,0
1506961560,53.720,53.720,53.720,53.720,0,0
1506961620,53.720,53.720,53.720,53.720,0,0
1506961680,53.720,53.720,53.720,53.720,0,0
1506961740,53.720,53.720,53.720,53.720,0,0
1506961800,53.720,53.720,53.720,53.720,0,0
1506961860,53.720,53.720,53.720,53.720,0,0
1506961920,53.720,53.720,53.720,53.720,0,0
1506961980,53.720,53.720,53.720,53.720,0,0
1506962040,53.720,53.720,53.720,53.720,0,0
1506962100,53.720,53.720,53.720,53.720,0,0
1506962160,53.720,53.720,53.720,53.720,0,0
1506962220,53.720,53.720,53.720,53.720,0,0
1506962280,53.720,53.720,53.720,53.720,0,0
1506962340,53.720,53.720,53.720,53.720,0,0
1506962400,54.700,54.700,54.700,54.700,80,0
1506962460,54.700,54.700,54.700,54.700,77,0
1506962520,54.700,54.700,54.700,54.700,77,0
1506962580,54.700,54.700,54.700,54.700,77,0
1506962640,54.700,54.700,54.700,54.700,77,0
1506962700,54.700,54.700,54.700,54.700,77,0
1506962760,54.700,54.700,54.700,54.700,77,0
1506962820,54.700,54.700,54.700,54.700,77,0
1506962880,54.700,54.700,54.700,54.700,77,0
1506962940,54.700,54.700,54.700,54.700,77,0
1506963000,54.700,54.700,54.700,54.700,77,0
1506963060,54.700,54.700,54.700,54.700,77,0
1506963120,54.700,54.700,54.700,54.700,77,0
1506963180,54.700,54.700,54.700,54.700,77,0
1506963240,54.700,54.700,54.700,54.700,77,0
1506963300,54.700,54.700,54.700,54.700,77,0
1506963360,54.700,54.700,54.700,54.700,77,0
1506963420,54.700,54.700,54.700,54.700,77,0
1506963480,54.700,54.700,54.700,54.700,77,0
1506963540,54.700,54.700,54.700,54.700,77,0
1506963600,54.700,54.700,54.700,54.700,77,0
1506963660,54.700,54.700,54.700,54.700,77,0
1506963720,54.700,54.700,54.700,54.700,77,0
1506963780,54.700,54.700,54.700,54.700,77,0
1506963840,54.700,54.700,54.700,54.700,77,0
1506963900,54.700,54.700,54.700,54.700,77,0
1506963960,54.700,54.700,54.700,54.700,77,0
1506964020,54.700,54.700,54.700,54.700,77,0
1506964080,54.700,54.700,54.700,54.700,77,0
1506964140,54.700,54.700,54.700,54.700,77,0
1506964200,54.700,54.700,54.700,54.700,77,0
1506964260,54.700,54.700,54.700,54.700,77,0
1506964320,54.700,54.700,54.700,54.700,77,0
1506964380,54.700,54.700,54.700,54.700,77,0
1506964440,54.700,54.700,54.700,54.700,77,0
1506964500,54.700,54.700,54.700,54.700,77,0
1506964560,54.700,54.700,54.700,54.700,77,0
1506964620,54.700,54.700,54.700,54.700,77,0
1506964680,54.700,54.700,54.700,54.700,77,0
1506964740,54.700,54.700,54.700,54.700,77,0
1506964800,54.700,54.700,54.700,54.700,77,0
1506964860,54.700,54.700,54.700,54.700,77,0
1506964920,54.700,54.700,54.700,54.700,77,0
1506964980,54.700,54.700,54.700,54.700,77,0
1506965040,54.700,54.700,54.700,54.700,77,0
1506965100,54.700,54.700,54.700,54.700,77,0
1506965160,54.700,54.700,54.700,54.700,77,0
1506965220,54.700,54.700,54.700,54.700,77,0
1506965280,54.700,54.700,54.700,54.700,77,0
1506965340,54.700,54.700,54.700,54.700,77,0
1506965400,54.700,54.700,54.700,54.700,77,0
1506965460,54.700,54.700,54.700,54.700,77,0
1506965520,54.700,54.700,54.700,54.700,77,0
1506965580,54.700,54.700,54.700,54.700,77,0
1506965640,54.700,54.700,54.700,54.700,77,0
1506965700,54.700,54.700,54.700,54.700,77,0
1506965760,54.700,54.700,54.700,54.700,77,0
1506965820,54.700,54.700,54.700,54.700,77,0
1506965880,54.700,54.700,54.700,54.700,77,0
1506965940,54.700,54.700,54.700,54.700,77,0
1506966000,54.700,54.700,54.700,54.700,77,0
1506966060,54.700,54.700,54.700,54.700,77,0
1506966120,54.700,54.700,54.700,54.700,77,0
1506966180,54.700,54.700,54.700,54.700,77,0
1506966240,54.700,54.700,54.700,54.700,77,0
1506966300,54.700,54.700,54.700,54.700,77,0
1506966360,54.700,54.700,54.700,54.700,77,0
1506966420,54.700,54.700,54.700,54.700,77,0
1506966480,54.700,54.700,54.700,54.700,77,0
1506966540,54.700,54.700,54.700,54.700,77,0
1506966600,54.700,54.700,54.700,54.700,77,0
1506966660,54.700,54.700,54.700,54.700,77,0
1506966720,54.700,54.700,54.700,54.700,77,0
1506966780,54.700,54.700,54.700,54.700,77,0
1506966840,54.700,54.700,54.700,54.700,77,0
1506966900,54.700,54.700,54.700,54.700,77,0
1506966960,54.700,54.700,54.700,54.700,77,0
1506967020,54.700,54.700,54.700,54.700,77,0
1506967080,54.700,54.700,54.700,54.700,77,0
1506967140,54.700,54.700,54.700,54.700,77,0
1506967200,54.700,54.700,54.700,54.700,77,0
1506967260,54.700,54.700,54.700,54.700,77,0
1506967320,54.700,54.700,54.700,54.700,77,0
1506967380,54.700,54.700,54.700,54.700,77,0
1506967440,54.700,54.700,54.700,54.700,77,0
1506967500,54.700,54.700,54.700,54.700,77,0
1506967560,54.700,54.700,54.700,54.700,77,0
1506967620,54.700,54.700,54.700,54.700,77,0
1506967680,54.700,54.700,54.700,54.700,77,0
1506967740,54.700,54.700,54.700,54.700,77,0
1506967800,54.700,54.700,54.700,54.700,77,0
1506967860,54.700,54.700,54.700,54.700,77,0
1506967920,54.700,54.700,54.700,54.700,77,0
1506967980,54.700,54.700,54.700,54.700,77,0
1506968040,54.700,54.700,54.700,54.700,77,0
1506968100,54.700,54.700,54.700,54.700,77,0
1506968160,54.700,54.700,54.700,54.700,77,0
1506968220,54.700,54.700,54.700,54.700,77,0
1506968280,54.700,54.700,54.700,54.700,77,0
1506968340,54.700,54.700,54.700,54.700,77,0
1506968400,54.700,54.700,54.700,54.700,77,0
1506968460,54.700,54.700,54.700,54.700,77,0
1506968520,54.700,54.700,54.700,54.700,77,0
1506968580,54.700,54.700,54.700,54.700,77,0
1506968640,54.700,54.700,54.700,54.700,77,0
1506968700,54.700,54.700,54.700,54.700,77,0
1506968760,54.700,54.700,54.700,54.700,77,0
1506968820,54.700,54.700,54.700,54.700,77,0
1506968880,54.700,54.700,54.700,54.700,77,0
1506968940,54.700,54.700,54.700,54.700,77,0
1506969000,54.700,54.700,54.700,54.700,77,0
1506969060,54.700,54.700,54.700,54.700,77,0
1506969120,54.700,54.700,54.700,54.700,77,0
1506969180,54.700,54.700,54.700,54.700,77,0
1506969240,54.700,54.700,54.700,54.700,77,0
1506969300,54.700,54.700,54.700,54.700,77,0
1506969360,54.700,54.700,54.700,54.700,77,0
1506969420,54.700,54.700,54.700,54.700,77,0
1506969480,54.700,54.700,54.700,54.700,77,0
1506969540,54.700,54.700,54.700,54.700,77,0
1506969600,54.700,54.700,54.700,54.700,77,0
1506969660,54.700,54.700,54.700,54.700,77,0
1506969720,54.700,54.700,54.700,54.700,77,0
1506969780,54.700,54.700,54.700,54.700,77,0
1506969840,54.700,54.700,54.700,54.700,77,0
1506969900,54.700,54.700,54.700,54.700,77,0
1506969960,54.700,54.700,54.700,54.700,77,0
1506970020,54.700,54.700,54.700,54.700,77,0
1506970080,54.700,54.700,54.700,54.700,77,0
1506970140,54.700,54.700,54.700,54.700,77,0
1506970200,54.700,54.700,54.700,54.700,77,0
1506970260,54.700,54.700,54.700,54.700,77,0
1506970320,54.700,54.700,54.700,54.700,77,0
1506970380,54.700,54.700,54.700,54.700,77,0
1506970440,54.700,54.700,54.700,54.700,77,0
1506970500,54.700,54.700,54.700,54.700,77,0
1506970560,54.700,54.700,54.700,54.700,77,0
1506970620,54.700,54.700,54.700,54.700,77,0
1506970680,54.700,54.700,54.700,54.700,77,0
1506970740,54.700,54.700,54.700,54.700,77,0
1506970800,54.700,54.700,54.700,54.700,77,0
1506970860,54.700,54.700,54.700,54.700,77,0
1506970920,54.700,54.700,54.700,54.700,77,0
1506970980,54.700,54.700,54.700,54.700,77,0
1506971040,54.700,54.700,54.700,54.700,77,0
1506971100,54.700,54.700,54.700,54.700,77,0
1506971160,54.700,54.700,54.700,54.700,77,0
1506971220,54.700,54.700,54.700,54.700,77,0
1506971280,54.700,54.700,54.700,54.700,77,0
1506971340,54.700,54.700,54.700,54.700,77,0
1506971400,54.700,54.700,54.700,54.700,77,0
1506971460,54.700,54.700,54.700,54.700,77,0
1506971520,54.700,54.700,54.700,54.700,77,0
1506971580,54.700,54.700,54.700,54.700,77,0
1506971640,54.700,54.700,54.700,54.700,77,0
1506971700,54.700,54.700,54.700,54.700,77,0
1506971760,54.700,54.700,54.700,54.700,77,0
1506971820,54.700,54.700,54.700,54.700,77,0
1506971880,54.700,54.700,54.700,54.700,77,0
1506971940,54.700,54.700,54.700,54.700,77,0
1506972000,54.700,54.700,54.700,54.700,77,0
1506972060,54.700,54.700,54.700,54.700,77,0
1506972120,54.700,54.700,54.700,54.700,77,0
1506972180,54.700,54.700,54.700,54.700,77,0
1506972240,54.700,54.700,54.700,54.700,77,0
1506972300,54.700,54.700,54.700,54.700,718,388
1506972360,54.700,54.700,54.700,54.700,714,388
1506972420,54.700,54.700,54.700,54.700,714,388
1506972480,53.600,53.850,53.600,53.850,714,388
1506972540,53.600,53.850,53.600,53.850,714,388
1506972600,53.600,53.850,53.600,53.850,714,388
1506972660,53.600,53.850,53.600,53.850,714,388
1506972720,53.600,53.850,53.600,53.850,714,388
1506972780,53.600,53.850,53.600,53.850,714,388
1506972840,53.600,53.850,53.600,53.850,714,388
1506972900,53.600,53.850,53.600,53.850,176,3962
1506972960,53.600,53.850,53.600,53.850,174,3962
1506973020,53.600,53.850,53.600,53.850,174,3962
1506973080,53.850,53.700,53.700,53.850,174,3962
1506973140,53.770,53.850,53.770,53.850,174,3962
1506973200,53.800,53.750,53.500,53.800,576,4834
1506973260,54.050,54.050,54.050,54.050,574,4834
1506973320,54.050,54.050,54.050,54.050,574,4834
1506973380,54.050,54.050,54.050,54.050,574,4834
1506973440,54.050,54.050,54.050,54.050,574,4834
1506973500,54.050,54.050,54.050,54.050,1220,7706
1506973560,53.700,53.700,53.700,53.700,1220,7706
1506973620,53.730,53.500,53.500,54.050,1220,7706
1506973680,53.730,53.500,53.500,54.050,1220,7706
1506973740,53.730,53.500,53.500,54.050,1220,7706
1506973800,53.510,53.510,53.510,53.510,1323,13806
1506973860,53.500,53.380,53.380,53.500,1323,13806
1506973920,53.460,53.440,53.440,53.460,1323,13806
1506973980,53.460,53.440,53.440,53.460,1323,13806
1506974040,53.500,53.440,53.440,53.500,1323,13806
1506974100,53.440,53.600,53.440,53.600,3871,20421
1506974160,53.440,53.600,53.440,53.600,3871,20421
1506974220,53.730,53.500,53.500,54.020,3871,20421
1506974280,53.500,53.400,53.400,53.500,3871,20421
1506974340,53.450,53.400,53.400,53.470,3871,20421
1507042080,53.500,53.500,53.500,53.500,0,0
1507042140,53.500,53.500,53.500,53.500,0,0
1507042200,53.500,53.500,53.500,53.500,142,0
1507042260,53.620,53.620,53.620,53.620,142,0
1507042320,53.620,53.620,53.620,53.620,142,0
1507042380,53.620,53.620,53.620,53.620,142,0
1507042440,53.620,53.620,53.620,53.620,142,0
1507042500,53.620,53.620,53.620,53.620,140,710
1507042560,53.600,53.600,53.600,53.600,140,710
1507042620,53.600,53.600,53.600,53.600,140,710
1507042680,53.600,53.600,53.600,53.600,140,710
1507042740,53.600,53.600,53.600,53.600,140,710
1507042800,53.600,53.600,53.600,53.600,140,710
1507042860,53.600,53.600,53.600,53.600,140,710
1507042920,53.600,53.600,53.600,53.600,140,710
1507042980,53.600,53.600,53.600,53.600,140,710
1507043040,53.600,53.600,53.600,53.600,140,710
1507043100,53.600,53.600,53.600,53.600,140,710
1507043160,53.600,53.600,53.600,53.600,140,710
1507043220,53.600,53.600,53.600,53.600,140,710
1507043280,53.600,53.600,53.600,53.600,140,710
1507043340,53.600,53.600,53.600,53.600,140,710
1507043400,53.600,53.600,53.600,53.600,140,710
1507043460,53.600,53.600,53.600,53.600,140,710
1507043520,53.600,53.600,53.600,53.600,140,710
1507043580,53.600,53.600,53.600,53.600,140,710
1507043640,53.600,53.600,53.600,53.600,140,710
1507043700,53.600,53.600,53.600,53.600,140,710
1507043760,53.600,53.600,53.600,53.600,140,710
1507043820,53.600,53.600,53.600,53.600,140,710
1507043880,53.600,53.600,53.600,53.600,140,710
1507043940,53.600,53.600,53.600,53.600,140,710
1507044000,53.600,53.600,53.600,53.600,140,710
1507044060,53.600,53.600,53.600,53.600,140,710
1507044120,53.600,53.600,53.600,53.600,140,710
1507044180,53.600,53.600,53.600,53.600,140,710
1507044240,53.600,53.600,53.600,53.600,140,710
1507044300,53.600,53.600,53.600,53.600,140,710
1507044360,53.600,53.600,53.600,53.600,140,710
1507044420,53.600,53.600,53.600,53.600,140,710
1507044480,53.600,53.600,53.600,53.600,140,710
1507044540,53.600,53.600,53.600,53.600,140,710
1507044600,53.600,53.600,53.600,53.600,140,710
1507044660,53.600,53.600,53.600,53.600,140,710
1507044720,53.600,53.600,53.600,53.600,140,710
1507044780,53.600,53.600,53.600,53.600,140,710
1507044840,53.600,53.600,53.600,53.600,140,710
1507044900,53.600,53.600,53.600,53.600,140,710
1507044960,53.600,53.600,53.600,53.600,140,710
1507045020,53.600,53.600,53.600,53.600,140,710
1507045080,53.600,53.600,53.600,53.600,140,710
1507045140,53.600,53.600,53.600,53.600,140,710
1507045200,53.600,53.600,53.600,53.600,140,710
1507045260,53.600,53.600,53.600,53.600,140,710
1507045320,53.600,53.600,53.600,53.600,140,710
1507045380,53.600,53.600,53.600,53.600,140,710
1507045440,53.600,53.600,53.600,53.600,140,710
1507045500,53.600,53.600,53.600,53.600,140,710
1507045560,53.600,53.600,53.600,53.600,140,710
1507045620,53.600,53.600,53.600,53.600,140,710
1507045680,53.600,53.600,53.600,53.600,140,710
1507045740,53.600,53.600,53.600,53.600,140,710
1507045800,53.600,53.600,53.600,53.600,140,710
1507045860,53.600,53.600,53.600,53.600,140,710
1507045920,53.600,53.600,53.600,53.600,140,710
1507045980,53.600,53.600,53.600,53.600,140,710
1507046040,53.600,53.600,53.600,53.600,140,710
1507046100,53.600,53.600,53.600,53.600,140,710
1507046160,53.600,53.600,53.600,53.600,140,710
1507046220,53.600,53.600,53.600,53.600,140,710
1507046280,53.600,53.600,53.600,53.600,140,710
1507046340,53.600,53.600,53.600,53.600,140,710
1507046400,53.600,53.600,53.600,53.600,140,710
1507046460,53.600,53.600,53.600,53.600,140,710
1507046520,53.600,53.600,53.600,53.600,140,710
1507046580,53.600,53.600,53.600,53.600,140,710
1507046640,53.600,53.600,53.600,53.600,140,710
1507046700,53.600,53.600,53.600,53.600,140,710
1507046760,53.600,53.600,53.600,53.600,140,710
1507046820,53.600,53.600,53.600,53.600,140,710
1507046880,53.600,53.600,53.600,53.600,140,710
1507046940,53.600,53.600,53.600,53.600,140,710
1507047000,53.600,53.600,53.600,53.600,140,710
1507047060,53.600,53.600,53.600,53.600,140,710
1507047120,53.600,53.600,53.600,53.600,140,710
1507047180,53.600,53.600,53.600,53.600,140,710
1507047240,53.600,53.600,53.600,53.600,140,710
1507047300,53.600,53.600,53.600,53.600,140,710
1507047360,53.600,53.600,53.600,53.600,140,710
1507047420,53.600,53.600,53.600,53.600,140,710
1507047480,53.600,53.600,53.600,53.600,140,710
1507047540,53.600,53.600,53.600,53.600,140,710
1507047600,53.600,53.600,53.600,53.600,140,710
1507047660,53.600,53.600,53.600,53.600,140,710
1507047720,53.600,53.600,53.600,53.600,140,710
1507047780,53.600,53.600,53.600,53.600,140,710
1507047840,53.600,53.600,53.600,53.600,140,710
1507047900,53.600,53.600,53.600,53.600,140,710
1507047960,53.600,53.600,53.600,53.600,140,710
1507048020,53.600,53.600,53.600,53.600,140,710
1507048080,53.600,53.600,53.600,53.600,140,710
1507048140,53.600,53.600,53.600,53.600,140,710
1507048200,53.600,53.600,53.600,53.600,140,710
1507048260,53.600,53.600,53.600,53.600,140,710
1507048320,53.600,53.600,53.600,53.600,140,710
1507048380,53.600,53.600,53.600,53.600,140,710
1507048440,53.600,53.600,53.600,53.600,140,710
1507048500,53.600,53.600,53.600,53.600,140,710
1507048560,53.600,53.600,53.600,53.600,140,710
1507048620,53.600,53.600,53.600,53.600,140,710
1507048680,53.600,53.600,53.600,53.600,140,710
1507048740,53.600,53.600,53.600,53.600,140,710
1507048800,53.600,53.600,53.600,53.600,140,710
1507048860,53.600,53.600,53.600,53.600,140,710
1507048920,53.600,53.600,53.600,53.600,140,710
1507048980,53.600,53.600,53.600,53.600,140,710
1507049040,53.600,53.600,53.600,53.600,140,710
1507049100,53.600,53.600,53.600,53.600,140,710
1507049160,53.600,53.600,53.600,53.600,140,710
1507049220,53.600,53.600,53.600,53.600,140,710
1507049280,53.600,53.600,53.600,53.600,140,710
1507049340,53.600,53.600,53.600,53.600,140,710
1507049400,53.600,53.600,53.600,53.600,140,710
1507049460,53.600,53.600,53.600,53.600,140,710
1507049520,53.600,53.600,53.600,53.600,140,710
1507049580,53.600,53.600,53.600,53.600,140,710
1507049640,53.600,53.600,53.600,53.600,140,710
1507049700,53.600,53.600,53.600,53.600,140,710
1507049760,53.600,53.600,53.600,53.600,140,710
1507049820,53.600,53.600,53.600,53.600,140,710
1507049880,53.600,53.600,53.600,53.600,140,710
1507049940,53.600,53.600,53.600,53.600,140,710
1507050000,53.600,53.600,53.600,53.600,140,710
1507050060,53.600,53.600,53.600,53.600,140,710
1507050120,53.600,53.600,53.600,53.600,140,710
1507050180,53.600,53.600,53.600,53.600,140,710
1507050240,53.600,53.600,53.600,53.600,140,710
1507050300,53.600,53.600,53.600,53.600,140,710
1507050360,53.600,53.600,53.600,53.600,140,710
1507050420,53.600,53.600,53.600,53.600,140,710
1507050480,53.600,53.600,53.600,53.600,140,710
1507050540,53.600,53.600,53.600,53.600,140,710
1507050600,53.600,53.600,53.600,53.600,140,710
1507050660,53.600,53.600,53.600,53.600,140,710
1507050720,53.600,53.600,53.600,53.600,140,710
1507050780,53.600,53.600,53.600,53.600,140,710
1507050840,53.600,53.600,53.600,53.600,140,710
1507050900,53.600,53.600,53.600,53.600,140,710
1507050960,53.600,53.600,53.600,53.600,140,710
1507051020,53.600,53.600,53.600,53.600,140,710
1507051080,53.600,53.600,53.600,53.600,140,710
1507051140,53.600,53.600,53.600,53.600,140,710
1507051200,53.600,53.600,53.600,53.600,140,710
1507051260,53.600,53.600,53.600,53.600,140,710
1507051320,53.600,53.600,53.600,53.600,140,710
1507051380,53.600,53.600,53.600,53.600,140,710
1507051440,53.600,53.600,53.600,53.600,140,710
1507051500,53.600,53.600,53.600,53.600,140,710
1507051560,53.600,53.600,53.600,53.600,140,710
1507051620,53.600,53.600,53.600,53.600,140,710
1507051680,53.600,53.600,53.600,53.600,140,710
1507051740,53.600,53.600,53.600,53.600,140,710
1507051800,53.600,53.600,53.600,53.600,140,710
1507051860,53.600,53.600,53.600,53.600,140,710
1507051920,53.600,53.600,53.600,53.600,140,710
1507051980,53.600,53.600,53.600,53.600,140,710
1507052040,53.600,53.600,53.600,53.600,140,710
1507052100,53.600,53.600,53.600,53.600,140,710
1507052160,53.600,53.600,53.600,53.600,140,710
1507052220,53.600,53.600,53.600,53.600,140,710
1507052280,53.600,53.600,53.600,53.600,140,710
1507052340,53.600,53.600,53.600,53.600,140,710
1507052400,53.600,53.600,53.600,53.600,140,710
1507052460,53.600,53.600,53.600,53.600,140,710
1507052520,53.600,53.600,53.600,53.600,140,710
1507052580,53.600,53.600,53.600,53.600,140,710
1507052640,53.600,53.600,53.600,53.600,140,710
1507052700,53.600,53.600,53.600,53.600,140,710
1507052760,53.600,53.600,53.600,53.600,140,710
1507052820,53.600,53.600,53.600,53.600,140,710
1507052880,53.600,53.600,53.600,53.600,140,710
1507052940,53.600,53.600,53.600,53.600,140,710
1507053000,53.600,53.600,53.600,53.600,140,710
1507053060,53.600,53.600,53.600,53.600,140,710
1507053120,53.600,53.600,53.600,53.600,140,710
1507053180,53.600,53.600,53.600,53.600,140,710
1507053240,53.600,53.600,53.600,53.600,140,710
1507053300,53.600,53.600,53.600,53.600,140,710
1507053360,53.600,53.600,53.600,53.600,140,710
1507053420,53.600,53.600,53.600,53.600,140,710
1507053480,53.600,53.600,53.600,53.600,140,710
1507053540,53.600,53.600,53.600,53.600,140,710
1507053600,53.600,53.600,53.600,53.600,140,710
1507053660,53.600,53.600,53.600,53.600,140,710
1507053720,53.600,53.600,53.600,53.600,140,710
1507053780,53.600,53.600,53.600,53.600,140,710
1507053840,53.600,53.600,53.600,53.600,140,710
1507053900,53.600,53.600,53.600,53.600,140,710
1507053960,53.600,53.600,53.600,53.600,140,710
1507054020,53.600,53.600,53.600,53.600,140,710
1507054080,53.600,53.600,53.600,53.600,140,710
1507054140,53.600,53.600,53.600,53.600,140,710
1507054200,53.600,53.600,53.600,53.600,140,710
1507054260,53.600,53.600,53.600,53.600,140,710
1507054320,53.600,53.600,53.600,53.600,140,710
1507054380,53.600,53.600,53.600,53.600,140,710
1507054440,53.600,53.600,53.600,53.600,140,710
1507054500,53.600,53.600,53.600,53.600,140,710
1507054560,53.600,53.600,53.600,53.600,140,710
1507054620,53.600,53.600,53.600,53.600,140,710
1507054680,53.600,53.600,53.600,53.600,140,710
1507054740,53.600,53.600,53.600,53.600,140,710
1507054800,53.600,53.600,53.600,53.600,140,710
1507054860,53.600,53.600,53.600,53.600,140,710
1507054920,53.600,53.600,53.600,53.600,140,710
1507054980,53.600,53.600,53.600,53.600,140,710
1507055040,53.600,53.600,53.600,53.600,140,710
1507055100,53.600,53.600,53.600,53.600,140,710
1507055160,53.600,53.600,53.600,53.600,140,710
1507055220,53.600,53.600,53.600,53.600,140,710
1507055280,53.600,53.600,53.600,53.600,140,710
1507055340,53.600,53.600,53.600,53.600,140,710
1507055400,53.600,53.600,53.600,53.600,140,710
1507055460,53.600,53.600,53.600,53.600,140,710
1507055520,53.600,53.600,53.600,53.600,140,710
1507055580,53.600,53.600,53.600,53.600,140,710
1507055640,53.600,53.600,53.600,53.600,140,710
1507055700,53.600,53.600,53.600,53.600,140,710
1507055760,53.600,53.600,53.600,53.600,140,710
1507055820,53.600,53.600,53.600,53.600,140,710
1507055880,53.600,53.600,53.600,53.600,140,710
1507055940,53.600,53.600,53.600,53.600,140,710
1507056000,53.600,53.600,53.600,53.600,140,710
1507056060,53.600,53.600,53.600,53.600,140,710
1507056120,53.600,53.600,53.600,53.600,140,710
1507056180,53.600,53.600,53.600,53.600,140,710
1507056240,53.600,53.600,53.600,53.600,140,710
1507056300,53.600,53.600,53.600,53.600,140,710
1507056360,53.600,53.600,53.600,53.600,140,710
1507056420,53.600,53.600,53.600,53.600,140,710
1507056480,53.600,53.600,53.600,53.600,140,710
1507056540,53.600,53.600,53.600,53.600,140,710
1507056600,53.600,53.600,53.600,53.600,140,710
1507056660,53.600,53.600,53.600,53.600,140,710
1507056720,53.600,53.600,53.600,53.600,140,710
1507056780,53.600,53.600,53.600,53.600,140,710
1507056840,53.600,53.600,53.600,53.600,140,710
1507056900,53.600,53.600,53.600,53.600,140,710
1507056960,53.600,53.600,53.600,53.600,140,710
1507057020,53.600,53.600,53.600,53.600,140,710
1507057080,53.600,53.600,53.600,53.600,140,710
1507057140,53.600,53.600,53.600,53.600,140,710
1507057200,53.600,53.600,53.600,53.600,140,710
1507057260,53.600,53.600,53.600,53.600,140,710
1507057320,53.600,53.600,53.600,53.600,140,710
1507057380,53.600,53.600,53.600,53.600,140,710
1507057440,53.600,53.600,53.600,53.600,140,710
1507057500,53.600,53.600,53.600,53.600,140,710
1507057560,53.600,53.600,53.600,53.600,140,710
1507057620,53.600,53.600,53.600,53.600,140,710
1507057680,53.600,53.600,53.600,53.600,140,710
1507057740,53.600,53.600,53.600,53.600,140,710
1507057800,53.600,53.600,53.600,53.600,124,1410
1507057860,53.500,53.500,53.500,53.500,122,1410
1507057920,53.500,53.500,53.500,53.500,122,1410
1507057980,53.500,53.500,53.500,53.500,122,1410
1507058040,53.500,53.500,53.500,53.500,122,1410
1507058100,53.500,53.500,53.500,53.500,122,1410
1507058160,53.500,53.500,53.500,53.500,122,1410
1507058220,53.500,53.500,53.500,53.500,122,1410
1507058280,53.500,53.500,53.500,53.500,122,1410
1507058340,53.500,53.500,53.500,53.500,122,1410
1507058400,53.500,53.500,53.500,53.500,122,1410
1507058460,53.500,53.500,53.500,53.500,122,1410
1507058520,53.500,53.500,53.500,53.500,122,1410
1507058580,53.500,53.500,53.500,53.500,122,1410
1507058640,53.500,53.500,53.500,53.500,122,1410
1507058700,53.500,53.500,53.500,53.500,60,2022
1507058760,53.400,53.400,53.400,53.400,60,2022
1507058820,53.400,53.400,53.400,53.400,60,2022
1507058880,53.400,53.400,53.400,53.400,60,2022
1507058940,53.400,53.400,53.400,53.400,60,2022
1507059000,53.400,53.400,53.400,53.400,60,2022
1507059060,53.400,53.400,53.400,53.400,60,2022
1507059120,53.400,53.400,53.400,53.400,60,2022
1507059180,53.400,53.400,53.400,53.400,60,2022
1507059240,53.400,53.400,53.400,53.400,60,2022
1507059300,53.400,53.400,53.400,53.400,60,2022
1507059360,53.400,53.400,53.400,53.400,60,2022
1507059420,53.400,53.400,53.400,53.400,60,2022
1507059480,53.400,53.400,53.400,53.400,60,2022
1507059540,53.400,53.400,53.400,53.400,60,2022
1507059600,53.400,53.400,53.400,53.400,60,2022
1507059660,53.400,53.400,53.400,53.400,60,2022
1507059720,53.400,53.400,53.400,53.400,60,2022
1507059780,53.400,53.400,53.400,53.400,60,2022
1507059840,53.400,53.400,53.400,53.400,60,2022
1507059900,53.400,53.400,53.400,53.400,60,2022
1507059960,53.400,53.400,53.400,53.400,60,2022
1507060020,53.400,53.400,53.400,53.400,60,2022
1507060080,53.400,53.400,53.400,53.400,60,2022
1507060140,53.400,53.400,53.400,53.400,60,2022
1507060200,53.400,53.400,53.400,53.400,60,2022
1507060260,53.400,53.400,53.400,53.400,60,2022
1507060320,53.400,53.400,53.400,53.400,60,2022
1507060380,53.400,53.400,53.400,53.400,60,2022
1507060440,53.400,53.400,53.400,53.400,60,2022
1507060500,53.400,53.400,53.400,53.400,360,2322
1507060560,53.400,53.400,53.400,53.400,360,2322
1507060620,53.400,53.400,53.400,53.400,360,2322
1507060680,53.400,53.400,53.400,53.400,360,2322
1507060740,53.500,53.500,53.500,53.500,360,2322
1507123800,53.940,53.940,53.940,53.940,0,0
1507123860,53.940,53.940,53.940,53.940,0,0
1507123920,53.940,53.940,53.940,53.940,0,0
1507123980,53.940,53.940,53.940,53.940,0,0
1507124040,53.940,53.940,53.940,53.940,0,0
1507124100,53.940,53.940,53.940,53.940,0,0
1507124160,53.940,53.940,53.940,53.940,0,0
1507124220,53.940,53.940,53.940,53.940,0,0
1507124280,53.940,53.940,53.940,53.940,0,0
1507124340,53.940,53.940,53.940,53.940,0,0
1507124400,53.940,53.940,53.940,53.940,0,0
1507124460,53.940,53.940,53.940,53.940,0,0
1507124520,53.940,53.940,53.940,53.940,0,0
1507124580,53.940,53.940,53.940,53.940,0,0
1507124640,53.940,53.940,53.940,53.940,0,0
1507124700,53.940,53.940,53.940,53.940,0,0
1507124760,53.940,53.940,53.940,53.940,0,0
1507124820,53.940,53.940,53.940,53.940,0,0
1507124880,53.940,53.940,53.940,53.940,0,0
1507124940,53.940,53.940,53.940,53.940,0,0
1507125000,53.940,53.940,53.940,53.940,0,0
1507125060,53.940,53.940,53.940,53.940,0,0
1507125120,53.940,53.940,53.940,53.940,0,0
1507125180,53.940,53.940,53.940,53.940,0,0
1507125240,53.940,53.940,53.940,53.940,0,0
1507125300,53.940,53.940,53.940,53.940,0,0
1507125360,53.940,53.940,53.940,53.940,0,0
1507125420,53.940,53.940,53.940,53.940,0,0
1507125480,53.940,53.940,53.940,53.940,0,0
1507125540,53.940,53.940,53.940,53.940,0,0
1507125600,53.940,53.940,53.940,53.940,0,0
1507125660,53.940,53.940,53.940,53.940,0,0
1507125720,53.940,53.940,53.940,53.940,0,0
1507125780,53.940,53.940,53.940,53.940,0,0
1507125840,53.940,53.940,53.940,53.940,0,0
1507125900,53.940,53.940,53.940,53.940,0,0
1507125960,53.940,53.940,53.940,53.940,0,0
1507126020,53.940,53.940,53.940,53.940,0,0
1507126080,53.940,53.940,53.940,53.940,0,0
1507126140,53.940,53.940,53.940,53.940,0,0
1507126200,53.940,53.940,53.940,53.940,0,0
1507126260,53.940,53.940,53.940,53.940,0,0
1507126320,53.940,53.940,53.940,53.940,0,0
1507126380,53.940,53.940,53.940,53.940,0,0
1507126440,53.940,53.940,53.940,53.940,0,0
1507126500,53.940,53.940,53.940,53.940,0,0
1507126560,53.940,53.940,53.940,53.940,0,0
1507126620,53.940,53.940,53.940,53.940,0,0
1507126680,53.940,53.940,53.940,53.940,0,0
1507126740,53.940,53.940,53.940,53.940,0,0
1507126800,53.940,53.940,53.940,53.940,0,0
1507126860,53.940,53.940,53.940,53.940,0,0
1507126920,53.940,53.940,53.940,53.940,0,0
1507126980,53.940,53.940,53.940,53.940,0,0
1507127040,53.940,53.940,53.940,53.940,0,0
1507127100,53.940,53.940,53.940,53.940,0,0
1507127160,53.940,53.940,53.940,53.940,0,0
1507127220,53.940,53.940,53.940,53.940,0,0
1507127280,53.940,53.940,53.940,53.940,0,0
1507127340,53.940,53.940,53.940,53.940,0,0
1507127400,53.940,53.940,53.940,53.940,0,0
1507127460,53.940,53.940,53.940,53.940,0,0
1507127520,53.940,53.940,53.940,53.940,0,0
1507127580,53.940,53.940,53.940,53.940,0,0
1507127640,53.940,53.940,53.940,53.940,0,0
1507127700,53.940,53.940,53.940,53.940,0,0
1507127760,53.940,53.940,53.940,53.940,0,0
1507127820,53.940,53.940,53.940,53.940,0,0
1507127880,53.940,53.940,53.940,53.940,0,0
1507127940,53.940,53.940,53.940,53.940,0,0
1507128000,53.940,53.940,53.940,53.940,0,0
1507128060,53.940,53.940,53.940,53.940,0,0
1507128120,53.940,53.940,53.940,53.940,0,0
1507128180,53.940,53.940,53.940,53.940,0,0
1507128240,53.940,53.940,53.940,53.940,0,0
1507128300,53.940,53.940,53.940,53.940,0,0
1507128360,53.940,53.940,53.940,53.940,0,0
1507128420,53.940,53.940,53.940,53.940,0,0
1507128480,53.940,53.940,53.940,53.940,0,0
1507128540,53.940,53.940,53.940,53.940,0,0
1507128600,53.940,53.940,53.940,53.940,0,0
1507128660,53.940,53.940,53.940,53.940,0,0
1507128720,53.940,53.940,53.940,53.940,0,0
1507128780,53.940,53.940,53.940,53.940,0,0
1507128840,53.940,53.940,53.940,53.940,0,0
1507128900,53.940,53.940,53.940,53.940,0,0
1507128960,53.940,53.940,53.940,53.940,0,0
1507129020,53.940,53.940,53.940,53.940,0,0
1507129080,53.940,53.940,53.940,53.940,0,0
1507129140,53.940,53.940,53.940,53.940,0,0
1507129200,53.940,53.940,53.940,53.940,0,0
1507129260,53.940,53.940,53.940,53.940,0,0
1507129320,53.940,53.940,53.940,53.940,0,0
1507129380,53.940,53.940,53.940,53.940,0,0
1507129440,53.940,53.940,53.940,53.940,0,0
1507129500,53.940,53.940,53.940,53.940,0,0
1507129560,53.940,53.940,53.940,53.940,0,0
1507129620,53.940,53.940,53.940,53.940,0,0
1507129680,53.940,53.940,53.940,53.940,0,0
1507129740,53.940,53.940,53.940,53.940,0,0
1507129800,53.940,53.940,53.940,53.940,0,0
1507129860,53.940,53.940,53.940,53.940,0,0
1507129920,53.940,53.940,53.940,53.940,0,0
1507129980,53.940,53.940,53.940,53.940,0,0
1507130040,53.940,53.940,53.940,53.940,0,0
1507130100,53.940,53.940,53.940,53.940,0,0
1507130160,53.940,53.940,53.940,53.940,0,0
1507130220,53.940,53.940,53.940,53.940,0,0
1507130280,53.940,53.940,53.940,53.940,0,0
1507130340,53.940,53.940,53.940,53.940,0,0
1507130400,53.940,53.940,53.940,53.940,0,0
1507130460,53.940,53.940,53.940,53.940,0,0
1507130520,53.940,53.940,53.940,53.940,0,0
1507130580,53.940,53.940,53.940,53.940,0,0
1507130640,53.940,53.940,53.940,53.940,0,0
1507130700,53.940,53.940,53.940,53.940,0,0
1507130760,53.940,53.940,53.940,53.940,0,0
1507130820,53.940,53.940,53.940,53.940,0,0
1507130880,53.940,53.940,53.940,53.940,0,0
1507130940,53.940,53.940,53.940,53.940,0,0
1507131000,53.940,53.940,53.940,53.940,0,0
1507131060,53.940,53.940,53.940,53.940,0,0
1507131120,53.940,53.940,53.940,53.940,0,0
1507131180,53.940,53.940,53.940,53.940,0,0
1507131240,53.940,53.940,53.940,53.940,0,0
1507131300,53.940,53.940,53.940,53.940,0,0
1507131360,53.940,53.940,53.940,53.940,0,0
1507131420,53.940,53.940,53.940,53.940,0,0
1507131480,53.940,53.940,53.940,53.940,0,0
1507131540,53.940,53.940,53.940,53.940,0,0
1507131600,53.940,53.940,53.940,53.940,0,0
1507131660,53.940,53.940,53.940,53.940,0,0
1507131720,53.940,53.940,53.940,53.940,0,0
1507131780,53.940,53.940,53.940,53.940,0,0
1507131840,53.940,53.940,53.940,53.940,0,0
1507131900,53.940,53.940,53.940,53.940,0,0
1507131960,53.940,53.940,53.940,53.940,0,0
1507132020,53.940,53.940,53.940,53.940,0,0
1507132080,53.940,53.940,53.940,53.940,0,0
1507132140,53.940,53.940,53.940,53.940,0,0
1507132200,53.940,53.940,53.940,53.940,0,0
1507132260,53.940,53.940,53.940,53.940,0,0
1507132320,53.940,53.940,53.940,53.940,0,0
1507132380,53.940,53.940,53.940,53.940,0,0
1507132440,53.940,53.940,53.940,53.940,0,0
1507132500,53.940,53.940,53.940,53.940,0,0
1507132560,53.940,53.940,53.940,53.940,0,0
1507132620,53.940,53.940,53.940,53.940,0,0
1507132680,53.940,53.940,53.940,53.940,0,0
1507132740,53.940,53.940,53.940,53.940,0,0
1507132800,53.940,53.940,53.940,53.940,0,0
1507132860,53.940,53.940,53.940,53.940,0,0
1507132920,53.940,53.940,53.940,53.940,0,0
1507132980,53.940,53.940,53.940,53.940,0,0
1507133040,53.940,53.940,53.940,53.940,0,0
1507133100,53.940,53.940,53.940,53.940,0,0
1507133160,53.940,53.940,53.940,53.940,0,0
1507133220,53.940,53.940,53.940,53.940,0,0
1507133280,53.940,53.940,53.940,53.940,0,0
1507133340,53.940,53.940,53.940,53.940,0,0
1507133400,53.940,53.940,53.940,53.940,0,0
1507133460,53.940,53.940,53.940,53.940,0,0
1507133520,53.940,53.940,53.940,53.940,0,0
1507133580,53.940,53.940,53.940,53.940,0,0
1507133640,53.940,53.940,53.940,53.940,0,0
1507133700,53.940,53.940,53.940,53.940,46,0
1507133760,53.660,53.660,53.660,53.660,42,0
1507133820,53.660,53.660,53.660,53.660,42,0
1507133880,53.660,53.660,53.660,53.660,42,0
1507133940,53.660,53.660,53.660,53.660,42,0
1507134000,53.660,53.660,53.660,53.660,42,0
1507134060,53.660,53.660,53.660,53.660,42,0
1507134120,53.660,53.660,53.660,53.660,42,0
1507134180,53.660,53.660,53.660,53.660,42,0
1507134240,53.660,53.660,53.660,53.660,42,0
1507134300,53.660,53.660,53.660,53.660,42,0
1507134360,53.660,53.660,53.660,53.660,42,0
1507134420,53.660,53.660,53.660,53.660,42,0
1507134480,53.660,53.660,53.660,53.660,42,0
1507134540,53.660,53.660,53.660,53.660,42,0
1507134600,53.660,53.660,53.660,53.660,42,0
1507134660,53.660,53.660,53.660,53.660,42,0
1507134720,53.660,53.660,53.660,53.660,42,0
1507134780,53.660,53.660,53.660,53.660,42,0
1507134840,53.660,53.660,53.660,53.660,42,0
1507134900,53.660,53.660,53.660,53.660,42,0
1507134960,53.660,53.660,53.660,53.660,42,0
1507135020,53.660,53.660,53.660,53.660,42,0
1507135080,53.660,53.660,53.660,53.660,42,0
1507135140,53.660,53.660,53.660,53.660,42,0
1507135200,53.660,53.660,53.660,53.660,42,0
1507135260,53.660,53.660,53.660,53.660,42,0
1507135320,53.660,53.660,53.660,53.660,42,0
1507135380,53.660,53.660,53.660,53.660,42,0
1507135440,53.660,53.660,53.660,53.660,42,0
1507135500,53.660,53.660,53.660,53.660,42,0
1507135560,53.660,53.660,53.660,53.660,42,0
1507135620,53.660,53.660,53.660,53.660,42,0
1507135680,53.660,53.660,53.660,53.660,42,0
1507135740,53.660,53.660,53.660,53.660,42,0
1507135800,53.660,53.660,53.660,53.660,42,0
1507135860,53.660,53.660,53.660,53.660,42,0
1507135920,53.660,53.660,53.660,53.660,42,0
1507135980,53.660,53.660,53.660,53.660,42,0
1507136040,53.660,53.660,53.660,53.660,42,0
1507136100,53.660,53.660,53.660,53.660,42,0
1507136160,53.660,53.660,53.660,53.660,42,0
1507136220,53.660,53.660,53.660,53.660,42,0
1507136280,53.660,53.660,53.660,53.660,42,0
1507136340,53.660,53.660,53.660,53.660,42,0
1507136400,53.660,53.660,53.660,53.660,42,0
1507136460,53.660,53.660,53.660,53.660,42,0
1507136520,53.660,53.660,53.660,53.660,42,0
1507136580,53.660,53.660,53.660,53.660,42,0
1507136640,53.660,53.660,53.660,53.660,42,0
1507136700,53.660,53.660,53.660,53.660,42,0
1507136760,53.660,53.660,53.660,53.660,42,0
1507136820,53.660,53.660,53.660,53.660,42,0
1507136880,53.660,53.660,53.660,53.660,42,0
1507136940,53.660,53.660,53.660,53.660,42,0
1507137000,53.660,53.660,53.660,53.660,42,0
1507137060,53.660,53.660,53.660,53.660,42,0
1507137120,53.660,53.660,53.660,53.660,42,0
1507137180,53.660,53.660,53.660,53.660,42,0
1507137240,53.660,53.660,53.660,53.660,42,0
1507137300,53.660,53.660,53.660,53.660,42,0
1507137360,53.660,53.660,53.660,53.660,42,0
1507137420,53.660,53.660,53.660,53.660,42,0
1507137480,53.660,53.660,53.660,53.660,42,0
1507137540,53.660,53.660,53.660,53.660,42,0
1507137600,53.660,53.660,53.660,53.660,42,0
1507137660,53.660,53.660,53.660,53.660,42,0
1507137720,53.660,53.660,53.660,53.660,42,0
1507137780,53.660,53.660,53.660,53.660,42,0
1507137840,53.660,53.660,53.660,53.660,42,0
1507137900,53.660,53.660,53.660,53.660,42,0
1507137960,53.660,53.660,53.660,53.660,42,0
1507138020,53.660,53.660,53.660,53.660,42,0
1507138080,53.660,53.660,53.660,53.660,42,0
1507138140,53.660,53.660,53.660,53.660,42,0
1507138200,53.660,53.660,53.660,53.660,42,0
1507138260,53.660,53.660,53.660,53.660,42,0
1507138320,53.660,53.660,53.660,53.660,42,0
1507138380,53.660,53.660,53.660,53.660,42,0
1507138440,53.660,53.660,53.660,53.660,42,0
1507138500,53.660,53.660,53.660,53.660,543,214
1507138560,53.660,53.660,53.660,53.660,541,214
1507138620,53.550,53.660,53.550,53.660,541,214
1507138680,53.600,53.600,53.600,53.600,541,214
1507138740,53.600,53.600,53.600,53.600,541,214
1507138800,53.600,53.600,53.600,53.600,541,214
1507138860,53.600,53.600,53.600,53.600,541,214
1507138920,53.600,53.600,53.600,53.600,541,214
1507138980,53.600,53.600,53.600,53.600,541,214
1507139040,53.600,53.600,53.600,53.600,541,214
1507139100,53.600,53.600,53.600,53.600,541,214
1507139160,53.600,53.600,53.600,53.600,541,214
1507139220,53.600,53.600,53.600,53.600,541,214
1507139280,53.600,53.600,53.600,53.600,541,214
1507139340,53.600,53.600,53.600,53.600,541,214
1507139400,53.600,53.600,53.600,53.600,541,214
1507139460,53.600,53.600,53.600,53.600,541,214
1507139520,53.600,53.600,53.600,53.600,541,214
1507139580,53.600,53.600,53.600,53.600,541,214
1507139640,53.600,53.600,53.600,53.600,541,214
1507139700,53.550,53.550,53.550,53.550,305,2921
1507139760,53.550,53.550,53.550,53.550,301,2921
1507139820,53.550,53.550,53.550,53.550,301,2921
1507139880,53.550,53.550,53.550,53.550,301,2921
1507139940,53.550,53.550,53.550,53.550,301,2921
1507140000,53.550,53.550,53.550,53.550,301,2921
1507140060,53.550,53.550,53.550,53.550,301,2921
1507140120,53.550,53.550,53.550,53.550,301,2921
1507140180,53.550,53.550,53.550,53.550,301,2921
1507140240,53.550,53.550,53.550,53.550,301,2921
1507140300,53.550,53.550,53.550,53.550,301,2921
1507140360,53.550,53.550,53.550,53.550,301,2921
1507140420,53.550,53.550,53.550,53.550,301,2921
1507140480,53.550,53.550,53.550,53.550,301,2921
1507140540,53.550,53.550,53.550,53.550,301,2921
1507140600,53.550,53.550,53.550,53.550,301,2921
1507140660,53.550,53.550,53.550,53.550,301,2921
1507140720,53.550,53.550,53.550,53.550,301,2921
1507140780,53.550,53.550,53.550,53.550,301,2921
1507140840,53.550,53.550,53.550,53.550,301,2921
1507140900,53.550,53.550,53.550,53.550,301,2921
1507140960,53.550,53.550,53.550,53.550,301,2921
1507141020,53.550,53.550,53.550,53.550,301,2921
1507141080,53.550,53.550,53.550,53.550,301,2921
1507141140,53.550,53.550,53.550,53.550,301,2921
1507141200,53.550,53.550,53.550,53.550,301,2921
1507141260,53.550,53.550,53.550,53.550,301,2921
1507141320,53.550,53.550,53.550,53.550,301,2921
1507141380,53.550,53.550,53.550,53.550,301,2921
1507141440,53.550,53.550,53.550,53.550,301,2921
1507141500,53.550,53.550,53.550,53.550,301,2921
1507141560,53.550,53.550,53.550,53.550,301,2921
1507141620,53.550,53.550,53.550,53.550,301,2921
1507141680,53.550,53.550,53.550,53.550,301,2921
1507141740,53.550,53.550,53.550,53.550,301,2921
1507141800,53.550,53.550,53.550,53.550,301,2921
1507141860,53.550,53.550,53.550,53.550,301,2921
1507141920,53.550,53.550,53.550,53.550,301,2921
1507141980,53.550,53.550,53.550,53.550,301,2921
1507142040,53.550,53.550,53.550,53.550,301,2921
1507142100,53.550,53.550,53.550,53.550,301,2921
1507142160,53.550,53.550,53.550,53.550,301,2921
1507142220,53.550,53.550,53.550,53.550,301,2921
1507142280,53.550,53.550,53.550,53.550,301,2921
1507142340,53.550,53.550,53.550,53.550,301,2921
1507142400,53.550,53.550,53.550,53.550,301,2921
1507142460,53.550,53.550,53.550,53.550,301,2921
1507142520,53.550,53.550,53.550,53.550,301,2921
1507142580,53.550,53.550,53.550,53.550,301,2921
1507142640,53.550,53.550,53.550,53.550,301,2921
1507142700,53.550,53.550,53.550,53.550,301,2921
1507142760,53.550,53.550,53.550,53.550,301,2921
1507142820,53.550,53.550,53.550,53.550,301,2921
1507142880,53.550,53.550,53.550,53.550,301,2921
1507142940,53.550,53.550,53.550,53.550,301,2921
1507143000,53.550,53.550,53.550,53.550,301,2921
1507143060,53.550,53.550,53.550,53.550,301,2921
1507143120,53.550,53.550,53.550,53.550,301,2921
1507143180,53.550,53.550,53.550,53.550,301,2921
1507143240,53.550,53.550,53.550,53.550,301,2921
1507143300,53.550,53.550,53.550,53.550,301,2921
1507143360,53.550,53.550,53.550,53.550,301,2921
1507143420,53.550,53.550,53.550,53.550,301,2921
1507143480,53.550,53.550,53.550,53.550,301,2921
1507143540,53.550,53.550,53.550,53.550,301,2921
1507143600,53.550,53.550,53.550,53.550,301,2921
1507143660,53.550,53.550,53.550,53.550,301,2921
1507143720,53.550,53.550,53.550,53.550,301,2921
1507143780,53.550,53.550,53.550,53.550,301,2921
1507143840,53.550,53.550,53.550,53.550,301,2921
1507143900,53.550,53.550,53.550,53.550,333,4430
1507143960,53.480,53.480,53.480,53.480,331,4430
1507144020,53.480,53.480,53.480,53.480,331,4430
1507144080,53.480,53.480,53.480,53.480,331,4430
1507144140,53.480,53.480,53.480,53.480,331,4430
1507144200,53.480,53.480,53.480,53.480,331,4430
1507144260,53.480,53.480,53.480,53.480,331,4430
1507144320,53.480,53.480,53.480,53.480,331,4430
1507144380,53.480,53.480,53.480,53.480,331,4430
1507144440,53.480,53.480,53.480,53.480,331,4430
1507144500,53.480,53.480,53.480,53.480,331,4430
1507144560,53.480,53.480,53.480,53.480,331,4430
1507144620,53.480,53.480,53.480,53.480,331,4430
1507144680,53.480,53.480,53.480,53.480,331,4430
1507144740,53.480,53.480,53.480,53.480,331,4430
1507144800,53.480,53.480,53.480,53.480,331,4430
1507144860,53.480,53.480,53.480,53.480,331,4430
1507144920,53.480,53.480,53.480,53.480,331,4430
1507144980,53.480,53.480,53.480,53.480,331,4430
1507145040,53.480,53.480,53.480,53.480,331,4430
1507145100,53.480,53.480,53.480,53.480,331,4430
1507145160,53.480,53.480,53.480,53.480,331,4430
1507145220,53.480,53.480,53.480,53.480,331,4430
1507145280,53.480,53.480,53.480,53.480,331,4430
1507145340,53.480,53.480,53.480,53.480,331,4430
1507145400,53.480,53.480,53.480,53.480,331,4430
1507145460,53.480,53.480,53.480,53.480,331,4430
1507145520,53.480,53.480,53.480,53.480,331,4430
1507145580,53.480,53.480,53.480,53.480,331,4430
1507145640,53.480,53.480,53.480,53.480,331,4430
1507145700,53.480,53.480,53.480,53.480,331,4430
1507145760,53.480,53.480,53.480,53.480,331,4430
1507145820,53.480,53.480,53.480,53.480,331,4430
1507145880,53.480,53.480,53.480,53.480,331,4430
1507145940,53.480,53.480,53.480,53.480,331,4430
1507146000,53.480,53.480,53.480,53.480,331,4430
1507146060,53.480,53.480,53.480,53.480,331,4430
1507146120,53.480,53.480,53.480,53.480,331,4430
1507146180,53.480,53.480,53.480,53.480,331,4430
1507146240,53.480,53.480,53.480,53.480,331,4430
1507146300,53.480,53.480,53.480,53.480,20,6087
1507146360,53.480,53.480,53.480,53.480,20,6087
1507146420,53.480,53.480,53.480,53.480,20,6087
1507146480,53.490,53.490,53.490,53.490,20,6087
