1504272780,47.760,47.760,47.760,47.760,0,0
1504272840,47.770,47.770,47.770,47.770,0,0
1504272900,47.770,47.770,47.770,47.770,69,7819
1504272960,47.770,47.770,47.770,47.770,68,7819
1504273020,47.850,47.850,47.850,47.850,68,7819
1504273080,47.850,47.850,47.850,47.850,68,7819
1504273140,47.850,47.850,47.850,47.850,68,7819
1504273200,47.920,47.920,47.920,47.920,429,8160
1504273260,47.930,47.930,47.930,47.930,425,8160
1504273320,47.910,47.910,47.910,47.910,425,8160
1504273380,47.910,47.910,47.910,47.910,425,8160
1504273440,47.970,47.950,47.950,47.970,425,8160
1504273500,47.910,47.920,47.910,47.920,587,10289
1504273560,47.890,47.890,47.890,47.890,583,10289
1504273620,47.810,47.860,47.810,47.860,583,10289
1504273680,47.810,47.860,47.810,47.860,583,10289
1504273740,47.810,47.810,47.810,47.810,583,10289
1504273800,47.810,47.810,47.810,47.810,287,13208
1504273860,47.730,47.730,47.730,47.730,287,13208
1504273920,47.780,47.750,47.750,47.820,287,13208
1504273980,47.780,47.750,47.750,47.820,287,13208
1504274040,47.780,47.750,47.750,47.820,287,13208
1504274100,47.690,47.690,47.690,47.690,767,14643
1504274160,47.710,47.710,47.710,47.710,764,14643
1504274220,47.710,47.710,47.710,47.710,764,14643
1504274280,47.630,47.630,47.630,47.630,764,14643
1504274340,47.630,47.630,47.630,47.630,764,14643
1504274400,47.660,47.680,47.650,47.680,677,18466
1504274460,47.680,47.660,47.660,47.680,676,18466
1504274520,47.680,47.660,47.660,47.680,676,18466
1504274580,47.680,47.660,47.660,47.680,676,18466
1504274640,47.730,47.730,47.730,47.730,676,18466
1504274700,47.730,47.730,47.730,47.730,425,21847
1504274760,47.730,47.730,47.730,47.730,423,21847
1504274820,47.730,47.700,47.700,47.730,423,21847
1504274880,47.690,47.650,47.650,47.690,423,21847
1504274940,47.630,47.630,47.630,47.630,423,21847
1504275000,47.660,47.700,47.660,47.700,575,23964
1504275060,47.690,47.680,47.680,47.700,574,23964
1504275120,47.690,47.680,47.680,47.700,574,23964
1504275180,47.690,47.680,47.680,47.700,574,23964
1504275240,47.640,47.640,47.640,47.640,574,23964
1504275300,47.640,47.640,47.640,47.640,574,23964
1504275360,47.640,47.640,47.640,47.640,574,23964
1504275420,47.640,47.640,47.640,47.640,574,23964
1504275480,47.640,47.640,47.640,47.640,574,23964
1504275540,47.640,47.640,47.640,47.640,574,23964
1504275600,47.650,47.650,47.650,47.650,651,26835
1504275660,47.650,47.650,47.650,47.650,649,26835
1504275720,47.600,47.600,47.600,47.600,649,26835
1504275780,47.600,47.600,47.600,47.600,649,26835
1504275840,47.620,47.550,47.550,47.620,649,26835
1504275900,47.540,47.530,47.530,47.540,526,30082
1504275960,47.520,47.520,47.520,47.520,523,30082
1504276020,47.520,47.520,47.520,47.520,523,30082
1504276080,47.550,47.550,47.550,47.550,523,30082
1504276140,47.560,47.580,47.560,47.580,523,30082
1504276200,47.560,47.580,47.560,47.580,66,32700
1504276260,47.620,47.620,47.620,47.620,65,32700
1504276320,47.620,47.620,47.620,47.620,65,32700
1504276380,47.620,47.620,47.620,47.620,65,32700
1504276440,47.640,47.640,47.640,47.640,65,32700
1504276500,47.640,47.630,47.630,47.640,562,33026
1504276560,47.640,47.640,47.640,47.640,562,33026
1504276620,47.640,47.640,47.640,47.640,562,33026
1504276680,47.630,47.630,47.630,47.630,562,33026
1504276740,47.620,47.580,47.580,47.620,562,33026
1504276800,47.570,47.570,47.570,47.570,1001,35836
1504276860,47.570,47.570,47.570,47.570,999,35836
1504276920,47.570,47.570,47.570,47.570,999,35836
1504276980,47.580,47.500,47.500,47.590,999,35836
1504277040,47.490,47.490,47.490,47.490,999,35836
1504277100,47.490,47.490,47.490,47.490,113,40833
1504277160,47.490,47.490,47.490,47.490,111,40833
1504277220,47.500,47.500,47.500,47.500,111,40833
1504277280,47.500,47.500,47.500,47.500,111,40833
1504277340,47.500,47.500,47.500,47.500,111,40833
1504277400,47.450,47.460,47.450,47.480,1110,41390
1504277460,47.470,47.470,47.470,47.470,1110,41390
1504277520,47.470,47.470,47.470,47.470,1110,41390
1504277580,47.470,47.470,47.470,47.470,1110,41390
1504277640,47.470,47.470,47.470,47.470,1110,41390
1504277700,47.470,47.470,47.470,47.470,918,46940
1504277760,47.460,47.480,47.460,47.480,914,46940
1504277820,47.470,47.510,47.470,47.510,914,46940
1504277880,47.470,47.510,47.470,47.510,914,46940
1504277940,47.470,47.510,47.470,47.510,914,46940
1504278000,47.550,47.580,47.550,47.580,546,51514
1504278060,47.590,47.590,47.590,47.590,546,51514
1504278120,47.590,47.590,47.590,47.590,546,51514
1504278180,47.590,47.590,47.590,47.590,546,51514
1504278240,47.590,47.540,47.540,47.590,546,51514
1504278300,47.530,47.530,47.530,47.530,550,54244
1504278360,47.520,47.520,47.520,47.520,550,54244
1504278420,47.490,47.490,47.490,47.490,550,54244
1504278480,47.480,47.470,47.470,47.480,550,54244
1504278540,47.470,47.480,47.470,47.480,550,54244
1504278600,47.470,47.480,47.470,47.480,284,56994
1504278660,47.480,47.480,47.480,47.480,282,56994
1504278720,47.480,47.480,47.480,47.480,282,56994
1504278780,47.480,47.480,47.480,47.480,282,56994
1504278840,47.480,47.480,47.480,47.480,282,56994
1504278900,47.480,47.480,47.480,47.480,276,58406
1504278960,47.480,47.480,47.480,47.480,275,58406
1504279020,47.450,47.450,47.450,47.450,275,58406
1504279080,47.470,47.450,47.450,47.470,275,58406
1504279140,47.470,47.450,47.450,47.470,275,58406
1504279200,47.470,47.450,47.450,47.470,761,59782
1504279260,47.420,47.420,47.420,47.420,758,59782
1504279320,47.440,47.430,47.430,47.440,758,59782
1504279380,47.420,47.420,47.420,47.420,758,59782
1504279440,47.420,47.390,47.390,47.420,758,59782
1504279500,47.420,47.390,47.390,47.420,134,63575
1504279560,47.330,47.330,47.330,47.330,134,63575
1504279620,47.320,47.320,47.320,47.320,134,63575
1504279680,47.320,47.320,47.320,47.320,134,63575
1504279740,47.320,47.320,47.320,47.320,134,63575
1504279800,47.320,47.320,47.320,47.320,507,64245
1504279860,47.320,47.320,47.320,47.320,505,64245
1504279920,47.320,47.320,47.320,47.320,505,64245
1504279980,47.320,47.320,47.320,47.320,505,64245
1504280040,47.320,47.320,47.320,47.320,505,64245
1504280100,47.320,47.320,47.320,47.320,110,66772
1504280160,47.300,47.300,47.300,47.300,109,66772
1504280220,47.300,47.300,47.300,47.300,109,66772
1504280280,47.310,47.310,47.310,47.310,109,66772
1504280340,47.300,47.300,47.300,47.300,109,66772
1504280400,47.300,47.300,47.300,47.300,149,67318
1504280460,47.300,47.300,47.300,47.300,145,67318
1504280520,47.300,47.300,47.300,47.300,145,67318
1504280580,47.300,47.300,47.300,47.300,145,67318
1504280640,47.320,47.320,47.320,47.320,145,67318
1504280700,47.330,47.340,47.330,47.340,781,68047
1504280760,47.330,47.300,47.300,47.330,779,68047
1504280820,47.330,47.300,47.300,47.330,779,68047
1504280880,47.330,47.300,47.300,47.330,779,68047
1504280940,47.330,47.330,47.330,47.330,779,68047
1504281000,47.330,47.330,47.330,47.330,214,71944
1504281060,47.330,47.330,47.330,47.330,213,71944
1504281120,47.340,47.330,47.330,47.340,213,71944
1504281180,47.340,47.330,47.330,47.340,213,71944
1504281240,47.300,47.300,47.300,47.300,213,71944
1504281300,47.300,47.300,47.300,47.300,102,73010
1504281360,47.300,47.300,47.300,47.300,101,73010
1504281420,47.300,47.300,47.300,47.300,101,73010
1504281480,47.320,47.320,47.320,47.320,101,73010
1504281540,47.320,47.320,47.320,47.320,101,73010
1504281600,47.330,47.330,47.330,47.330,386,73516
1504281660,47.330,47.340,47.330,47.360,384,73516
1504281720,47.330,47.330,47.330,47.330,384,73516
1504281780,47.330,47.330,47.330,47.330,384,73516
1504281840,47.330,47.330,47.330,47.330,384,73516
1504281900,47.330,47.340,47.330,47.340,666,75438
1504281960,47.340,47.330,47.330,47.340,666,75438
1504282020,47.300,47.300,47.300,47.300,666,75438
1504282080,47.300,47.290,47.290,47.300,666,75438
1504282140,47.250,47.280,47.250,47.290,666,75438
1504282200,47.290,47.300,47.290,47.300,367,78768
1504282260,47.300,47.300,47.300,47.300,365,78768
1504282320,47.300,47.290,47.290,47.300,365,78768
1504282380,47.290,47.290,47.290,47.300,365,78768
1504282440,47.290,47.280,47.280,47.290,365,78768
1504282500,47.290,47.280,47.280,47.290,512,80595
1504282560,47.290,47.280,47.280,47.290,512,80595
1504282620,47.280,47.280,47.280,47.280,512,80595
1504282680,47.300,47.300,47.300,47.300,512,80595
1504282740,47.300,47.300,47.300,47.300,512,80595
1504282800,47.290,47.290,47.290,47.290,377,83155
1504282860,47.290,47.290,47.290,47.290,375,83155
1504282920,47.320,47.300,47.300,47.320,375,83155
1504282980,47.310,47.310,47.310,47.310,375,83155
1504283040,47.300,47.300,47.300,47.300,375,83155
1504283100,47.300,47.300,47.300,47.300,982,85032
1504283160,47.310,47.310,47.310,47.310,978,85032
1504283220,47.300,47.300,47.300,47.300,978,85032
1504283280,47.310,47.310,47.310,47.310,978,85032
1504283340,47.310,47.300,47.300,47.310,978,85032
1504283400,47.310,47.300,47.300,47.310,252,89926
1504283460,47.310,47.300,47.300,47.310,251,89926
1504283520,47.310,47.300,47.300,47.310,251,89926
1504283580,47.310,47.310,47.310,47.310,251,89926
1504283640,47.310,47.310,47.310,47.310,251,89926
1504283700,47.310,47.310,47.310,47.310,34,91182
1504283760,47.310,47.310,47.310,47.310,34,91182
1504283820,47.340,47.340,47.340,47.340,34,91182
1504283880,47.340,47.340,47.340,47.340,34,91182
1504283940,47.340,47.340,47.340,47.340,34,91182
1504284000,47.340,47.340,47.340,47.340,554,91352
1504284060,47.340,47.340,47.340,47.340,552,91352
1504284120,47.340,47.340,47.340,47.340,552,91352
1504284180,47.340,47.340,47.340,47.340,552,91352
1504284240,47.330,47.330,47.320,47.330,552,91352
1504284300,47.330,47.360,47.330,47.360,633,94114
1504284360,47.370,47.380,47.370,47.380,630,94114
1504284420,47.370,47.380,47.370,47.380,630,94114
1504284480,47.370,47.380,47.370,47.380,630,94114
1504284540,47.370,47.380,47.370,47.380,630,94114
1504284600,47.370,47.380,47.370,47.380,36,97267
1504284660,47.400,47.400,47.400,47.400,32,97267
1504284720,47.400,47.400,47.400,47.400,32,97267
1504284780,47.400,47.400,47.400,47.400,32,97267
1504284840,47.400,47.400,47.400,47.400,32,97267
1504284900,47.400,47.400,47.400,47.400,519,97431
1504284960,47.410,47.420,47.410,47.430,516,97431
1504285020,47.400,47.400,47.390,47.400,516,97431
1504285080,47.410,47.410,47.410,47.410,516,97431
1504285140,47.410,47.410,47.410,47.410,516,97431
1504285200,47.410,47.410,47.410,47.410,698,100014
1504285260,47.420,47.420,47.420,47.420,696,100014
1504285320,47.430,47.430,47.430,47.430,696,100014
1504285380,47.430,47.430,47.430,47.430,696,100014
1504285440,47.440,47.440,47.440,47.440,696,100014
1504285500,47.450,47.450,47.450,47.450,644,103496
1504285560,47.450,47.450,47.450,47.450,643,103496
1504285620,47.460,47.460,47.460,47.460,643,103496
1504285680,47.460,47.460,47.460,47.460,643,103496
1504285740,47.460,47.470,47.460,47.470,643,103496
1504285800,47.460,47.470,47.460,47.470,450,106712
1504285860,47.470,47.460,47.460,47.470,446,106712
1504285920,47.470,47.460,47.460,47.470,446,106712
1504285980,47.460,47.460,47.460,47.470,446,106712
1504286040,47.460,47.460,47.460,47.460,446,106712
1504286100,47.460,47.460,47.460,47.460,401,108946
1504286160,47.470,47.480,47.470,47.480,398,108946
1504286220,47.470,47.480,47.470,47.480,398,108946
1504286280,47.470,47.480,47.470,47.480,398,108946
1504286340,47.510,47.520,47.510,47.520,398,108946
1504286400,47.510,47.520,47.510,47.520,536,110939
1504286460,47.520,47.510,47.510,47.520,532,110939
1504286520,47.510,47.510,47.510,47.510,532,110939
1504286580,47.510,47.510,47.510,47.510,532,110939
1504286640,47.510,47.510,47.510,47.510,532,110939
1504286700,47.510,47.510,47.510,47.510,399,113603
1504286760,47.510,47.510,47.510,47.510,396,113603
1504286820,47.520,47.520,47.520,47.520,396,113603
1504286880,47.540,47.540,47.540,47.540,396,113603
1504286940,47.570,47.570,47.570,47.570,396,113603
1504287000,47.540,47.540,47.540,47.540,52,115586
1504287060,47.540,47.540,47.540,47.540,51,115586
1504287120,47.540,47.540,47.540,47.540,51,115586
1504287180,47.540,47.540,47.540,47.540,51,115586
1504287240,47.540,47.540,47.540,47.540,51,115586
1504287300,47.540,47.540,47.540,47.540,629,115842
1504287360,47.550,47.550,47.550,47.550,627,115842
1504287420,47.550,47.540,47.540,47.550,627,115842
1504287480,47.550,47.540,47.540,47.550,627,115842
1504287540,47.550,47.540,47.540,47.550,627,115842
1504287600,47.550,47.540,47.540,47.550,623,118979
1504287660,47.550,47.540,47.540,47.550,623,118979
1504287720,47.550,47.540,47.540,47.550,623,118979
1504287780,47.530,47.530,47.530,47.530,623,118979
1504287840,47.520,47.520,47.520,47.520,623,118979
1504287900,47.520,47.520,47.520,47.520,743,122094
1504287960,47.510,47.510,47.510,47.510,740,122094
1504288020,47.510,47.510,47.510,47.510,740,122094
1504288080,47.510,47.510,47.510,47.510,740,122094
1504288140,47.490,47.490,47.480,47.490,740,122094
1504288200,47.480,47.490,47.480,47.490,1032,125797
1504288260,47.490,47.480,47.480,47.490,1031,125797
1504288320,47.480,47.480,47.480,47.480,1031,125797
1504288380,47.480,47.490,47.480,47.490,1031,125797
1504288440,47.480,47.480,47.480,47.480,1031,125797
1504288500,47.480,47.480,47.480,47.480,1612,130953
1504288560,47.480,47.490,47.480,47.490,1609,130953
1504288620,47.510,47.510,47.510,47.510,1609,130953
1504288680,47.500,47.490,47.490,47.500,1609,130953
1504288740,47.490,47.490,47.490,47.490,1609,130953
1504288800,47.490,47.490,47.490,47.490,301,139001
1504288860,47.480,47.480,47.480,47.480,298,139001
1504288920,47.480,47.480,47.480,47.480,298,139001
1504288980,47.480,47.480,47.480,47.480,298,139001
1504289040,47.480,47.480,47.480,47.480,298,139001
1504289100,47.480,47.480,47.480,47.480,224,140494
1504289160,47.480,47.480,47.480,47.480,221,140494
1504289220,47.490,47.490,47.490,47.490,221,140494
1504289280,47.490,47.480,47.480,47.490,221,140494
1504289340,47.480,47.460,47.460,47.480,221,140494
1504289400,47.480,47.480,47.480,47.480,326,141602
1504289460,47.480,47.480,47.480,47.480,326,141602
1504289520,47.490,47.490,47.490,47.490,326,141602
1504289580,47.490,47.470,47.470,47.490,326,141602
1504289640,47.490,47.470,47.470,47.490,326,141602
1504289700,47.490,47.490,47.490,47.490,546,143232
1504289760,47.470,47.470,47.470,47.470,544,143232
1504289820,47.470,47.470,47.470,47.470,544,143232
1504289880,47.460,47.460,47.450,47.460,544,143232
1504289940,47.460,47.460,47.450,47.460,544,143232
1504290000,47.440,47.440,47.440,47.440,154,145954
1504290060,47.440,47.440,47.440,47.440,154,145954
1504290120,47.440,47.440,47.440,47.440,154,145954
1504290180,47.440,47.440,47.440,47.440,154,145954
1504290240,47.450,47.450,47.450,47.450,154,145954
1504290300,47.450,47.450,47.450,47.450,559,146724
1504290360,47.440,47.440,47.440,47.440,557,146724
1504290420,47.440,47.450,47.440,47.450,557,146724
1504290480,47.440,47.450,47.440,47.450,557,146724
1504290540,47.420,47.430,47.420,47.430,557,146724
1504290600,47.420,47.430,47.420,47.430,643,149511
1504290660,47.420,47.430,47.420,47.430,640,149511
1504290720,47.440,47.450,47.440,47.450,640,149511
1504290780,47.440,47.450,47.440,47.450,640,149511
1504290840,47.440,47.450,47.440,47.450,640,149511
1504290900,47.450,47.450,47.450,47.450,375,152714
1504290960,47.450,47.450,47.450,47.450,375,152714
1504291020,47.450,47.450,47.450,47.450,375,152714
1504291080,47.450,47.450,47.450,47.450,375,152714
1504291140,47.470,47.470,47.470,47.470,375,152714
1504291200,47.470,47.470,47.470,47.470,346,154589
1504291260,47.460,47.460,47.460,47.460,342,154589
1504291320,47.430,47.430,47.430,47.430,342,154589
1504291380,47.430,47.430,47.430,47.430,342,154589
1504291440,47.430,47.430,47.430,47.430,342,154589
1504291500,47.430,47.430,47.430,47.430,227,156303
1504291560,47.430,47.430,47.430,47.430,226,156303
1504291620,47.430,47.430,47.430,47.430,226,156303
1504291680,47.430,47.430,47.430,47.430,226,156303
1504291740,47.450,47.440,47.440,47.450,226,156303
1504291800,47.440,47.440,47.440,47.440,638,157434
1504291860,47.440,47.440,47.440,47.440,636,157434
1504291920,47.430,47.430,47.430,47.430,636,157434
1504291980,47.430,47.430,47.430,47.430,636,157434
1504292040,47.410,47.410,47.410,47.430,636,157434
1504292100,47.420,47.410,47.410,47.420,283,160616
1504292160,47.410,47.410,47.410,47.410,282,160616
1504292220,47.420,47.430,47.420,47.430,282,160616
1504292280,47.420,47.430,47.420,47.430,282,160616
1504292340,47.410,47.410,47.410,47.410,282,160616
1504292400,47.410,47.410,47.410,47.410,596,162027
1504292460,47.370,47.370,47.370,47.370,593,162027
1504292520,47.370,47.370,47.370,47.370,593,162027
1504292580,47.370,47.370,47.370,47.370,593,162027
1504292640,47.370,47.370,47.370,47.370,593,162027
1504292700,47.370,47.370,47.370,47.370,1826,164995
1504292760,47.370,47.370,47.370,47.370,1823,164995
1504292820,47.360,47.350,47.350,47.360,1823,164995
1504292880,47.360,47.450,47.360,47.450,1823,164995
1504292940,47.460,47.460,47.460,47.460,1823,164995
1504293000,47.460,47.460,47.460,47.460,73,174113
1504293060,47.450,47.450,47.450,47.450,69,174113
1504293120,47.450,47.450,47.450,47.450,69,174113
1504293180,47.450,47.450,47.450,47.450,69,174113
1504293240,47.450,47.450,47.450,47.450,69,174113
1504293300,47.450,47.470,47.450,47.470,1773,174462
1504293360,47.500,47.520,47.500,47.520,1769,174462
1504293420,47.580,47.550,47.550,47.580,1769,174462
1504293480,47.580,47.550,47.550,47.580,1769,174462
1504293540,47.580,47.550,47.550,47.580,1769,174462
1504293600,47.530,47.530,47.530,47.530,882,183311
1504293660,47.520,47.520,47.520,47.520,879,183311
1504293720,47.540,47.540,47.540,47.540,879,183311
1504293780,47.540,47.540,47.540,47.540,879,183311
1504293840,47.530,47.540,47.530,47.540,879,183311
1504293900,47.530,47.540,47.530,47.540,674,187709
1504293960,47.530,47.500,47.500,47.530,671,187709
1504294020,47.530,47.530,47.530,47.530,671,187709
1504294080,47.530,47.530,47.530,47.530,671,187709
1504294140,47.530,47.530,47.530,47.530,671,187709
1504294200,47.530,47.530,47.530,47.530,598,191067
1504294260,47.530,47.530,47.530,47.530,595,191067
1504294320,47.540,47.540,47.540,47.550,595,191067
1504294380,47.540,47.540,47.540,47.540,595,191067
1504294440,47.540,47.540,47.540,47.540,595,191067
1504294500,47.550,47.550,47.550,47.550,510,194045
1504294560,47.540,47.550,47.540,47.550,507,194045
1504294620,47.550,47.550,47.540,47.550,507,194045
1504294680,47.550,47.550,47.550,47.550,507,194045
1504294740,47.550,47.550,47.550,47.550,507,194045
1504294800,47.540,47.550,47.540,47.550,1507,196583
1504294860,47.540,47.550,47.540,47.550,1506,196583
1504294920,47.540,47.530,47.530,47.550,1506,196583
1504294980,47.540,47.530,47.530,47.550,1506,196583
1504295040,47.530,47.520,47.520,47.530,1506,196583
1504295100,47.520,47.540,47.520,47.540,2948,204114
1504295160,47.540,47.540,47.540,47.540,2947,204114
1504295220,47.540,47.540,47.540,47.540,2947,204114
1504295280,47.540,47.540,47.530,47.540,2947,204114
1504295340,47.540,47.520,47.520,47.540,2947,204114
1504295400,47.520,47.510,47.510,47.520,3292,218850
1504295460,47.520,47.500,47.500,47.520,3291,218850
1504295520,47.500,47.490,47.490,47.500,3291,218850
1504295580,47.490,47.480,47.480,47.490,3291,218850
1504295640,47.510,47.520,47.510,47.520,3291,218850
1504295700,47.520,47.480,47.480,47.520,10345,235306
1504295760,47.460,47.480,47.460,47.480,10345,235306
1504295820,47.490,47.480,47.480,47.490,10345,235306
1504295880,47.480,47.440,47.440,47.480,10345,235306
1504295940,47.450,47.420,47.420,47.450,10345,235306
1504618320,47.330,47.330,47.330,47.330,0,0
1504618380,47.330,47.330,47.330,47.330,0,0
1504618440,47.330,47.330,47.330,47.330,0,0
1504618500,47.330,47.330,47.330,47.330,709,5665
1504618560,47.170,47.170,47.170,47.170,709,5665
1504618620,47.150,47.150,47.150,47.150,709,5665
1504618680,47.140,47.140,47.140,47.140,709,5665
1504618740,47.110,47.090,47.090,47.110,709,5665
1504618800,47.100,47.130,47.100,47.130,1071,9210
1504618860,47.100,47.130,47.100,47.130,1071,9210
1504618920,47.260,47.240,47.240,47.260,1071,9210
1504618980,47.230,47.230,47.230,47.230,1071,9210
1504619040,47.180,47.200,47.180,47.200,1071,9210
1504619100,47.210,47.210,47.210,47.210,1281,14565
1504619160,47.230,47.260,47.230,47.260,1278,14565
1504619220,47.300,47.300,47.300,47.300,1278,14565
1504619280,47.260,47.260,47.260,47.260,1278,14565
1504619340,47.280,47.280,47.280,47.280,1278,14565
1504619400,47.280,47.280,47.280,47.280,4011,20958
1504619460,47.280,47.280,47.280,47.280,4011,20958
1504619520,47.300,47.250,47.250,47.320,4011,20958
1504619580,47.230,47.220,47.220,47.230,4011,20958
1504619640,47.220,47.120,47.120,47.220,4011,20958
1504619700,47.180,47.180,47.180,47.180,1540,41013
1504619760,47.120,47.120,47.120,47.120,1538,41013
1504619820,47.130,47.130,47.110,47.180,1538,41013
1504619880,47.130,47.130,47.110,47.180,1538,41013
1504619940,47.120,47.140,47.120,47.170,1538,41013
1504620000,47.150,47.110,47.110,47.150,622,48705
1504620060,47.150,47.110,47.110,47.150,621,48705
1504620120,47.110,47.110,47.110,47.110,621,48705
1504620180,47.110,47.110,47.110,47.110,621,48705
1504620240,47.070,47.070,47.070,47.070,621,48705
1504620300,47.040,47.040,47.040,47.040,7280,51811
1504620360,47.020,46.960,46.960,47.020,7276,51811
1504620420,47.030,47.030,47.030,47.030,7276,51811
1504620480,46.970,46.970,46.970,46.970,7276,51811
1504620540,46.970,46.970,46.970,46.990,7276,51811
1504620600,46.970,46.970,46.970,46.990,627,88195
1504620660,46.960,46.960,46.960,46.960,626,88195
1504620720,46.980,46.980,46.980,46.980,626,88195
1504620780,46.970,46.970,46.970,46.970,626,88195
1504620840,46.980,46.980,46.980,46.980,626,88195
1504620900,46.970,46.970,46.970,46.970,2683,91326
1504620960,46.970,46.960,46.960,46.970,2679,91326
1504621020,46.970,46.960,46.960,46.970,2679,91326
1504621080,46.930,46.940,46.930,46.940,2679,91326
1504621140,46.920,46.880,46.880,46.920,2679,91326
1504621200,46.880,46.880,46.880,46.880,1907,104725
1504621260,46.880,46.880,46.880,46.880,1903,104725
1504621320,46.880,46.890,46.880,46.890,1903,104725
1504621380,46.890,46.850,46.850,46.890,1903,104725
1504621440,46.890,46.850,46.850,46.890,1903,104725
1504621500,46.890,46.850,46.850,46.890,432,114244
1504621560,46.890,46.850,46.850,46.890,428,114244
1504621620,46.820,46.820,46.820,46.820,428,114244
1504621680,46.840,46.840,46.840,46.840,428,114244
1504621740,46.820,46.820,46.820,46.820,428,114244
1504621800,46.800,46.760,46.760,46.800,1444,116388
1504621860,46.760,46.740,46.720,46.780,1444,116388
1504621920,46.760,46.740,46.720,46.780,1444,116388
1504621980,46.730,46.680,46.680,46.730,1444,116388
1504622040,46.730,46.680,46.680,46.730,1444,116388
1504622100,46.660,46.670,46.660,46.670,1038,123608
1504622160,46.690,46.700,46.680,46.700,1034,123608
1504622220,46.710,46.720,46.710,46.720,1034,123608
1504622280,46.710,46.720,46.710,46.720,1034,123608
1504622340,46.690,46.700,46.690,46.700,1034,123608
1504622400,46.690,46.700,46.690,46.700,737,128782
1504622460,46.640,46.640,46.640,46.640,737,128782
1504622520,46.610,46.630,46.610,46.630,737,128782
1504622580,46.640,46.660,46.640,46.660,737,128782
1504622640,46.650,46.660,46.650,46.660,737,128782
1504622700,46.670,46.670,46.670,46.670,465,132467
1504622760,46.670,46.670,46.670,46.670,462,132467
1504622820,46.640,46.640,46.640,46.640,462,132467
1504622880,46.640,46.640,46.640,46.640,462,132467
1504622940,46.640,46.640,46.640,46.640,462,132467
1504623000,46.620,46.630,46.590,46.630,1864,134780
1504623060,46.650,46.620,46.620,46.650,1863,134780
1504623120,46.610,46.620,46.610,46.620,1863,134780
1504623180,46.610,46.600,46.600,46.610,1863,134780
1504623240,46.600,46.600,46.600,46.600,1863,134780
1504623300,46.580,46.580,46.580,46.580,895,144096
1504623360,46.580,46.580,46.580,46.580,894,144096
1504623420,46.580,46.590,46.580,46.590,894,144096
1504623480,46.580,46.560,46.560,46.580,894,144096
1504623540,46.550,46.540,46.540,46.560,894,144096
1504623600,46.550,46.560,46.550,46.560,676,148567
1504623660,46.540,46.550,46.540,46.550,674,148567
1504623720,46.550,46.550,46.550,46.550,674,148567
1504623780,46.550,46.550,46.550,46.550,674,148567
1504623840,46.540,46.570,46.540,46.570,674,148567
1504623900,46.570,46.590,46.570,46.610,818,151939
1504623960,46.570,46.590,46.570,46.610,817,151939
1504624020,46.570,46.570,46.570,46.570,817,151939
1504624080,46.570,46.570,46.570,46.570,817,151939
1504624140,46.550,46.590,46.550,46.590,817,151939
1504624200,46.570,46.580,46.570,46.580,131,156025
1504624260,46.570,46.580,46.570,46.580,129,156025
1504624320,46.570,46.580,46.570,46.580,129,156025
1504624380,46.570,46.580,46.570,46.580,129,156025
1504624440,46.570,46.580,46.570,46.580,129,156025
1504624500,46.570,46.580,46.570,46.580,852,156672
1504624560,46.570,46.580,46.570,46.580,848,156672
1504624620,46.540,46.510,46.510,46.540,848,156672
1504624680,46.460,46.460,46.460,46.460,848,156672
1504624740,46.460,46.460,46.450,46.460,848,156672
1504624800,46.460,46.460,46.450,46.460,772,160916
1504624860,46.440,46.430,46.430,46.440,768,160916
1504624920,46.440,46.450,46.440,46.450,768,160916
1504624980,46.440,46.450,46.440,46.450,768,160916
1504625040,46.450,46.470,46.450,46.470,768,160916
1504625100,46.470,46.470,46.470,46.470,502,164760
1504625160,46.480,46.500,46.480,46.500,500,164760
1504625220,46.500,46.500,46.500,46.500,500,164760
1504625280,46.490,46.490,46.490,46.490,500,164760
1504625340,46.490,46.490,46.490,46.490,500,164760
1504625400,46.490,46.490,46.490,46.490,517,167262
1504625460,46.470,46.450,46.450,46.470,514,167262
1504625520,46.470,46.450,46.450,46.470,514,167262
1504625580,46.480,46.480,46.480,46.480,514,167262
1504625640,46.440,46.440,46.440,46.440,514,167262
1504625700,46.460,46.460,46.460,46.460,817,169835
1504625760,46.450,46.450,46.450,46.450,817,169835
1504625820,46.450,46.430,46.430,46.450,817,169835
1504625880,46.440,46.440,46.440,46.440,817,169835
1504625940,46.430,46.430,46.430,46.440,817,169835
1504626000,46.440,46.430,46.420,46.440,670,173920
1504626060,46.430,46.430,46.430,46.430,667,173920
1504626120,46.450,46.470,46.440,46.470,667,173920
1504626180,46.450,46.470,46.440,46.470,667,173920
1504626240,46.460,46.450,46.450,46.460,667,173920
1504626300,46.440,46.430,46.430,46.440,911,177258
1504626360,46.420,46.420,46.420,46.420,910,177258
1504626420,46.420,46.420,46.420,46.420,910,177258
1504626480,46.410,46.400,46.400,46.410,910,177258
1504626540,46.390,46.390,46.390,46.400,910,177258
1504626600,46.390,46.390,46.390,46.400,768,181809
1504626660,46.390,46.390,46.390,46.390,768,181809
1504626720,46.390,46.410,46.390,46.410,768,181809
1504626780,46.390,46.410,46.390,46.410,768,181809
1504626840,46.400,46.410,46.400,46.410,768,181809
1504626900,46.400,46.400,46.400,46.400,889,185649
1504626960,46.400,46.420,46.400,46.440,885,185649
1504627020,46.440,46.460,46.440,46.470,885,185649
1504627080,46.440,46.460,46.440,46.460,885,185649
1504627140,46.440,46.460,46.440,46.460,885,185649
1504627200,46.440,46.460,46.440,46.460,267,190078
1504627260,46.380,46.380,46.380,46.380,264,190078
1504627320,46.380,46.350,46.350,46.380,264,190078
1504627380,46.380,46.350,46.350,46.380,264,190078
1504627440,46.380,46.350,46.350,46.380,264,190078
1504627500,46.320,46.300,46.300,46.320,1123,191401
1504627560,46.260,46.260,46.260,46.260,1121,191401
1504627620,46.260,46.260,46.260,46.260,1121,191401
1504627680,46.210,46.220,46.210,46.220,1121,191401
1504627740,46.190,46.190,46.190,46.190,1121,191401
1504627800,46.180,46.210,46.180,46.210,1363,197008
1504627860,46.180,46.210,46.180,46.210,1359,197008
1504627920,46.210,46.210,46.210,46.210,1359,197008
1504627980,46.180,46.200,46.180,46.200,1359,197008
1504628040,46.170,46.180,46.170,46.200,1359,197008
1504628100,46.180,46.180,46.180,46.180,633,203807
1504628160,46.180,46.180,46.170,46.180,631,203807
1504628220,46.170,46.170,46.170,46.170,631,203807
1504628280,46.170,46.170,46.170,46.170,631,203807
1504628340,46.160,46.160,46.160,46.160,631,203807
1504628400,46.170,46.170,46.170,46.170,1289,206964
1504628460,46.160,46.160,46.160,46.170,1288,206964
1504628520,46.160,46.180,46.160,46.180,1288,206964
1504628580,46.180,46.210,46.180,46.210,1288,206964
1504628640,46.220,46.220,46.220,46.220,1288,206964
1504628700,46.200,46.220,46.200,46.220,726,213405
1504628760,46.170,46.170,46.170,46.170,726,213405
1504628820,46.180,46.170,46.170,46.180,726,213405
1504628880,46.180,46.190,46.180,46.190,726,213405
1504628940,46.180,46.190,46.180,46.190,726,213405
1504629000,46.180,46.190,46.180,46.190,890,217035
1504629060,46.040,46.080,46.040,46.100,889,217035
1504629120,46.060,46.070,46.040,46.070,889,217035
1504629180,46.030,46.030,46.030,46.030,889,217035
1504629240,46.020,46.060,46.020,46.060,889,217035
1504629300,46.050,46.070,46.050,46.090,245,221481
1504629360,46.050,46.070,46.050,46.090,244,221481
1504629420,46.070,46.080,46.070,46.080,244,221481
1504629480,46.070,46.080,46.070,46.080,244,221481
1504629540,46.070,46.080,46.070,46.080,244,221481
1504629600,46.040,46.040,46.040,46.040,554,222702
1504629660,46.000,46.000,46.000,46.000,552,222702
1504629720,46.020,46.020,46.020,46.020,552,222702
1504629780,46.020,46.020,46.020,46.020,552,222702
1504629840,46.020,46.020,46.020,46.020,552,222702
1504629900,46.020,46.030,46.020,46.030,397,225464
1504629960,46.020,46.030,46.020,46.030,396,225464
1504630020,46.000,46.000,46.000,46.000,396,225464
1504630080,46.000,46.000,46.000,46.000,396,225464
1504630140,45.990,45.990,45.990,45.990,396,225464
1504630200,45.980,45.970,45.970,45.990,662,227445
1504630260,45.980,45.980,45.980,45.980,658,227445
1504630320,45.970,45.940,45.940,45.970,658,227445
1504630380,45.960,45.960,45.960,45.960,658,227445
1504630440,45.960,45.960,45.960,45.960,658,227445
1504630500,45.970,45.970,45.970,45.970,1275,230739
1504630560,45.970,45.940,45.940,45.970,1273,230739
1504630620,45.940,45.950,45.940,45.950,1273,230739
1504630680,45.950,45.970,45.950,45.970,1273,230739
1504630740,45.980,46.000,45.980,46.000,1273,230739
1504630800,46.000,45.980,45.980,46.000,1106,237106
1504630860,45.980,45.950,45.950,45.980,1104,237106
1504630920,45.950,45.960,45.950,45.960,1104,237106
1504630980,45.960,45.960,45.960,45.960,1104,237106
1504631040,45.950,45.960,45.950,45.960,1104,237106
1504631100,45.950,45.950,45.950,45.950,715,242628
1504631160,45.950,45.950,45.950,45.950,715,242628
1504631220,45.940,45.940,45.940,45.940,715,242628
1504631280,45.940,45.930,45.930,45.940,715,242628
1504631340,45.950,45.930,45.910,45.950,715,242628
1504631400,45.920,45.920,45.900,45.930,1260,246203
1504631460,45.920,45.920,45.920,45.920,1256,246203
1504631520,45.940,45.930,45.930,45.940,1256,246203
1504631580,45.910,45.940,45.900,45.940,1256,246203
1504631640,45.920,45.900,45.900,45.920,1256,246203
1504631700,45.890,45.920,45.880,45.920,1149,252487
1504631760,45.930,45.940,45.930,45.940,1146,252487
1504631820,45.960,45.960,45.960,45.970,1146,252487
1504631880,45.960,45.960,45.960,45.960,1146,252487
1504631940,46.000,46.070,46.000,46.070,1146,252487
1504632000,46.130,46.130,46.130,46.130,1097,258220
1504632060,46.110,46.100,46.100,46.110,1094,258220
1504632120,46.090,46.090,46.090,46.100,1094,258220
1504632180,46.110,46.110,46.110,46.120,1094,258220
1504632240,46.110,46.120,46.110,46.120,1094,258220
1504632300,46.100,46.110,46.100,46.110,490,263693
1504632360,46.100,46.110,46.100,46.110,487,263693
1504632420,46.100,46.100,46.100,46.100,487,263693
1504632480,46.100,46.100,46.100,46.100,487,263693
1504632540,46.080,46.130,46.080,46.130,487,263693
1504632600,46.080,46.130,46.080,46.130,449,266131
1504632660,46.040,46.040,46.040,46.040,447,266131
1504632720,46.040,46.040,46.040,46.040,447,266131
1504632780,46.040,46.040,46.040,46.040,447,266131
1504632840,45.940,45.940,45.940,45.940,447,266131
1504632900,45.980,46.020,45.980,46.020,1153,268368
1504632960,46.030,46.050,46.030,46.050,1150,268368
1504633020,46.050,46.060,46.050,46.060,1150,268368
1504633080,46.050,46.060,46.050,46.060,1150,268368
1504633140,46.080,46.080,46.080,46.080,1150,268368
1504633200,46.120,46.140,46.090,46.140,970,274121
1504633260,46.130,46.130,46.130,46.130,969,274121
1504633320,46.150,46.130,46.130,46.150,969,274121
1504633380,46.150,46.130,46.130,46.150,969,274121
1504633440,46.130,46.120,46.120,46.130,969,274121
1504633500,46.130,46.120,46.120,46.130,617,278967
1504633560,46.130,46.160,46.120,46.160,615,278967
1504633620,46.160,46.140,46.140,46.160,615,278967
1504633680,46.160,46.140,46.140,46.160,615,278967
1504633740,46.160,46.140,46.140,46.160,615,278967
1504633800,46.130,46.130,46.130,46.140,604,282044
1504633860,46.150,46.150,46.150,46.150,600,282044
1504633920,46.150,46.150,46.150,46.150,600,282044
1504633980,46.210,46.210,46.200,46.210,600,282044
1504634040,46.200,46.200,46.200,46.200,600,282044
1504634100,46.210,46.210,46.210,46.210,1856,285048
1504634160,46.210,46.220,46.210,46.220,1855,285048
1504634220,46.190,46.190,46.190,46.190,1855,285048
1504634280,46.190,46.190,46.190,46.190,1855,285048
1504634340,46.170,46.200,46.170,46.200,1855,285048
1504634400,46.170,46.200,46.170,46.200,562,294324
1504634460,46.230,46.250,46.230,46.250,562,294324
1504634520,46.230,46.250,46.230,46.250,562,294324
1504634580,46.260,46.270,46.260,46.270,562,294324
1504634640,46.230,46.260,46.230,46.260,562,294324
1504634700,46.230,46.260,46.230,46.260,1041,297134
1504634760,46.230,46.260,46.230,46.260,1038,297134
1504634820,46.240,46.280,46.240,46.290,1038,297134
1504634880,46.240,46.250,46.240,46.270,1038,297134
1504634940,46.260,46.260,46.250,46.260,1038,297134
1504635000,46.290,46.280,46.280,46.290,622,302327
1504635060,46.280,46.290,46.280,46.290,621,302327
1504635120,46.280,46.290,46.280,46.290,621,302327
1504635180,46.320,46.310,46.310,46.320,621,302327
1504635240,46.300,46.300,46.300,46.300,621,302327
1504635300,46.280,46.280,46.280,46.280,620,305433
1504635360,46.280,46.280,46.280,46.280,617,305433
1504635420,46.300,46.340,46.300,46.340,617,305433
1504635480,46.280,46.300,46.280,46.300,617,305433
1504635540,46.310,46.310,46.310,46.310,617,305433
1504635600,46.310,46.320,46.310,46.320,1151,308521
1504635660,46.300,46.340,46.300,46.340,1148,308521
1504635720,46.350,46.360,46.350,46.370,1148,308521
1504635780,46.350,46.360,46.350,46.370,1148,308521
1504635840,46.370,46.360,46.360,46.370,1148,308521
1504635900,46.360,46.390,46.360,46.390,1670,314264
1504635960,46.400,46.390,46.390,46.400,1668,314264
1504636020,46.390,46.400,46.390,46.410,1668,314264
1504636080,46.400,46.400,46.400,46.400,1668,314264
1504636140,46.400,46.440,46.400,46.440,1668,314264
1504636200,46.430,46.440,46.430,46.440,1166,322606
1504636260,46.430,46.440,46.430,46.440,1162,322606
1504636320,46.460,46.480,46.460,46.480,1162,322606
1504636380,46.470,46.460,46.440,46.470,1162,322606
1504636440,46.470,46.460,46.440,46.470,1162,322606
1504636500,46.450,46.450,46.450,46.450,1362,328420
1504636560,46.450,46.450,46.450,46.470,1361,328420
1504636620,46.440,46.470,46.440,46.470,1361,328420
1504636680,46.440,46.470,46.440,46.470,1361,328420
1504636740,46.450,46.450,46.450,46.450,1361,328420
1504636800,46.430,46.430,46.430,46.440,5716,335226
1504636860,46.430,46.410,46.410,46.430,5716,335226
1504636920,46.420,46.420,46.420,46.420,5716,335226
1504636980,46.410,46.410,46.380,46.420,5716,335226
1504637040,46.400,46.400,46.400,46.410,5716,335226
1504637100,46.400,46.410,46.380,46.410,4343,363806
1504637160,46.380,46.310,46.310,46.380,4341,363806
1504637220,46.300,46.290,46.280,46.300,4341,363806
1504637280,46.280,46.250,46.250,46.280,4341,363806
1504637340,46.240,46.230,46.230,46.240,4341,363806
1504637400,46.230,46.230,46.230,46.230,2065,385513
1504637460,46.230,46.210,46.200,46.230,2064,385513
1504637520,46.200,46.160,46.160,46.200,2064,385513
1504637580,46.120,46.110,46.110,46.130,2064,385513
1504637640,46.150,46.120,46.120,46.150,2064,385513
1504637700,46.130,46.130,46.130,46.130,1561,395834
1504637760,46.140,46.140,46.140,46.150,1559,395834
1504637820,46.130,46.120,46.120,46.130,1559,395834
1504637880,46.110,46.010,46.010,46.110,1559,395834
1504637940,46.050,46.040,46.040,46.050,1559,395834
1504638000,46.050,46.050,46.050,46.050,2970,403631
1504638060,46.040,46.050,46.040,46.070,2970,403631
1504638120,46.080,46.080,46.080,46.080,2970,403631
1504638180,46.080,46.080,46.060,46.080,2970,403631
1504638240,46.080,46.100,46.080,46.110,2970,403631
1504638300,46.100,46.090,46.090,46.100,2212,418481
1504638360,46.070,46.050,46.050,46.070,2211,418481
1504638420,46.070,46.060,46.060,46.070,2211,418481
1504638480,46.050,46.080,46.050,46.080,2211,418481
1504638540,46.110,46.110,46.110,46.110,2211,418481
1504638600,46.130,46.110,46.110,46.130,1775,429537
1504638660,46.100,46.080,46.080,46.100,1774,429537
1504638720,46.100,46.080,46.080,46.100,1774,429537
1504638780,46.120,46.120,46.120,46.120,1774,429537
1504638840,46.160,46.160,46.160,46.160,1774,429537
1504638900,46.180,46.190,46.180,46.200,2765,438408
1504638960,46.140,46.110,46.110,46.140,2765,438408
1504639020,46.120,46.120,46.120,46.130,2765,438408
1504639080,46.120,46.110,46.110,46.120,2765,438408
1504639140,46.120,46.100,46.100,46.120,2765,438408
1504639200,46.100,46.100,46.100,46.120,1431,452233
1504639260,46.100,46.100,46.100,46.120,1429,452233
1504639320,46.100,46.100,46.100,46.100,1429,452233
1504639380,46.120,46.100,46.100,46.120,1429,452233
1504639440,46.110,46.110,46.110,46.110,1429,452233
1504639500,46.110,46.120,46.110,46.120,1560,459380
1504639560,46.130,46.170,46.120,46.170,1559,459380
1504639620,46.170,46.170,46.170,46.170,1559,459380
1504639680,46.150,46.160,46.130,46.160,1559,459380
1504639740,46.150,46.160,46.130,46.160,1559,459380
1504639800,46.180,46.200,46.180,46.200,2441,467176
1504639860,46.180,46.200,46.180,46.200,2441,467176
1504639920,46.210,46.190,46.190,46.210,2441,467176
1504639980,46.190,46.160,46.160,46.190,2441,467176
1504640040,46.170,46.210,46.160,46.210,2441,467176
1504640100,46.220,46.210,46.210,46.220,2471,479381
1504640160,46.210,46.210,46.210,46.210,2470,479381
1504640220,46.220,46.210,46.210,46.230,2470,479381
1504640280,46.210,46.180,46.180,46.210,2470,479381
1504640340,46.180,46.210,46.180,46.220,2470,479381
1504640400,46.200,46.200,46.200,46.200,2555,491732
1504640460,46.170,46.150,46.150,46.170,2552,491732
1504640520,46.130,46.140,46.130,46.150,2552,491732
1504640580,46.150,46.140,46.140,46.150,2552,491732
1504640640,46.140,46.090,46.090,46.140,2552,491732
1504640700,46.100,46.060,46.060,46.100,3836,504495
1504640760,46.060,46.070,46.050,46.070,3834,504495
1504640820,46.070,46.070,46.060,46.070,3834,504495
1504640880,46.070,46.070,46.060,46.070,3834,504495
1504640940,46.060,46.060,46.040,46.060,3834,504495
1504641000,46.060,46.010,46.010,46.060,4075,523667
1504641060,46.030,46.020,46.020,46.030,4075,523667
1504641120,46.020,46.010,46.010,46.030,4075,523667
1504641180,46.000,46.030,45.980,46.030,4075,523667
1504641240,46.030,46.050,46.020,46.050,4075,523667
1504641300,46.050,46.010,46.010,46.060,17070,544042
1504641360,46.010,46.010,46.010,46.020,17067,544042
1504641420,46.030,46.000,46.000,46.030,17067,544042
1504641480,46.020,46.030,46.020,46.060,17067,544042
1504641540,46.040,46.080,46.040,46.080,17067,544042
1504704600,46.390,46.390,46.390,46.390,1603,0
1504704660,46.390,46.390,46.390,46.390,1603,0
1504704720,46.390,46.420,46.390,46.420,1603,0
1504704780,46.380,46.290,46.290,46.380,1603,0
1504704840,46.380,46.290,46.290,46.380,1603,0
1504704900,46.220,46.190,46.180,46.220,1600,8015
1504704960,46.220,46.190,46.180,46.220,1600,8015
1504705020,46.230,46.200,46.200,46.230,1600,8015
1504705080,46.140,46.190,46.140,46.190,1600,8015
1504705140,46.120,46.120,46.120,46.120,1600,8015
1504705200,46.130,46.050,46.050,46.130,1110,16015
1504705260,46.050,46.070,46.050,46.070,1106,16015
1504705320,46.050,46.070,46.050,46.070,1106,16015
1504705380,46.050,46.070,46.050,46.070,1106,16015
1504705440,46.030,46.040,46.030,46.040,1106,16015
1504705500,46.060,46.030,46.030,46.200,6134,21549
1504705560,46.110,46.090,46.070,46.120,6133,21549
1504705620,46.110,46.090,46.070,46.120,6133,21549
1504705680,46.100,46.100,46.100,46.100,6133,21549
1504705740,46.060,46.060,46.060,46.060,6133,21549
1504705800,46.060,46.000,46.000,46.060,1652,52215
1504705860,46.000,46.020,46.000,46.020,1650,52215
1504705920,46.040,46.040,46.040,46.040,1650,52215
1504705980,46.010,45.990,45.980,46.010,1650,52215
1504706040,45.980,45.980,45.980,45.980,1650,52215
1504706100,46.030,46.030,45.990,46.030,514,60467
1504706160,46.030,46.030,45.990,46.030,514,60467
1504706220,46.070,46.060,46.060,46.070,514,60467
1504706280,46.060,46.060,46.060,46.060,514,60467
1504706340,46.060,46.060,46.060,46.060,514,60467
1504706400,46.100,46.100,46.100,46.100,1493,63037
1504706460,46.080,46.070,46.060,46.090,1491,63037
1504706520,46.080,46.080,46.080,46.080,1491,63037
1504706580,46.080,46.080,46.080,46.080,1491,63037
1504706640,46.080,46.080,46.080,46.080,1491,63037
1504706700,46.080,46.080,46.080,46.080,2030,70494
1504706760,46.100,46.090,46.090,46.100,2026,70494
1504706820,46.080,46.070,46.070,46.080,2026,70494
1504706880,46.070,46.040,46.040,46.070,2026,70494
1504706940,46.000,46.000,46.000,46.000,2026,70494
1504707000,46.010,46.040,46.010,46.040,2005,80628
1504707060,46.010,46.040,46.010,46.040,2002,80628
1504707120,46.070,46.040,46.040,46.070,2002,80628
1504707180,46.070,46.070,46.070,46.110,2002,80628
1504707240,46.080,46.090,46.080,46.090,2002,80628
1504707300,46.100,46.100,46.100,46.100,894,90641
1504707360,46.100,46.100,46.100,46.100,890,90641
1504707420,46.100,46.100,46.100,46.100,890,90641
1504707480,46.090,46.090,46.090,46.090,890,90641
1504707540,46.050,46.050,46.050,46.060,890,90641
1504707600,46.050,46.050,46.050,46.060,570,95095
1504707660,46.050,46.050,46.050,46.060,570,95095
1504707720,46.030,46.050,46.030,46.050,570,95095
1504707780,46.030,46.050,46.030,46.050,570,95095
1504707840,46.030,46.050,46.030,46.050,570,95095
1504707900,46.030,46.050,46.030,46.050,865,97945
1504707960,46.020,46.000,46.000,46.020,863,97945
1504708020,46.000,46.030,46.000,46.030,863,97945
1504708080,46.000,46.030,46.000,46.030,863,97945
1504708140,46.040,46.040,46.040,46.040,863,97945
1504708200,46.050,46.050,46.050,46.050,303,102262
1504708260,46.010,46.010,46.010,46.010,300,102262
1504708320,46.010,46.010,46.010,46.010,300,102262
1504708380,46.020,46.020,46.020,46.020,300,102262
1504708440,46.050,46.050,46.050,46.050,300,102262
1504708500,46.050,46.050,46.050,46.050,1070,103765
1504708560,46.050,46.050,46.050,46.050,1069,103765
1504708620,46.050,46.050,46.050,46.050,1069,103765
1504708680,46.020,45.960,45.960,46.020,1069,103765
1504708740,45.990,46.000,45.990,46.000,1069,103765
1504708800,45.990,46.000,45.990,46.000,756,109111
1504708860,45.940,45.940,45.940,45.940,756,109111
1504708920,45.920,45.870,45.870,45.920,756,109111
1504708980,45.860,45.860,45.860,45.860,756,109111
1504709040,45.860,45.860,45.860,45.860,756,109111
1504709100,45.880,45.850,45.850,45.880,655,112891
1504709160,45.880,45.850,45.850,45.880,651,112891
1504709220,45.810,45.830,45.810,45.830,651,112891
1504709280,45.870,45.870,45.870,45.870,651,112891
1504709340,45.870,45.870,45.870,45.870,651,112891
1504709400,45.870,45.870,45.870,45.870,289,116150
1504709460,45.820,45.820,45.820,45.820,288,116150
1504709520,45.820,45.820,45.820,45.820,288,116150
1504709580,45.820,45.820,45.820,45.820,288,116150
1504709640,45.810,45.810,45.810,45.810,288,116150
1504709700,45.810,45.810,45.810,45.810,808,117591
1504709760,45.810,45.810,45.810,45.810,807,117591
1504709820,45.770,45.800,45.770,45.800,807,117591
1504709880,45.760,45.760,45.760,45.760,807,117591
1504709940,45.710,45.750,45.710,45.750,807,117591
1504710000,45.710,45.750,45.710,45.750,754,121627
1504710060,45.710,45.750,45.710,45.750,750,121627
1504710120,45.780,45.820,45.780,45.820,750,121627
1504710180,45.770,45.770,45.770,45.770,750,121627
1504710240,45.800,45.790,45.790,45.800,750,121627
1504710300,45.800,45.770,45.770,45.800,1015,125381
1504710360,45.800,45.770,45.770,45.800,1011,125381
1504710420,45.730,45.740,45.730,45.740,1011,125381
1504710480,45.730,45.650,45.650,45.730,1011,125381
1504710540,45.620,45.620,45.620,45.620,1011,125381
1504710600,45.640,45.640,45.640,45.640,1350,130440
1504710660,45.660,45.600,45.600,45.660,1349,130440
1504710720,45.550,45.550,45.550,45.550,1349,130440
1504710780,45.550,45.550,45.550,45.550,1349,130440
1504710840,45.600,45.590,45.590,45.600,1349,130440
1504710900,45.580,45.580,45.580,45.580,1000,137186
1504710960,45.580,45.580,45.580,45.580,998,137186
1504711020,45.600,45.600,45.590,45.610,998,137186
1504711080,45.630,45.600,45.600,45.630,998,137186
1504711140,45.630,45.600,45.600,45.630,998,137186
1504711200,45.630,45.640,45.630,45.640,2035,142178
1504711260,45.660,45.680,45.660,45.680,2034,142178
1504711320,45.660,45.700,45.660,45.700,2034,142178
1504711380,45.690,45.690,45.690,45.690,2034,142178
1504711440,45.700,45.710,45.700,45.710,2034,142178
1504711500,45.700,45.710,45.700,45.710,318,152349
1504711560,45.710,45.710,45.710,45.710,318,152349
1504711620,45.710,45.740,45.710,45.740,318,152349
1504711680,45.710,45.740,45.710,45.740,318,152349
1504711740,45.750,45.750,45.750,45.750,318,152349
1504711800,45.750,45.750,45.750,45.750,815,153939
1504711860,45.750,45.750,45.750,45.750,811,153939
1504711920,45.760,45.780,45.760,45.780,811,153939
1504711980,45.760,45.780,45.760,45.780,811,153939
1504712040,45.790,45.780,45.770,45.790,811,153939
1504712100,45.780,45.790,45.780,45.790,474,157998
1504712160,45.800,45.800,45.800,45.800,470,157998
1504712220,45.800,45.800,45.800,45.800,470,157998
1504712280,45.780,45.780,45.780,45.780,470,157998
1504712340,45.780,45.790,45.780,45.790,470,157998
1504712400,45.780,45.790,45.780,45.790,651,160352
1504712460,45.810,45.790,45.790,45.810,648,160352
1504712520,45.770,45.760,45.760,45.770,648,160352
1504712580,45.720,45.670,45.670,45.720,648,160352
1504712640,45.700,45.700,45.700,45.700,648,160352
1504712700,45.650,45.650,45.650,45.650,1031,163595
1504712760,45.630,45.660,45.630,45.660,1028,163595
1504712820,45.630,45.660,45.630,45.660,1028,163595
1504712880,45.630,45.660,45.630,45.660,1028,163595
1504712940,45.690,45.600,45.600,45.690,1028,163595
1504713000,45.690,45.600,45.600,45.690,157,168738
1504713060,45.580,45.580,45.580,45.580,154,168738
1504713120,45.580,45.580,45.580,45.580,154,168738
1504713180,45.580,45.580,45.580,45.580,154,168738
1504713240,45.590,45.590,45.590,45.590,154,168738
1504713300,45.590,45.590,45.590,45.590,968,169511
1504713360,45.590,45.600,45.590,45.600,968,169511
1504713420,45.610,45.640,45.610,45.640,968,169511
1504713480,45.640,45.620,45.620,45.640,968,169511
1504713540,45.620,45.620,45.620,45.620,968,169511
1504713600,45.590,45.540,45.540,45.590,881,174351
1504713660,45.590,45.540,45.540,45.590,877,174351
1504713720,45.530,45.490,45.490,45.530,877,174351
1504713780,45.480,45.490,45.460,45.490,877,174351
1504713840,45.500,45.460,45.460,45.500,877,174351
1504713900,45.500,45.460,45.460,45.500,358,178740
1504713960,45.480,45.500,45.480,45.500,357,178740
1504714020,45.480,45.500,45.480,45.500,357,178740
1504714080,45.490,45.460,45.460,45.490,357,178740
1504714140,45.470,45.470,45.470,45.470,357,178740
1504714200,45.510,45.520,45.510,45.520,805,180526
1504714260,45.510,45.520,45.510,45.520,802,180526
1504714320,45.540,45.530,45.530,45.540,802,180526
1504714380,45.530,45.530,45.530,45.530,802,180526
1504714440,45.550,45.560,45.550,45.560,802,180526
1504714500,45.550,45.560,45.550,45.560,923,184539
1504714560,45.560,45.560,45.560,45.560,920,184539
1504714620,45.540,45.550,45.530,45.550,920,184539
1504714680,45.550,45.580,45.550,45.580,920,184539
1504714740,45.600,45.600,45.600,45.600,920,184539
1504714800,45.610,45.600,45.600,45.610,637,189142
1504714860,45.610,45.600,45.600,45.610,636,189142
1504714920,45.610,45.600,45.600,45.610,636,189142
1504714980,45.600,45.600,45.600,45.600,636,189142
1504715040,45.580,45.560,45.560,45.590,636,189142
1504715100,45.570,45.590,45.570,45.590,347,192323
1504715160,45.570,45.590,45.570,45.590,346,192323
1504715220,45.610,45.580,45.580,45.610,346,192323
1504715280,45.610,45.580,45.580,45.610,346,192323
1504715340,45.610,45.610,45.610,45.610,346,192323
1504715400,45.610,45.610,45.610,45.610,173,194054
1504715460,45.610,45.610,45.610,45.610,169,194054
1504715520,45.610,45.610,45.610,45.610,169,194054
1504715580,45.600,45.600,45.600,45.600,169,194054
1504715640,45.600,45.600,45.600,45.600,169,194054
1504715700,45.610,45.610,45.610,45.610,696,194903
1504715760,45.620,45.610,45.610,45.620,693,194903
1504715820,45.610,45.680,45.610,45.680,693,194903
1504715880,45.610,45.680,45.610,45.680,693,194903
1504715940,45.610,45.680,45.610,45.680,693,194903
1504716000,45.680,45.680,45.680,45.680,287,198371
1504716060,45.700,45.700,45.700,45.700,285,198371
1504716120,45.700,45.700,45.700,45.700,285,198371
1504716180,45.700,45.700,45.700,45.700,285,198371
1504716240,45.720,45.690,45.690,45.720,285,198371
1504716300,45.700,45.690,45.690,45.700,553,199798
1504716360,45.700,45.690,45.690,45.700,549,199798
1504716420,45.690,45.690,45.690,45.690,549,199798
1504716480,45.710,45.730,45.710,45.730,549,199798
1504716540,45.750,45.750,45.750,45.750,549,199798
1504716600,45.730,45.750,45.730,45.750,1229,202547
1504716660,45.750,45.750,45.750,45.750,1225,202547
1504716720,45.750,45.750,45.750,45.750,1225,202547
1504716780,45.750,45.750,45.750,45.750,1225,202547
1504716840,45.750,45.750,45.750,45.750,1225,202547
1504716900,45.730,45.730,45.730,45.730,565,208676
1504716960,45.730,45.730,45.730,45.730,563,208676
1504717020,45.740,45.770,45.740,45.770,563,208676
1504717080,45.740,45.770,45.740,45.770,563,208676
1504717140,45.800,45.780,45.770,45.800,563,208676
1504717200,45.790,45.790,45.790,45.790,354,211493
1504717260,45.820,45.800,45.800,45.820,354,211493
1504717320,45.820,45.800,45.800,45.820,354,211493
1504717380,45.820,45.820,45.820,45.820,354,211493
1504717440,45.820,45.820,45.820,45.820,354,211493
1504717500,45.850,45.870,45.850,45.870,1055,213263
1504717560,45.850,45.870,45.850,45.870,1053,213263
1504717620,45.860,45.840,45.840,45.860,1053,213263
1504717680,45.840,45.830,45.830,45.840,1053,213263
1504717740,45.850,45.850,45.850,45.850,1053,213263
1504717800,45.860,45.860,45.860,45.860,615,218530
1504717860,45.860,45.860,45.860,45.860,611,218530
1504717920,45.860,45.880,45.860,45.880,611,218530
1504717980,45.880,45.850,45.850,45.880,611,218530
1504718040,45.830,45.830,45.830,45.830,611,218530
1504718100,45.810,45.760,45.760,45.810,1001,221589
1504718160,45.760,45.760,45.760,45.760,997,221589
1504718220,45.770,45.780,45.770,45.780,997,221589
1504718280,45.750,45.750,45.750,45.750,997,221589
1504718340,45.750,45.750,45.750,45.750,997,221589
1504718400,45.750,45.750,45.750,45.750,722,226578
1504718460,45.750,45.760,45.750,45.770,718,226578
1504718520,45.750,45.740,45.740,45.750,718,226578
1504718580,45.750,45.740,45.740,45.750,718,226578
1504718640,45.730,45.730,45.730,45.730,718,226578
1504718700,45.720,45.700,45.700,45.730,778,230172
1504718760,45.690,45.710,45.690,45.710,774,230172
1504718820,45.710,45.680,45.680,45.710,774,230172
1504718880,45.690,45.690,45.690,45.690,774,230172
1504718940,45.720,45.720,45.720,45.720,774,230172
1504719000,45.720,45.720,45.720,45.720,521,234046
1504719060,45.720,45.720,45.720,45.720,517,234046
1504719120,45.710,45.720,45.710,45.720,517,234046
1504719180,45.720,45.720,45.720,45.720,517,234046
1504719240,45.690,45.690,45.690,45.690,517,234046
1504719300,45.690,45.690,45.690,45.690,1900,236635
1504719360,45.660,45.660,45.660,45.660,1897,236635
1504719420,45.650,45.650,45.650,45.650,1897,236635
1504719480,45.650,45.650,45.650,45.650,1897,236635
1504719540,45.660,45.660,45.660,45.660,1897,236635
1504719600,45.690,45.690,45.690,45.690,368,246123
1504719660,45.680,45.680,45.680,45.680,368,246123
1504719720,45.680,45.680,45.680,45.680,368,246123
1504719780,45.680,45.680,45.680,45.680,368,246123
1504719840,45.690,45.690,45.690,45.690,368,246123
1504719900,45.690,45.690,45.690,45.690,205,247963
1504719960,45.710,45.710,45.710,45.710,205,247963
1504720020,45.710,45.710,45.710,45.710,205,247963
1504720080,45.710,45.710,45.710,45.710,205,247963
1504720140,45.720,45.720,45.720,45.720,205,247963
1504720200,45.710,45.710,45.710,45.710,363,248988
1504720260,45.710,45.710,45.710,45.710,362,248988
1504720320,45.710,45.710,45.710,45.710,362,248988
1504720380,45.720,45.720,45.720,45.720,362,248988
1504720440,45.740,45.750,45.740,45.750,362,248988
1504720500,45.740,45.750,45.740,45.750,289,250799
1504720560,45.740,45.750,45.740,45.750,285,250799
1504720620,45.750,45.750,45.750,45.750,285,250799
1504720680,45.750,45.750,45.750,45.750,285,250799
1504720740,45.730,45.750,45.730,45.750,285,250799
1504720800,45.750,45.750,45.750,45.750,427,252228
1504720860,45.750,45.750,45.750,45.750,424,252228
1504720920,45.750,45.740,45.740,45.750,424,252228
1504720980,45.750,45.740,45.740,45.750,424,252228
1504721040,45.750,45.740,45.740,45.750,424,252228
1504721100,45.760,45.760,45.760,45.760,336,254351
1504721160,45.760,45.760,45.760,45.760,334,254351
1504721220,45.750,45.750,45.750,45.750,334,254351
1504721280,45.750,45.750,45.750,45.750,334,254351
1504721340,45.750,45.750,45.750,45.750,334,254351
1504721400,45.770,45.770,45.770,45.770,805,256023
1504721460,45.780,45.780,45.780,45.780,801,256023
1504721520,45.780,45.780,45.780,45.780,801,256023
1504721580,45.780,45.770,45.770,45.780,801,256023
1504721640,45.750,45.740,45.740,45.750,801,256023
1504721700,45.740,45.740,45.740,45.740,618,260032
1504721760,45.750,45.750,45.750,45.750,615,260032
1504721820,45.760,45.760,45.760,45.760,615,260032
1504721880,45.760,45.770,45.760,45.770,615,260032
1504721940,45.760,45.770,45.760,45.770,615,260032
1504722000,45.760,45.770,45.760,45.770,1340,263110
1504722060,45.780,45.780,45.780,45.780,1338,263110
1504722120,45.780,45.780,45.780,45.780,1338,263110
1504722180,45.800,45.810,45.800,45.810,1338,263110
1504722240,45.790,45.750,45.750,45.790,1338,263110
1504722300,45.760,45.760,45.760,45.760,311,269802
1504722360,45.760,45.750,45.750,45.760,310,269802
1504722420,45.750,45.750,45.750,45.750,310,269802
1504722480,45.750,45.750,45.750,45.750,310,269802
1504722540,45.750,45.750,45.750,45.750,310,269802
1504722600,45.740,45.740,45.740,45.740,2163,271353
1504722660,45.740,45.740,45.740,45.750,2162,271353
1504722720,45.740,45.730,45.710,45.740,2162,271353
1504722780,45.720,45.710,45.710,45.720,2162,271353
1504722840,45.710,45.710,45.710,45.710,2162,271353
1504722900,45.710,45.690,45.690,45.710,1256,282164
1504722960,45.700,45.700,45.700,45.700,1254,282164
1504723020,45.710,45.730,45.710,45.730,1254,282164
1504723080,45.740,45.740,45.740,45.740,1254,282164
1504723140,45.740,45.740,45.740,45.740,1254,282164
1504723200,45.740,45.740,45.740,45.740,1916,288436
1504723260,45.730,45.710,45.710,45.730,1916,288436
1504723320,45.720,45.720,45.720,45.720,1916,288436
1504723380,45.730,45.730,45.730,45.730,1916,288436
1504723440,45.730,45.720,45.720,45.730,1916,288436
1504723500,45.720,45.720,45.720,45.720,1479,298016
1504723560,45.730,45.710,45.710,45.730,1477,298016
1504723620,45.710,45.700,45.700,45.710,1477,298016
1504723680,45.710,45.700,45.700,45.710,1477,298016
1504723740,45.710,45.690,45.690,45.720,1477,298016
1504723800,45.680,45.690,45.680,45.690,499,305403
1504723860,45.690,45.690,45.690,45.700,499,305403
1504723920,45.700,45.700,45.700,45.700,499,305403
1504723980,45.700,45.700,45.700,45.700,499,305403
1504724040,45.700,45.700,45.700,45.700,499,305403
1504724100,45.720,45.720,45.720,45.720,2675,307898
1504724160,45.720,45.710,45.710,45.720,2671,307898
1504724220,45.720,45.730,45.720,45.730,2671,307898
1504724280,45.720,45.710,45.710,45.720,2671,307898
1504724340,45.710,45.710,45.710,45.710,2671,307898
1504724400,45.710,45.710,45.710,45.710,688,321257
1504724460,45.700,45.700,45.700,45.700,684,321257
1504724520,45.690,45.690,45.690,45.690,684,321257
1504724580,45.690,45.680,45.680,45.690,684,321257
1504724640,45.690,45.690,45.690,45.690,684,321257
1504724700,45.690,45.690,45.690,45.690,1365,324681
1504724760,45.690,45.690,45.690,45.690,1363,324681
1504724820,45.690,45.690,45.690,45.690,1363,324681
1504724880,45.710,45.710,45.710,45.710,1363,324681
1504724940,45.720,45.680,45.680,45.720,1363,324681
1504725000,45.700,45.700,45.700,45.700,711,331498
1504725060,45.700,45.700,45.700,45.700,707,331498
1504725120,45.700,45.700,45.700,45.700,707,331498
1504725180,45.700,45.700,45.700,45.700,707,331498
1504725240,45.690,45.690,45.690,45.690,707,331498
1504725300,45.690,45.670,45.670,45.690,827,335037
1504725360,45.690,45.670,45.670,45.690,826,335037
1504725420,45.680,45.680,45.680,45.680,826,335037
1504725480,45.680,45.680,45.680,45.680,826,335037
1504725540,45.690,45.690,45.690,45.690,826,335037
1504725600,45.690,45.690,45.690,45.690,1170,339168
1504725660,45.680,45.680,45.680,45.680,1168,339168
1504725720,45.680,45.680,45.680,45.680,1168,339168
1504725780,45.690,45.700,45.690,45.700,1168,339168
1504725840,45.710,45.730,45.710,45.730,1168,339168
1504725900,45.730,45.700,45.700,45.730,2270,345010
1504725960,45.690,45.690,45.690,45.690,2269,345010
1504726020,45.690,45.690,45.690,45.690,2269,345010
1504726080,45.680,45.680,45.680,45.680,2269,345010
1504726140,45.670,45.670,45.670,45.670,2269,345010
1504726200,45.660,45.660,45.660,45.660,1549,356356
1504726260,45.660,45.660,45.660,45.660,1545,356356
1504726320,45.630,45.630,45.630,45.630,1545,356356
1504726380,45.640,45.640,45.640,45.640,1545,356356
1504726440,45.660,45.650,45.650,45.660,1545,356356
1504726500,45.630,45.630,45.630,45.630,1601,364085
1504726560,45.630,45.640,45.630,45.640,1600,364085
1504726620,45.640,45.640,45.640,45.640,1600,364085
1504726680,45.650,45.650,45.650,45.650,1600,364085
1504726740,45.660,45.670,45.660,45.670,1600,364085
1504726800,45.670,45.670,45.670,45.670,3466,372086
1504726860,45.680,45.650,45.650,45.680,3462,372086
1504726920,45.640,45.640,45.640,45.640,3462,372086
1504726980,45.660,45.660,45.660,45.660,3462,372086
1504727040,45.660,45.670,45.650,45.670,3462,372086
1504727100,45.660,45.660,45.660,45.660,1864,389400
1504727160,45.660,45.660,45.660,45.660,1863,389400
1504727220,45.650,45.640,45.640,45.650,1863,389400
1504727280,45.640,45.630,45.630,45.640,1863,389400
1504727340,45.620,45.610,45.610,45.620,1863,389400
1504727400,45.610,45.600,45.600,45.610,4280,398716
1504727460,45.600,45.640,45.600,45.640,4279,398716
1504727520,45.640,45.640,45.640,45.640,4279,398716
1504727580,45.640,45.640,45.640,45.640,4279,398716
1504727640,45.640,45.610,45.610,45.640,4279,398716
1504727700,45.600,45.620,45.600,45.620,6434,420112
1504727760,45.620,45.620,45.610,45.620,6434,420112
1504727820,45.610,45.620,45.610,45.620,6434,420112
1504727880,45.620,45.630,45.620,45.650,6434,420112
1504727940,45.630,45.610,45.610,45.630,6434,420112
