1517495400,148.960,149.060,148.900,149.060,47516,0
1517495460,148.950,149.500,148.950,149.500,0,0
1517495520,149.430,149.380,149.380,149.430,0,0
1517495640,149.500,149.500,149.500,149.500,0,0
1517495700,149.670,149.510,149.390,149.670,34519,47516
1517495760,149.500,149.530,149.430,149.530,0,0
1517495820,149.500,149.430,149.430,149.500,0,0
1517495880,149.090,149.030,149.030,149.180,0,0
1517495940,149.110,149.200,149.110,149.200,0,0
1517496000,149.290,149.180,149.180,149.290,12626,82035
1517496060,149.090,149.140,149.090,149.150,0,0
1517496120,149.110,149.320,149.110,149.330,0,0
1517496180,149.260,149.240,149.060,149.260,0,0
1517496240,149.240,149.240,149.240,149.240,0,0
1517496300,149.170,149.270,149.010,149.270,15991,94661
1517496360,149.340,149.310,149.180,149.340,0,0
1517496420,149.240,149.240,149.240,149.240,0,0
1517496480,149.120,149.210,149.120,149.210,0,0
1517496540,149.290,149.310,149.250,149.310,0,0
1517496600,149.340,149.330,149.330,149.340,16064,110652
1517496660,149.320,149.320,149.320,149.320,0,0
1517496720,149.310,149.260,149.260,149.310,0,0
1517496780,149.290,149.070,149.070,149.290,0,0
1517496840,149.160,149.210,149.160,149.240,0,0
1517496900,149.170,149.320,149.170,149.320,19276,126716
1517496960,149.310,149.250,149.250,149.360,0,0
1517497020,149.250,149.320,149.250,149.320,0,0
1517497080,149.350,149.290,149.290,149.350,0,0
1517497140,149.230,149.230,149.230,149.230,0,0
1517497200,149.260,149.260,149.260,149.260,14585,145992
1517497260,149.340,149.370,149.340,149.370,0,0
1517497320,149.410,149.320,149.320,149.440,0,0
1517497380,149.370,149.310,149.310,149.370,0,0
1517497440,149.210,149.120,149.120,149.210,0,0
1517497500,149.090,149.200,149.090,149.200,18166,160577
1517497560,149.220,149.120,149.120,149.220,0,0
1517497620,149.130,149.180,149.130,149.180,0,0
1517497680,149.200,149.200,149.200,149.200,0,0
1517497740,149.040,149.100,149.040,149.100,0,0
1517497800,149.110,149.110,149.110,149.110,23091,178743
1517497860,149.090,149.090,149.090,149.090,0,0
1517497920,149.080,149.010,148.990,149.080,0,0
1517497980,149.000,148.880,148.880,149.000,0,0
1517498040,148.870,148.820,148.820,148.870,0,0
1517498100,148.710,148.680,148.670,148.800,25871,201834
1517498160,148.660,148.650,148.540,148.680,0,0
1517498220,148.590,148.590,148.590,148.590,0,0
1517498280,148.600,148.820,148.600,148.820,0,0
1517498340,148.830,149.000,148.830,149.000,0,0
1517498400,148.870,148.840,148.840,148.870,26094,227705
1517498460,148.750,148.750,148.750,148.750,0,0
1517498520,148.510,148.630,148.510,148.630,0,0
1517498580,148.720,148.710,148.680,148.720,0,0
1517498640,148.710,148.870,148.710,148.870,0,0
1517498700,148.750,148.740,148.740,148.780,25486,253799
1517498760,148.740,148.640,148.640,148.740,0,0
1517498880,148.550,148.610,148.480,148.610,0,0
1517498940,148.550,148.640,148.550,148.640,0,0
1517499000,148.470,148.450,148.450,148.470,17416,279285
1517499060,148.500,148.490,148.490,148.500,0,0
1517499120,148.430,148.530,148.430,148.530,0,0
1517499180,148.610,148.610,148.610,148.610,0,0
1517499240,148.790,148.710,148.710,148.800,0,0
1517499300,148.710,148.760,148.710,148.760,26107,296701
1517499360,148.770,148.690,148.690,148.780,0,0
1517499420,148.720,148.710,148.710,148.780,0,0
1517499480,148.730,148.630,148.630,148.730,0,0
1517499540,148.710,148.680,148.680,148.710,0,0
1517499600,148.660,148.620,148.620,148.700,12992,322808
1517499660,148.570,148.490,148.490,148.570,0,0
1517499720,148.550,148.550,148.550,148.550,0,0
1517499780,148.540,148.450,148.450,148.540,0,0
1517499840,148.550,148.660,148.550,148.690,0,0
1517499900,148.650,148.720,148.650,148.780,21142,335800
1517499960,148.740,148.730,148.730,148.780,0,0
1517500020,148.770,148.750,148.740,148.780,0,0
1517500080,148.770,148.740,148.720,148.770,0,0
1517500140,148.720,148.730,148.720,148.750,0,0
1517500200,148.730,148.780,148.730,148.780,13066,356942
1517500260,148.780,148.750,148.750,148.780,0,0
1517500320,148.750,148.690,148.680,148.750,0,0
1517500380,148.630,148.670,148.620,148.670,0,0
1517500440,148.600,148.590,148.510,148.680,0,0
1517500500,148.670,148.750,148.670,148.770,8060,370008
1517500560,148.750,148.770,148.640,148.770,0,0
1517500620,148.850,148.820,148.750,148.850,0,0
1517500680,148.740,148.800,148.740,148.820,0,0
1517500740,148.730,148.790,148.730,148.790,0,0
1517500800,148.790,148.820,148.790,148.830,21424,378068
1517500860,148.850,148.980,148.850,148.980,0,0
1517500980,148.970,148.850,148.850,148.970,0,0
1517501040,148.840,148.820,148.820,148.840,0,0
1517501100,148.810,148.820,148.800,148.850,10544,399492
1517501160,148.900,148.840,148.840,148.900,0,0
1517501220,148.900,148.890,148.850,148.900,0,0
1517501280,148.850,148.770,148.770,148.850,0,0
1517501340,148.680,148.590,148.590,148.690,0,0
1517501400,148.650,148.670,148.650,148.670,16560,410036
1517501460,148.650,148.670,148.650,148.670,0,0
1517501520,148.640,148.730,148.610,148.730,0,0
1517501580,148.720,148.680,148.680,148.720,0,0
1517501640,148.710,148.690,148.690,148.740,0,0
1517501700,148.680,148.800,148.680,148.800,12354,426596
1517501760,148.900,148.850,148.810,149.030,0,0
1517501820,148.770,148.780,148.770,148.780,0,0
1517501880,148.820,148.780,148.780,148.820,0,0
1517501940,148.770,148.740,148.730,148.770,0,0
1517502000,148.740,148.860,148.740,148.860,12832,438950
1517502060,148.880,148.850,148.850,148.880,0,0
1517502120,148.790,148.830,148.790,148.830,0,0
1517502180,148.770,148.810,148.770,148.820,0,0
1517502240,148.950,149.000,148.950,149.000,0,0
1517502300,148.950,148.990,148.950,148.990,10972,451782
1517502360,148.980,149.090,148.980,149.090,0,0
1517502420,149.120,149.080,149.030,149.130,0,0
1517502480,149.010,149.110,149.010,149.110,0,0
1517502540,149.100,149.040,149.010,149.100,0,0
1517502600,149.050,149.190,149.050,149.190,9015,462754
1517502660,149.050,149.190,149.050,149.190,0,0
1517502720,149.360,149.340,149.330,149.410,0,0
1517502780,149.300,149.260,149.260,149.340,0,0
1517502840,149.330,149.380,149.330,149.400,0,0
1517502900,149.430,149.450,149.430,149.450,7594,471769
1517502960,149.440,149.620,149.440,149.620,0,0
1517503020,149.610,149.610,149.610,149.610,0,0
1517503080,149.550,149.690,149.550,149.690,0,0
1517503140,149.700,149.700,149.700,149.700,0,0
1517503200,149.730,149.730,149.730,149.730,8648,479363
1517503260,149.740,149.880,149.740,149.910,0,0
1517503320,149.830,149.840,149.830,149.840,0,0
1517503380,149.870,149.890,149.870,149.890,0,0
1517503440,149.890,149.890,149.890,149.890,0,0
1517503500,149.920,149.880,149.880,149.920,11050,488011
1517503560,149.880,149.820,149.820,149.880,0,0
1517503620,149.780,149.660,149.660,149.780,0,0
1517503680,149.710,149.710,149.710,149.710,0,0
1517503740,149.700,149.700,149.700,149.700,0,0
1517503800,149.700,149.750,149.700,149.750,17843,499061
1517503860,149.710,149.720,149.710,149.790,0,0
1517503920,149.690,149.680,149.680,149.690,0,0
1517503980,149.680,149.630,149.630,149.680,0,0
1517504040,149.530,149.580,149.530,149.580,0,0
1517504100,149.530,149.670,149.530,149.670,15150,516904
1517504160,149.630,149.850,149.630,149.870,0,0
1517504220,149.840,149.840,149.840,149.840,0,0
1517504340,149.840,149.890,149.840,149.890,0,0
1517504400,149.880,149.830,149.830,149.880,10475,532054
1517504520,149.810,149.630,149.630,149.810,0,0
1517504640,149.660,149.730,149.660,149.730,0,0
1517504700,149.710,149.750,149.710,149.750,6752,542529
1517504760,149.800,149.640,149.640,149.800,0,0
1517504820,149.620,149.690,149.580,149.690,0,0
1517504880,149.630,149.630,149.630,149.630,0,0
1517504940,149.570,149.570,149.570,149.570,0,0
1517505000,149.550,149.500,149.500,149.550,11077,549281
1517505060,149.440,149.500,149.440,149.500,0,0
1517505120,149.540,149.540,149.540,149.540,0,0
1517505240,149.540,149.530,149.510,149.540,0,0
1517505300,149.540,149.620,149.540,149.620,8236,560358
1517505360,149.660,149.660,149.660,149.660,0,0
1517505420,149.730,149.670,149.670,149.730,0,0
1517505480,149.680,149.680,149.680,149.680,0,0
1517505540,149.700,149.680,149.680,149.700,0,0
1517505600,149.620,149.620,149.620,149.620,2628,568594
1517505660,149.620,149.620,149.620,149.620,0,0
1517505720,149.590,149.600,149.590,149.600,0,0
1517505780,149.540,149.540,149.540,149.540,0,0
1517505840,149.560,149.560,149.560,149.560,0,0
1517505900,149.550,149.570,149.550,149.590,6310,571222
1517505960,149.610,149.630,149.610,149.630,0,0
1517506020,149.660,149.620,149.620,149.660,0,0
1517506080,149.570,149.570,149.570,149.570,0,0
1517506140,149.630,149.670,149.630,149.670,0,0
1517506200,149.760,149.770,149.760,149.770,12799,577532
1517506260,149.760,149.770,149.760,149.770,0,0
1517506320,149.750,149.700,149.700,149.790,0,0
1517506380,149.660,149.660,149.660,149.660,0,0
1517506440,149.620,149.620,149.620,149.620,0,0
1517506500,149.650,149.650,149.650,149.650,6118,590331
1517506560,149.680,149.630,149.630,149.680,0,0
1517506680,149.590,149.540,149.540,149.590,0,0
1517506740,149.540,149.540,149.540,149.540,0,0
1517506800,149.560,149.480,149.480,149.560,9125,596449
1517506860,149.490,149.490,149.490,149.490,0,0
1517506920,149.450,149.480,149.450,149.490,0,0
1517506980,149.500,149.470,149.460,149.500,0,0
1517507040,149.380,149.410,149.350,149.410,0,0
1517507100,149.510,149.550,149.470,149.550,9556,605574
1517507160,149.520,149.560,149.520,149.560,0,0
1517507220,149.590,149.570,149.570,149.590,0,0
1517507340,149.540,149.570,149.540,149.570,0,0
1517507400,149.540,149.510,149.510,149.540,7812,615130
1517507460,149.550,149.590,149.550,149.590,0,0
1517507520,149.530,149.510,149.510,149.530,0,0
1517507580,149.430,149.430,149.430,149.430,0,0
1517507640,149.450,149.540,149.450,149.540,0,0
1517507700,149.530,149.530,149.530,149.530,9295,622942
1517507760,149.510,149.510,149.510,149.510,0,0
1517507820,149.530,149.630,149.530,149.630,0,0
1517507880,149.730,149.720,149.700,149.730,0,0
1517507940,149.790,149.790,149.790,149.790,0,0
1517508000,149.780,149.780,149.780,149.780,15471,632237
1517508060,149.810,149.860,149.810,149.860,0,0
1517508120,149.930,149.930,149.930,149.930,0,0
1517508240,149.930,150.010,149.930,150.010,0,0
1517508300,150.110,150.110,150.110,150.110,21254,647708
1517508360,150.110,150.110,150.110,150.110,0,0
1517508420,150.150,150.120,150.120,150.150,0,0
1517508480,150.120,150.120,150.120,150.120,0,0
1517508540,150.140,150.150,150.110,150.180,0,0
1517508600,150.170,150.180,150.170,150.180,8464,668962
1517508660,150.150,150.120,150.120,150.190,0,0
1517508720,150.160,150.190,150.160,150.190,0,0
1517508780,150.210,150.340,150.210,150.340,0,0
1517508840,150.350,150.310,150.310,150.350,0,0
1517508900,150.270,150.260,150.250,150.270,22206,677426
1517508960,150.250,150.170,150.170,150.250,0,0
1517509020,150.180,150.180,150.180,150.180,0,0
1517509080,150.220,150.210,150.210,150.220,0,0
1517509140,150.130,150.070,150.070,150.130,0,0
1517509200,150.050,150.050,150.050,150.050,3054,699632
1517509260,150.040,150.040,150.040,150.040,0,0
1517509320,150.060,150.050,150.050,150.070,0,0
1517509380,150.040,149.990,149.990,150.040,0,0
1517509500,150.010,150.010,150.010,150.010,8154,702686
1517509560,150.000,149.970,149.970,150.000,0,0
1517509620,149.930,149.930,149.930,149.930,0,0
1517509680,149.920,149.950,149.920,149.950,0,0
1517509740,149.980,149.980,149.980,149.980,0,0
1517509800,150.000,149.960,149.950,150.000,3590,710840
1517509860,150.000,149.960,149.950,150.000,0,0
1517509980,149.930,149.940,149.930,149.940,0,0
1517510040,149.890,149.890,149.890,149.890,0,0
1517510100,149.840,149.770,149.770,149.840,7946,714430
1517510220,149.660,149.660,149.660,149.660,0,0
1517510280,149.650,149.650,149.650,149.650,0,0
1517510340,149.650,149.550,149.550,149.650,0,0
1517510400,149.540,149.590,149.540,149.590,9011,722376
1517510460,149.550,149.550,149.550,149.550,0,0
1517510580,149.470,149.450,149.450,149.500,0,0
1517510640,149.490,149.500,149.490,149.520,0,0
1517510700,149.500,149.440,149.440,149.500,5685,731387
1517510760,149.340,149.340,149.340,149.340,0,0
1517510820,149.410,149.360,149.360,149.410,0,0
1517510880,149.370,149.450,149.370,149.450,0,0
1517510940,149.440,149.400,149.400,149.440,0,0
1517511000,149.450,149.410,149.410,149.450,5279,737072
1517511120,149.320,149.320,149.320,149.320,0,0
1517511240,149.190,149.170,149.170,149.230,0,0
1517511300,149.160,149.160,149.160,149.160,8031,742351
1517511360,149.180,149.240,149.180,149.250,0,0
1517511420,149.320,149.300,149.300,149.320,0,0
1517511480,149.280,149.290,149.280,149.310,0,0
1517511540,149.290,149.300,149.290,149.300,0,0
1517511600,149.300,149.340,149.300,149.340,11302,750382
1517511660,149.350,149.370,149.350,149.370,0,0
1517511720,149.320,149.250,149.210,149.320,0,0
1517511780,149.150,149.090,149.090,149.150,0,0
1517511840,149.180,149.240,149.180,149.240,0,0
1517511900,149.100,149.100,149.100,149.100,9290,761684
1517512020,149.190,149.160,149.160,149.190,0,0
1517512080,149.150,149.180,149.150,149.180,0,0
1517512140,149.160,149.150,149.150,149.160,0,0
1517512200,149.150,149.220,149.150,149.220,9716,770974
1517512260,149.210,149.290,149.200,149.290,0,0
1517512320,149.320,149.100,149.100,149.320,0,0
1517512440,149.030,149.130,149.030,149.130,0,0
1517512500,149.030,149.120,148.990,149.120,8464,780690
1517512620,149.030,149.120,148.990,149.120,0,0
1517512680,149.100,149.050,149.050,149.100,0,0
1517512740,149.060,149.030,149.030,149.060,0,0
1517512800,149.020,148.860,148.860,149.030,15676,789154
1517512860,148.740,148.730,148.730,148.740,0,0
1517512920,148.670,148.660,148.660,148.730,0,0
1517512980,148.830,148.810,148.810,148.830,0,0
1517513040,148.910,148.910,148.910,148.910,0,0
1517513100,148.880,148.900,148.880,148.900,14294,804830
1517513160,148.900,148.900,148.900,148.900,0,0
1517513220,149.000,149.030,149.000,149.030,0,0
1517513280,148.970,148.950,148.900,148.970,0,0
1517513340,149.000,149.000,149.000,149.000,0,0
1517513400,149.010,149.000,149.000,149.010,27347,819124
1517513460,148.920,148.860,148.860,148.930,0,0
1517513520,148.950,148.930,148.930,148.950,0,0
1517513580,148.950,148.840,148.840,148.950,0,0
1517513640,148.930,148.930,148.930,148.930,0,0
1517513700,148.930,148.950,148.930,148.950,15605,846471
1517513760,148.950,148.970,148.950,149.000,0,0
1517513820,148.940,148.950,148.940,148.950,0,0
1517513880,148.960,148.890,148.890,148.960,0,0
1517513940,148.840,148.780,148.780,148.840,0,0
1517514000,148.780,148.790,148.770,148.790,21280,862076
1517514060,148.820,148.820,148.820,148.820,0,0
1517514120,148.810,148.770,148.760,148.810,0,0
1517514180,148.780,148.680,148.650,148.780,0,0
1517514240,148.740,148.810,148.740,148.810,0,0
1517514300,148.790,148.750,148.750,148.790,22816,883356
1517514360,148.750,148.690,148.690,148.750,0,0
1517514420,148.750,148.710,148.680,148.750,0,0
1517514480,148.650,148.650,148.650,148.650,0,0
1517514540,148.660,148.650,148.650,148.660,0,0
1517514600,148.720,148.760,148.720,148.760,13822,906172
1517514660,148.880,148.810,148.810,148.880,0,0
1517514720,148.900,149.000,148.900,149.030,0,0
1517514780,149.000,149.000,149.000,149.000,0,0
1517514840,149.010,148.840,148.840,149.010,0,0
1517514900,148.840,148.850,148.840,148.850,17494,919994
1517514960,148.860,148.900,148.860,148.900,0,0
1517515020,148.920,148.950,148.920,148.990,0,0
1517515080,148.900,148.930,148.900,148.930,0,0
1517515140,148.810,148.700,148.690,148.840,0,0
1517515200,148.760,148.710,148.700,148.760,8936,937488
1517515260,148.830,148.840,148.810,148.840,0,0
1517515320,148.870,148.840,148.790,148.870,0,0
1517515380,148.810,148.810,148.810,148.810,0,0
1517515500,148.720,148.700,148.680,148.740,15269,946424
1517515560,148.690,148.640,148.620,148.690,0,0
1517515620,148.660,148.680,148.660,148.680,0,0
1517515680,148.710,148.760,148.690,148.760,0,0
1517515740,148.740,148.730,148.730,148.740,0,0
1517515800,148.740,148.730,148.720,148.740,13591,961693
1517515860,148.750,148.690,148.680,148.750,0,0
1517515920,148.700,148.720,148.690,148.720,0,0
1517515980,148.700,148.680,148.670,148.710,0,0
1517516040,148.680,148.660,148.660,148.680,0,0
1517516100,148.600,148.590,148.590,148.610,21607,975284
1517516160,148.590,148.560,148.540,148.590,0,0
1517516220,148.560,148.530,148.530,148.580,0,0
1517516280,148.530,148.560,148.530,148.560,0,0
1517516340,148.530,148.430,148.430,148.560,0,0
1517516400,148.470,148.490,148.470,148.500,16102,996891
1517516460,148.480,148.500,148.480,148.500,0,0
1517516520,148.380,148.370,148.370,148.380,0,0
1517516580,148.410,148.400,148.400,148.460,0,0
1517516640,148.430,148.410,148.410,148.430,0,0
1517516700,148.430,148.420,148.420,148.430,22969,1012993
1517516760,148.420,148.440,148.410,148.460,0,0
1517516820,148.420,148.450,148.420,148.450,0,0
1517516880,148.450,148.250,148.250,148.450,0,0
1517516940,148.210,148.130,148.130,148.210,0,0
1517517000,148.160,148.050,148.030,148.160,27721,1035962
1517517060,148.010,148.080,147.980,148.110,0,0
1517517120,148.070,148.000,148.000,148.070,0,0
1517517180,147.930,148.020,147.900,148.020,0,0
1517517240,148.040,148.020,147.980,148.040,0,0
1517517300,148.040,148.080,148.000,148.080,22023,1063683
1517517360,148.100,148.050,148.010,148.100,0,0
1517517420,148.130,148.120,148.120,148.130,0,0
1517517480,148.170,148.260,148.170,148.260,0,0
1517517540,148.180,148.230,148.180,148.230,0,0
1517517600,148.200,148.030,148.030,148.200,39700,1085706
1517517660,148.090,148.030,148.000,148.090,0,0
1517517720,148.020,148.140,148.020,148.140,0,0
1517517780,148.110,148.070,148.070,148.110,0,0
1517517840,148.070,147.950,147.950,148.090,0,0
1517517900,147.940,148.010,147.940,148.040,37572,1125406
1517517960,148.020,148.010,148.010,148.030,0,0
1517518020,148.030,148.040,148.030,148.040,0,0
1517518080,148.060,148.080,148.050,148.090,0,0
1517518140,148.070,148.080,148.070,148.090,0,0
1517518200,148.100,148.210,148.100,148.210,70474,1162978
1517518260,148.220,148.210,148.210,148.250,0,0
1517518320,148.200,148.190,148.190,148.230,0,0
1517518380,148.170,148.070,148.040,148.170,0,0
1517518440,148.030,148.090,148.030,148.090,0,0
1517518500,148.060,148.090,148.060,148.090,193053,1233452
1517518560,148.090,148.110,148.090,148.120,0,0
1517518620,148.160,148.180,148.140,148.220,0,0
1517518680,148.260,148.450,148.240,148.450,0,0
1517518740,148.430,148.470,148.410,148.510,0,0
1517581800,147.460,147.850,147.240,147.850,38203,0
1517581860,147.510,147.510,147.510,147.510,0,0
1517581920,147.820,147.820,147.820,147.820,0,0
1517581980,147.420,147.420,147.420,147.420,0,0
1517582040,146.920,146.630,146.630,146.920,0,0
1517582100,146.610,146.690,146.610,146.690,50324,38203
1517582160,146.860,146.860,146.860,146.860,0,0
1517582280,146.650,146.390,146.290,146.650,0,0
1517582340,146.180,145.530,145.530,146.180,0,0
1517582400,145.500,145.300,145.290,145.500,75954,88527
1517582520,145.770,145.550,145.550,145.860,0,0
1517582580,145.550,145.560,145.510,145.560,0,0
1517582640,145.680,145.950,145.640,145.950,0,0
1517582700,145.920,145.750,145.750,146.030,19370,164481
1517582760,145.910,145.910,145.910,145.910,0,0
1517582820,146.040,146.040,146.040,146.040,0,0
1517582880,145.710,145.880,145.700,145.880,0,0
1517582940,145.870,145.840,145.840,145.870,0,0
1517583000,146.150,145.830,145.830,146.150,13237,183851
1517583060,146.080,146.160,146.030,146.280,0,0
1517583120,146.230,146.320,146.230,146.320,0,0
1517583180,146.330,146.370,146.330,146.370,0,0
1517583240,146.340,146.350,146.340,146.350,0,0
1517583300,146.120,145.690,145.690,146.220,55702,197088
1517583360,145.610,144.990,144.990,145.610,0,0
1517583420,145.030,145.370,145.030,145.500,0,0
1517583480,145.510,145.740,145.460,145.760,0,0
1517583540,145.900,145.910,145.900,145.910,0,0
1517583600,145.910,145.910,145.910,145.910,19307,252790
1517583720,145.820,145.660,145.660,145.820,0,0
1517583780,145.500,145.370,145.370,145.590,0,0
1517583840,145.290,145.160,145.160,145.340,0,0
1517583900,145.260,145.350,145.260,145.350,18650,272097
1517583960,145.450,145.880,145.450,145.880,0,0
1517584020,145.990,146.080,145.990,146.080,0,0
1517584080,146.030,146.090,146.030,146.140,0,0
1517584140,146.070,145.870,145.840,146.070,0,0
1517584200,145.880,145.880,145.880,145.880,21131,290747
1517584260,145.830,145.750,145.750,145.830,0,0
1517584320,145.900,146.140,145.750,146.140,0,0
1517584380,146.050,146.220,146.020,146.220,0,0
1517584440,146.340,146.480,146.310,146.480,0,0
1517584500,146.510,146.360,146.360,146.510,13076,311878
1517584560,146.340,146.320,146.320,146.340,0,0
1517584620,146.320,146.130,146.130,146.320,0,0
1517584680,146.210,146.290,146.210,146.290,0,0
1517584740,146.400,146.260,146.260,146.490,0,0
1517584800,146.150,146.180,146.150,146.180,20670,324954
1517584860,146.180,146.120,146.120,146.180,0,0
1517584920,146.200,146.540,146.200,146.540,0,0
1517584980,146.470,146.520,146.420,146.520,0,0
1517585040,146.520,146.630,146.500,146.630,0,0
1517585100,146.650,146.700,146.490,146.710,33850,345624
1517585160,146.790,146.590,146.540,146.820,0,0
1517585220,146.500,146.530,146.470,146.580,0,0
1517585280,146.570,146.650,146.570,146.740,0,0
1517585340,146.800,146.820,146.700,146.820,0,0
1517585400,146.740,146.540,146.540,146.740,9040,379474
1517585460,146.620,146.770,146.620,146.770,0,0
1517585520,146.820,146.720,146.720,146.820,0,0
1517585580,146.510,146.580,146.510,146.580,0,0
1517585640,146.690,146.700,146.690,146.700,0,0
1517585700,146.750,146.750,146.750,146.750,5392,388514
1517585760,146.750,146.750,146.750,146.750,0,0
1517585820,146.810,146.810,146.810,146.810,0,0
1517585880,147.000,147.080,147.000,147.120,0,0
1517586000,146.980,146.980,146.980,146.980,8460,393906
1517586060,147.010,147.080,147.010,147.080,0,0
1517586120,146.910,146.980,146.910,146.980,0,0
1517586180,146.930,146.950,146.930,146.950,0,0
1517586240,146.970,146.930,146.930,146.970,0,0
1517586300,146.850,146.820,146.790,146.850,9678,402366
1517586360,146.790,146.780,146.780,146.790,0,0
1517586420,146.820,147.010,146.820,147.010,0,0
1517586480,146.930,146.950,146.930,146.950,0,0
1517586540,146.940,146.950,146.850,146.950,0,0
1517586600,146.910,146.750,146.750,146.950,18209,412044
1517586660,146.820,146.800,146.800,146.870,0,0
1517586720,146.870,147.010,146.870,147.010,0,0
1517586780,147.000,147.030,147.000,147.130,0,0
1517586840,147.030,146.990,146.990,147.100,0,0
1517586900,147.070,146.960,146.960,147.070,30780,430253
1517586960,146.990,146.940,146.940,146.990,0,0
1517587020,146.950,146.850,146.850,146.950,0,0
1517587080,146.850,146.850,146.850,146.850,0,0
1517587140,146.880,147.090,146.880,147.090,0,0
1517587200,146.940,146.940,146.940,146.940,10359,461033
1517587260,146.900,147.000,146.900,147.000,0,0
1517587320,146.940,146.940,146.940,146.940,0,0
1517587380,146.910,146.980,146.910,146.980,0,0
1517587440,147.000,147.080,147.000,147.130,0,0
1517587500,147.120,147.150,147.120,147.150,14633,471392
1517587560,147.150,147.160,147.150,147.220,0,0
1517587620,147.230,147.210,147.210,147.250,0,0
1517587680,147.210,147.270,147.210,147.270,0,0
1517587740,147.280,147.320,147.280,147.320,0,0
1517587800,147.360,147.440,147.360,147.440,20212,486025
1517587860,147.450,147.470,147.430,147.470,0,0
1517587920,147.470,147.460,147.420,147.470,0,0
1517587980,147.410,147.430,147.410,147.450,0,0
1517588040,147.340,147.350,147.340,147.400,0,0
1517588100,147.320,147.290,147.260,147.320,14396,506237
1517588160,147.200,147.200,147.200,147.200,0,0
1517588220,147.000,147.060,147.000,147.060,0,0
1517588280,147.110,147.020,147.020,147.110,0,0
1517588340,146.980,146.760,146.760,146.980,0,0
1517588400,146.810,146.740,146.740,146.810,9649,520633
1517588460,146.830,146.810,146.810,146.990,0,0
1517588580,146.880,146.880,146.880,146.880,0,0
1517588640,146.860,146.880,146.860,146.880,0,0
1517588700,146.570,146.600,146.570,146.600,46139,530282
1517588760,146.620,146.560,146.560,146.620,0,0
1517588820,146.620,146.520,146.490,146.620,0,0
1517588880,146.610,146.560,146.560,146.610,0,0
1517588940,146.500,146.540,146.500,146.590,0,0
1517589000,146.670,146.690,146.670,146.690,23745,576421
1517589060,146.710,146.690,146.690,146.740,0,0
1517589120,146.690,146.730,146.690,146.730,0,0
1517589180,146.700,146.680,146.680,146.700,0,0
1517589240,146.640,146.650,146.640,146.700,0,0
1517589300,146.730,146.690,146.660,146.730,27591,600166
1517589360,146.580,146.690,146.580,146.690,0,0
1517589420,146.680,146.700,146.680,146.700,0,0
1517589480,146.640,146.720,146.640,146.750,0,0
1517589540,146.680,146.660,146.660,146.730,0,0
1517589600,146.560,146.540,146.540,146.560,9968,627757
1517589660,146.540,146.570,146.540,146.570,0,0
1517589720,146.540,146.580,146.490,146.580,0,0
1517589780,146.530,146.420,146.420,146.530,0,0
1517589840,146.480,146.310,146.310,146.480,0,0
1517589900,146.240,146.310,146.240,146.310,8339,637725
1517589960,146.190,146.220,146.190,146.220,0,0
1517590020,146.280,146.330,146.280,146.330,0,0
1517590080,146.290,146.330,146.290,146.330,0,0
1517590140,146.360,146.260,146.230,146.360,0,0
1517590200,146.280,146.270,146.210,146.280,15049,646064
1517590260,146.230,146.100,146.100,146.260,0,0
1517590320,146.140,146.130,146.090,146.140,0,0
1517590380,146.130,146.140,146.090,146.140,0,0
1517590440,146.220,146.280,146.220,146.280,0,0
1517590500,146.200,146.200,146.200,146.200,8923,661113
1517590560,146.150,146.150,146.150,146.150,0,0
1517590680,146.000,146.000,146.000,146.000,0,0
1517590740,145.950,145.680,145.680,145.950,0,0
1517590800,145.650,145.790,145.650,145.790,9663,670036
1517590860,145.940,145.940,145.940,145.940,0,0
1517590920,145.850,145.910,145.850,145.910,0,0
1517590980,145.860,145.880,145.820,145.880,0,0
1517591040,145.820,145.860,145.820,145.860,0,0
1517591100,145.840,145.830,145.830,145.840,20397,679699
1517591160,145.820,145.800,145.800,145.820,0,0
1517591220,145.770,145.860,145.770,145.860,0,0
1517591280,145.860,145.850,145.850,145.880,0,0
1517591340,145.880,145.980,145.870,145.980,0,0
1517591400,145.950,145.970,145.940,145.970,5718,700096
1517591460,145.980,146.070,145.980,146.070,0,0
1517591520,146.130,146.210,146.130,146.210,0,0
1517591640,146.240,146.210,146.210,146.270,0,0
1517591700,146.190,146.240,146.190,146.240,9372,705814
1517591760,146.240,146.240,146.240,146.240,0,0
1517591820,146.120,146.190,146.120,146.190,0,0
1517591880,146.180,146.190,146.180,146.190,0,0
1517591940,146.230,146.230,146.230,146.230,0,0
1517592000,146.200,146.190,146.140,146.200,14752,715186
1517592060,146.140,146.100,146.100,146.140,0,0
1517592120,146.000,145.950,145.950,146.020,0,0
1517592180,145.940,146.090,145.940,146.090,0,0
1517592240,146.060,146.050,146.050,146.060,0,0
1517592300,146.010,145.970,145.970,146.010,9235,729938
1517592360,145.970,145.970,145.970,145.970,0,0
1517592420,145.940,146.000,145.940,146.000,0,0
1517592480,146.080,146.120,146.080,146.120,0,0
1517592540,146.150,146.140,146.140,146.190,0,0
1517592600,146.110,146.060,146.060,146.110,7597,739173
1517592660,146.020,146.080,146.020,146.080,0,0
1517592720,145.980,145.980,145.980,145.980,0,0
1517592780,146.000,146.020,146.000,146.020,0,0
1517592840,145.960,145.960,145.960,145.960,0,0
1517592900,145.960,145.970,145.960,145.970,15399,746770
1517592960,146.010,146.010,146.010,146.010,0,0
1517593020,145.940,145.930,145.930,145.950,0,0
1517593080,145.920,145.970,145.920,145.970,0,0
1517593140,145.950,145.990,145.950,146.000,0,0
1517593200,146.020,145.990,145.990,146.030,10928,762169
1517593260,146.090,146.100,146.060,146.130,0,0
1517593320,146.030,146.070,146.030,146.070,0,0
1517593380,146.070,146.000,146.000,146.070,0,0
1517593440,146.020,145.990,145.990,146.020,0,0
1517593500,146.030,146.020,146.000,146.030,10561,773097
1517593560,146.030,145.970,145.970,146.030,0,0
1517593620,145.970,146.010,145.970,146.030,0,0
1517593680,146.030,146.100,146.010,146.100,0,0
1517593740,146.130,146.130,146.130,146.130,0,0
1517593800,146.170,146.120,146.120,146.170,16230,783658
1517593860,146.100,146.100,146.100,146.100,0,0
1517593920,146.070,145.960,145.960,146.070,0,0
1517593980,146.010,145.940,145.940,146.010,0,0
1517594040,146.010,145.890,145.870,146.010,0,0
1517594100,145.840,145.830,145.830,145.870,12029,799888
1517594160,145.860,145.740,145.740,145.860,0,0
1517594220,145.850,145.930,145.850,145.930,0,0
1517594280,145.870,145.830,145.830,145.870,0,0
1517594340,145.870,145.800,145.800,145.870,0,0
1517594400,145.810,145.750,145.750,145.810,16424,811917
1517594460,145.740,145.870,145.740,145.870,0,0
1517594520,145.840,145.810,145.810,145.840,0,0
1517594580,145.880,145.880,145.880,145.880,0,0
1517594640,145.910,145.820,145.820,145.910,0,0
1517594700,145.830,145.850,145.830,145.850,22712,828341
1517594760,145.880,145.780,145.770,145.880,0,0
1517594820,145.760,145.780,145.760,145.780,0,0
1517594880,145.780,145.810,145.780,145.810,0,0
1517594940,145.740,145.830,145.740,145.830,0,0
1517595000,145.870,145.860,145.860,145.880,7866,851053
1517595060,145.890,145.890,145.890,145.890,0,0
1517595120,145.850,145.850,145.850,145.850,0,0
1517595180,145.910,145.890,145.890,145.910,0,0
1517595240,145.860,145.860,145.860,145.860,0,0
1517595300,145.780,145.870,145.780,145.870,9259,858919
1517595360,145.800,145.810,145.780,145.810,0,0
1517595420,145.880,145.840,145.840,145.880,0,0
1517595480,145.790,145.790,145.790,145.790,0,0
1517595540,145.680,145.680,145.680,145.680,0,0
1517595600,145.620,145.540,145.540,145.620,13113,868178
1517595660,145.530,145.530,145.530,145.530,0,0
1517595720,145.430,145.500,145.410,145.500,0,0
1517595780,145.560,145.680,145.560,145.680,0,0
1517595840,145.640,145.720,145.640,145.720,0,0
1517595900,145.620,145.660,145.620,145.660,11745,881291
1517595960,145.730,145.770,145.700,145.770,0,0
1517596080,145.810,145.730,145.730,145.810,0,0
1517596140,145.790,145.790,145.790,145.790,0,0
1517596200,145.830,145.880,145.830,145.880,6189,893036
1517596260,145.920,145.910,145.910,145.920,0,0
1517596320,145.900,145.900,145.900,145.900,0,0
1517596380,145.940,145.940,145.940,145.940,0,0
1517596440,146.000,146.000,146.000,146.000,0,0
1517596500,146.010,146.010,146.010,146.010,14050,899225
1517596560,145.960,145.950,145.950,146.040,0,0
1517596620,145.960,146.000,145.960,146.000,0,0
1517596680,146.030,146.010,146.010,146.060,0,0
1517596740,145.930,145.910,145.870,145.930,0,0
1517596800,145.900,145.850,145.850,145.930,7983,913275
1517596920,145.800,145.800,145.800,145.800,0,0
1517596980,145.680,145.690,145.680,145.690,0,0
1517597040,145.620,145.590,145.590,145.620,0,0
1517597100,145.510,145.590,145.510,145.590,9022,921258
1517597220,145.720,145.660,145.660,145.720,0,0
1517597280,145.680,145.630,145.620,145.680,0,0
1517597340,145.590,145.470,145.470,145.590,0,0
1517597400,145.480,145.520,145.470,145.530,11362,930280
1517597460,145.430,145.500,145.430,145.500,0,0
1517597520,145.540,145.590,145.540,145.640,0,0
1517597580,145.640,145.670,145.620,145.670,0,0
1517597640,145.700,145.630,145.630,145.700,0,0
1517597700,145.650,145.650,145.650,145.650,10487,941642
1517597760,145.650,145.650,145.650,145.650,0,0
1517597820,145.590,145.480,145.470,145.590,0,0
1517597880,145.510,145.510,145.510,145.510,0,0
1517597940,145.500,145.510,145.490,145.510,0,0
1517598000,145.430,145.540,145.430,145.540,10075,952129
1517598060,145.510,145.580,145.510,145.580,0,0
1517598120,145.530,145.540,145.530,145.540,0,0
1517598180,145.530,145.510,145.510,145.530,0,0
1517598240,145.500,145.470,145.440,145.520,0,0
1517598300,145.410,145.420,145.400,145.430,11989,962204
1517598360,145.520,145.560,145.520,145.560,0,0
1517598420,145.530,145.580,145.530,145.580,0,0
1517598480,145.510,145.470,145.470,145.520,0,0
1517598540,145.480,145.540,145.480,145.540,0,0
1517598600,145.430,145.350,145.350,145.430,13454,974193
1517598660,145.370,145.280,145.280,145.370,0,0
1517598720,145.330,145.300,145.300,145.330,0,0
1517598780,145.330,145.340,145.330,145.360,0,0
1517598840,145.340,145.300,145.300,145.340,0,0
1517598900,145.350,145.350,145.350,145.350,16904,987647
1517598960,145.370,145.310,145.310,145.370,0,0
1517599020,145.330,145.330,145.330,145.330,0,0
1517599080,145.270,145.200,145.200,145.290,0,0
1517599140,145.080,145.090,144.970,145.090,0,0
1517599200,145.120,145.090,145.090,145.190,9789,1004551
1517599260,145.110,145.070,145.070,145.110,0,0
1517599320,144.940,145.070,144.940,145.070,0,0
1517599380,145.100,145.010,145.010,145.100,0,0
1517599440,144.970,144.970,144.970,144.970,0,0
1517599500,145.040,145.000,145.000,145.040,36499,1014340
1517599560,144.970,144.910,144.910,144.980,0,0
1517599620,144.970,144.910,144.910,144.970,0,0
1517599680,144.860,144.850,144.850,144.860,0,0
1517599740,144.780,144.660,144.610,144.780,0,0
1517599800,144.620,144.810,144.620,144.810,19124,1050839
1517599860,144.840,144.970,144.840,144.970,0,0
1517599920,145.040,144.940,144.940,145.040,0,0
1517599980,144.960,144.950,144.950,144.980,0,0
1517600040,144.940,144.940,144.940,144.940,0,0
1517600100,144.900,145.010,144.900,145.010,9235,1069963
1517600160,145.060,145.040,145.010,145.060,0,0
1517600220,145.090,145.090,145.090,145.090,0,0
1517600280,144.900,144.900,144.900,144.900,0,0
1517600400,144.970,144.950,144.950,145.020,10743,1079198
1517600520,145.060,145.040,145.030,145.060,0,0
1517600580,145.030,145.060,145.000,145.070,0,0
1517600700,145.150,145.070,145.070,145.150,16866,1089941
1517600820,144.970,145.010,144.970,145.010,0,0
1517600880,145.000,144.930,144.930,145.040,0,0
1517600940,144.890,145.030,144.890,145.030,0,0
1517601000,144.990,144.980,144.980,144.990,12709,1106807
1517601060,144.980,145.050,144.980,145.050,0,0
1517601120,145.010,145.030,145.010,145.060,0,0
1517601180,145.030,144.950,144.950,145.030,0,0
1517601240,144.970,145.080,144.970,145.080,0,0
1517601300,145.070,145.040,145.040,145.070,20488,1119516
1517601360,145.020,145.020,145.020,145.020,0,0
1517601420,145.030,145.040,145.000,145.120,0,0
1517601480,145.060,144.910,144.860,145.060,0,0
1517601540,144.980,145.050,144.980,145.050,0,0
1517601600,144.940,145.090,144.920,145.090,20025,1140004
1517601660,145.000,145.050,145.000,145.050,0,0
1517601720,145.040,145.000,145.000,145.040,0,0
1517601780,144.970,144.930,144.930,144.970,0,0
1517601840,144.810,144.770,144.750,144.810,0,0
1517601900,144.720,144.730,144.720,144.780,12205,1160029
1517601960,144.690,144.710,144.690,144.710,0,0
1517602020,144.740,144.740,144.740,144.740,0,0
1517602080,144.650,144.720,144.650,144.730,0,0
1517602200,144.690,144.760,144.670,144.760,16015,1172234
1517602260,144.780,144.970,144.750,145.010,0,0
1517602320,145.010,145.000,145.000,145.040,0,0
1517602380,145.090,145.060,145.060,145.090,0,0
1517602440,145.080,145.090,145.080,145.120,0,0
1517602500,145.020,145.150,145.010,145.160,24750,1188249
1517602560,145.290,145.290,145.290,145.290,0,0
1517602620,145.320,145.370,145.320,145.380,0,0
1517602680,145.390,145.370,145.370,145.420,0,0
1517602740,145.380,145.350,145.350,145.420,0,0
1517602800,145.320,145.410,145.320,145.430,19626,1212999
1517602860,145.380,145.470,145.380,145.470,0,0
1517602920,145.480,145.460,145.430,145.480,0,0
1517602980,145.500,145.550,145.500,145.550,0,0
1517603040,145.540,145.620,145.520,145.640,0,0
1517603100,145.700,145.660,145.660,145.740,26477,1232625
1517603160,145.650,145.620,145.620,145.680,0,0
1517603220,145.690,145.660,145.660,145.720,0,0
1517603280,145.690,145.710,145.630,145.730,0,0
1517603340,145.690,145.640,145.630,145.690,0,0
1517603400,145.550,145.460,145.420,145.550,36676,1259102
1517603460,145.410,145.320,145.290,145.410,0,0
1517603520,145.340,145.360,145.310,145.360,0,0
1517603580,145.400,145.450,145.400,145.450,0,0
1517603640,145.460,145.440,145.380,145.490,0,0
1517603700,145.470,145.430,145.380,145.470,27349,1295778
1517603760,145.440,145.470,145.440,145.470,0,0
1517603820,145.530,145.490,145.490,145.530,0,0
1517603880,145.470,145.740,145.470,145.740,0,0
1517603940,145.760,145.800,145.750,145.830,0,0
1517604000,145.760,145.500,145.500,145.760,34108,1323127
1517604060,145.440,145.410,145.380,145.440,0,0
1517604120,145.450,145.510,145.440,145.510,0,0
1517604180,145.550,145.540,145.530,145.560,0,0
1517604240,145.560,145.640,145.560,145.660,0,0
1517604300,145.680,145.600,145.560,145.680,47874,1357235
1517604360,145.580,145.660,145.580,145.750,0,0
1517604420,145.670,145.520,145.520,145.670,0,0
1517604480,145.550,145.510,145.490,145.560,0,0
1517604540,145.500,145.580,145.470,145.580,0,0
1517604600,145.580,145.540,145.540,145.610,46086,1405109
1517604660,145.530,145.390,145.370,145.530,0,0
1517604720,145.390,145.420,145.390,145.420,0,0
1517604780,145.460,145.380,145.360,145.470,0,0
1517604840,145.370,145.350,145.350,145.380,0,0
1517604900,145.340,145.220,145.220,145.340,312644,1451195
1517604960,145.240,145.230,145.170,145.240,0,0
1517605020,145.210,145.090,145.090,145.210,0,0
1517605080,145.030,145.100,145.020,145.100,0,0
1517605140,145.090,145.030,145.020,145.230,0,0
1517841000,144.780,145.430,144.720,145.430,48059,0
1517841060,145.380,145.370,145.050,145.470,0,0
1517841120,145.420,145.150,145.090,145.420,0,0
1517841180,145.000,145.420,145.000,145.420,0,0
1517841240,145.430,145.460,144.830,145.480,0,0
1517841300,145.180,145.680,145.180,145.710,26902,48059
1517841360,144.920,145.470,144.920,145.470,0,0
1517841420,145.690,145.700,145.580,145.710,0,0
1517841480,145.710,145.840,145.710,145.840,0,0
1517841540,145.640,145.590,145.470,145.710,0,0
1517841600,145.530,145.660,145.530,145.660,31871,74961
1517841660,145.270,145.020,145.020,145.330,0,0
1517841720,145.200,145.120,145.120,145.320,0,0
1517841780,144.830,145.120,144.830,145.120,0,0
1517841840,145.320,145.320,145.320,145.320,0,0
1517841900,145.120,145.170,145.120,145.220,19394,106832
1517841960,145.300,145.300,145.300,145.300,0,0
1517842020,145.100,145.100,145.100,145.100,0,0
1517842080,145.120,145.200,145.050,145.200,0,0
1517842140,145.210,145.120,145.120,145.210,0,0
1517842200,144.970,144.970,144.970,144.970,16906,126226
1517842320,145.200,145.200,145.200,145.200,0,0
1517842380,145.050,145.100,145.050,145.180,0,0
1517842440,145.100,145.450,145.060,145.470,0,0
1517842500,145.470,145.460,145.460,145.470,9487,143132
1517842560,145.250,145.740,145.250,145.740,0,0
1517842620,145.750,145.680,145.570,145.750,0,0
1517842680,145.420,145.220,145.100,145.420,0,0
1517842740,145.250,145.270,145.250,145.270,0,0
1517842800,145.340,145.330,145.330,145.340,16590,152619
1517842860,145.330,145.200,145.200,145.330,0,0
1517842920,145.310,145.660,145.310,145.670,0,0
1517842980,145.660,145.720,145.660,145.720,0,0
1517843040,145.660,145.420,145.380,145.660,0,0
1517843100,145.520,145.440,145.440,145.520,7594,169209
1517843160,145.580,145.580,145.580,145.580,0,0
1517843220,145.540,145.540,145.540,145.540,0,0
1517843280,145.620,145.680,145.620,145.740,0,0
1517843340,145.570,145.620,145.560,145.620,0,0
1517843400,145.670,145.670,145.670,145.670,8026,176803
1517843460,145.500,145.500,145.500,145.500,0,0
1517843580,145.530,145.560,145.510,145.560,0,0
1517843640,145.660,145.660,145.660,145.660,0,0
1517843700,145.710,145.710,145.710,145.710,10177,184829
1517843760,145.710,145.600,145.600,145.710,0,0
1517843820,145.700,145.710,145.690,145.710,0,0
1517843880,145.890,145.890,145.890,145.890,0,0
1517843940,145.770,145.780,145.750,145.800,0,0
1517844000,145.760,145.810,145.760,145.890,15617,195006
1517844180,145.920,145.830,145.830,146.080,0,0
1517844240,145.950,146.140,145.950,146.140,0,0
1517844300,146.290,146.250,146.180,146.290,18968,210623
1517844360,146.260,146.390,146.260,146.470,0,0
1517844420,146.470,146.350,146.350,146.470,0,0
1517844480,146.470,146.450,146.450,146.470,0,0
1517844540,146.540,146.500,146.500,146.620,0,0
1517844600,146.500,146.480,146.480,146.620,9010,229591
1517844660,146.460,146.460,146.460,146.460,0,0
1517844720,146.350,146.380,146.310,146.380,0,0
1517844780,146.320,146.150,146.150,146.320,0,0
1517844840,146.110,146.110,146.110,146.110,0,0
1517844900,146.080,146.210,146.080,146.210,11510,238601
1517844960,146.150,146.130,146.130,146.200,0,0
1517845020,146.060,145.920,145.920,146.060,0,0
1517845080,145.990,145.990,145.990,145.990,0,0
1517845140,145.910,145.820,145.820,145.910,0,0
1517845200,145.870,145.770,145.720,145.870,33972,250111
1517845260,145.740,145.910,145.700,145.910,0,0
1517845320,145.860,145.940,145.780,145.940,0,0
1517845380,145.840,145.740,145.740,145.850,0,0
1517845440,145.740,145.750,145.740,145.750,0,0
1517845500,145.750,145.740,145.740,145.750,13553,284083
1517845560,145.750,145.880,145.750,145.880,0,0
1517845620,145.880,145.920,145.880,146.040,0,0
1517845680,146.030,146.000,145.990,146.130,0,0
1517845740,146.040,146.030,146.030,146.040,0,0
1517845800,146.080,146.010,146.010,146.080,10553,297636
1517845860,146.000,146.090,146.000,146.100,0,0
1517845920,145.940,146.140,145.940,146.140,0,0
1517845980,146.060,145.990,145.990,146.060,0,0
1517846040,146.110,145.850,145.850,146.110,0,0
1517846100,145.990,146.080,145.970,146.080,11427,308189
1517846160,145.990,146.080,145.970,146.080,0,0
1517846220,145.980,146.040,145.970,146.040,0,0
1517846280,145.900,145.970,145.900,146.060,0,0
1517846340,145.970,145.910,145.910,145.990,0,0
1517846400,145.940,146.020,145.940,146.020,9039,319616
1517846460,145.960,145.900,145.870,145.960,0,0
1517846520,145.740,145.820,145.740,145.820,0,0
1517846580,145.760,145.630,145.630,145.760,0,0
1517846640,145.480,145.530,145.480,145.530,0,0
1517846700,145.590,145.590,145.590,145.590,6395,328655
1517846760,145.590,145.590,145.590,145.590,0,0
1517846820,145.550,145.550,145.550,145.550,0,0
1517846880,145.590,145.620,145.570,145.620,0,0
1517846940,145.600,145.480,145.480,145.600,0,0
1517847000,145.560,145.520,145.520,145.560,9749,335050
1517847060,145.450,145.500,145.450,145.500,0,0
1517847120,145.500,145.500,145.500,145.500,0,0
1517847180,145.530,145.550,145.470,145.550,0,0
1517847240,145.450,145.410,145.350,145.450,0,0
1517847300,145.430,145.430,145.430,145.430,5550,344799
1517847360,145.500,145.500,145.500,145.500,0,0
1517847420,145.540,145.420,145.380,145.540,0,0
1517847480,145.320,145.390,145.320,145.390,0,0
1517847600,145.370,145.370,145.370,145.370,5284,350349
1517847660,145.310,145.310,145.310,145.310,0,0
1517847780,145.380,145.450,145.380,145.450,0,0
1517847840,145.490,145.490,145.490,145.490,0,0
1517847900,145.500,145.630,145.500,145.630,16494,355633
1517847960,145.640,145.590,145.590,145.640,0,0
1517848020,145.710,145.380,145.380,145.710,0,0
1517848080,145.520,145.510,145.510,145.520,0,0
1517848140,145.630,145.530,145.530,145.630,0,0
1517848200,145.390,145.500,145.390,145.500,7415,372127
1517848260,145.350,145.150,145.150,145.350,0,0
1517848320,145.220,145.350,145.220,145.350,0,0
1517848440,145.300,145.320,145.290,145.320,0,0
1517848500,145.180,145.180,145.180,145.180,5435,379542
1517848560,145.180,145.180,145.180,145.180,0,0
1517848620,145.200,145.200,145.200,145.200,0,0
1517848680,145.190,145.220,145.190,145.220,0,0
1517848740,145.170,145.200,145.170,145.200,0,0
1517848800,145.210,145.280,145.210,145.280,18589,384977
1517848860,145.240,145.200,145.160,145.240,0,0
1517848920,145.310,145.310,145.310,145.310,0,0
1517848980,145.240,145.030,145.030,145.240,0,0
1517849040,145.240,145.150,145.150,145.240,0,0
1517849100,145.160,145.160,145.160,145.160,13705,403566
1517849160,145.160,145.160,145.160,145.160,0,0
1517849220,145.220,145.280,145.220,145.280,0,0
1517849280,145.220,145.210,145.190,145.230,0,0
1517849340,145.200,145.330,145.180,145.330,0,0
1517849400,145.300,145.240,145.240,145.300,19191,417271
1517849460,145.280,145.270,145.270,145.280,0,0
1517849520,145.360,145.350,145.350,145.360,0,0
1517849580,145.310,145.390,145.310,145.390,0,0
1517849640,145.370,145.370,145.370,145.370,0,0
1517849700,145.390,145.480,145.390,145.480,31904,436462
1517849760,145.420,145.400,145.400,145.470,0,0
1517849880,145.530,145.470,145.470,145.530,0,0
1517849940,145.530,145.560,145.500,145.560,0,0
1517850000,145.560,145.610,145.510,145.610,21521,468366
1517850060,145.350,145.170,145.160,145.350,0,0
1517850120,145.040,145.040,145.040,145.040,0,0
1517850180,145.060,144.960,144.960,145.060,0,0
1517850240,144.930,144.940,144.930,144.950,0,0
1517850300,144.890,144.890,144.890,144.890,2712,489887
1517850420,144.800,144.800,144.800,144.800,0,0
1517850480,144.780,144.780,144.780,144.780,0,0
1517850540,144.770,144.790,144.770,144.790,0,0
1517850600,144.710,144.730,144.710,144.810,6096,492599
1517850660,144.750,144.750,144.750,144.750,0,0
1517850720,144.750,144.750,144.750,144.750,0,0
1517850840,144.710,144.710,144.710,144.710,0,0
1517850900,144.530,144.620,144.530,144.620,22794,498695
1517850960,144.590,144.560,144.560,144.640,0,0
1517851020,144.420,144.520,144.420,144.520,0,0
1517851080,144.490,144.630,144.490,144.630,0,0
1517851140,144.390,144.160,144.160,144.430,0,0
1517851200,144.200,144.340,144.200,144.340,10924,521489
1517851260,144.400,144.400,144.400,144.400,0,0
1517851320,144.390,144.300,144.300,144.390,0,0
1517851380,144.290,144.290,144.290,144.290,0,0
1517851440,144.250,144.250,144.250,144.250,0,0
1517851500,144.480,144.480,144.480,144.480,8067,532413
1517851560,144.610,144.520,144.520,144.610,0,0
1517851620,144.570,144.570,144.570,144.570,0,0
1517851680,144.260,144.260,144.260,144.260,0,0
1517851740,144.410,144.340,144.340,144.410,0,0
1517851800,144.400,144.490,144.380,144.490,8229,540480
1517851860,144.490,144.510,144.420,144.650,0,0
1517851980,144.420,144.600,144.420,144.600,0,0
1517852040,144.670,144.600,144.600,144.700,0,0
1517852100,144.480,144.480,144.480,144.480,4931,548709
1517852220,144.350,144.350,144.350,144.350,0,0
1517852280,144.400,144.470,144.400,144.470,0,0
1517852340,144.420,144.420,144.420,144.420,0,0
1517852400,144.470,144.470,144.470,144.470,6604,553640
1517852460,144.520,144.580,144.520,144.580,0,0
1517852520,144.550,144.550,144.550,144.550,0,0
1517852580,144.500,144.520,144.500,144.520,0,0
1517852640,144.500,144.500,144.500,144.500,0,0
1517852700,144.630,144.630,144.630,144.630,4257,560244
1517852760,144.510,144.430,144.430,144.510,0,0
1517852820,144.590,144.590,144.590,144.590,0,0
1517852880,144.550,144.550,144.550,144.550,0,0
1517852940,144.610,144.610,144.610,144.610,0,0
1517853000,144.630,144.630,144.630,144.630,2071,564501
1517853060,144.570,144.570,144.570,144.570,0,0
1517853180,144.520,144.610,144.520,144.610,0,0
1517853300,144.600,144.600,144.600,144.600,9123,566572
1517853420,144.420,144.420,144.420,144.420,0,0
1517853480,144.270,144.280,144.220,144.280,0,0
1517853540,144.290,144.240,144.160,144.340,0,0
1517853600,144.190,144.070,144.040,144.190,14384,575695
1517853660,144.000,143.900,143.900,144.000,0,0
1517853720,143.750,143.750,143.750,143.750,0,0
1517853780,143.740,143.790,143.740,143.790,0,0
1517853840,143.620,143.620,143.620,143.620,0,0
1517853900,143.550,143.640,143.550,143.690,9985,590079
1517853960,143.620,143.570,143.570,143.620,0,0
1517854020,143.610,143.570,143.570,143.610,0,0
1517854140,143.520,143.550,143.460,143.580,0,0
1517854200,143.600,143.630,143.600,143.630,6066,600064
1517854260,143.550,143.510,143.510,143.550,0,0
1517854380,143.650,143.690,143.650,143.690,0,0
1517854440,143.750,143.750,143.750,143.750,0,0
1517854500,143.750,143.730,143.730,143.750,18204,606130
1517854560,143.560,143.550,143.550,143.560,0,0
1517854620,143.490,143.490,143.490,143.490,0,0
1517854680,143.570,143.550,143.460,143.570,0,0
1517854740,143.410,143.390,143.390,143.440,0,0
1517854800,143.400,143.460,143.400,143.460,8984,624334
1517854860,143.660,143.550,143.550,143.660,0,0
1517854980,143.510,143.510,143.510,143.510,0,0
1517855040,143.550,143.580,143.550,143.580,0,0
1517855100,143.460,143.550,143.460,143.550,11574,633318
1517855160,143.390,143.290,143.290,143.390,0,0
1517855220,143.450,143.450,143.450,143.450,0,0
1517855280,143.370,143.260,143.260,143.370,0,0
1517855340,143.320,143.320,143.320,143.320,0,0
1517855400,143.380,143.520,143.380,143.590,44868,644892
1517855460,143.520,143.620,143.520,143.730,0,0
1517855520,143.790,143.920,143.790,143.920,0,0
1517855580,143.760,143.810,143.760,143.810,0,0
1517855640,143.760,143.760,143.760,143.760,0,0
1517855700,143.520,143.410,143.410,143.570,16459,689760
1517855760,143.490,143.460,143.460,143.490,0,0
1517855820,143.300,143.230,143.230,143.300,0,0
1517855880,143.420,143.230,143.230,143.420,0,0
1517855940,143.200,143.200,143.200,143.200,0,0
1517856000,143.260,143.260,143.260,143.260,34832,706219
1517856060,143.420,143.360,143.350,143.420,0,0
1517856120,143.350,143.350,143.350,143.350,0,0
1517856180,143.210,143.280,143.210,143.350,0,0
1517856240,143.260,143.270,143.260,143.300,0,0
1517856300,143.270,143.270,143.270,143.270,16545,741051
1517856360,143.340,143.320,143.320,143.400,0,0
1517856420,143.290,143.320,143.280,143.320,0,0
1517856480,143.260,143.140,143.020,143.260,0,0
1517856540,143.140,143.140,143.140,143.140,0,0
1517856600,143.170,143.170,143.170,143.170,7128,757596
1517856660,143.080,143.080,143.080,143.080,0,0
1517856720,143.150,143.100,143.070,143.150,0,0
1517856840,143.180,143.120,143.120,143.180,0,0
1517856900,143.270,143.270,143.270,143.270,22364,764724
1517856960,143.410,143.350,143.340,143.410,0,0
1517857020,143.420,143.380,143.370,143.420,0,0
1517857080,143.410,143.440,143.390,143.470,0,0
1517857140,143.590,143.630,143.590,143.630,0,0
1517857200,143.680,143.620,143.530,143.690,11922,787088
1517857260,143.540,143.460,143.460,143.540,0,0
1517857320,143.430,143.430,143.430,143.430,0,0
1517857380,143.280,143.340,143.280,143.340,0,0
1517857440,143.350,143.310,143.310,143.350,0,0
1517857500,143.290,143.350,143.290,143.380,11203,799010
1517857560,143.270,143.240,143.240,143.270,0,0
1517857620,143.280,143.310,143.220,143.310,0,0
1517857680,143.230,143.390,143.230,143.390,0,0
1517857740,143.350,143.270,143.270,143.350,0,0
1517857800,143.320,143.300,143.300,143.320,17152,810213
1517857860,143.350,143.430,143.350,143.440,0,0
1517857920,143.330,143.360,143.330,143.360,0,0
1517857980,143.580,143.580,143.580,143.580,0,0
1517858040,143.440,143.400,143.400,143.440,0,0
1517858100,143.360,143.250,143.190,143.370,31383,827365
1517858160,143.320,143.220,143.220,143.320,0,0
1517858220,143.280,143.120,143.120,143.280,0,0
1517858280,143.020,143.030,142.950,143.070,0,0
1517858340,143.100,143.100,143.100,143.100,0,0
1517858400,143.060,143.090,143.020,143.150,34505,858748
1517858460,143.100,142.970,142.970,143.100,0,0
1517858520,142.970,143.000,142.960,143.000,0,0
1517858580,143.070,142.980,142.970,143.070,0,0
1517858640,142.990,142.840,142.840,143.020,0,0
1517858700,142.840,142.810,142.730,142.840,16570,893253
1517858760,142.730,142.710,142.710,142.730,0,0
1517858820,142.550,142.560,142.550,142.590,0,0
1517858880,142.420,142.470,142.420,142.510,0,0
1517858940,142.480,142.540,142.480,142.540,0,0
1517859000,142.430,142.330,142.210,142.430,237956,909823
1517859060,142.250,142.430,142.250,142.430,0,0
1517859120,142.480,142.480,142.480,142.480,0,0
1517859180,142.380,142.190,142.190,142.380,0,0
1517859240,142.190,142.150,142.150,142.280,0,0
1517859300,142.250,142.110,142.110,142.250,19765,1147779
1517859360,142.120,142.130,142.110,142.150,0,0
1517859420,142.200,142.240,142.170,142.240,0,0
1517859480,142.240,142.150,142.130,142.240,0,0
1517859540,141.840,141.870,141.810,141.870,0,0
1517859600,141.970,142.130,141.970,142.130,23475,1167544
1517859660,142.030,142.030,142.030,142.030,0,0
1517859720,142.020,142.040,141.990,142.040,0,0
1517859780,141.940,141.980,141.940,141.980,0,0
1517859840,141.900,141.830,141.740,141.900,0,0
1517859900,142.000,141.870,141.870,142.000,21361,1191019
1517859960,141.930,141.880,141.880,142.040,0,0
1517860020,141.820,141.790,141.790,141.820,0,0
1517860080,141.800,141.730,141.730,141.800,0,0
1517860140,141.840,141.810,141.780,141.870,0,0
1517860200,141.650,141.640,141.500,141.650,20175,1212380
1517860260,141.480,141.640,141.480,141.640,0,0
1517860320,141.680,141.640,141.640,141.710,0,0
1517860380,141.630,141.600,141.600,141.710,0,0
1517860440,141.640,141.690,141.530,141.690,0,0
1517860500,141.500,141.500,141.500,141.500,38513,1232555
1517860560,141.310,141.440,141.310,141.450,0,0
1517860620,141.450,141.180,141.180,141.450,0,0
1517860680,141.230,141.250,141.060,141.250,0,0
1517860740,141.220,141.050,141.050,141.220,0,0
1517860800,141.000,140.840,140.840,141.080,28640,1271068
1517860860,140.900,140.880,140.880,141.010,0,0
1517860920,140.960,141.000,140.960,141.000,0,0
1517860980,141.150,141.160,141.020,141.160,0,0
1517861040,141.160,140.590,140.590,141.160,0,0
1517861100,140.680,140.710,140.410,140.710,82533,1299708
1517861160,140.710,140.440,140.440,140.790,0,0
1517861220,140.490,140.470,140.250,140.490,0,0
1517861280,140.250,140.200,140.100,140.250,0,0
1517861340,139.680,139.080,139.080,139.680,0,0
1517861400,139.110,139.480,138.970,139.480,68970,1382241
1517861460,139.380,139.560,139.380,139.560,0,0
1517861520,139.530,140.650,139.530,140.650,0,0
1517861580,140.480,140.420,140.420,140.580,0,0
1517861640,140.090,140.690,140.090,140.690,0,0
1517861700,140.640,140.700,140.530,140.780,47790,1451211
1517861760,141.000,141.340,141.000,141.340,0,0
1517861820,141.340,141.700,141.240,141.870,0,0
1517861880,141.710,140.660,140.660,141.710,0,0
1517861940,140.650,140.850,140.650,141.020,0,0
1517862000,140.720,140.660,140.660,140.840,58614,1499001
1517862060,140.510,140.960,140.510,140.970,0,0
1517862120,141.030,140.810,140.790,141.030,0,0
1517862180,140.820,141.060,140.820,141.060,0,0
1517862240,141.190,141.180,141.070,141.280,0,0
1517862300,141.300,141.460,141.210,141.470,27066,1557615
1517862360,141.460,141.260,141.130,141.460,0,0
1517862420,141.350,141.680,141.230,141.680,0,0
1517862480,141.520,141.780,141.520,141.820,0,0
1517862540,141.740,141.800,141.660,141.800,0,0
1517862600,141.860,141.390,141.390,141.860,42334,1584681
1517862660,141.400,141.020,141.020,141.400,0,0
1517862720,141.380,141.380,141.380,141.380,0,0
1517862780,141.360,141.480,141.290,141.600,0,0
1517862840,141.450,141.200,141.150,141.490,0,0
1517862900,141.030,140.830,140.820,141.130,70206,1627015
1517862960,140.900,140.540,140.540,140.990,0,0
1517863020,140.470,140.440,140.380,140.470,0,0
1517863080,140.280,140.040,140.000,140.290,0,0
1517863140,140.090,139.900,139.900,140.210,0,0
1517863200,139.790,139.570,139.570,139.880,56581,1697221
1517863260,139.500,139.780,139.500,139.810,0,0
1517863320,139.790,140.010,139.730,140.010,0,0
1517863380,139.880,139.970,139.880,140.030,0,0
1517863440,139.930,139.920,139.770,139.940,0,0
1517863500,139.820,139.670,139.620,139.870,101272,1753802
1517863560,139.600,139.560,139.510,139.690,0,0
1517863620,139.420,139.110,139.110,139.420,0,0
1517863680,139.150,139.310,139.150,139.320,0,0
1517863740,139.230,138.830,138.830,139.230,0,0
1517863800,138.880,139.160,138.880,139.210,97447,1855074
1517863860,139.060,138.720,138.720,139.060,0,0
1517863920,138.680,138.540,138.530,138.680,0,0
1517863980,138.520,138.330,138.330,138.800,0,0
1517864040,138.480,138.210,138.210,138.480,0,0
1517864100,138.380,138.400,138.340,138.520,516521,1952521
1517864160,138.440,138.720,138.440,138.780,0,0
1517864220,138.690,139.000,138.680,139.000,0,0
1517864280,139.000,139.160,138.960,139.220,0,0
1517864340,139.160,138.610,138.610,139.160,0,0
1517927400,135.860,135.860,135.860,135.860,96730,0
1517927460,135.190,135.720,134.700,135.720,0,0
1517927520,135.710,136.990,135.710,136.990,0,0
1517927580,137.120,137.240,137.000,137.490,0,0
1517927640,137.470,137.870,137.290,137.870,0,0
1517927700,137.750,138.590,137.750,138.590,22743,96730
1517927760,138.760,138.540,138.530,138.760,0,0
1517927820,138.600,139.480,138.600,139.480,0,0
1517927880,139.250,139.510,139.250,139.520,0,0
1517927940,139.300,139.780,139.300,139.780,0,0
1517928000,139.560,139.830,139.560,140.080,77431,119473
1517928060,139.570,139.560,139.560,139.850,0,0
1517928120,139.550,139.930,139.550,139.930,0,0
1517928180,139.670,139.690,139.660,139.940,0,0
1517928240,139.840,139.410,139.410,139.930,0,0
1517928300,139.360,139.460,139.310,139.460,30808,196904
1517928360,139.450,139.600,139.430,139.600,0,0
1517928420,139.600,139.560,139.460,139.640,0,0
1517928480,139.720,140.030,139.720,140.260,0,0
1517928540,140.020,140.160,140.020,140.270,0,0
1517928600,140.320,140.640,140.320,140.650,32452,227712
1517928660,140.390,140.580,140.390,140.580,0,0
1517928720,140.440,140.490,140.350,140.490,0,0
1517928780,140.560,140.730,140.450,140.730,0,0
1517928840,141.180,141.220,141.050,141.360,0,0
1517928900,141.240,141.210,141.030,141.320,50518,260164
1517928960,141.110,140.720,140.720,141.230,0,0
1517929020,140.680,140.220,140.220,140.690,0,0
1517929080,139.980,139.550,139.550,139.980,0,0
1517929140,139.780,139.930,139.590,140.170,0,0
1517929200,140.100,140.490,140.100,140.490,26035,310682
1517929260,140.750,140.610,140.510,140.760,0,0
1517929320,140.480,140.390,140.390,140.480,0,0
1517929380,140.220,140.920,140.220,140.920,0,0
1517929440,140.800,140.800,140.800,140.800,0,0
1517929500,140.800,140.960,140.800,140.980,35469,336717
1517929560,141.150,140.850,140.850,141.150,0,0
1517929620,140.760,140.700,140.700,140.770,0,0
1517929680,140.660,140.460,140.330,140.660,0,0
1517929740,140.090,140.010,140.000,140.150,0,0
1517929800,140.150,140.480,140.150,140.480,41496,372186
1517929860,140.640,140.290,140.290,140.640,0,0
1517929920,140.420,140.340,140.340,140.420,0,0
1517929980,140.030,139.850,139.850,140.190,0,0
1517930040,139.890,139.780,139.780,139.990,0,0
1517930100,139.830,139.540,139.540,139.830,24235,413682
1517930160,139.620,139.260,139.050,139.620,0,0
1517930220,138.980,138.260,138.260,138.980,0,0
1517930280,138.430,138.500,138.260,138.640,0,0
1517930340,138.880,138.720,138.720,139.130,0,0
1517930400,138.950,139.020,138.950,139.550,55375,437917
1517930460,139.280,139.350,139.100,139.350,0,0
1517930520,139.240,138.950,138.950,139.270,0,0
1517930580,138.870,139.220,138.870,139.240,0,0
1517930640,138.800,138.780,138.310,138.800,0,0
1517930700,138.480,138.640,138.320,138.640,20719,493292
1517930760,138.670,138.670,138.670,138.670,0,0
1517930820,138.780,138.680,138.680,138.780,0,0
1517930880,139.000,138.590,138.590,139.000,0,0
1517930940,138.660,138.550,138.550,138.680,0,0
1517931000,138.660,138.660,138.660,138.660,50894,514011
1517931060,138.460,138.560,138.460,138.560,0,0
1517931120,138.520,138.540,138.490,138.630,0,0
1517931180,138.660,138.570,138.530,138.740,0,0
1517931240,138.580,138.490,138.490,138.580,0,0
1517931300,138.380,138.610,138.380,138.610,59183,564905
1517931360,138.500,138.490,138.490,138.560,0,0
1517931420,138.550,138.740,138.480,138.740,0,0
1517931480,138.580,138.710,138.500,138.710,0,0
1517931540,138.630,138.760,138.630,138.860,0,0
1517931600,138.780,138.830,138.710,138.880,62854,624088
1517931660,138.780,138.500,138.340,138.780,0,0
1517931720,138.610,138.670,138.540,138.740,0,0
1517931780,138.740,138.570,138.500,138.740,0,0
1517931840,138.430,138.920,138.430,138.920,0,0
1517931900,139.100,139.490,139.100,139.490,20900,686942
1517931960,139.240,139.480,139.240,139.480,0,0
1517932020,139.240,139.410,139.240,139.430,0,0
1517932080,139.530,139.710,139.530,139.710,0,0
1517932140,139.690,139.350,139.350,139.690,0,0
1517932200,139.260,139.020,139.020,139.300,15018,707842
1517932260,139.110,139.110,139.110,139.110,0,0
1517932320,139.180,139.780,139.180,139.790,0,0
1517932380,139.870,139.640,139.640,139.870,0,0
1517932440,139.770,139.670,139.670,139.830,0,0
1517932500,139.880,139.850,139.850,139.880,9543,722860
1517932560,139.770,139.810,139.680,139.810,0,0
1517932620,139.650,139.380,139.380,139.650,0,0
1517932680,139.530,139.470,139.330,139.530,0,0
1517932740,139.300,139.240,139.240,139.300,0,0
1517932800,139.280,139.140,139.140,139.280,18908,732403
1517932860,139.120,139.240,139.070,139.240,0,0
1517932920,139.230,139.220,139.090,139.270,0,0
1517932980,139.350,139.500,139.350,139.500,0,0
1517933040,139.420,139.440,139.380,139.480,0,0
1517933100,139.540,139.590,139.540,139.590,17821,751311
1517933160,139.740,139.530,139.530,139.740,0,0
1517933280,139.680,139.630,139.530,139.680,0,0
1517933340,139.530,139.100,139.010,139.530,0,0
1517933400,139.130,139.160,139.130,139.160,14273,769132
1517933460,139.420,139.240,139.240,139.560,0,0
1517933520,139.190,139.240,139.190,139.410,0,0
1517933580,139.090,139.200,139.040,139.200,0,0
1517933640,139.210,139.300,139.210,139.300,0,0
1517933700,139.230,139.130,139.130,139.310,24006,783405
1517933760,139.240,139.370,139.220,139.370,0,0
1517933820,139.380,139.000,139.000,139.380,0,0
1517933880,138.990,139.090,138.990,139.090,0,0
1517933940,139.030,139.030,139.030,139.030,0,0
1517934000,139.210,138.960,138.960,139.210,20522,807411
1517934060,139.120,139.120,139.120,139.120,0,0
1517934120,139.120,139.160,139.070,139.160,0,0
1517934180,139.270,139.160,139.160,139.270,0,0
1517934240,139.110,139.100,139.050,139.150,0,0
1517934300,139.020,138.770,138.770,139.040,18570,827933
1517934360,138.720,139.020,138.710,139.020,0,0
1517934420,138.880,138.880,138.880,138.880,0,0
1517934480,138.930,138.960,138.930,138.960,0,0
1517934540,138.630,138.730,138.630,138.730,0,0
1517934600,138.770,138.720,138.720,138.770,15125,846503
1517934660,138.620,138.330,138.330,138.620,0,0
1517934720,138.350,138.620,138.350,138.620,0,0
1517934780,138.590,138.400,138.400,138.620,0,0
1517934840,138.270,138.450,138.220,138.450,0,0
1517934900,138.450,138.450,138.450,138.450,11336,861628
1517934960,138.400,138.380,138.290,138.430,0,0
1517935020,138.340,138.130,138.130,138.390,0,0
1517935080,138.120,138.300,138.040,138.300,0,0
1517935140,138.400,138.350,138.350,138.400,0,0
1517935200,138.470,138.690,138.470,138.690,16076,872964
1517935260,138.530,138.480,138.480,138.530,0,0
1517935320,138.490,138.420,138.420,138.490,0,0
1517935380,138.510,138.530,138.510,138.530,0,0
1517935440,138.650,138.590,138.590,138.760,0,0
1517935500,138.620,138.620,138.620,138.620,7032,889040
1517935560,138.620,138.640,138.620,138.740,0,0
1517935620,138.630,138.740,138.630,138.740,0,0
1517935680,138.740,138.650,138.650,138.830,0,0
1517935740,138.800,139.030,138.800,139.030,0,0
1517935800,138.920,138.940,138.920,138.940,13566,896072
1517935860,139.030,139.060,139.030,139.060,0,0
1517935920,139.090,139.340,139.090,139.340,0,0
1517935980,139.380,139.600,139.380,139.600,0,0
1517936040,139.610,139.160,139.160,139.670,0,0
1517936100,139.260,139.370,139.260,139.370,8314,909638
1517936160,139.410,139.330,139.330,139.450,0,0
1517936220,139.260,139.220,139.220,139.300,0,0
1517936280,139.120,138.910,138.910,139.200,0,0
1517936340,138.900,138.840,138.840,138.900,0,0
1517936400,138.890,139.110,138.890,139.120,12251,917952
1517936460,139.120,139.110,139.010,139.120,0,0
1517936520,139.140,139.180,139.140,139.180,0,0
1517936580,139.200,139.220,139.200,139.220,0,0
1517936640,139.300,139.220,139.220,139.300,0,0
1517936700,139.210,139.340,139.210,139.340,16363,930203
1517936760,139.340,139.420,139.340,139.460,0,0
1517936820,139.420,139.350,139.340,139.420,0,0
1517936880,139.400,139.540,139.400,139.540,0,0
1517936940,139.610,139.570,139.570,139.730,0,0
1517937000,139.490,139.300,139.250,139.490,8681,946566
1517937060,139.260,139.260,139.260,139.260,0,0
1517937120,139.210,139.400,139.210,139.400,0,0
1517937180,139.410,139.620,139.410,139.620,0,0
1517937240,139.710,139.590,139.590,139.710,0,0
1517937300,139.710,139.760,139.710,139.780,15616,955247
1517937360,139.930,139.800,139.750,139.980,0,0
1517937420,139.800,139.890,139.760,139.890,0,0
1517937480,139.800,139.790,139.790,139.810,0,0
1517937540,139.680,139.670,139.670,139.690,0,0
1517937600,139.670,139.790,139.670,139.820,10701,970863
1517937660,139.760,139.580,139.580,139.760,0,0
1517937720,139.770,139.690,139.690,139.770,0,0
1517937780,139.690,139.690,139.690,139.690,0,0
1517937840,139.740,139.890,139.740,139.890,0,0
1517937900,139.840,139.760,139.760,139.840,11710,981564
1517937960,139.830,139.870,139.760,139.870,0,0
1517938020,139.880,139.990,139.880,139.990,0,0
1517938080,140.050,140.000,139.980,140.050,0,0
1517938140,140.270,140.290,140.270,140.290,0,0
1517938200,140.400,140.670,140.400,140.770,19120,993274
1517938260,140.570,140.480,140.480,140.570,0,0
1517938320,140.390,140.360,140.360,140.470,0,0
1517938380,140.440,140.460,140.440,140.460,0,0
1517938440,140.210,140.400,140.210,140.400,0,0
1517938500,140.290,140.220,140.220,140.290,15029,1012394
1517938560,140.120,140.220,140.110,140.220,0,0
1517938620,140.040,139.920,139.920,140.040,0,0
1517938680,140.200,140.730,140.200,140.730,0,0
1517938740,140.720,140.730,140.710,140.730,0,0
1517938800,140.720,140.760,140.620,140.760,10994,1027423
1517938860,140.700,140.640,140.640,140.700,0,0
1517938920,140.520,140.590,140.520,140.590,0,0
1517938980,140.530,140.500,140.500,140.530,0,0
1517939040,140.500,140.350,140.350,140.500,0,0
1517939100,140.280,140.220,140.180,140.280,23125,1038417
1517939160,140.020,140.200,139.880,140.200,0,0
1517939220,140.160,139.940,139.940,140.160,0,0
1517939280,140.060,140.080,140.060,140.080,0,0
1517939340,140.070,139.970,139.930,140.070,0,0
1517939400,139.970,140.000,139.970,140.040,16199,1061542
1517939460,139.800,139.790,139.790,139.800,0,0
1517939520,139.670,139.570,139.500,139.670,0,0
1517939580,139.620,139.660,139.620,139.710,0,0
1517939640,139.650,139.760,139.590,139.760,0,0
1517939700,139.740,139.580,139.580,139.740,14998,1077741
1517939760,139.570,139.730,139.570,139.730,0,0
1517939820,139.660,139.570,139.520,139.660,0,0
1517939880,139.770,140.050,139.770,140.050,0,0
1517939940,140.150,140.070,140.040,140.150,0,0
1517940000,140.000,139.700,139.590,140.000,17308,1092739
1517940060,139.810,139.730,139.730,139.810,0,0
1517940120,139.900,139.640,139.640,139.910,0,0
1517940180,139.330,139.510,139.330,139.510,0,0
1517940240,139.530,139.600,139.530,139.600,0,0
1517940300,139.760,139.720,139.720,139.850,17083,1110047
1517940360,139.810,139.800,139.800,139.890,0,0
1517940420,139.710,139.770,139.710,139.770,0,0
1517940480,139.900,139.600,139.600,139.900,0,0
1517940540,139.490,139.510,139.430,139.510,0,0
1517940600,139.650,139.650,139.650,139.650,11608,1127130
1517940660,139.680,139.510,139.510,139.690,0,0
1517940720,139.500,139.590,139.500,139.590,0,0
1517940780,139.580,139.760,139.580,139.760,0,0
1517940840,139.750,139.850,139.750,139.850,0,0
1517940900,139.610,139.840,139.610,139.890,16196,1138738
1517940960,139.880,139.800,139.800,139.880,0,0
1517941020,139.850,139.840,139.810,139.870,0,0
1517941080,140.040,139.980,139.980,140.040,0,0
1517941140,139.980,140.070,139.980,140.080,0,0
1517941200,140.060,139.990,139.990,140.060,10910,1154934
1517941260,139.850,139.690,139.690,139.850,0,0
1517941320,139.820,139.820,139.820,139.820,0,0
1517941380,139.730,139.740,139.640,139.740,0,0
1517941440,139.740,139.750,139.740,139.750,0,0
1517941500,139.740,140.030,139.740,140.030,12354,1165844
1517941560,139.960,139.970,139.960,139.970,0,0
1517941620,139.930,139.810,139.680,139.930,0,0
1517941680,139.720,139.680,139.680,139.720,0,0
1517941740,139.720,139.850,139.720,139.850,0,0
1517941800,139.810,139.820,139.810,139.830,17745,1178198
1517941860,139.600,139.560,139.540,139.600,0,0
1517941920,139.620,139.640,139.620,139.690,0,0
1517941980,139.510,139.310,139.280,139.510,0,0
1517942040,139.260,139.280,139.110,139.280,0,0
1517942100,139.430,139.380,139.380,139.430,13686,1195943
1517942160,139.490,139.790,139.490,139.790,0,0
1517942220,139.740,139.750,139.730,139.750,0,0
1517942280,139.950,139.680,139.680,139.950,0,0
1517942340,139.800,139.800,139.800,139.800,0,0
1517942400,139.720,139.500,139.500,139.720,12512,1209629
1517942460,139.350,139.390,139.350,139.390,0,0
1517942520,139.220,139.400,139.220,139.400,0,0
1517942580,139.230,139.240,139.210,139.240,0,0
1517942640,139.490,139.390,139.390,139.490,0,0
1517942700,139.470,139.430,139.260,139.470,24356,1222141
1517942820,139.500,139.430,139.340,139.500,0,0
1517942880,139.450,139.190,139.190,139.450,0,0
1517942940,139.310,139.230,139.230,139.310,0,0
1517943000,139.280,139.360,139.280,139.360,15406,1246497
1517943060,139.160,139.120,139.120,139.230,0,0
1517943120,139.090,139.210,139.040,139.210,0,0
1517943180,139.140,139.150,139.130,139.150,0,0
1517943240,139.160,139.000,139.000,139.160,0,0
1517943300,138.980,139.140,138.980,139.140,25310,1261903
1517943360,139.040,139.060,139.040,139.060,0,0
1517943420,139.140,138.850,138.850,139.140,0,0
1517943480,139.040,138.970,138.970,139.150,0,0
1517943540,138.940,138.880,138.860,138.940,0,0
1517943600,138.850,138.850,138.850,138.850,16085,1287213
1517943660,138.850,138.680,138.680,138.860,0,0
1517943720,138.740,138.740,138.740,138.740,0,0
1517943780,138.900,138.820,138.820,138.900,0,0
1517943840,138.840,138.790,138.640,138.840,0,0
1517943900,138.720,138.690,138.690,138.740,13935,1303298
1517943960,138.620,138.680,138.620,138.680,0,0
1517944020,138.660,138.720,138.660,138.720,0,0
1517944080,138.720,138.650,138.650,138.730,0,0
1517944140,138.630,138.640,138.630,138.640,0,0
1517944200,138.630,138.990,138.620,138.990,31258,1317233
1517944260,139.080,139.180,139.080,139.180,0,0
1517944320,139.210,139.160,139.040,139.210,0,0
1517944380,139.160,139.220,139.160,139.220,0,0
1517944440,139.280,139.340,139.280,139.540,0,0
1517944500,139.230,139.110,139.110,139.250,24799,1348491
1517944560,139.180,139.230,139.180,139.340,0,0
1517944620,139.380,139.070,139.070,139.380,0,0
1517944680,138.980,139.060,138.900,139.060,0,0
1517944740,139.070,139.140,139.070,139.150,0,0
1517944800,139.160,139.100,138.880,139.160,14595,1373290
1517944860,139.180,139.190,139.180,139.250,0,0
1517944920,139.180,139.130,139.130,139.180,0,0
1517944980,139.240,139.240,139.240,139.240,0,0
1517945040,139.190,139.060,139.060,139.190,0,0
1517945100,139.020,138.890,138.880,139.020,16867,1387885
1517945160,139.040,138.990,138.990,139.110,0,0
1517945220,138.970,138.950,138.830,138.970,0,0
1517945280,139.160,139.250,139.160,139.250,0,0
1517945340,139.160,139.040,139.040,139.160,0,0
1517945400,139.050,138.970,138.900,139.050,36044,1404752
1517945460,139.060,139.160,139.060,139.240,0,0
1517945520,139.330,139.420,139.330,139.440,0,0
1517945580,139.400,139.460,139.400,139.460,0,0
1517945640,139.640,139.690,139.520,139.690,0,0
1517945700,139.840,139.940,139.710,139.940,27132,1440796
1517945760,139.930,139.640,139.570,139.930,0,0
1517945820,139.740,139.840,139.740,139.840,0,0
1517945880,139.690,139.890,139.690,139.890,0,0
1517945940,139.970,139.800,139.800,139.970,0,0
1517946000,139.900,139.900,139.900,139.900,15765,1467928
1517946060,139.870,139.860,139.760,139.870,0,0
1517946120,139.820,139.890,139.820,139.890,0,0
1517946180,139.750,139.840,139.740,139.840,0,0
1517946240,140.010,140.010,140.010,140.010,0,0
1517946300,140.220,140.270,140.140,140.270,26040,1483693
1517946360,140.270,140.520,140.270,140.520,0,0
1517946420,140.570,140.630,140.510,140.630,0,0
1517946480,140.680,140.570,140.570,140.680,0,0
1517946540,140.560,140.700,140.560,140.700,0,0
1517946600,140.860,140.820,140.820,140.930,21272,1509733
1517946660,140.800,140.770,140.770,140.840,0,0
1517946720,140.630,140.630,140.630,140.630,0,0
1517946780,140.630,140.720,140.630,140.730,0,0
1517946840,140.900,141.070,140.900,141.080,0,0
1517946900,141.160,141.470,141.160,141.530,49780,1531005
1517946960,141.550,141.360,141.350,141.550,0,0
1517947020,141.310,141.360,141.200,141.360,0,0
1517947080,141.450,141.620,141.450,141.650,0,0
1517947140,141.690,141.740,141.690,141.890,0,0
1517947200,141.790,141.770,141.770,141.930,40094,1580785
1517947260,141.880,142.050,141.880,142.080,0,0
1517947320,142.380,142.110,142.090,142.380,0,0
1517947380,141.980,142.110,141.980,142.180,0,0
1517947440,142.180,142.370,142.180,142.370,0,0
1517947500,142.330,142.650,142.300,142.650,37344,1620879
1517947560,142.800,142.780,142.590,142.800,0,0
1517947620,142.860,143.200,142.860,143.200,0,0
1517947680,143.000,142.970,142.910,143.000,0,0
1517947740,143.070,143.280,142.930,143.280,0,0
1517947800,143.320,143.070,143.070,143.320,39921,1658223
1517947860,143.090,143.260,143.090,143.260,0,0
1517947920,143.100,143.040,143.040,143.150,0,0
1517947980,143.010,142.910,142.910,143.020,0,0
1517948040,142.910,142.840,142.810,142.910,0,0
1517948100,142.760,142.990,142.760,143.070,32615,1698144
1517948160,142.930,142.900,142.900,143.040,0,0
1517948220,142.850,142.710,142.700,142.850,0,0
1517948280,142.710,142.420,142.420,142.710,0,0
1517948340,142.360,142.430,142.360,142.430,0,0
1517948400,142.420,142.590,142.380,142.590,33955,1730759
1517948460,142.660,142.760,142.660,142.870,0,0
1517948520,142.690,142.340,142.340,142.690,0,0
1517948580,142.290,142.350,142.280,142.420,0,0
1517948640,142.300,142.220,142.100,142.300,0,0
1517948700,142.260,142.440,142.240,142.440,33042,1764714
1517948760,142.530,142.490,142.400,142.580,0,0
1517948820,142.400,142.490,142.400,142.520,0,0
1517948880,142.570,142.660,142.570,142.660,0,0
1517948940,142.630,142.610,142.530,142.630,0,0
1517949000,142.600,142.400,142.390,142.600,60420,1797756
1517949060,142.340,142.190,142.190,142.340,0,0
1517949120,142.450,142.270,142.270,142.450,0,0
1517949180,142.420,142.580,142.420,142.650,0,0
1517949240,142.720,142.670,142.640,142.770,0,0
1517949300,142.520,142.660,142.520,142.730,41341,1858176
1517949360,142.670,142.810,142.670,142.810,0,0
1517949420,142.910,142.930,142.910,143.040,0,0
1517949480,142.880,142.890,142.760,142.890,0,0
1517949540,142.930,143.010,142.910,143.010,0,0
1517949600,143.040,143.160,143.040,143.230,56655,1899517
1517949660,143.170,143.320,143.060,143.320,0,0
1517949720,143.250,143.190,143.190,143.250,0,0
1517949780,143.190,143.220,143.180,143.350,0,0
1517949840,143.210,142.950,142.950,143.210,0,0
1517949900,142.910,142.870,142.810,143.020,61373,1956172
1517949960,142.820,142.700,142.700,142.880,0,0
1517950020,142.740,142.400,142.360,142.790,0,0
1517950080,142.440,142.540,142.290,142.550,0,0
1517950140,142.440,142.300,142.300,142.520,0,0
1517950200,142.240,142.420,142.240,142.420,84955,2017545
1517950260,142.400,141.930,141.930,142.400,0,0
1517950320,141.950,142.300,141.950,142.300,0,0
1517950380,142.290,142.470,142.290,142.510,0,0
1517950440,142.520,142.390,142.320,142.520,0,0
1517950500,142.380,142.340,142.220,142.380,343109,2102500
1517950560,142.410,142.830,142.380,142.830,0,0
1517950620,142.820,142.830,142.790,142.910,0,0
1517950680,142.880,142.600,142.600,142.940,0,0
1517950740,142.560,143.050,142.470,143.050,0,0
1518013800,142.060,141.810,141.810,142.060,23907,0
1518013860,141.870,141.370,141.370,141.870,0,0
1518013920,141.860,142.040,141.860,142.040,0,0
1518014040,142.590,142.590,142.590,142.590,0,0
1518014100,142.770,142.770,142.770,142.770,6703,23907
1518014160,143.130,143.130,143.130,143.130,0,0
1518014220,142.940,142.940,142.940,142.940,0,0
1518014280,142.960,142.960,142.960,142.960,0,0
1518014340,143.150,143.040,143.040,143.580,0,0
1518014400,143.430,142.820,142.820,143.430,25177,30610
1518014460,143.130,143.450,143.130,143.450,0,0
1518014520,143.300,143.300,143.300,143.300,0,0
1518014580,143.190,143.310,143.190,143.410,0,0
1518014700,143.190,143.190,143.190,143.190,9537,55787
1518014760,143.190,143.190,143.190,143.190,0,0
1518014820,142.700,142.370,142.370,142.700,0,0
1518014880,142.440,142.330,142.330,142.440,0,0
1518014940,141.820,141.820,141.820,141.820,0,0
1518015000,142.200,142.300,142.200,142.300,6099,65324
1518015060,142.800,142.570,142.570,142.800,0,0
1518015180,142.690,142.930,142.690,143.190,0,0
1518015300,143.110,143.160,143.110,143.170,10614,71423
1518015360,143.110,143.160,143.110,143.170,0,0
1518015420,143.000,143.000,143.000,143.000,0,0
1518015480,143.320,143.320,143.320,143.320,0,0
1518015540,143.130,143.130,143.130,143.130,0,0
1518015600,143.120,143.120,143.120,143.120,41607,82037
1518015660,142.970,142.830,142.830,143.020,0,0
1518015720,143.040,143.000,143.000,143.100,0,0
1518015780,142.810,142.830,142.570,142.830,0,0
1518015840,142.730,142.930,142.730,142.930,0,0
1518015900,142.820,143.420,142.820,143.420,33013,123644
1518015960,143.300,143.300,143.300,143.300,0,0
1518016020,143.340,143.520,143.250,143.520,0,0
1518016080,143.480,143.520,143.480,143.610,0,0
1518016140,143.410,143.610,143.410,143.610,0,0
1518016200,143.460,143.350,143.290,143.460,47917,156657
1518016260,143.250,143.560,143.250,143.560,0,0
1518016320,143.590,143.520,143.410,143.590,0,0
1518016380,143.600,143.790,143.600,143.790,0,0
1518016440,143.760,143.680,143.680,143.790,0,0
1518016500,143.690,143.810,143.690,144.070,24145,204574
1518016560,143.810,143.380,143.380,143.810,0,0
1518016620,143.400,143.610,143.280,143.610,0,0
1518016680,143.690,143.740,143.690,143.740,0,0
1518016740,143.650,143.600,143.600,143.650,0,0
1518016800,143.750,143.750,143.750,143.750,35067,228719
1518016860,143.510,143.310,143.250,143.510,0,0
1518016920,143.310,143.200,143.200,143.310,0,0
1518016980,143.260,143.350,143.260,143.350,0,0
1518017040,143.440,143.440,143.440,143.440,0,0
1518017100,143.430,143.480,143.350,143.480,14993,263786
1518017220,143.450,143.450,143.450,143.450,0,0
1518017280,143.540,143.540,143.540,143.540,0,0
1518017340,143.470,143.460,143.460,143.590,0,0
1518017400,143.530,143.690,143.470,143.690,11701,278779
1518017460,143.670,143.570,143.570,143.670,0,0
1518017520,143.410,143.320,143.320,143.410,0,0
1518017580,143.310,143.210,143.210,143.310,0,0
1518017640,143.100,143.100,143.100,143.100,0,0
1518017700,143.200,143.130,143.130,143.200,11176,290480
1518017760,142.990,143.200,142.990,143.200,0,0
1518017820,143.070,143.140,143.070,143.140,0,0
1518017880,143.210,143.120,143.120,143.210,0,0
1518018000,143.010,143.120,143.010,143.120,14365,301656
1518018120,143.010,143.120,143.010,143.120,0,0
1518018240,143.040,143.040,143.040,143.040,0,0
1518018300,143.190,143.190,143.190,143.190,8639,316021
1518018360,143.190,143.190,143.190,143.190,0,0
1518018420,143.270,143.270,143.270,143.270,0,0
1518018480,143.390,143.390,143.390,143.390,0,0
1518018540,143.380,143.390,143.380,143.390,0,0
1518018600,143.480,143.430,143.430,143.480,5059,324660
1518018660,143.350,143.350,143.350,143.350,0,0
1518018720,143.470,143.460,143.400,143.470,0,0
1518018840,143.430,143.430,143.430,143.430,0,0
1518018900,143.600,143.710,143.600,143.710,14847,329719
1518018960,143.650,143.740,143.650,143.750,0,0
1518019020,143.680,143.640,143.640,143.680,0,0
1518019080,143.760,143.760,143.760,143.760,0,0
1518019140,143.890,143.860,143.860,143.890,0,0
1518019200,144.070,143.810,143.810,144.070,6269,344566
1518019260,143.780,143.780,143.780,143.780,0,0
1518019320,143.870,143.910,143.870,144.040,0,0
1518019380,143.830,143.830,143.830,143.830,0,0
1518019440,143.870,143.870,143.870,143.870,0,0
1518019500,143.960,143.960,143.960,143.960,8688,350835
1518019560,143.990,144.040,143.990,144.040,0,0
1518019620,143.970,144.120,143.970,144.260,0,0
1518019680,144.190,144.190,144.190,144.190,0,0
1518019740,144.190,144.340,144.190,144.340,0,0
1518019800,144.280,144.050,144.050,144.280,5040,359523
1518019920,144.040,144.180,144.040,144.180,0,0
1518019980,144.240,144.210,144.210,144.240,0,0
1518020100,144.330,144.300,144.300,144.330,12941,364563
1518020160,144.270,144.370,144.270,144.370,0,0
1518020220,144.250,144.290,144.250,144.290,0,0
1518020340,144.270,144.020,144.020,144.270,0,0
1518020400,144.080,144.080,144.080,144.080,8715,377504
1518020520,144.020,144.140,144.020,144.140,0,0
1518020580,144.070,144.160,144.070,144.160,0,0
1518020640,144.210,144.210,144.210,144.210,0,0
1518020700,144.300,144.220,144.140,144.300,11965,386219
1518020760,144.060,144.060,144.060,144.060,0,0
1518020820,144.090,144.090,144.090,144.090,0,0
1518020880,144.130,144.110,144.110,144.130,0,0
1518020940,143.960,143.960,143.960,143.960,0,0
1518021000,143.850,143.810,143.810,143.850,19207,398184
1518021060,143.700,143.700,143.700,143.700,0,0
1518021120,143.600,143.740,143.600,143.740,0,0
1518021180,143.560,143.810,143.560,143.830,0,0
1518021240,143.880,143.910,143.880,143.910,0,0
1518021300,143.740,143.800,143.740,143.800,10148,417391
1518021480,143.730,143.690,143.690,143.730,0,0
1518021540,143.640,143.810,143.640,143.810,0,0
1518021600,143.810,143.650,143.650,143.810,6453,427539
1518021660,143.610,143.610,143.610,143.610,0,0
1518021720,143.640,143.650,143.520,143.650,0,0
1518021780,143.700,143.770,143.700,143.770,0,0
1518021840,143.880,143.960,143.880,143.970,0,0
1518021900,143.970,143.630,143.630,143.970,4442,433992
1518021960,143.640,143.640,143.640,143.640,0,0
1518022200,143.520,143.500,143.440,143.520,12170,438434
1518022260,143.580,143.630,143.580,143.630,0,0
1518022320,143.750,143.750,143.750,143.750,0,0
1518022380,143.640,143.620,143.620,143.640,0,0
1518022440,143.690,143.690,143.690,143.690,0,0
1518022500,143.530,143.490,143.490,143.530,4484,450604
1518022560,143.620,143.690,143.620,143.690,0,0
1518022680,143.860,143.870,143.860,143.870,0,0
1518022800,143.790,143.780,143.780,143.790,8784,455088
1518022860,143.860,144.070,143.860,144.070,0,0
1518022920,143.960,143.990,143.880,143.990,0,0
1518022980,143.950,143.870,143.870,143.950,0,0
1518023040,143.940,143.940,143.940,143.940,0,0
1518023100,143.790,143.760,143.760,143.790,4370,463872
1518023220,143.790,143.760,143.760,143.790,0,0
1518023340,143.570,143.850,143.570,143.850,0,0
1518023400,143.910,143.940,143.910,143.940,5680,468242
1518023460,143.910,143.940,143.910,143.940,0,0
1518023520,144.120,144.120,144.120,144.120,0,0
1518023580,144.040,144.010,144.010,144.040,0,0
1518023700,144.130,144.130,144.130,144.130,5732,473922
1518023760,144.310,144.310,144.310,144.310,0,0
1518023820,144.040,144.040,144.040,144.040,0,0
1518023880,143.970,144.020,143.890,144.020,0,0
1518024000,144.030,144.020,144.020,144.030,15348,479654
1518024060,143.840,143.960,143.840,143.970,0,0
1518024120,143.970,144.030,143.940,144.050,0,0
1518024180,144.040,144.030,143.960,144.050,0,0
1518024240,143.920,143.960,143.920,143.960,0,0
1518024300,144.130,144.130,144.130,144.130,13435,495002
1518024360,144.060,144.050,144.000,144.110,0,0
1518024420,144.020,143.950,143.950,144.020,0,0
1518024480,144.050,144.060,144.050,144.160,0,0
1518024540,144.120,144.240,144.120,144.240,0,0
1518024600,144.270,144.200,144.180,144.270,12299,508437
1518024660,144.070,144.070,144.070,144.070,0,0
1518024720,143.970,144.030,143.970,144.030,0,0
1518024780,144.050,144.030,144.020,144.090,0,0
1518024840,144.030,144.000,143.940,144.030,0,0
1518024900,143.910,144.000,143.910,144.000,11193,520736
1518024960,144.040,143.960,143.910,144.040,0,0
1518025020,143.890,143.890,143.890,143.890,0,0
1518025140,143.710,143.610,143.610,143.710,0,0
1518025200,143.640,143.570,143.570,143.640,7375,531929
1518025260,143.640,143.570,143.570,143.640,0,0
1518025320,143.660,143.710,143.660,143.710,0,0
1518025380,143.810,143.810,143.810,143.810,0,0
1518025440,143.750,143.790,143.750,143.790,0,0
1518025500,143.720,143.840,143.720,143.840,9316,539304
1518025560,143.920,143.840,143.840,143.920,0,0
1518025620,143.760,143.720,143.720,143.760,0,0
1518025740,143.440,143.400,143.400,143.440,0,0
1518025800,143.410,143.430,143.410,143.510,4140,548620
1518025920,143.610,143.610,143.610,143.610,0,0
1518025980,143.640,143.680,143.640,143.680,0,0
1518026100,143.460,143.610,143.460,143.610,5673,552760
1518026160,143.640,143.640,143.640,143.640,0,0
1518026220,143.560,143.560,143.560,143.560,0,0
1518026280,143.640,143.640,143.640,143.640,0,0
1518026340,143.520,143.520,143.520,143.520,0,0
1518026400,143.570,143.570,143.570,143.570,5751,558433
1518026460,143.750,143.590,143.590,143.750,0,0
1518026580,143.540,143.540,143.540,143.540,0,0
1518026700,143.230,143.180,143.180,143.230,8107,564184
1518026760,143.230,143.180,143.180,143.230,0,0
1518026820,143.080,143.090,143.080,143.090,0,0
1518026880,143.060,143.310,143.060,143.310,0,0
1518026940,143.200,143.290,143.200,143.290,0,0
1518027000,143.100,143.100,143.100,143.100,6648,572291
1518027060,143.110,143.110,143.110,143.110,0,0
1518027120,142.990,143.030,142.990,143.030,0,0
1518027180,142.940,142.810,142.810,142.940,0,0
1518027240,142.750,142.790,142.750,142.790,0,0
1518027300,142.720,142.720,142.720,142.720,7140,578939
1518027360,142.710,142.800,142.710,142.800,0,0
1518027420,142.910,142.910,142.910,142.910,0,0
1518027480,142.880,142.880,142.880,142.880,0,0
1518027540,143.020,143.140,143.020,143.140,0,0
1518027600,143.220,143.220,143.220,143.220,7809,586079
1518027660,143.080,143.190,143.080,143.190,0,0
1518027720,143.160,143.020,143.020,143.160,0,0
1518027780,142.710,142.800,142.710,142.800,0,0
1518027900,142.870,142.640,142.640,142.870,12990,593888
1518027960,142.640,142.840,142.640,142.840,0,0
1518028080,142.760,142.710,142.710,142.760,0,0
1518028140,142.810,143.160,142.810,143.160,0,0
1518028200,143.000,142.980,142.980,143.000,15226,606878
1518028260,142.980,143.050,142.980,143.050,0,0
1518028320,142.960,142.960,142.960,142.960,0,0
1518028380,143.030,143.110,143.030,143.210,0,0
1518028440,143.150,143.340,143.150,143.340,0,0
1518028500,143.430,143.430,143.430,143.430,13250,622104
1518028560,143.300,143.590,143.300,143.590,0,0
1518028680,143.800,143.650,143.650,143.800,0,0
1518028740,143.390,143.410,143.390,143.410,0,0
1518028800,143.480,143.500,143.480,143.550,10180,635354
1518028860,143.510,143.580,143.510,143.580,0,0
1518028920,143.530,143.530,143.530,143.530,0,0
1518028980,143.470,143.610,143.430,143.610,0,0
1518029100,143.750,143.780,143.750,143.780,14342,645534
1518029160,143.780,143.850,143.730,143.850,0,0
1518029220,143.760,143.530,143.530,143.760,0,0
1518029280,143.490,143.660,143.490,143.690,0,0
1518029340,143.620,143.550,143.550,143.620,0,0
1518029400,143.420,143.420,143.420,143.420,9227,659876
1518029460,143.420,143.420,143.420,143.420,0,0
1518029520,143.430,143.230,143.230,143.430,0,0
1518029580,143.200,143.450,143.200,143.450,0,0
1518029640,143.320,143.320,143.320,143.320,0,0
1518029700,143.220,143.310,143.220,143.310,7053,669103
1518029760,143.280,143.290,143.280,143.290,0,0
1518029820,143.350,143.350,143.350,143.350,0,0
1518029880,143.300,143.350,143.270,143.350,0,0
1518029940,143.440,143.440,143.440,143.440,0,0
1518030000,143.320,143.300,143.200,143.320,30395,676156
1518030060,143.050,142.950,142.950,143.090,0,0
1518030120,143.030,143.060,142.970,143.060,0,0
1518030180,142.990,143.020,142.990,143.020,0,0
1518030240,143.010,142.880,142.750,143.010,0,0
1518030300,142.870,142.990,142.870,142.990,7519,706551
1518030360,142.960,142.960,142.960,142.960,0,0
1518030420,142.750,142.740,142.740,142.750,0,0
1518030480,142.790,142.540,142.540,142.790,0,0
1518030540,142.750,142.780,142.750,142.780,0,0
1518030600,142.800,142.810,142.800,142.810,5812,714070
1518030660,143.070,143.090,142.990,143.090,0,0
1518030720,142.960,143.140,142.960,143.140,0,0
1518030840,143.110,143.150,143.110,143.150,0,0
1518030900,143.130,143.100,143.100,143.130,9969,719882
1518030960,143.130,143.070,143.070,143.130,0,0
1518031020,143.270,143.270,143.270,143.270,0,0
1518031080,143.260,143.180,143.180,143.260,0,0
1518031140,143.110,143.270,143.110,143.270,0,0
1518031200,143.330,143.370,143.330,143.410,8026,729851
1518031260,143.430,143.320,143.320,143.430,0,0
1518031380,143.470,143.470,143.470,143.470,0,0
1518031440,143.440,143.430,143.390,143.440,0,0
1518031500,143.250,143.250,143.250,143.250,10240,737877
1518031560,143.380,143.450,143.380,143.450,0,0
1518031620,143.450,143.470,143.400,143.500,0,0
1518031680,143.490,143.450,143.410,143.490,0,0
1518031740,143.490,143.620,143.490,143.620,0,0
1518031800,143.530,143.510,143.510,143.590,12700,748117
1518031860,143.520,143.470,143.470,143.520,0,0
1518031920,143.540,143.630,143.520,143.630,0,0
1518031980,143.580,143.520,143.500,143.580,0,0
1518032040,143.500,143.570,143.500,143.590,0,0
1518032100,143.520,143.490,143.490,143.520,12201,760817
1518032160,143.560,143.490,143.490,143.560,0,0
1518032280,143.510,143.510,143.510,143.510,0,0
1518032340,143.460,143.240,143.240,143.460,0,0
1518032400,143.020,143.120,143.020,143.120,11443,773018
1518032460,143.190,143.150,143.150,143.280,0,0
1518032520,143.160,143.100,143.100,143.160,0,0
1518032580,143.160,143.050,143.050,143.190,0,0
1518032640,143.040,143.000,143.000,143.040,0,0
1518032700,143.030,143.020,143.020,143.100,18094,784461
1518032760,143.060,143.000,143.000,143.060,0,0
1518032820,142.940,142.790,142.790,142.940,0,0
1518032880,142.800,142.700,142.700,142.800,0,0
1518032940,142.580,142.660,142.580,142.660,0,0
1518033000,142.620,142.460,142.460,142.620,13283,802555
1518033060,142.560,142.720,142.560,142.720,0,0
1518033120,142.740,142.590,142.590,142.740,0,0
1518033180,142.630,142.860,142.620,142.860,0,0
1518033240,142.750,142.870,142.750,142.870,0,0
1518033300,142.730,142.800,142.710,142.860,20685,815838
1518033360,142.950,142.940,142.940,142.950,0,0
1518033420,142.980,142.920,142.920,142.980,0,0
1518033480,142.960,142.900,142.900,142.960,0,0
1518033540,142.970,143.230,142.970,143.230,0,0
1518033600,143.230,143.090,143.090,143.230,17438,836523
1518033660,143.170,143.360,143.170,143.360,0,0
1518033720,143.500,143.520,143.500,143.520,0,0
1518033780,143.480,143.460,143.460,143.480,0,0
1518033840,143.490,143.460,143.450,143.490,0,0
1518033900,143.540,143.540,143.540,143.540,13678,853961
1518033960,143.520,143.540,143.480,143.540,0,0
1518034020,143.640,143.510,143.510,143.640,0,0
1518034140,143.530,143.460,143.460,143.540,0,0
1518034200,143.440,143.480,143.440,143.480,13043,867639
1518034260,143.540,143.440,143.440,143.540,0,0
1518034320,143.440,143.480,143.440,143.560,0,0
1518034380,143.620,143.680,143.620,143.680,0,0
1518034440,143.750,143.760,143.750,143.760,0,0
1518034500,143.790,143.740,143.670,143.790,13146,880682
1518034560,143.800,143.800,143.800,143.800,0,0
1518034620,143.740,143.650,143.650,143.750,0,0
1518034680,143.620,143.540,143.540,143.620,0,0
1518034740,143.610,143.640,143.610,143.640,0,0
1518034800,143.590,143.570,143.570,143.590,14571,893828
1518034860,143.790,143.790,143.790,143.790,0,0
1518034920,143.880,143.880,143.880,143.880,0,0
1518034980,143.790,143.680,143.680,143.790,0,0
1518035040,143.590,143.620,143.590,143.620,0,0
1518035100,143.540,143.650,143.460,143.650,17057,908399
1518035160,143.790,143.920,143.790,143.930,0,0
1518035220,143.920,143.990,143.920,143.990,0,0
1518035280,143.940,143.860,143.860,143.940,0,0
1518035340,143.820,143.780,143.780,143.820,0,0
1518035400,143.800,143.810,143.800,143.850,29213,925456
1518035460,143.780,143.760,143.760,143.790,0,0
1518035520,143.730,143.690,143.690,143.760,0,0
1518035580,143.660,143.790,143.660,143.790,0,0
1518035640,143.840,143.890,143.840,143.890,0,0
1518035700,143.920,144.090,143.880,144.090,30795,954669
1518035760,144.030,144.060,144.020,144.090,0,0
1518035820,144.000,144.030,143.970,144.030,0,0
1518035880,143.960,143.940,143.880,143.960,0,0
1518035940,143.980,143.950,143.870,143.980,0,0
1518036000,143.850,143.940,143.850,143.940,32397,985464
1518036060,143.990,143.950,143.930,143.990,0,0
1518036120,144.020,143.820,143.820,144.020,0,0
1518036180,143.850,143.920,143.850,143.920,0,0
1518036240,143.950,143.830,143.830,143.950,0,0
1518036300,143.680,143.380,143.380,143.700,46368,1017861
1518036360,143.370,143.270,143.270,143.450,0,0
1518036420,143.170,143.220,143.170,143.360,0,0
1518036480,143.240,143.340,143.230,143.390,0,0
1518036540,143.260,143.340,143.250,143.400,0,0
1518036600,143.310,143.130,143.100,143.340,65833,1064229
1518036660,143.300,143.230,143.190,143.450,0,0
1518036720,143.050,143.100,143.000,143.110,0,0
1518036780,143.070,142.870,142.820,143.070,0,0
1518036840,142.890,142.980,142.800,142.980,0,0
1518036900,142.980,143.050,142.980,143.210,116740,1130062
1518036960,143.030,142.990,142.910,143.030,0,0
1518037020,142.960,142.940,142.850,142.960,0,0
1518037080,142.940,142.740,142.740,142.970,0,0
1518037140,142.740,142.680,142.680,142.870,0,0
