1504272600,39.300,39.380,39.300,39.410,8694,0
1504272660,39.400,39.440,39.400,39.440,8693,0
1504272720,39.450,39.480,39.450,39.480,8693,0
1504272780,39.460,39.470,39.460,39.470,8693,0
1504272840,39.450,39.450,39.450,39.460,8693,0
1504272900,39.470,39.410,39.410,39.470,3400,43466
1504272960,39.360,39.360,39.330,39.360,3398,43466
1504273020,39.370,39.310,39.310,39.370,3398,43466
1504273080,39.310,39.310,39.310,39.340,3398,43466
1504273140,39.300,39.280,39.280,39.300,3398,43466
1504273200,39.270,39.290,39.270,39.310,5504,60458
1504273260,39.290,39.300,39.290,39.310,5502,60458
1504273320,39.300,39.280,39.270,39.300,5502,60458
1504273380,39.290,39.330,39.290,39.350,5502,60458
1504273440,39.330,39.370,39.330,39.370,5502,60458
1504273500,39.370,39.360,39.360,39.390,6928,87970
1504273560,39.360,39.330,39.330,39.360,6925,87970
1504273620,39.340,39.290,39.280,39.340,6925,87970
1504273680,39.290,39.310,39.290,39.310,6925,87970
1504273740,39.280,39.290,39.260,39.290,6925,87970
1504273800,39.260,39.220,39.220,39.260,4825,122598
1504273860,39.210,39.180,39.180,39.210,4821,122598
1504273920,39.150,39.200,39.150,39.200,4821,122598
1504273980,39.180,39.180,39.170,39.180,4821,122598
1504274040,39.190,39.160,39.160,39.210,4821,122598
1504274100,39.150,39.130,39.130,39.150,1844,146707
1504274160,39.120,39.100,39.100,39.120,1841,146707
1504274220,39.090,39.100,39.090,39.100,1841,146707
1504274280,39.080,39.100,39.080,39.100,1841,146707
1504274340,39.070,39.090,39.070,39.090,1841,146707
1504274400,39.040,38.980,38.980,39.040,5444,155915
1504274460,39.010,39.030,39.010,39.030,5444,155915
1504274520,39.030,39.050,39.030,39.050,5444,155915
1504274580,39.050,39.020,39.020,39.080,5444,155915
1504274640,39.020,39.040,39.000,39.040,5444,155915
1504274700,39.030,39.000,39.000,39.040,2009,183135
1504274760,39.010,39.030,39.010,39.040,2006,183135
1504274820,39.030,38.990,38.980,39.030,2006,183135
1504274880,38.990,38.990,38.990,38.990,2006,183135
1504274940,39.020,39.020,39.020,39.020,2006,183135
1504275000,39.020,39.050,39.020,39.050,2597,193168
1504275060,39.050,39.070,39.050,39.070,2593,193168
1504275120,39.060,39.070,39.050,39.070,2593,193168
1504275180,39.060,39.060,39.060,39.060,2593,193168
1504275240,39.060,39.070,39.060,39.070,2593,193168
1504275300,39.050,39.050,39.050,39.070,3338,206137
1504275360,39.060,39.070,39.060,39.080,3338,206137
1504275420,39.070,39.080,39.070,39.080,3338,206137
1504275480,39.070,39.070,39.060,39.070,3338,206137
1504275540,39.070,39.040,39.040,39.070,3338,206137
1504275600,39.040,39.060,39.040,39.060,3706,222827
1504275660,39.050,39.060,39.050,39.060,3702,222827
1504275720,39.060,39.040,39.040,39.060,3702,222827
1504275780,39.030,38.990,38.990,39.030,3702,222827
1504275840,39.000,39.040,39.000,39.040,3702,222827
1504275900,39.040,39.070,39.040,39.070,2087,241341
1504275960,39.060,39.070,39.060,39.070,2087,241341
1504276020,39.080,39.060,39.060,39.080,2087,241341
1504276080,39.070,39.070,39.070,39.070,2087,241341
1504276140,39.080,39.070,39.070,39.080,2087,241341
1504276200,39.080,39.060,39.060,39.080,2683,251776
1504276260,39.060,39.050,39.050,39.070,2681,251776
1504276320,39.050,39.060,39.050,39.060,2681,251776
1504276380,39.060,39.060,39.060,39.060,2681,251776
1504276440,39.070,39.060,39.060,39.070,2681,251776
1504276500,39.060,39.050,39.050,39.060,3420,265183
1504276560,39.060,39.060,39.060,39.060,3416,265183
1504276620,39.030,39.030,39.030,39.040,3416,265183
1504276680,39.020,39.020,39.020,39.030,3416,265183
1504276740,39.020,39.010,39.010,39.020,3416,265183
1504276800,39.010,39.000,39.000,39.030,3126,282267
1504276860,38.990,38.940,38.940,38.990,3126,282267
1504276920,38.940,38.930,38.930,38.940,3126,282267
1504276980,38.920,38.930,38.920,38.930,3126,282267
1504277040,38.920,38.920,38.920,38.920,3126,282267
1504277100,38.900,38.910,38.900,38.910,2046,297897
1504277160,38.910,38.920,38.910,38.920,2044,297897
1504277220,38.920,38.960,38.920,38.960,2044,297897
1504277280,38.970,38.960,38.960,38.970,2044,297897
1504277340,38.940,38.940,38.940,38.940,2044,297897
1504277400,38.940,38.950,38.940,38.950,2706,308119
1504277460,38.940,38.920,38.920,38.940,2703,308119
1504277520,38.910,38.910,38.910,38.910,2703,308119
1504277580,38.910,38.920,38.910,38.920,2703,308119
1504277640,38.920,38.920,38.910,38.920,2703,308119
1504277700,38.920,38.920,38.920,38.920,3228,321637
1504277760,38.910,38.910,38.910,38.910,3227,321637
1504277820,38.910,38.900,38.900,38.910,3227,321637
1504277880,38.910,38.910,38.900,38.910,3227,321637
1504277940,38.910,38.900,38.900,38.910,3227,321637
1504278000,38.880,38.870,38.870,38.880,4069,337773
1504278060,38.860,38.850,38.850,38.860,4068,337773
1504278120,38.850,38.850,38.850,38.850,4068,337773
1504278180,38.850,38.870,38.850,38.870,4068,337773
1504278240,38.860,38.830,38.830,38.860,4068,337773
1504278300,38.840,38.850,38.840,38.850,2815,358114
1504278360,38.850,38.850,38.850,38.850,2815,358114
1504278420,38.830,38.830,38.830,38.830,2815,358114
1504278480,38.840,38.850,38.840,38.850,2815,358114
1504278540,38.840,38.870,38.840,38.870,2815,358114
1504278600,38.870,38.870,38.860,38.870,2119,372189
1504278660,38.870,38.870,38.870,38.870,2116,372189
1504278720,38.870,38.870,38.870,38.870,2116,372189
1504278780,38.870,38.870,38.870,38.870,2116,372189
1504278840,38.890,38.900,38.890,38.900,2116,372189
1504278900,38.920,38.920,38.910,38.920,4230,382772
1504278960,38.920,38.910,38.910,38.930,4230,382772
1504279020,38.910,38.900,38.900,38.910,4230,382772
1504279080,38.910,38.900,38.900,38.910,4230,382772
1504279140,38.900,38.840,38.840,38.900,4230,382772
1504279200,38.840,38.850,38.840,38.850,2518,403922
1504279260,38.870,38.880,38.870,38.880,2518,403922
1504279320,38.880,38.880,38.880,38.890,2518,403922
1504279380,38.890,38.850,38.850,38.890,2518,403922
1504279440,38.860,38.850,38.850,38.860,2518,403922
1504279500,38.850,38.850,38.850,38.860,3988,416512
1504279560,38.860,38.890,38.860,38.890,3987,416512
1504279620,38.890,38.890,38.890,38.890,3987,416512
1504279680,38.910,38.930,38.910,38.940,3987,416512
1504279740,38.940,38.940,38.940,38.950,3987,416512
1504279800,38.940,38.950,38.940,38.950,2023,436448
1504279860,38.950,38.950,38.930,38.950,2020,436448
1504279920,38.950,38.950,38.950,38.950,2020,436448
1504279980,38.960,38.960,38.960,38.970,2020,436448
1504280040,38.970,38.970,38.970,38.970,2020,436448
1504280100,38.970,38.970,38.970,38.970,2495,446551
1504280160,38.960,38.950,38.940,38.970,2495,446551
1504280220,38.950,38.940,38.940,38.950,2495,446551
1504280280,38.950,38.940,38.940,38.950,2495,446551
1504280340,38.950,38.950,38.950,38.950,2495,446551
1504280400,38.950,38.910,38.910,38.950,1996,459026
1504280460,38.910,38.910,38.910,38.910,1996,459026
1504280520,38.900,38.910,38.900,38.910,1996,459026
1504280580,38.900,38.910,38.900,38.910,1996,459026
1504280640,38.910,38.910,38.910,38.910,1996,459026
1504280700,38.910,38.910,38.910,38.910,1547,469006
1504280760,38.910,38.910,38.910,38.910,1544,469006
1504280820,38.910,38.910,38.910,38.910,1544,469006
1504280880,38.900,38.880,38.880,38.900,1544,469006
1504280940,38.880,38.880,38.880,38.880,1544,469006
1504281000,38.880,38.870,38.870,38.880,918,476729
1504281060,38.870,38.870,38.870,38.870,916,476729
1504281120,38.870,38.870,38.870,38.870,916,476729
1504281180,38.880,38.880,38.880,38.880,916,476729
1504281240,38.880,38.880,38.880,38.880,916,476729
1504281300,38.890,38.890,38.890,38.890,1109,481311
1504281360,38.890,38.890,38.890,38.890,1107,481311
1504281420,38.890,38.890,38.890,38.890,1107,481311
1504281480,38.880,38.880,38.880,38.880,1107,481311
1504281540,38.890,38.880,38.880,38.890,1107,481311
1504281600,38.890,38.880,38.880,38.890,2913,486848
1504281660,38.880,38.900,38.880,38.900,2910,486848
1504281720,38.910,38.910,38.910,38.910,2910,486848
1504281780,38.940,38.950,38.940,38.950,2910,486848
1504281840,38.940,38.910,38.910,38.940,2910,486848
1504281900,38.910,38.910,38.910,38.910,1445,501401
1504281960,38.910,38.900,38.900,38.910,1442,501401
1504282020,38.890,38.890,38.890,38.890,1442,501401
1504282080,38.900,38.880,38.880,38.900,1442,501401
1504282140,38.880,38.880,38.880,38.880,1442,501401
1504282200,38.890,38.880,38.880,38.890,2690,508614
1504282260,38.880,38.880,38.880,38.880,2688,508614
1504282320,38.870,38.890,38.870,38.890,2688,508614
1504282380,38.870,38.890,38.870,38.890,2688,508614
1504282440,38.900,38.900,38.900,38.900,2688,508614
1504282500,38.900,38.900,38.900,38.900,1478,522056
1504282560,38.910,38.910,38.910,38.920,1474,522056
1504282620,38.910,38.910,38.910,38.920,1474,522056
1504282680,38.930,38.910,38.910,38.930,1474,522056
1504282740,38.930,38.910,38.910,38.930,1474,522056
1504282800,38.930,38.910,38.910,38.930,4338,529430
1504282860,38.920,38.880,38.880,38.920,4338,529430
1504282920,38.880,38.890,38.880,38.910,4338,529430
1504282980,38.890,38.890,38.890,38.890,4338,529430
1504283040,38.910,38.900,38.900,38.910,4338,529430
1504283100,38.910,38.920,38.910,38.920,2704,551120
1504283160,38.930,38.930,38.930,38.930,2702,551120
1504283220,38.940,38.950,38.940,38.950,2702,551120
1504283280,38.950,38.950,38.940,38.950,2702,551120
1504283340,38.950,38.940,38.940,38.950,2702,551120
1504283400,38.940,38.930,38.930,38.940,2661,564632
1504283460,38.930,38.920,38.920,38.930,2660,564632
1504283520,38.940,38.930,38.930,38.940,2660,564632
1504283580,38.930,38.930,38.930,38.930,2660,564632
1504283640,38.930,38.940,38.920,38.940,2660,564632
1504283700,38.940,38.940,38.940,38.940,1207,577933
1504283760,38.930,38.930,38.930,38.930,1203,577933
1504283820,38.910,38.910,38.910,38.910,1203,577933
1504283880,38.910,38.920,38.910,38.920,1203,577933
1504283940,38.930,38.940,38.930,38.940,1203,577933
1504284000,38.940,38.940,38.930,38.940,1574,583952
1504284060,38.940,38.940,38.940,38.940,1571,583952
1504284120,38.950,38.950,38.950,38.950,1571,583952
1504284180,38.950,38.950,38.950,38.950,1571,583952
1504284240,38.950,38.950,38.950,38.950,1571,583952
1504284300,38.980,38.980,38.980,38.980,2607,591810
1504284360,38.980,38.980,38.980,38.990,2606,591810
1504284420,38.980,38.970,38.970,38.990,2606,591810
1504284480,38.950,38.950,38.950,38.950,2606,591810
1504284540,38.950,38.950,38.950,38.970,2606,591810
1504284600,38.950,38.960,38.950,38.960,1377,604841
1504284660,38.970,38.980,38.970,38.980,1375,604841
1504284720,38.980,38.990,38.980,38.990,1375,604841
1504284780,38.980,38.980,38.980,38.990,1375,604841
1504284840,38.990,38.990,38.990,38.990,1375,604841
1504284900,38.980,38.970,38.970,38.980,2436,611718
1504284960,38.980,38.980,38.980,38.980,2433,611718
1504285020,38.970,38.960,38.960,38.970,2433,611718
1504285080,38.970,38.970,38.970,38.970,2433,611718
1504285140,38.960,38.940,38.940,38.960,2433,611718
1504285200,38.940,38.940,38.940,38.940,2048,623886
1504285260,38.940,38.940,38.940,38.950,2047,623886
1504285320,38.950,38.960,38.950,38.960,2047,623886
1504285380,38.960,38.960,38.960,38.960,2047,623886
1504285440,38.960,38.960,38.960,38.960,2047,623886
1504285500,38.960,38.960,38.960,38.970,928,634122
1504285560,38.960,38.950,38.950,38.960,928,634122
1504285620,38.950,38.950,38.950,38.950,928,634122
1504285680,38.950,38.950,38.950,38.950,928,634122
1504285740,38.960,38.960,38.960,38.960,928,634122
1504285800,38.960,38.960,38.960,38.960,1092,638762
1504285860,38.950,38.950,38.950,38.950,1091,638762
1504285920,38.950,38.960,38.940,38.960,1091,638762
1504285980,38.950,38.950,38.950,38.950,1091,638762
1504286040,38.950,38.950,38.950,38.950,1091,638762
1504286100,38.950,38.950,38.950,38.950,1377,644218
1504286160,38.950,38.950,38.950,38.950,1377,644218
1504286220,38.950,38.940,38.940,38.950,1377,644218
1504286280,38.950,38.940,38.940,38.950,1377,644218
1504286340,38.930,38.930,38.930,38.930,1377,644218
1504286400,38.930,38.900,38.900,38.930,1992,651103
1504286460,38.900,38.900,38.890,38.900,1989,651103
1504286520,38.900,38.910,38.900,38.910,1989,651103
1504286580,38.910,38.910,38.910,38.910,1989,651103
1504286640,38.920,38.920,38.920,38.920,1989,651103
1504286700,38.920,38.920,38.920,38.920,1618,661051
1504286760,38.920,38.920,38.920,38.920,1614,661051
1504286820,38.920,38.910,38.910,38.920,1614,661051
1504286880,38.920,38.910,38.910,38.920,1614,661051
1504286940,38.920,38.920,38.920,38.920,1614,661051
1504287000,38.930,38.930,38.930,38.940,2547,669125
1504287060,38.930,38.930,38.930,38.930,2546,669125
1504287120,38.940,38.940,38.940,38.940,2546,669125
1504287180,38.940,38.930,38.930,38.940,2546,669125
1504287240,38.930,38.910,38.910,38.930,2546,669125
1504287300,38.910,38.920,38.910,38.920,2538,681856
1504287360,38.920,38.920,38.920,38.920,2538,681856
1504287420,38.910,38.920,38.910,38.920,2538,681856
1504287480,38.920,38.920,38.920,38.920,2538,681856
1504287540,38.910,38.920,38.910,38.930,2538,681856
1504287600,38.920,38.930,38.920,38.970,2260,694546
1504287660,38.930,38.910,38.910,38.930,2256,694546
1504287720,38.930,38.910,38.910,38.930,2256,694546
1504287780,38.920,38.920,38.920,38.920,2256,694546
1504287840,38.930,38.930,38.930,38.930,2256,694546
1504287900,38.940,38.930,38.930,38.940,3624,705830
1504287960,38.920,38.910,38.910,38.920,3624,705830
1504288020,38.920,38.910,38.910,38.920,3624,705830
1504288080,38.920,38.910,38.910,38.920,3624,705830
1504288140,38.920,38.920,38.920,38.920,3624,705830
1504288200,38.920,38.920,38.920,38.920,487,723950
1504288260,38.910,38.920,38.910,38.920,487,723950
1504288320,38.910,38.910,38.910,38.910,487,723950
1504288380,38.900,38.910,38.900,38.910,487,723950
1504288440,38.910,38.910,38.910,38.910,487,723950
1504288500,38.910,38.900,38.900,38.910,5450,726385
1504288560,38.910,38.910,38.910,38.910,5446,726385
1504288620,38.910,38.870,38.870,38.910,5446,726385
1504288680,38.880,38.890,38.880,38.890,5446,726385
1504288740,38.900,38.910,38.900,38.910,5446,726385
1504288800,38.900,38.900,38.900,38.910,1017,753619
1504288860,38.900,38.900,38.900,38.910,1015,753619
1504288920,38.910,38.910,38.910,38.910,1015,753619
1504288980,38.910,38.920,38.910,38.920,1015,753619
1504289040,38.920,38.920,38.920,38.920,1015,753619
1504289100,38.940,38.930,38.930,38.940,1095,758696
1504289160,38.930,38.930,38.930,38.930,1095,758696
1504289220,38.930,38.930,38.930,38.930,1095,758696
1504289280,38.920,38.920,38.920,38.920,1095,758696
1504289340,38.930,38.930,38.920,38.930,1095,758696
1504289400,38.920,38.890,38.890,38.920,10879,764171
1504289460,38.880,38.890,38.880,38.890,10877,764171
1504289520,38.880,38.890,38.880,38.890,10877,764171
1504289580,38.900,38.910,38.900,38.910,10877,764171
1504289640,38.880,38.910,38.880,38.910,10877,764171
1504289700,38.910,38.920,38.910,38.920,6296,818558
1504289760,38.910,38.920,38.910,38.920,6294,818558
1504289820,38.920,38.920,38.920,38.940,6294,818558
1504289880,38.910,38.910,38.900,38.910,6294,818558
1504289940,38.920,38.920,38.920,38.920,6294,818558
1504290000,38.910,38.910,38.910,38.910,3210,850030
1504290060,38.900,38.880,38.880,38.910,3210,850030
1504290120,38.880,38.880,38.880,38.890,3210,850030
1504290180,38.880,38.880,38.870,38.880,3210,850030
1504290240,38.880,38.880,38.880,38.880,3210,850030
1504290300,38.880,38.880,38.880,38.890,1904,866080
1504290360,38.880,38.880,38.880,38.880,1904,866080
1504290420,38.890,38.890,38.890,38.890,1904,866080
1504290480,38.890,38.880,38.880,38.890,1904,866080
1504290540,38.880,38.880,38.880,38.880,1904,866080
1504290600,38.870,38.810,38.810,38.870,5966,875600
1504290660,38.820,38.840,38.820,38.840,5963,875600
1504290720,38.850,38.850,38.850,38.850,5963,875600
1504290780,38.850,38.850,38.840,38.850,5963,875600
1504290840,38.840,38.840,38.840,38.840,5963,875600
1504290900,38.850,38.850,38.850,38.860,4986,905418
1504290960,38.870,38.850,38.830,38.870,4984,905418
1504291020,38.870,38.850,38.830,38.870,4984,905418
1504291080,38.870,38.850,38.830,38.870,4984,905418
1504291140,38.840,38.820,38.820,38.840,4984,905418
1504291200,38.840,38.820,38.820,38.840,824,930340
1504291260,38.840,38.840,38.830,38.840,820,930340
1504291320,38.840,38.840,38.840,38.840,820,930340
1504291380,38.840,38.840,38.840,38.840,820,930340
1504291440,38.840,38.840,38.840,38.840,820,930340
1504291500,38.840,38.830,38.830,38.840,1973,934444
1504291560,38.840,38.840,38.840,38.840,1972,934444
1504291620,38.830,38.840,38.830,38.840,1972,934444
1504291680,38.830,38.850,38.830,38.850,1972,934444
1504291740,38.850,38.860,38.850,38.860,1972,934444
1504291800,38.870,38.870,38.860,38.870,2396,944305
1504291860,38.870,38.870,38.870,38.870,2393,944305
1504291920,38.880,38.860,38.860,38.880,2393,944305
1504291980,38.870,38.870,38.870,38.870,2393,944305
1504292040,38.870,38.870,38.870,38.870,2393,944305
1504292100,38.870,38.870,38.870,38.870,2585,956273
1504292160,38.880,38.890,38.880,38.890,2581,956273
1504292220,38.880,38.890,38.880,38.890,2581,956273
1504292280,38.900,38.900,38.900,38.900,2581,956273
1504292340,38.890,38.860,38.860,38.890,2581,956273
1504292400,38.870,38.870,38.870,38.880,1975,969182
1504292460,38.880,38.870,38.870,38.880,1971,969182
1504292520,38.870,38.880,38.870,38.880,1971,969182
1504292580,38.880,38.870,38.870,38.880,1971,969182
1504292640,38.880,38.870,38.870,38.880,1971,969182
1504292700,38.880,38.880,38.880,38.880,2733,979041
1504292760,38.880,38.880,38.870,38.880,2733,979041
1504292820,38.880,38.890,38.870,38.890,2733,979041
1504292880,38.880,38.880,38.880,38.880,2733,979041
1504292940,38.890,38.890,38.880,38.890,2733,979041
1504293000,38.880,38.880,38.880,38.890,4634,992706
1504293060,38.880,38.880,38.880,38.880,4634,992706
1504293120,38.880,38.880,38.880,38.880,4634,992706
1504293180,38.880,38.880,38.880,38.880,4634,992706
1504293240,38.880,38.850,38.850,38.880,4634,992706
1504293300,38.840,38.850,38.840,38.850,5543,1015876
1504293360,38.850,38.850,38.840,38.850,5541,1015876
1504293420,38.840,38.840,38.840,38.840,5541,1015876
1504293480,38.840,38.840,38.840,38.840,5541,1015876
1504293540,38.850,38.850,38.840,38.850,5541,1015876
1504293600,38.840,38.840,38.840,38.840,5372,1043583
1504293660,38.840,38.850,38.840,38.850,5371,1043583
1504293720,38.840,38.850,38.840,38.850,5371,1043583
1504293780,38.870,38.880,38.870,38.880,5371,1043583
1504293840,38.870,38.860,38.860,38.870,5371,1043583
1504293900,38.850,38.850,38.850,38.850,6263,1070439
1504293960,38.820,38.840,38.820,38.840,6260,1070439
1504294020,38.840,38.850,38.840,38.850,6260,1070439
1504294080,38.840,38.840,38.840,38.840,6260,1070439
1504294140,38.840,38.840,38.830,38.840,6260,1070439
1504294200,38.840,38.820,38.820,38.840,5181,1101742
1504294260,38.810,38.780,38.780,38.810,5178,1101742
1504294320,38.780,38.780,38.780,38.780,5178,1101742
1504294380,38.790,38.780,38.780,38.790,5178,1101742
1504294440,38.780,38.790,38.780,38.790,5178,1101742
1504294500,38.780,38.780,38.780,38.780,4508,1127635
1504294560,38.780,38.780,38.780,38.780,4505,1127635
1504294620,38.780,38.770,38.770,38.780,4505,1127635
1504294680,38.770,38.780,38.770,38.790,4505,1127635
1504294740,38.780,38.790,38.780,38.790,4505,1127635
1504294800,38.770,38.770,38.770,38.780,4356,1150163
1504294860,38.780,38.780,38.770,38.780,4355,1150163
1504294920,38.770,38.780,38.770,38.780,4355,1150163
1504294980,38.770,38.780,38.770,38.780,4355,1150163
1504295040,38.770,38.790,38.770,38.790,4355,1150163
1504295100,38.790,38.790,38.780,38.790,9486,1171939
1504295160,38.790,38.780,38.780,38.790,9483,1171939
1504295220,38.780,38.780,38.780,38.790,9483,1171939
1504295280,38.780,38.770,38.750,38.780,9483,1171939
1504295340,38.770,38.760,38.750,38.770,9483,1171939
1504295400,38.760,38.770,38.760,38.770,17115,1219357
1504295460,38.760,38.760,38.750,38.770,17113,1219357
1504295520,38.760,38.740,38.740,38.760,17113,1219357
1504295580,38.740,38.750,38.740,38.760,17113,1219357
1504295640,38.740,38.730,38.730,38.750,17113,1219357
1504295700,38.730,38.730,38.730,38.740,35553,1304924
1504295760,38.730,38.730,38.720,38.730,35553,1304924
1504295820,38.720,38.710,38.710,38.730,35553,1304924
1504295880,38.710,38.700,38.700,38.720,35553,1304924
1504295940,38.700,38.690,38.680,38.700,35553,1304924
1504618200,38.510,38.630,38.440,38.630,7690,0
1504618260,38.510,38.630,38.440,38.630,7690,0
1504618320,38.630,38.640,38.630,38.660,7690,0
1504618380,38.700,38.720,38.690,38.720,7690,0
1504618440,38.700,38.680,38.680,38.730,7690,0
1504618500,38.680,38.690,38.660,38.710,3023,38450
1504618560,38.680,38.670,38.670,38.700,3022,38450
1504618620,38.680,38.690,38.680,38.700,3022,38450
1504618680,38.690,38.670,38.670,38.690,3022,38450
1504618740,38.650,38.650,38.640,38.650,3022,38450
1504618800,38.640,38.660,38.640,38.670,2209,53561
1504618860,38.660,38.670,38.660,38.670,2209,53561
1504618920,38.650,38.670,38.650,38.670,2209,53561
1504618980,38.650,38.670,38.650,38.670,2209,53561
1504619040,38.670,38.680,38.670,38.680,2209,53561
1504619100,38.660,38.680,38.650,38.690,2256,64606
1504619160,38.680,38.650,38.650,38.680,2252,64606
1504619220,38.660,38.690,38.660,38.690,2252,64606
1504619280,38.700,38.730,38.700,38.730,2252,64606
1504619340,38.720,38.720,38.720,38.730,2252,64606
1504619400,38.740,38.760,38.740,38.770,2613,75870
1504619460,38.750,38.760,38.750,38.760,2612,75870
1504619520,38.780,38.750,38.750,38.780,2612,75870
1504619580,38.760,38.770,38.760,38.770,2612,75870
1504619640,38.770,38.750,38.750,38.780,2612,75870
1504619700,38.750,38.720,38.720,38.750,1830,88931
1504619760,38.740,38.750,38.740,38.750,1828,88931
1504619820,38.740,38.740,38.730,38.740,1828,88931
1504619880,38.750,38.750,38.750,38.750,1828,88931
1504619940,38.740,38.720,38.720,38.740,1828,88931
1504620000,38.710,38.680,38.680,38.720,4201,98073
1504620060,38.690,38.670,38.670,38.690,4200,98073
1504620120,38.680,38.650,38.650,38.680,4200,98073
1504620180,38.620,38.610,38.610,38.620,4200,98073
1504620240,38.620,38.610,38.610,38.620,4200,98073
1504620300,38.620,38.620,38.610,38.620,3788,119074
1504620360,38.610,38.580,38.580,38.610,3785,119074
1504620420,38.590,38.580,38.580,38.590,3785,119074
1504620480,38.570,38.550,38.550,38.570,3785,119074
1504620540,38.540,38.570,38.540,38.570,3785,119074
1504620600,38.560,38.580,38.560,38.580,3607,138002
1504620660,38.580,38.590,38.570,38.590,3603,138002
1504620720,38.590,38.600,38.590,38.610,3603,138002
1504620780,38.600,38.600,38.600,38.630,3603,138002
1504620840,38.610,38.610,38.610,38.610,3603,138002
1504620900,38.610,38.610,38.610,38.610,2491,156021
1504620960,38.620,38.630,38.620,38.640,2488,156021
1504621020,38.630,38.630,38.630,38.640,2488,156021
1504621080,38.630,38.620,38.620,38.630,2488,156021
1504621140,38.620,38.620,38.620,38.620,2488,156021
1504621200,38.620,38.620,38.620,38.620,2623,168464
1504621260,38.610,38.590,38.590,38.620,2619,168464
1504621320,38.590,38.600,38.590,38.600,2619,168464
1504621380,38.580,38.570,38.570,38.580,2619,168464
1504621440,38.570,38.550,38.550,38.570,2619,168464
1504621500,38.540,38.520,38.520,38.540,3556,181563
1504621560,38.520,38.500,38.500,38.520,3556,181563
1504621620,38.490,38.500,38.490,38.510,3556,181563
1504621680,38.530,38.520,38.510,38.530,3556,181563
1504621740,38.520,38.520,38.520,38.540,3556,181563
1504621800,38.530,38.530,38.530,38.530,1976,199343
1504621860,38.520,38.520,38.520,38.530,1975,199343
1504621920,38.520,38.510,38.510,38.520,1975,199343
1504621980,38.500,38.500,38.500,38.500,1975,199343
1504622040,38.500,38.490,38.490,38.500,1975,199343
1504622100,38.490,38.500,38.490,38.500,8294,209219
1504622160,38.500,38.480,38.480,38.500,8292,209219
1504622220,38.490,38.500,38.490,38.500,8292,209219
1504622280,38.500,38.500,38.500,38.500,8292,209219
1504622340,38.500,38.490,38.490,38.510,8292,209219
1504622400,38.480,38.450,38.450,38.480,5278,250681
1504622460,38.470,38.460,38.460,38.480,5275,250681
1504622520,38.450,38.470,38.430,38.470,5275,250681
1504622580,38.470,38.490,38.470,38.490,5275,250681
1504622640,38.480,38.470,38.460,38.480,5275,250681
1504622700,38.470,38.460,38.460,38.470,7250,277059
1504622760,38.470,38.450,38.450,38.470,7247,277059
1504622820,38.440,38.430,38.430,38.440,7247,277059
1504622880,38.420,38.420,38.420,38.420,7247,277059
1504622940,38.420,38.410,38.400,38.420,7247,277059
1504623000,38.410,38.410,38.400,38.410,8490,313297
1504623060,38.410,38.420,38.410,38.420,8486,313297
1504623120,38.410,38.410,38.410,38.410,8486,313297
1504623180,38.410,38.410,38.410,38.410,8486,313297
1504623240,38.410,38.400,38.400,38.410,8486,313297
1504623300,38.400,38.380,38.380,38.400,3229,355731
1504623360,38.380,38.370,38.370,38.380,3228,355731
1504623420,38.370,38.350,38.350,38.370,3228,355731
1504623480,38.350,38.380,38.350,38.380,3228,355731
1504623540,38.380,38.380,38.380,38.390,3228,355731
1504623600,38.380,38.320,38.320,38.380,2882,371872
1504623660,38.330,38.350,38.330,38.360,2878,371872
1504623720,38.350,38.350,38.340,38.350,2878,371872
1504623780,38.350,38.350,38.350,38.350,2878,371872
1504623840,38.340,38.330,38.330,38.340,2878,371872
1504623900,38.340,38.380,38.340,38.380,4052,386266
1504623960,38.380,38.370,38.360,38.380,4050,386266
1504624020,38.360,38.350,38.350,38.360,4050,386266
1504624080,38.360,38.330,38.330,38.360,4050,386266
1504624140,38.340,38.330,38.320,38.340,4050,386266
1504624200,38.320,38.310,38.290,38.320,4353,406518
1504624260,38.300,38.300,38.300,38.300,4352,406518
1504624320,38.300,38.300,38.300,38.310,4352,406518
1504624380,38.300,38.280,38.280,38.300,4352,406518
1504624440,38.280,38.300,38.280,38.300,4352,406518
1504624500,38.290,38.290,38.290,38.290,2516,428279
1504624560,38.300,38.300,38.290,38.300,2514,428279
1504624620,38.290,38.290,38.290,38.290,2514,428279
1504624680,38.290,38.290,38.290,38.300,2514,428279
1504624740,38.290,38.270,38.260,38.290,2514,428279
1504624800,38.260,38.260,38.260,38.270,4039,440851
1504624860,38.280,38.270,38.270,38.280,4035,440851
1504624920,38.270,38.290,38.270,38.290,4035,440851
1504624980,38.280,38.280,38.280,38.280,4035,440851
1504625040,38.300,38.300,38.300,38.300,4035,440851
1504625100,38.300,38.300,38.300,38.300,2569,461030
1504625160,38.300,38.300,38.300,38.300,2565,461030
1504625220,38.300,38.280,38.280,38.300,2565,461030
1504625280,38.280,38.280,38.280,38.280,2565,461030
1504625340,38.280,38.280,38.270,38.280,2565,461030
1504625400,38.270,38.290,38.270,38.290,3545,473859
1504625460,38.290,38.300,38.290,38.300,3544,473859
1504625520,38.310,38.300,38.300,38.310,3544,473859
1504625580,38.290,38.300,38.290,38.310,3544,473859
1504625640,38.300,38.290,38.290,38.300,3544,473859
1504625700,38.300,38.300,38.290,38.300,4697,491580
1504625760,38.300,38.310,38.300,38.320,4695,491580
1504625820,38.310,38.310,38.310,38.310,4695,491580
1504625880,38.300,38.300,38.300,38.310,4695,491580
1504625940,38.300,38.290,38.290,38.300,4695,491580
1504626000,38.290,38.270,38.270,38.300,2712,515057
1504626060,38.270,38.290,38.270,38.290,2710,515057
1504626120,38.290,38.290,38.290,38.290,2710,515057
1504626180,38.280,38.280,38.280,38.280,2710,515057
1504626240,38.280,38.280,38.280,38.280,2710,515057
1504626300,38.280,38.280,38.280,38.280,2931,528609
1504626360,38.280,38.270,38.270,38.280,2929,528609
1504626420,38.260,38.270,38.260,38.270,2929,528609
1504626480,38.270,38.270,38.270,38.270,2929,528609
1504626540,38.270,38.260,38.260,38.270,2929,528609
1504626600,38.270,38.260,38.260,38.270,3053,543256
1504626660,38.260,38.270,38.260,38.270,3053,543256
1504626720,38.260,38.260,38.260,38.270,3053,543256
1504626780,38.260,38.260,38.260,38.260,3053,543256
1504626840,38.260,38.270,38.260,38.270,3053,543256
1504626900,38.260,38.260,38.260,38.260,5106,558521
1504626960,38.260,38.300,38.260,38.300,5105,558521
1504627020,38.300,38.320,38.300,38.320,5105,558521
1504627080,38.310,38.320,38.310,38.320,5105,558521
1504627140,38.320,38.320,38.320,38.320,5105,558521
1504627200,38.310,38.290,38.290,38.310,6034,584047
1504627260,38.290,38.250,38.250,38.290,6034,584047
1504627320,38.250,38.230,38.230,38.250,6034,584047
1504627380,38.230,38.190,38.190,38.230,6034,584047
1504627440,38.190,38.170,38.170,38.190,6034,584047
1504627500,38.180,38.190,38.170,38.190,4462,614217
1504627560,38.180,38.160,38.150,38.180,4461,614217
1504627620,38.160,38.130,38.130,38.170,4461,614217
1504627680,38.130,38.100,38.100,38.130,4461,614217
1504627740,38.100,38.100,38.090,38.100,4461,614217
1504627800,38.090,38.100,38.090,38.110,3526,636523
1504627860,38.090,38.100,38.090,38.100,3522,636523
1504627920,38.110,38.110,38.110,38.110,3522,636523
1504627980,38.110,38.090,38.090,38.110,3522,636523
1504628040,38.080,38.060,38.060,38.080,3522,636523
1504628100,38.080,38.070,38.070,38.100,4201,654137
1504628160,38.070,38.070,38.050,38.070,4200,654137
1504628220,38.070,38.070,38.070,38.080,4200,654137
1504628280,38.080,38.070,38.070,38.080,4200,654137
1504628340,38.070,38.050,38.050,38.070,4200,654137
1504628400,38.040,38.030,38.020,38.040,4369,675138
1504628460,38.030,38.080,38.030,38.080,4365,675138
1504628520,38.070,38.100,38.070,38.100,4365,675138
1504628580,38.100,38.090,38.090,38.100,4365,675138
1504628640,38.100,38.070,38.050,38.100,4365,675138
1504628700,38.070,38.080,38.060,38.080,2572,696967
1504628760,38.080,38.080,38.080,38.080,2570,696967
1504628820,38.070,38.040,38.040,38.070,2570,696967
1504628880,38.040,38.030,38.030,38.040,2570,696967
1504628940,38.030,37.990,37.990,38.030,2570,696967
1504629000,37.980,37.980,37.960,37.980,5280,709819
1504629060,37.970,37.980,37.970,37.980,5277,709819
1504629120,37.970,37.940,37.940,37.970,5277,709819
1504629180,37.920,37.920,37.920,37.930,5277,709819
1504629240,37.920,37.900,37.900,37.920,5277,709819
1504629300,37.910,37.920,37.910,37.930,2787,736207
1504629360,37.940,37.940,37.940,37.940,2784,736207
1504629420,37.950,37.970,37.950,37.970,2784,736207
1504629480,37.960,37.980,37.960,37.980,2784,736207
1504629540,37.980,37.980,37.980,37.980,2784,736207
1504629600,37.980,37.980,37.980,37.980,3967,750130
1504629660,37.970,37.980,37.960,37.980,3963,750130
1504629720,37.970,37.970,37.960,37.970,3963,750130
1504629780,37.980,37.990,37.980,37.990,3963,750130
1504629840,38.000,37.970,37.970,38.000,3963,750130
1504629900,37.970,37.950,37.950,37.970,3095,769949
1504629960,37.950,37.940,37.940,37.950,3095,769949
1504630020,37.940,37.940,37.940,37.940,3095,769949
1504630080,37.930,37.920,37.920,37.940,3095,769949
1504630140,37.920,37.940,37.920,37.940,3095,769949
1504630200,37.940,37.940,37.940,37.950,3524,785424
1504630260,37.930,37.920,37.920,37.930,3524,785424
1504630320,37.920,37.900,37.900,37.920,3524,785424
1504630380,37.910,37.940,37.910,37.940,3524,785424
1504630440,37.940,37.940,37.930,37.940,3524,785424
1504630500,37.950,37.950,37.950,37.950,5501,803044
1504630560,37.950,37.950,37.920,37.950,5499,803044
1504630620,37.960,37.930,37.930,37.960,5499,803044
1504630680,37.940,37.950,37.930,37.950,5499,803044
1504630740,37.960,37.950,37.950,37.960,5499,803044
1504630800,37.950,37.940,37.940,37.950,4687,830541
1504630860,37.930,37.880,37.880,37.930,4687,830541
1504630920,37.870,37.880,37.870,37.890,4687,830541
1504630980,37.880,37.880,37.880,37.890,4687,830541
1504631040,37.880,37.900,37.880,37.900,4687,830541
1504631100,37.890,37.880,37.870,37.890,4947,853976
1504631160,37.870,37.860,37.860,37.870,4946,853976
1504631220,37.870,37.880,37.870,37.900,4946,853976
1504631280,37.870,37.870,37.870,37.870,4946,853976
1504631340,37.860,37.870,37.860,37.890,4946,853976
1504631400,37.870,37.880,37.870,37.880,3616,878707
1504631460,37.850,37.880,37.850,37.880,3612,878707
1504631520,37.860,37.850,37.850,37.860,3612,878707
1504631580,37.840,37.860,37.840,37.860,3612,878707
1504631640,37.870,37.870,37.870,37.870,3612,878707
1504631700,37.860,37.870,37.850,37.880,4007,896771
1504631760,37.880,37.890,37.880,37.890,4003,896771
1504631820,37.900,37.900,37.900,37.900,4003,896771
1504631880,37.890,37.890,37.880,37.900,4003,896771
1504631940,37.890,37.930,37.890,37.930,4003,896771
1504632000,37.930,37.930,37.900,37.930,6292,916790
1504632060,37.930,37.910,37.910,37.930,6288,916790
1504632120,37.940,37.910,37.910,37.940,6288,916790
1504632180,37.910,37.950,37.910,37.950,6288,916790
1504632240,37.950,37.960,37.950,37.960,6288,916790
1504632300,37.970,37.970,37.960,37.980,3056,948234
1504632360,37.970,37.970,37.970,37.970,3053,948234
1504632420,37.960,37.960,37.950,37.960,3053,948234
1504632480,37.960,37.960,37.950,37.960,3053,948234
1504632540,37.950,37.960,37.950,37.970,3053,948234
1504632600,37.950,37.950,37.950,37.950,3267,963502
1504632660,37.950,37.950,37.950,37.950,3266,963502
1504632720,37.950,37.950,37.950,37.950,3266,963502
1504632780,37.950,37.960,37.950,37.960,3266,963502
1504632840,37.950,37.930,37.930,37.950,3266,963502
1504632900,37.940,37.950,37.940,37.950,2963,979833
1504632960,37.950,37.960,37.950,37.960,2962,979833
1504633020,37.960,37.970,37.960,37.970,2962,979833
1504633080,37.990,37.990,37.990,38.000,2962,979833
1504633140,37.980,37.980,37.980,37.980,2962,979833
1504633200,37.980,38.020,37.980,38.020,2736,994644
1504633260,38.010,38.010,38.000,38.010,2736,994644
1504633320,38.020,38.020,38.020,38.020,2736,994644
1504633380,38.020,37.990,37.990,38.020,2736,994644
1504633440,37.990,37.980,37.980,37.990,2736,994644
1504633500,37.980,37.980,37.980,37.980,1858,1008324
1504633560,37.980,37.960,37.960,37.990,1858,1008324
1504633620,37.970,37.970,37.970,37.970,1858,1008324
1504633680,37.960,37.980,37.960,37.980,1858,1008324
1504633740,37.980,37.980,37.980,37.980,1858,1008324
1504633800,37.980,38.000,37.980,38.000,4619,1017614
1504633860,38.010,38.010,38.010,38.010,4619,1017614
1504633920,38.010,38.020,38.010,38.020,4619,1017614
1504633980,38.020,38.010,38.010,38.020,4619,1017614
1504634040,38.010,38.020,38.010,38.020,4619,1017614
1504634100,38.020,38.050,38.020,38.050,2800,1040709
1504634160,38.050,38.040,38.030,38.050,2797,1040709
1504634220,38.030,38.030,38.030,38.030,2797,1040709
1504634280,38.040,38.030,38.030,38.040,2797,1040709
1504634340,38.020,38.020,38.020,38.030,2797,1040709
1504634400,38.030,38.040,38.020,38.040,1829,1054697
1504634460,38.050,38.050,38.050,38.050,1825,1054697
1504634520,38.050,38.050,38.050,38.050,1825,1054697
1504634580,38.050,38.050,38.050,38.050,1825,1054697
1504634640,38.050,38.050,38.050,38.050,1825,1054697
1504634700,38.050,38.040,38.040,38.050,4274,1063826
1504634760,38.040,38.030,38.030,38.040,4270,1063826
1504634820,38.030,38.030,38.030,38.030,4270,1063826
1504634880,38.030,38.020,38.020,38.030,4270,1063826
1504634940,38.020,38.050,38.020,38.060,4270,1063826
1504635000,38.050,38.050,38.050,38.050,2541,1085180
1504635060,38.050,38.050,38.050,38.050,2540,1085180
1504635120,38.050,38.060,38.050,38.070,2540,1085180
1504635180,38.060,38.070,38.060,38.070,2540,1085180
1504635240,38.070,38.080,38.070,38.090,2540,1085180
1504635300,38.090,38.080,38.070,38.090,3442,1097881
1504635360,38.090,38.090,38.090,38.090,3440,1097881
1504635420,38.090,38.070,38.070,38.090,3440,1097881
1504635480,38.080,38.080,38.080,38.080,3440,1097881
1504635540,38.080,38.100,38.080,38.100,3440,1097881
1504635600,38.100,38.100,38.090,38.110,8390,1115083
1504635660,38.110,38.120,38.100,38.120,8386,1115083
1504635720,38.130,38.150,38.120,38.150,8386,1115083
1504635780,38.150,38.150,38.150,38.160,8386,1115083
1504635840,38.160,38.150,38.150,38.160,8386,1115083
1504635900,38.160,38.170,38.160,38.170,4477,1157017
1504635960,38.180,38.180,38.180,38.190,4476,1157017
1504636020,38.180,38.180,38.180,38.180,4476,1157017
1504636080,38.180,38.200,38.180,38.200,4476,1157017
1504636140,38.200,38.200,38.200,38.220,4476,1157017
1504636200,38.200,38.200,38.200,38.200,4119,1179398
1504636260,38.200,38.200,38.200,38.200,4116,1179398
1504636320,38.210,38.210,38.210,38.230,4116,1179398
1504636380,38.210,38.200,38.200,38.210,4116,1179398
1504636440,38.200,38.200,38.200,38.200,4116,1179398
1504636500,38.200,38.200,38.200,38.200,5968,1199981
1504636560,38.200,38.220,38.200,38.230,5965,1199981
1504636620,38.210,38.210,38.210,38.210,5965,1199981
1504636680,38.220,38.230,38.220,38.230,5965,1199981
1504636740,38.220,38.220,38.220,38.230,5965,1199981
1504636800,38.210,38.210,38.210,38.210,3274,1229809
1504636860,38.200,38.190,38.190,38.200,3271,1229809
1504636920,38.190,38.210,38.190,38.210,3271,1229809
1504636980,38.220,38.220,38.210,38.220,3271,1229809
1504637040,38.220,38.220,38.220,38.220,3271,1229809
1504637100,38.220,38.220,38.220,38.220,13457,1246167
1504637160,38.210,38.210,38.200,38.210,13456,1246167
1504637220,38.210,38.190,38.190,38.210,13456,1246167
1504637280,38.190,38.190,38.190,38.190,13456,1246167
1504637340,38.190,38.200,38.180,38.200,13456,1246167
1504637400,38.200,38.200,38.200,38.200,2318,1313448
1504637460,38.190,38.180,38.180,38.190,2316,1313448
1504637520,38.190,38.170,38.170,38.190,2316,1313448
1504637580,38.180,38.170,38.170,38.180,2316,1313448
1504637640,38.170,38.160,38.160,38.180,2316,1313448
1504637700,38.170,38.160,38.160,38.170,3570,1325030
1504637760,38.160,38.160,38.160,38.160,3569,1325030
1504637820,38.160,38.160,38.160,38.170,3569,1325030
1504637880,38.160,38.160,38.160,38.160,3569,1325030
1504637940,38.160,38.160,38.150,38.160,3569,1325030
1504638000,38.160,38.160,38.160,38.160,5427,1342876
1504638060,38.160,38.180,38.160,38.180,5423,1342876
1504638120,38.180,38.180,38.180,38.180,5423,1342876
1504638180,38.170,38.160,38.160,38.170,5423,1342876
1504638240,38.150,38.150,38.150,38.160,5423,1342876
1504638300,38.150,38.130,38.130,38.150,4822,1369995
1504638360,38.130,38.130,38.130,38.130,4822,1369995
1504638420,38.130,38.100,38.100,38.130,4822,1369995
1504638480,38.100,38.100,38.100,38.100,4822,1369995
1504638540,38.100,38.140,38.100,38.140,4822,1369995
1504638600,38.140,38.160,38.140,38.160,6217,1394105
1504638660,38.160,38.150,38.150,38.160,6216,1394105
1504638720,38.150,38.180,38.150,38.180,6216,1394105
1504638780,38.180,38.170,38.170,38.180,6216,1394105
1504638840,38.180,38.180,38.180,38.180,6216,1394105
1504638900,38.170,38.180,38.170,38.180,3889,1425186
1504638960,38.180,38.200,38.170,38.200,3888,1425186
1504639020,38.210,38.210,38.210,38.220,3888,1425186
1504639080,38.220,38.230,38.220,38.230,3888,1425186
1504639140,38.220,38.210,38.210,38.220,3888,1425186
1504639200,38.210,38.210,38.210,38.210,4451,1444627
1504639260,38.200,38.200,38.200,38.200,4448,1444627
1504639320,38.200,38.190,38.190,38.210,4448,1444627
1504639380,38.180,38.160,38.160,38.180,4448,1444627
1504639440,38.160,38.160,38.150,38.160,4448,1444627
1504639500,38.160,38.190,38.160,38.190,5507,1466870
1504639560,38.190,38.190,38.190,38.190,5505,1466870
1504639620,38.190,38.170,38.170,38.190,5505,1466870
1504639680,38.160,38.180,38.160,38.190,5505,1466870
1504639740,38.180,38.180,38.180,38.180,5505,1466870
1504639800,38.180,38.200,38.180,38.200,6635,1494397
1504639860,38.210,38.210,38.210,38.220,6631,1494397
1504639920,38.200,38.220,38.200,38.220,6631,1494397
1504639980,38.220,38.230,38.220,38.230,6631,1494397
1504640040,38.230,38.260,38.230,38.260,6631,1494397
1504640100,38.250,38.230,38.230,38.260,4056,1527556
1504640160,38.220,38.220,38.220,38.220,4056,1527556
1504640220,38.230,38.230,38.230,38.230,4056,1527556
1504640280,38.230,38.230,38.220,38.230,4056,1527556
1504640340,38.230,38.220,38.220,38.230,4056,1527556
1504640400,38.220,38.230,38.220,38.230,7741,1547836
1504640460,38.230,38.200,38.200,38.230,7740,1547836
1504640520,38.200,38.200,38.200,38.200,7740,1547836
1504640580,38.200,38.200,38.200,38.200,7740,1547836
1504640640,38.200,38.200,38.200,38.210,7740,1547836
1504640700,38.200,38.200,38.200,38.200,15103,1586537
1504640760,38.200,38.200,38.200,38.200,15101,1586537
1504640820,38.200,38.200,38.200,38.200,15101,1586537
1504640880,38.200,38.200,38.200,38.200,15101,1586537
1504640940,38.200,38.220,38.200,38.220,15101,1586537
1504641000,38.220,38.200,38.200,38.220,18669,1662044
1504641060,38.200,38.200,38.190,38.200,18669,1662044
1504641120,38.190,38.200,38.190,38.200,18669,1662044
1504641180,38.200,38.210,38.200,38.220,18669,1662044
1504641240,38.220,38.230,38.220,38.230,18669,1662044
1504641300,38.230,38.240,38.230,38.250,172476,1755389
1504641360,38.250,38.240,38.240,38.250,172474,1755389
1504641420,38.250,38.250,38.240,38.250,172474,1755389
1504641480,38.260,38.280,38.260,38.280,172474,1755389
1504641540,38.280,38.240,38.240,38.280,172474,1755389
1504704600,38.370,38.170,38.170,38.370,3561,0
1504704660,38.370,38.170,38.170,38.370,3560,0
1504704720,38.310,38.310,38.310,38.310,3560,0
1504704780,38.270,38.270,38.270,38.270,3560,0
1504704840,38.280,38.270,38.270,38.280,3560,0
1504704900,38.270,38.320,38.270,38.320,2013,17801
1504704960,38.260,38.270,38.260,38.290,2010,17801
1504705020,38.270,38.210,38.210,38.270,2010,17801
1504705080,38.190,38.250,38.190,38.250,2010,17801
1504705140,38.250,38.260,38.250,38.260,2010,17801
1504705200,38.260,38.250,38.240,38.260,2980,27854
1504705260,38.250,38.270,38.240,38.270,2978,27854
1504705320,38.270,38.260,38.260,38.270,2978,27854
1504705380,38.290,38.300,38.280,38.300,2978,27854
1504705440,38.300,38.320,38.300,38.330,2978,27854
1504705500,38.380,38.340,38.320,38.380,2952,42746
1504705560,38.330,38.310,38.310,38.350,2952,42746
1504705620,38.330,38.310,38.310,38.330,2952,42746
1504705680,38.310,38.310,38.310,38.330,2952,42746
1504705740,38.330,38.300,38.300,38.330,2952,42746
1504705800,38.300,38.270,38.270,38.310,2803,57506
1504705860,38.280,38.300,38.280,38.300,2803,57506
1504705920,38.310,38.290,38.290,38.310,2803,57506
1504705980,38.300,38.270,38.270,38.300,2803,57506
1504706040,38.280,38.290,38.280,38.290,2803,57506
1504706100,38.290,38.290,38.290,38.290,1819,71521
1504706160,38.290,38.300,38.290,38.310,1819,71521
1504706220,38.330,38.350,38.330,38.360,1819,71521
1504706280,38.370,38.410,38.370,38.410,1819,71521
1504706340,38.370,38.380,38.370,38.380,1819,71521
1504706400,38.370,38.360,38.360,38.370,2987,80616
1504706460,38.370,38.370,38.360,38.370,2984,80616
1504706520,38.360,38.410,38.360,38.410,2984,80616
1504706580,38.390,38.360,38.360,38.390,2984,80616
1504706640,38.360,38.310,38.310,38.360,2984,80616
1504706700,38.310,38.290,38.260,38.310,2829,95539
1504706760,38.290,38.290,38.280,38.290,2828,95539
1504706820,38.290,38.290,38.290,38.310,2828,95539
1504706880,38.270,38.240,38.240,38.270,2828,95539
1504706940,38.230,38.230,38.230,38.230,2828,95539
1504707000,38.230,38.240,38.230,38.240,1987,109680
1504707060,38.240,38.230,38.230,38.250,1986,109680
1504707120,38.220,38.180,38.160,38.220,1986,109680
1504707180,38.180,38.190,38.180,38.190,1986,109680
1504707240,38.200,38.200,38.200,38.200,1986,109680
1504707300,38.180,38.190,38.160,38.190,2151,119611
1504707360,38.180,38.160,38.160,38.180,2151,119611
1504707420,38.160,38.160,38.160,38.170,2151,119611
1504707480,38.150,38.150,38.150,38.150,2151,119611
1504707540,38.140,38.120,38.120,38.140,2151,119611
1504707600,38.120,38.100,38.090,38.120,1315,130366
1504707660,38.110,38.110,38.110,38.110,1311,130366
1504707720,38.130,38.150,38.130,38.160,1311,130366
1504707780,38.140,38.120,38.100,38.150,1311,130366
1504707840,38.120,38.120,38.120,38.120,1311,130366
1504707900,38.100,38.100,38.090,38.120,1590,136925
1504707960,38.120,38.110,38.110,38.120,1586,136925
1504708020,38.110,38.110,38.110,38.110,1586,136925
1504708080,38.110,38.150,38.110,38.150,1586,136925
1504708140,38.140,38.130,38.130,38.140,1586,136925
1504708200,38.150,38.140,38.140,38.150,1745,144859
1504708260,38.140,38.120,38.120,38.140,1743,144859
1504708320,38.140,38.140,38.140,38.150,1743,144859
1504708380,38.150,38.150,38.150,38.150,1743,144859
1504708440,38.160,38.170,38.160,38.170,1743,144859
1504708500,38.160,38.160,38.160,38.160,1787,153576
1504708560,38.150,38.120,38.120,38.150,1783,153576
1504708620,38.120,38.100,38.100,38.120,1783,153576
1504708680,38.090,38.110,38.090,38.110,1783,153576
1504708740,38.120,38.110,38.100,38.120,1783,153576
1504708800,38.120,38.100,38.100,38.120,1786,162495
1504708860,38.110,38.130,38.110,38.130,1782,162495
1504708920,38.130,38.130,38.130,38.130,1782,162495
1504708980,38.130,38.130,38.120,38.130,1782,162495
1504709040,38.130,38.140,38.130,38.140,1782,162495
1504709100,38.140,38.140,38.120,38.140,3128,171409
1504709160,38.130,38.130,38.130,38.130,3126,171409
1504709220,38.140,38.170,38.140,38.170,3126,171409
1504709280,38.170,38.170,38.170,38.170,3126,171409
1504709340,38.200,38.240,38.200,38.240,3126,171409
1504709400,38.220,38.230,38.220,38.230,2772,187041
1504709460,38.220,38.180,38.180,38.220,2772,187041
1504709520,38.200,38.220,38.200,38.220,2772,187041
1504709580,38.210,38.190,38.190,38.220,2772,187041
1504709640,38.200,38.210,38.200,38.210,2772,187041
1504709700,38.220,38.210,38.210,38.220,2714,200901
1504709760,38.220,38.250,38.220,38.250,2714,200901
1504709820,38.260,38.270,38.260,38.270,2714,200901
1504709880,38.280,38.240,38.240,38.280,2714,200901
1504709940,38.250,38.270,38.240,38.270,2714,200901
1504710000,38.270,38.240,38.240,38.270,2578,214471
1504710060,38.250,38.240,38.240,38.250,2575,214471
1504710120,38.250,38.280,38.250,38.280,2575,214471
1504710180,38.270,38.270,38.270,38.280,2575,214471
1504710240,38.270,38.270,38.270,38.280,2575,214471
1504710300,38.270,38.280,38.260,38.280,4912,227349
1504710360,38.280,38.280,38.280,38.280,4912,227349
1504710420,38.280,38.280,38.270,38.280,4912,227349
1504710480,38.270,38.250,38.250,38.270,4912,227349
1504710540,38.240,38.230,38.220,38.240,4912,227349
1504710600,38.230,38.230,38.220,38.230,4660,251909
1504710660,38.230,38.230,38.230,38.250,4659,251909
1504710720,38.230,38.200,38.200,38.230,4659,251909
1504710780,38.200,38.220,38.200,38.220,4659,251909
1504710840,38.230,38.220,38.220,38.230,4659,251909
1504710900,38.220,38.230,38.220,38.230,1365,275205
1504710960,38.230,38.200,38.200,38.230,1362,275205
1504711020,38.200,38.200,38.200,38.200,1362,275205
1504711080,38.200,38.220,38.200,38.220,1362,275205
1504711140,38.210,38.220,38.210,38.220,1362,275205
1504711200,38.220,38.210,38.210,38.220,1295,282018
1504711260,38.220,38.220,38.220,38.220,1294,282018
1504711320,38.220,38.210,38.210,38.220,1294,282018
1504711380,38.210,38.220,38.210,38.220,1294,282018
1504711440,38.210,38.220,38.210,38.220,1294,282018
1504711500,38.220,38.230,38.210,38.230,2390,288489
1504711560,38.230,38.230,38.230,38.230,2389,288489
1504711620,38.220,38.220,38.220,38.220,2389,288489
1504711680,38.220,38.210,38.210,38.230,2389,288489
1504711740,38.220,38.250,38.220,38.260,2389,288489
1504711800,38.250,38.250,38.250,38.250,2303,300435
1504711860,38.250,38.260,38.250,38.260,2301,300435
1504711920,38.270,38.310,38.270,38.310,2301,300435
1504711980,38.300,38.310,38.300,38.330,2301,300435
1504712040,38.310,38.310,38.310,38.310,2301,300435
1504712100,38.310,38.310,38.310,38.310,1998,311942
1504712160,38.330,38.330,38.320,38.330,1994,311942
1504712220,38.340,38.340,38.340,38.340,1994,311942
1504712280,38.340,38.340,38.340,38.340,1994,311942
1504712340,38.310,38.320,38.310,38.320,1994,311942
1504712400,38.310,38.320,38.310,38.320,1403,321916
1504712460,38.320,38.310,38.310,38.320,1399,321916
1504712520,38.310,38.310,38.310,38.310,1399,321916
1504712580,38.330,38.310,38.310,38.330,1399,321916
1504712640,38.310,38.310,38.310,38.310,1399,321916
1504712700,38.320,38.310,38.310,38.320,1497,328915
1504712760,38.310,38.320,38.310,38.320,1496,328915
1504712820,38.320,38.310,38.310,38.320,1496,328915
1504712880,38.310,38.300,38.300,38.310,1496,328915
1504712940,38.320,38.330,38.320,38.330,1496,328915
1504713000,38.330,38.320,38.320,38.330,1423,336396
1504713060,38.320,38.320,38.320,38.320,1421,336396
1504713120,38.320,38.320,38.320,38.320,1421,336396
1504713180,38.330,38.340,38.330,38.340,1421,336396
1504713240,38.340,38.360,38.340,38.360,1421,336396
1504713300,38.360,38.370,38.360,38.370,1875,343503
1504713360,38.370,38.390,38.370,38.390,1875,343503
1504713420,38.380,38.380,38.380,38.380,1875,343503
1504713480,38.380,38.370,38.360,38.380,1875,343503
1504713540,38.380,38.380,38.380,38.380,1875,343503
1504713600,38.380,38.380,38.380,38.380,1671,352878
1504713660,38.370,38.370,38.370,38.370,1670,352878
1504713720,38.380,38.380,38.380,38.380,1670,352878
1504713780,38.380,38.380,38.380,38.380,1670,352878
1504713840,38.370,38.370,38.360,38.370,1670,352878
1504713900,38.380,38.380,38.380,38.390,1299,361229
1504713960,38.390,38.400,38.390,38.400,1296,361229
1504714020,38.390,38.400,38.390,38.400,1296,361229
1504714080,38.400,38.390,38.390,38.400,1296,361229
1504714140,38.400,38.390,38.390,38.400,1296,361229
1504714200,38.400,38.420,38.390,38.420,4756,367712
1504714260,38.430,38.440,38.430,38.440,4752,367712
1504714320,38.460,38.460,38.460,38.460,4752,367712
1504714380,38.460,38.480,38.450,38.480,4752,367712
1504714440,38.480,38.470,38.470,38.490,4752,367712
1504714500,38.470,38.450,38.450,38.470,1528,391476
1504714560,38.450,38.420,38.420,38.450,1525,391476
1504714620,38.420,38.430,38.420,38.430,1525,391476
1504714680,38.430,38.430,38.420,38.430,1525,391476
1504714740,38.440,38.430,38.430,38.440,1525,391476
1504714800,38.430,38.440,38.430,38.450,1288,399104
1504714860,38.440,38.430,38.430,38.440,1285,399104
1504714920,38.440,38.430,38.430,38.440,1285,399104
1504714980,38.440,38.430,38.430,38.440,1285,399104
1504715040,38.430,38.430,38.430,38.440,1285,399104
1504715100,38.430,38.430,38.430,38.430,1260,405532
1504715160,38.440,38.450,38.440,38.450,1258,405532
1504715220,38.450,38.470,38.450,38.470,1258,405532
1504715280,38.470,38.470,38.470,38.470,1258,405532
1504715340,38.450,38.460,38.450,38.460,1258,405532
1504715400,38.460,38.460,38.460,38.460,1575,411824
1504715460,38.450,38.440,38.440,38.450,1574,411824
1504715520,38.420,38.410,38.410,38.420,1574,411824
1504715580,38.420,38.440,38.420,38.440,1574,411824
1504715640,38.430,38.420,38.420,38.430,1574,411824
1504715700,38.420,38.420,38.420,38.420,654,419695
1504715760,38.420,38.420,38.420,38.420,651,419695
1504715820,38.420,38.420,38.420,38.420,651,419695
1504715880,38.420,38.420,38.420,38.420,651,419695
1504715940,38.420,38.420,38.420,38.420,651,419695
1504716000,38.420,38.420,38.420,38.420,1272,422953
1504716060,38.420,38.420,38.420,38.420,1270,422953
1504716120,38.420,38.420,38.420,38.420,1270,422953
1504716180,38.420,38.410,38.410,38.420,1270,422953
1504716240,38.410,38.410,38.410,38.410,1270,422953
1504716300,38.410,38.410,38.410,38.410,1397,429305
1504716360,38.410,38.390,38.390,38.410,1396,429305
1504716420,38.390,38.390,38.390,38.390,1396,429305
1504716480,38.380,38.390,38.380,38.390,1396,429305
1504716540,38.390,38.390,38.380,38.390,1396,429305
1504716600,38.380,38.380,38.380,38.380,952,436286
1504716660,38.390,38.390,38.380,38.390,948,436286
1504716720,38.390,38.390,38.380,38.390,948,436286
1504716780,38.390,38.380,38.380,38.390,948,436286
1504716840,38.380,38.380,38.380,38.390,948,436286
1504716900,38.380,38.390,38.380,38.400,1595,441030
1504716960,38.380,38.390,38.380,38.390,1592,441030
1504717020,38.390,38.390,38.390,38.400,1592,441030
1504717080,38.400,38.400,38.400,38.400,1592,441030
1504717140,38.400,38.400,38.390,38.400,1592,441030
1504717200,38.400,38.400,38.390,38.400,923,448993
1504717260,38.410,38.420,38.410,38.420,923,448993
1504717320,38.420,38.420,38.420,38.420,923,448993
1504717380,38.420,38.420,38.420,38.420,923,448993
1504717440,38.420,38.420,38.420,38.420,923,448993
1504717500,38.430,38.450,38.430,38.450,2808,453608
1504717560,38.450,38.450,38.450,38.450,2805,453608
1504717620,38.450,38.460,38.450,38.460,2805,453608
1504717680,38.450,38.460,38.450,38.460,2805,453608
1504717740,38.450,38.450,38.450,38.460,2805,453608
1504717800,38.450,38.450,38.450,38.450,1254,467636
1504717860,38.450,38.450,38.450,38.450,1250,467636
1504717920,38.460,38.460,38.460,38.460,1250,467636
1504717980,38.470,38.470,38.470,38.470,1250,467636
1504718040,38.460,38.460,38.450,38.460,1250,467636
1504718100,38.450,38.420,38.420,38.450,1613,473890
1504718160,38.420,38.420,38.420,38.420,1609,473890
1504718220,38.420,38.420,38.420,38.420,1609,473890
1504718280,38.420,38.410,38.400,38.420,1609,473890
1504718340,38.400,38.390,38.390,38.400,1609,473890
1504718400,38.400,38.390,38.390,38.400,1731,481939
1504718460,38.410,38.370,38.360,38.410,1730,481939
1504718520,38.370,38.350,38.350,38.370,1730,481939
1504718580,38.360,38.360,38.360,38.360,1730,481939
1504718640,38.360,38.350,38.350,38.370,1730,481939
1504718700,38.350,38.350,38.350,38.370,826,490590
1504718760,38.350,38.350,38.350,38.350,823,490590
1504718820,38.350,38.350,38.350,38.350,823,490590
1504718880,38.350,38.350,38.350,38.350,823,490590
1504718940,38.360,38.350,38.350,38.360,823,490590
1504719000,38.350,38.370,38.350,38.370,1630,494708
1504719060,38.380,38.380,38.380,38.380,1628,494708
1504719120,38.380,38.380,38.380,38.380,1628,494708
1504719180,38.370,38.360,38.360,38.370,1628,494708
1504719240,38.360,38.360,38.360,38.360,1628,494708
1504719300,38.360,38.360,38.360,38.360,1109,502850
1504719360,38.370,38.360,38.360,38.370,1105,502850
1504719420,38.370,38.360,38.360,38.380,1105,502850
1504719480,38.360,38.370,38.360,38.370,1105,502850
1504719540,38.360,38.360,38.360,38.360,1105,502850
1504719600,38.350,38.340,38.340,38.350,1222,508379
1504719660,38.350,38.340,38.340,38.350,1221,508379
1504719720,38.340,38.340,38.340,38.340,1221,508379
1504719780,38.340,38.340,38.340,38.340,1221,508379
1504719840,38.340,38.350,38.330,38.350,1221,508379
1504719900,38.340,38.350,38.330,38.350,625,514485
1504719960,38.340,38.350,38.330,38.350,624,514485
1504720020,38.350,38.350,38.350,38.360,624,514485
1504720080,38.350,38.350,38.350,38.350,624,514485
1504720140,38.350,38.350,38.350,38.350,624,514485
1504720200,38.340,38.350,38.340,38.350,1120,517606
1504720260,38.350,38.360,38.350,38.360,1120,517606
1504720320,38.350,38.350,38.350,38.350,1120,517606
1504720380,38.350,38.340,38.340,38.350,1120,517606
1504720440,38.340,38.340,38.340,38.340,1120,517606
1504720500,38.340,38.340,38.340,38.340,477,523206
1504720560,38.340,38.340,38.340,38.340,474,523206
1504720620,38.340,38.330,38.330,38.340,474,523206
1504720680,38.340,38.340,38.340,38.340,474,523206
1504720740,38.340,38.340,38.340,38.340,474,523206
1504720800,38.330,38.350,38.330,38.350,13512,525579
1504720860,38.340,38.340,38.340,38.340,13510,525579
1504720920,38.350,38.360,38.350,38.370,13510,525579
1504720980,38.370,38.380,38.370,38.390,13510,525579
1504721040,38.370,38.380,38.370,38.390,13510,525579
1504721100,38.390,38.390,38.390,38.390,2256,593131
1504721160,38.380,38.410,38.380,38.410,2255,593131
1504721220,38.420,38.420,38.420,38.420,2255,593131
1504721280,38.420,38.410,38.410,38.420,2255,593131
1504721340,38.400,38.400,38.400,38.400,2255,593131
1504721400,38.400,38.400,38.400,38.400,782,604407
1504721460,38.400,38.400,38.400,38.400,778,604407
1504721520,38.400,38.400,38.400,38.400,778,604407
1504721580,38.410,38.410,38.410,38.410,778,604407
1504721640,38.410,38.400,38.400,38.410,778,604407
1504721700,38.390,38.400,38.390,38.400,1419,608301
1504721760,38.400,38.400,38.390,38.400,1417,608301
1504721820,38.410,38.420,38.410,38.420,1417,608301
1504721880,38.420,38.420,38.420,38.420,1417,608301
1504721940,38.420,38.410,38.410,38.420,1417,608301
1504722000,38.420,38.410,38.410,38.420,1893,615388
1504722060,38.420,38.410,38.410,38.420,1890,615388
1504722120,38.410,38.400,38.400,38.410,1890,615388
1504722180,38.410,38.420,38.410,38.420,1890,615388
1504722240,38.420,38.410,38.410,38.420,1890,615388
1504722300,38.410,38.410,38.410,38.410,13376,624841
1504722360,38.400,38.400,38.400,38.410,13372,624841
1504722420,38.400,38.400,38.400,38.400,13372,624841
1504722480,38.400,38.390,38.390,38.400,13372,624841
1504722540,38.380,38.390,38.380,38.390,13372,624841
1504722600,38.380,38.380,38.380,38.380,1774,691705
1504722660,38.380,38.380,38.380,38.380,1772,691705
1504722720,38.380,38.370,38.370,38.380,1772,691705
1504722780,38.370,38.370,38.370,38.370,1772,691705
1504722840,38.370,38.370,38.370,38.370,1772,691705
1504722900,38.370,38.380,38.370,38.390,1395,700567
1504722960,38.370,38.380,38.370,38.390,1395,700567
1504723020,38.380,38.370,38.370,38.380,1395,700567
1504723080,38.370,38.380,38.370,38.380,1395,700567
1504723140,38.370,38.380,38.370,38.380,1395,700567
1504723200,38.380,38.380,38.380,38.380,1409,707542
1504723260,38.380,38.380,38.380,38.380,1409,707542
1504723320,38.380,38.380,38.380,38.380,1409,707542
1504723380,38.370,38.370,38.370,38.370,1409,707542
1504723440,38.360,38.350,38.350,38.360,1409,707542
1504723500,38.340,38.340,38.340,38.340,2247,714587
1504723560,38.350,38.370,38.350,38.380,2244,714587
1504723620,38.350,38.370,38.350,38.380,2244,714587
1504723680,38.370,38.360,38.360,38.370,2244,714587
1504723740,38.370,38.340,38.340,38.370,2244,714587
1504723800,38.340,38.340,38.340,38.340,2292,725810
1504723860,38.340,38.340,38.330,38.340,2288,725810
1504723920,38.340,38.340,38.330,38.340,2288,725810
1504723980,38.330,38.330,38.330,38.330,2288,725810
1504724040,38.320,38.320,38.320,38.330,2288,725810
1504724100,38.320,38.340,38.320,38.340,1481,737254
1504724160,38.320,38.340,38.320,38.340,1481,737254
1504724220,38.330,38.330,38.330,38.330,1481,737254
1504724280,38.330,38.320,38.320,38.330,1481,737254
1504724340,38.310,38.320,38.310,38.320,1481,737254
1504724400,38.320,38.310,38.310,38.330,4837,744659
1504724460,38.300,38.310,38.300,38.310,4833,744659
1504724520,38.310,38.300,38.300,38.320,4833,744659
1504724580,38.300,38.310,38.300,38.310,4833,744659
1504724640,38.300,38.320,38.300,38.320,4833,744659
1504724700,38.330,38.330,38.320,38.340,3340,768828
1504724760,38.320,38.320,38.320,38.320,3337,768828
1504724820,38.330,38.330,38.320,38.330,3337,768828
1504724880,38.320,38.320,38.320,38.320,3337,768828
1504724940,38.320,38.330,38.310,38.330,3337,768828
1504725000,38.320,38.340,38.320,38.340,2811,785516
1504725060,38.330,38.330,38.330,38.330,2809,785516
1504725120,38.330,38.310,38.310,38.330,2809,785516
1504725180,38.320,38.310,38.310,38.320,2809,785516
1504725240,38.310,38.310,38.310,38.320,2809,785516
1504725300,38.310,38.310,38.310,38.310,3294,799563
1504725360,38.310,38.310,38.310,38.310,3292,799563
1504725420,38.310,38.310,38.310,38.320,3292,799563
1504725480,38.310,38.320,38.310,38.330,3292,799563
1504725540,38.330,38.330,38.330,38.330,3292,799563
1504725600,38.340,38.350,38.340,38.350,3595,816025
1504725660,38.350,38.350,38.350,38.360,3592,816025
1504725720,38.350,38.360,38.350,38.360,3592,816025
1504725780,38.350,38.350,38.350,38.360,3592,816025
1504725840,38.350,38.350,38.350,38.350,3592,816025
1504725900,38.350,38.360,38.350,38.360,3856,833988
1504725960,38.370,38.390,38.370,38.390,3856,833988
1504726020,38.380,38.380,38.380,38.390,3856,833988
1504726080,38.380,38.380,38.380,38.380,3856,833988
1504726140,38.370,38.370,38.360,38.370,3856,833988
1504726200,38.360,38.350,38.350,38.360,3341,853268
1504726260,38.350,38.350,38.350,38.350,3340,853268
1504726320,38.350,38.350,38.350,38.360,3340,853268
1504726380,38.360,38.340,38.340,38.360,3340,853268
1504726440,38.340,38.340,38.340,38.340,3340,853268
1504726500,38.330,38.330,38.330,38.340,4823,869969
1504726560,38.320,38.310,38.310,38.320,4822,869969
1504726620,38.310,38.310,38.310,38.310,4822,869969
1504726680,38.310,38.310,38.310,38.320,4822,869969
1504726740,38.320,38.330,38.320,38.330,4822,869969
1504726800,38.320,38.330,38.320,38.330,5739,894080
1504726860,38.330,38.330,38.330,38.330,5739,894080
1504726920,38.340,38.350,38.340,38.350,5739,894080
1504726980,38.350,38.360,38.350,38.360,5739,894080
1504727040,38.350,38.340,38.340,38.350,5739,894080
1504727100,38.340,38.340,38.340,38.350,17056,922775
1504727160,38.340,38.330,38.330,38.340,17053,922775
1504727220,38.330,38.340,38.330,38.340,17053,922775
1504727280,38.340,38.340,38.330,38.340,17053,922775
1504727340,38.350,38.350,38.340,38.350,17053,922775
1504727400,38.330,38.310,38.310,38.330,21067,1008043
1504727460,38.310,38.310,38.310,38.310,21064,1008043
1504727520,38.320,38.310,38.310,38.320,21064,1008043
1504727580,38.310,38.310,38.310,38.310,21064,1008043
1504727640,38.310,38.300,38.300,38.320,21064,1008043
1504727700,38.300,38.300,38.290,38.300,22710,1113366
1504727760,38.300,38.290,38.290,38.300,22709,1113366
1504727820,38.300,38.300,38.290,38.300,22709,1113366
1504727880,38.290,38.270,38.270,38.290,22709,1113366
1504727940,38.270,38.270,38.270,38.280,22709,1113366
