1509543000,94.350,94.760,94.350,94.760,14699,0
1509543060,94.710,94.940,94.710,95.000,14699,0
1509543120,95.060,94.640,94.640,95.060,14699,0
1509543180,94.990,94.510,94.460,94.990,14699,0
1509543240,94.540,94.510,94.460,94.540,14699,0
1509543300,94.660,94.680,94.490,94.700,9627,73495
1509543360,94.550,94.490,94.490,94.650,9623,73495
1509543420,94.530,94.500,94.390,94.540,9623,73495
1509543480,94.500,94.510,94.430,94.510,9623,73495
1509543540,94.560,94.810,94.560,94.810,9623,73495
1509543600,94.780,94.340,94.340,94.780,5986,121614
1509543660,94.390,94.400,94.360,94.400,5984,121614
1509543720,94.490,94.420,94.420,94.580,5984,121614
1509543780,94.480,94.490,94.470,94.490,5984,121614
1509543840,94.530,94.590,94.530,94.620,5984,121614
1509543900,94.610,94.360,94.360,94.610,8428,151536
1509543960,94.360,94.390,94.330,94.390,8427,151536
1509544020,94.360,94.420,94.360,94.420,8427,151536
1509544080,94.420,94.390,94.390,94.460,8427,151536
1509544140,94.420,94.230,94.230,94.420,8427,151536
1509544200,94.300,94.210,94.210,94.340,7880,193672
1509544260,94.200,94.260,94.200,94.260,7876,193672
1509544320,94.260,94.070,94.070,94.260,7876,193672
1509544380,94.050,94.080,94.050,94.130,7876,193672
1509544440,94.070,93.860,93.850,94.070,7876,193672
1509544500,93.820,93.930,93.790,94.000,7814,233056
1509544560,93.960,94.200,93.950,94.200,7814,233056
1509544620,94.220,94.140,94.140,94.220,7814,233056
1509544680,94.140,94.250,94.140,94.250,7814,233056
1509544740,94.230,94.250,94.210,94.250,7814,233056
1509544800,94.230,94.240,94.220,94.240,6357,272126
1509544860,94.260,94.170,94.170,94.260,6357,272126
1509544920,94.140,94.210,94.140,94.260,6357,272126
1509544980,94.190,94.250,94.180,94.250,6357,272126
1509545040,94.220,94.200,94.200,94.220,6357,272126
1509545100,94.240,94.300,94.240,94.360,7013,303911
1509545160,94.310,94.300,94.300,94.370,7013,303911
1509545220,94.320,94.180,94.180,94.320,7013,303911
1509545280,94.180,94.210,94.180,94.280,7013,303911
1509545340,94.200,94.250,94.170,94.280,7013,303911
1509545400,94.250,94.230,94.230,94.250,12030,338976
1509545460,94.250,94.210,94.210,94.260,12027,338976
1509545520,94.170,94.090,94.030,94.170,12027,338976
1509545580,94.070,94.070,94.060,94.110,12027,338976
1509545640,94.030,93.980,93.870,94.030,12027,338976
1509545700,93.960,93.890,93.890,93.960,13753,399114
1509545760,93.890,93.980,93.890,94.030,13749,399114
1509545820,93.940,93.980,93.920,94.000,13749,399114
1509545880,93.990,93.930,93.930,94.080,13749,399114
1509545940,94.010,93.980,93.980,94.010,13749,399114
1509546000,93.930,93.820,93.820,93.930,11862,467863
1509546060,93.840,93.870,93.840,93.910,11858,467863
1509546120,93.900,93.830,93.830,93.900,11858,467863
1509546180,93.840,93.780,93.750,93.840,11858,467863
1509546240,93.800,93.860,93.800,93.860,11858,467863
1509546300,93.880,93.920,93.820,93.920,9122,527157
1509546360,93.920,93.850,93.850,93.920,9120,527157
1509546420,93.800,93.770,93.740,93.800,9120,527157
1509546480,93.770,93.820,93.770,93.820,9120,527157
1509546540,93.840,93.870,93.840,93.900,9120,527157
1509546600,93.900,93.910,93.900,93.970,27273,572759
1509546660,93.920,93.900,93.900,93.950,27270,572759
1509546720,93.900,94.010,93.900,94.010,27270,572759
1509546780,94.000,94.280,94.000,94.300,27270,572759
1509546840,94.350,94.180,94.180,94.350,27270,572759
1509546900,94.240,94.120,94.120,94.240,9465,709112
1509546960,94.090,94.110,94.090,94.160,9465,709112
1509547020,94.110,94.190,94.110,94.220,9465,709112
1509547080,94.160,94.150,94.150,94.180,9465,709112
1509547140,94.160,94.170,94.130,94.170,9465,709112
1509547200,94.220,94.110,94.110,94.220,4541,756437
1509547260,94.110,94.000,93.980,94.110,4538,756437
1509547320,94.000,94.040,94.000,94.040,4538,756437
1509547380,94.010,94.010,94.010,94.010,4538,756437
1509547440,93.970,93.970,93.970,94.020,4538,756437
1509547500,93.970,94.010,93.970,94.010,2497,779130
1509547560,94.000,93.980,93.970,94.000,2497,779130
1509547620,93.950,94.100,93.930,94.100,2497,779130
1509547680,94.060,94.060,94.060,94.060,2497,779130
1509547740,94.090,94.040,94.040,94.090,2497,779130
1509547800,94.030,94.160,94.030,94.160,2647,791615
1509547860,94.210,94.240,94.210,94.240,2645,791615
1509547920,94.260,94.300,94.260,94.330,2645,791615
1509547980,94.310,94.380,94.310,94.380,2645,791615
1509548040,94.430,94.430,94.430,94.440,2645,791615
1509548100,94.420,94.410,94.390,94.430,5762,804842
1509548160,94.440,94.430,94.430,94.440,5759,804842
1509548220,94.440,94.430,94.420,94.450,5759,804842
1509548280,94.450,94.410,94.410,94.470,5759,804842
1509548340,94.410,94.360,94.360,94.410,5759,804842
1509548400,94.420,94.370,94.370,94.430,8113,833640
1509548460,94.380,94.300,94.300,94.410,8112,833640
1509548520,94.360,94.320,94.300,94.370,8112,833640
1509548580,94.360,94.540,94.320,94.570,8112,833640
1509548640,94.560,94.620,94.560,94.620,8112,833640
1509548700,94.620,94.630,94.620,94.660,3636,874201
1509548760,94.640,94.680,94.620,94.690,3635,874201
1509548820,94.710,94.750,94.710,94.750,3635,874201
1509548880,94.750,94.800,94.750,94.800,3635,874201
1509548940,94.860,94.790,94.790,94.860,3635,874201
1509549000,94.790,94.750,94.730,94.790,2652,892377
1509549060,94.690,94.660,94.660,94.690,2649,892377
1509549120,94.680,94.690,94.640,94.690,2649,892377
1509549180,94.710,94.630,94.630,94.710,2649,892377
1509549240,94.670,94.670,94.670,94.670,2649,892377
1509549300,94.670,94.640,94.630,94.670,7091,905625
1509549360,94.650,94.660,94.650,94.700,7089,905625
1509549420,94.660,94.690,94.660,94.710,7089,905625
1509549480,94.690,94.690,94.690,94.690,7089,905625
1509549540,94.710,94.640,94.640,94.710,7089,905625
1509549600,94.660,94.670,94.660,94.670,2971,941072
1509549660,94.650,94.590,94.570,94.650,2967,941072
1509549720,94.580,94.630,94.580,94.630,2967,941072
1509549780,94.640,94.640,94.640,94.640,2967,941072
1509549840,94.690,94.680,94.670,94.690,2967,941072
1509549900,94.690,94.640,94.640,94.690,2940,955911
1509549960,94.650,94.640,94.640,94.670,2940,955911
1509550020,94.640,94.640,94.640,94.640,2940,955911
1509550080,94.630,94.630,94.630,94.650,2940,955911
1509550140,94.640,94.650,94.640,94.650,2940,955911
1509550200,94.720,94.720,94.720,94.720,4828,970611
1509550260,94.710,94.880,94.710,94.880,4826,970611
1509550320,94.970,94.850,94.850,94.970,4826,970611
1509550380,94.860,94.800,94.800,94.860,4826,970611
1509550440,94.810,94.680,94.680,94.810,4826,970611
1509550500,94.710,94.590,94.590,94.710,1928,994743
1509550560,94.640,94.640,94.630,94.670,1925,994743
1509550620,94.610,94.640,94.610,94.640,1925,994743
1509550680,94.680,94.720,94.680,94.740,1925,994743
1509550740,94.750,94.730,94.720,94.750,1925,994743
1509550800,94.740,94.690,94.690,94.740,3118,1004371
1509550860,94.690,94.690,94.670,94.690,3117,1004371
1509550920,94.640,94.640,94.640,94.640,3117,1004371
1509550980,94.670,94.620,94.580,94.670,3117,1004371
1509551040,94.590,94.590,94.560,94.590,3117,1004371
1509551100,94.490,94.470,94.470,94.490,2778,1019957
1509551160,94.470,94.510,94.470,94.520,2775,1019957
1509551220,94.530,94.500,94.500,94.530,2775,1019957
1509551280,94.460,94.540,94.460,94.540,2775,1019957
1509551340,94.500,94.510,94.500,94.510,2775,1019957
1509551400,94.520,94.520,94.500,94.520,5286,1033835
1509551460,94.500,94.530,94.500,94.530,5286,1033835
1509551520,94.540,94.410,94.410,94.540,5286,1033835
1509551580,94.400,94.380,94.340,94.430,5286,1033835
1509551640,94.370,94.230,94.230,94.370,5286,1033835
1509551700,94.230,94.230,94.200,94.280,2943,1060265
1509551760,94.200,94.180,94.180,94.200,2943,1060265
1509551820,94.210,94.270,94.210,94.280,2943,1060265
1509551880,94.260,94.250,94.190,94.260,2943,1060265
1509551940,94.230,94.220,94.220,94.230,2943,1060265
1509552000,94.230,94.230,94.180,94.250,4862,1074980
1509552060,94.230,94.240,94.190,94.250,4860,1074980
1509552120,94.240,94.260,94.190,94.260,4860,1074980
1509552180,94.250,94.290,94.250,94.290,4860,1074980
1509552240,94.260,94.220,94.220,94.260,4860,1074980
1509552300,94.270,94.250,94.240,94.270,3788,1099282
1509552360,94.250,94.210,94.210,94.250,3784,1099282
1509552420,94.250,94.190,94.180,94.250,3784,1099282
1509552480,94.160,94.190,94.160,94.210,3784,1099282
1509552540,94.220,94.210,94.210,94.240,3784,1099282
1509552600,94.200,94.180,94.180,94.200,2169,1118206
1509552660,94.210,94.240,94.210,94.240,2165,1118206
1509552720,94.250,94.250,94.250,94.250,2165,1118206
1509552780,94.270,94.300,94.270,94.300,2165,1118206
1509552840,94.290,94.240,94.230,94.290,2165,1118206
1509552900,94.220,94.190,94.190,94.220,5246,1129035
1509552960,94.160,94.100,94.100,94.160,5242,1129035
1509553020,94.090,93.920,93.920,94.100,5242,1129035
1509553080,93.890,93.970,93.890,94.020,5242,1129035
1509553140,93.970,93.960,93.950,93.990,5242,1129035
1509553200,93.960,93.920,93.920,93.970,15963,1155249
1509553260,93.950,93.980,93.940,94.000,15959,1155249
1509553320,94.050,94.060,94.050,94.060,15959,1155249
1509553380,94.070,94.090,94.070,94.100,15959,1155249
1509553440,94.110,94.140,94.090,94.140,15959,1155249
1509553500,94.130,94.130,94.110,94.140,3018,1235048
1509553560,94.120,94.110,94.110,94.120,3014,1235048
1509553620,94.080,94.050,94.050,94.080,3014,1235048
1509553680,94.080,94.060,94.060,94.080,3014,1235048
1509553740,94.110,94.050,94.050,94.130,3014,1235048
1509553800,94.050,93.860,93.860,94.050,7959,1250122
1509553860,93.760,93.800,93.740,93.820,7957,1250122
1509553920,93.760,93.770,93.750,93.790,7957,1250122
1509553980,93.810,93.840,93.810,93.860,7957,1250122
1509554040,93.890,93.920,93.890,93.920,7957,1250122
1509554100,93.940,93.990,93.940,94.010,2455,1289909
1509554160,93.940,93.990,93.940,94.010,2455,1289909
1509554220,93.940,93.990,93.940,94.010,2455,1289909
1509554280,94.000,94.000,94.000,94.000,2455,1289909
1509554340,94.000,93.940,93.940,94.000,2455,1289909
1509554400,93.920,93.870,93.870,93.920,2355,1302184
1509554460,93.870,93.850,93.850,93.890,2354,1302184
1509554520,93.830,93.770,93.770,93.830,2354,1302184
1509554580,93.740,93.830,93.740,93.830,2354,1302184
1509554640,93.840,93.830,93.830,93.850,2354,1302184
1509554700,93.830,93.810,93.810,93.830,1760,1313955
1509554760,93.870,93.870,93.850,93.870,1758,1313955
1509554820,93.870,93.870,93.850,93.870,1758,1313955
1509554880,93.940,93.900,93.900,93.940,1758,1313955
1509554940,93.940,93.900,93.900,93.940,1758,1313955
1509555000,93.890,93.870,93.870,93.890,1620,1322747
1509555060,93.880,93.860,93.860,93.880,1620,1322747
1509555120,93.880,93.860,93.860,93.880,1620,1322747
1509555180,93.900,93.900,93.900,93.900,1620,1322747
1509555240,93.860,93.860,93.860,93.860,1620,1322747
1509555300,93.850,93.870,93.830,93.870,6403,1330847
1509555360,93.880,93.750,93.750,93.880,6399,1330847
1509555420,93.740,93.660,93.660,93.740,6399,1330847
1509555480,93.670,93.720,93.670,93.730,6399,1330847
1509555540,93.770,93.690,93.690,93.770,6399,1330847
1509555600,93.700,93.710,93.660,93.710,28244,1362846
1509555660,93.670,93.560,93.500,93.670,28244,1362846
1509555720,93.590,93.570,93.530,93.600,28244,1362846
1509555780,93.550,93.880,93.550,93.880,28244,1362846
1509555840,93.870,93.930,93.810,93.930,28244,1362846
1509555900,93.910,93.700,93.700,93.910,5826,1504066
1509555960,93.760,93.560,93.550,93.760,5822,1504066
1509556020,93.470,93.610,93.470,93.610,5822,1504066
1509556080,93.560,93.530,93.480,93.560,5822,1504066
1509556140,93.490,93.490,93.490,93.490,5822,1504066
1509556200,93.470,93.500,93.440,93.540,4430,1533180
1509556260,93.520,93.500,93.480,93.520,4428,1533180
1509556320,93.490,93.390,93.390,93.490,4428,1533180
1509556380,93.410,93.210,93.190,93.410,4428,1533180
1509556440,93.190,93.300,93.190,93.340,4428,1533180
1509556500,93.280,93.220,93.220,93.280,3089,1555322
1509556560,93.240,93.300,93.240,93.300,3086,1555322
1509556620,93.270,93.270,93.270,93.270,3086,1555322
1509556680,93.210,93.260,93.210,93.260,3086,1555322
1509556740,93.290,93.130,93.130,93.310,3086,1555322
1509556800,93.130,93.160,93.130,93.160,2254,1570755
1509556860,93.190,93.210,93.120,93.210,2254,1570755
1509556920,93.230,93.250,93.230,93.250,2254,1570755
1509556980,93.340,93.360,93.340,93.360,2254,1570755
1509557040,93.360,93.330,93.330,93.360,2254,1570755
1509557100,93.380,93.350,93.350,93.380,2592,1582025
1509557160,93.340,93.360,93.340,93.360,2588,1582025
1509557220,93.330,93.300,93.300,93.330,2588,1582025
1509557280,93.350,93.420,93.320,93.470,2588,1582025
1509557340,93.410,93.420,93.410,93.420,2588,1582025
1509557400,93.430,93.360,93.360,93.470,3712,1594969
1509557460,93.360,93.320,93.320,93.400,3708,1594969
1509557520,93.290,93.340,93.290,93.340,3708,1594969
1509557580,93.310,93.410,93.300,93.410,3708,1594969
1509557640,93.360,93.310,93.310,93.360,3708,1594969
1509557700,93.360,93.420,93.360,93.430,5365,1613513
1509557760,93.430,93.460,93.420,93.470,5362,1613513
1509557820,93.460,93.420,93.410,93.480,5362,1613513
1509557880,93.420,93.380,93.380,93.450,5362,1613513
1509557940,93.320,93.340,93.320,93.350,5362,1613513
1509558000,93.350,93.280,93.280,93.350,4516,1640326
1509558060,93.270,93.290,93.270,93.310,4512,1640326
1509558120,93.250,93.220,93.190,93.250,4512,1640326
1509558180,93.210,93.200,93.200,93.210,4512,1640326
1509558240,93.160,93.180,93.160,93.180,4512,1640326
1509558300,93.140,93.190,93.120,93.190,2968,1662890
1509558360,93.180,93.170,93.140,93.180,2964,1662890
1509558420,93.150,93.200,93.130,93.200,2964,1662890
1509558480,93.200,93.170,93.170,93.200,2964,1662890
1509558540,93.160,93.130,93.130,93.160,2964,1662890
1509558600,93.150,93.090,93.090,93.150,5926,1677714
1509558660,93.060,92.850,92.850,93.060,5925,1677714
1509558720,92.890,92.830,92.830,92.890,5925,1677714
1509558780,92.800,92.750,92.700,92.830,5925,1677714
1509558840,92.780,92.780,92.780,92.800,5925,1677714
1509558900,92.760,92.810,92.740,92.830,6422,1707340
1509558960,92.810,92.760,92.760,92.840,6420,1707340
1509559020,92.740,92.770,92.720,92.770,6420,1707340
1509559080,92.780,92.810,92.730,92.810,6420,1707340
1509559140,92.830,92.930,92.830,92.930,6420,1707340
1509559200,92.920,92.810,92.770,92.920,6174,1739442
1509559260,92.840,92.530,92.530,92.840,6171,1739442
1509559320,92.610,92.780,92.610,92.780,6171,1739442
1509559380,92.750,92.780,92.750,92.800,6171,1739442
1509559440,92.780,92.690,92.620,92.780,6171,1739442
1509559500,92.680,92.780,92.660,92.780,5492,1770300
1509559560,92.780,92.680,92.660,92.800,5488,1770300
1509559620,92.630,92.700,92.630,92.700,5488,1770300
1509559680,92.720,92.720,92.710,92.720,5488,1770300
1509559740,92.720,92.750,92.720,92.810,5488,1770300
1509559800,92.750,92.790,92.750,92.820,6391,1797744
1509559860,92.850,92.900,92.820,92.940,6387,1797744
1509559920,92.890,92.790,92.770,92.890,6387,1797744
1509559980,92.770,92.940,92.770,92.940,6387,1797744
1509560040,92.970,93.060,92.970,93.090,6387,1797744
1509560100,93.050,93.020,92.980,93.050,3483,1829683
1509560160,93.050,93.030,93.030,93.060,3483,1829683
1509560220,93.000,93.060,92.900,93.060,3483,1829683
1509560280,93.080,92.920,92.900,93.080,3483,1829683
1509560340,92.990,93.040,92.990,93.040,3483,1829683
1509560400,92.980,93.060,92.980,93.060,10032,1847098
1509560460,93.030,92.990,92.970,93.030,10030,1847098
1509560520,92.970,92.910,92.910,92.970,10030,1847098
1509560580,92.880,92.980,92.880,92.980,10030,1847098
1509560640,93.000,93.130,93.000,93.130,10030,1847098
1509560700,93.190,93.100,93.100,93.190,4787,1897250
1509560760,93.130,93.160,93.120,93.160,4784,1897250
1509560820,93.140,93.160,93.140,93.160,4784,1897250
1509560880,93.160,93.130,93.130,93.160,4784,1897250
1509560940,93.090,93.140,93.090,93.140,4784,1897250
1509561000,93.160,93.230,93.160,93.230,9175,1921173
1509561060,93.220,93.200,93.190,93.220,9173,1921173
1509561120,93.200,93.260,93.200,93.260,9173,1921173
1509561180,93.270,93.250,93.220,93.270,9173,1921173
1509561240,93.250,93.250,93.210,93.290,9173,1921173
1509561300,93.240,93.240,93.240,93.250,11265,1967040
1509561360,93.260,93.250,93.190,93.270,11262,1967040
1509561420,93.250,93.230,93.210,93.250,11262,1967040
1509561480,93.220,93.150,93.150,93.220,11262,1967040
1509561540,93.160,93.230,93.160,93.230,11262,1967040
1509561600,93.230,93.180,93.180,93.230,6942,2023353
1509561660,93.200,93.230,93.200,93.230,6941,2023353
1509561720,93.220,93.190,93.190,93.230,6941,2023353
1509561780,93.210,93.170,93.160,93.220,6941,2023353
1509561840,93.170,93.190,93.170,93.200,6941,2023353
1509561900,93.190,93.150,93.140,93.190,6298,2058059
1509561960,93.170,93.170,93.170,93.180,6298,2058059
1509562020,93.180,93.160,93.150,93.190,6298,2058059
1509562080,93.150,93.160,93.150,93.160,6298,2058059
1509562140,93.120,93.140,93.100,93.150,6298,2058059
1509562200,93.110,93.130,93.100,93.130,2732,2089549
1509562260,93.170,93.170,93.170,93.170,2730,2089549
1509562320,93.150,93.140,93.140,93.150,2730,2089549
1509562380,93.130,93.090,93.090,93.130,2730,2089549
1509562440,93.120,93.160,93.120,93.160,2730,2089549
1509562500,93.190,93.150,93.150,93.190,3498,2103201
1509562560,93.190,93.170,93.170,93.210,3496,2103201
1509562620,93.190,93.180,93.180,93.220,3496,2103201
1509562680,93.160,93.160,93.160,93.180,3496,2103201
1509562740,93.180,93.160,93.160,93.200,3496,2103201
1509562800,93.170,93.140,93.130,93.170,3536,2120683
1509562860,93.150,93.130,93.130,93.150,3536,2120683
1509562920,93.190,93.170,93.170,93.200,3536,2120683
1509562980,93.160,93.210,93.160,93.210,3536,2120683
1509563040,93.220,93.200,93.200,93.230,3536,2120683
1509563100,93.220,93.220,93.210,93.230,16116,2138363
1509563160,93.220,93.200,93.200,93.230,16116,2138363
1509563220,93.240,93.200,93.200,93.250,16116,2138363
1509563280,93.220,93.210,93.190,93.230,16116,2138363
1509563340,93.200,93.210,93.200,93.230,16116,2138363
1509563400,93.220,93.240,93.220,93.270,5342,2218943
1509563460,93.200,93.160,93.150,93.200,5341,2218943
1509563520,93.170,93.170,93.170,93.180,5341,2218943
1509563580,93.150,93.140,93.120,93.150,5341,2218943
1509563640,93.150,93.170,93.140,93.180,5341,2218943
1509563700,93.180,93.190,93.180,93.190,7162,2245649
1509563760,93.200,93.110,93.110,93.210,7158,2245649
1509563820,93.080,93.080,93.060,93.080,7158,2245649
1509563880,93.110,93.050,93.050,93.110,7158,2245649
1509563940,93.110,93.160,93.100,93.170,7158,2245649
1509564000,93.120,93.110,93.100,93.170,7133,2281443
1509564060,93.160,93.140,93.140,93.170,7131,2281443
1509564120,93.150,93.110,93.110,93.160,7131,2281443
1509564180,93.120,93.180,93.120,93.180,7131,2281443
1509564240,93.200,93.190,93.190,93.210,7131,2281443
1509564300,93.170,93.170,93.140,93.170,6926,2317100
1509564360,93.170,93.240,93.170,93.250,6924,2317100
1509564420,93.210,93.200,93.180,93.240,6924,2317100
1509564480,93.200,93.170,93.150,93.200,6924,2317100
1509564540,93.170,93.120,93.120,93.190,6924,2317100
1509564600,93.140,93.080,93.080,93.140,9540,2351722
1509564660,93.080,93.080,93.070,93.090,9540,2351722
1509564720,93.080,93.090,93.080,93.110,9540,2351722
1509564780,93.090,93.080,93.070,93.100,9540,2351722
1509564840,93.080,93.140,93.080,93.140,9540,2351722
1509564900,93.170,93.100,93.100,93.180,7527,2399422
1509564960,93.100,93.130,93.100,93.140,7525,2399422
1509565020,93.110,93.110,93.110,93.120,7525,2399422
1509565080,93.120,93.110,93.080,93.120,7525,2399422
1509565140,93.110,93.140,93.110,93.140,7525,2399422
1509565200,93.140,93.170,93.140,93.170,7501,2437049
1509565260,93.170,93.190,93.170,93.190,7499,2437049
1509565320,93.200,93.170,93.170,93.200,7499,2437049
1509565380,93.170,93.240,93.170,93.240,7499,2437049
1509565440,93.250,93.190,93.190,93.250,7499,2437049
1509565500,93.180,93.150,93.140,93.180,13529,2474546
1509565560,93.160,93.030,93.030,93.160,13529,2474546
1509565620,93.030,92.980,92.980,93.030,13529,2474546
1509565680,92.980,92.910,92.910,92.980,13529,2474546
1509565740,92.900,92.860,92.860,92.910,13529,2474546
1509565800,92.850,92.920,92.850,92.940,20911,2542191
1509565860,92.950,92.940,92.920,92.970,20909,2542191
1509565920,92.940,92.910,92.890,92.940,20909,2542191
1509565980,92.910,92.930,92.900,92.950,20909,2542191
1509566040,92.940,92.830,92.830,92.940,20909,2542191
1509566100,92.830,92.840,92.830,92.860,58362,2646738
1509566160,92.840,92.830,92.830,92.870,58362,2646738
1509566220,92.830,92.840,92.830,92.850,58362,2646738
1509566280,92.840,92.880,92.820,92.880,58362,2646738
1509566340,92.860,92.990,92.860,92.990,58362,2646738
1509629400,92.380,93.250,92.380,93.250,9040,0
1509629460,93.500,93.150,93.150,93.500,9037,0
1509629520,93.330,93.140,93.140,93.330,9037,0
1509629580,93.320,93.320,93.320,93.320,9037,0
1509629640,93.280,93.000,93.000,93.280,9037,0
1509629700,92.990,92.910,92.910,92.990,2060,45188
1509629760,92.940,93.150,92.940,93.150,2056,45188
1509629820,93.140,93.300,93.140,93.300,2056,45188
1509629880,93.310,93.130,93.130,93.310,2056,45188
1509629940,93.130,93.300,93.100,93.300,2056,45188
1509630000,93.250,93.370,93.250,93.370,2683,55472
1509630060,93.430,93.460,93.430,93.520,2683,55472
1509630120,93.460,93.460,93.460,93.460,2683,55472
1509630180,93.470,93.480,93.460,93.530,2683,55472
1509630240,93.470,93.520,93.470,93.520,2683,55472
1509630300,93.480,93.590,93.480,93.610,1970,68887
1509630360,93.550,93.680,93.550,93.680,1968,68887
1509630420,93.640,93.670,93.640,93.730,1968,68887
1509630480,93.830,93.900,93.770,93.900,1968,68887
1509630540,93.910,93.660,93.660,93.910,1968,68887
1509630600,93.740,93.590,93.590,93.750,2613,78729
1509630660,93.760,93.680,93.590,93.760,2612,78729
1509630720,93.690,93.690,93.690,93.780,2612,78729
1509630780,93.620,93.670,93.620,93.670,2612,78729
1509630840,93.750,93.750,93.750,93.750,2612,78729
1509630900,93.700,93.640,93.640,93.730,2124,91790
1509630960,93.760,93.760,93.760,93.760,2120,91790
1509631020,93.700,93.670,93.670,93.760,2120,91790
1509631080,93.720,93.840,93.720,93.840,2120,91790
1509631140,93.780,93.730,93.670,93.780,2120,91790
1509631200,93.770,93.780,93.720,93.780,2669,102394
1509631260,93.770,93.770,93.690,93.770,2665,102394
1509631320,93.720,93.640,93.640,93.730,2665,102394
1509631380,93.660,93.620,93.620,93.660,2665,102394
1509631440,93.510,93.500,93.500,93.510,2665,102394
1509631500,93.590,93.430,93.430,93.590,5701,115723
1509631560,93.460,93.510,93.460,93.530,5699,115723
1509631620,93.470,93.210,93.160,93.470,5699,115723
1509631680,93.170,93.100,93.050,93.170,5699,115723
1509631740,93.050,93.050,92.980,93.080,5699,115723
1509631800,93.120,93.150,93.120,93.160,2502,144220
1509631860,93.190,93.110,93.100,93.190,2501,144220
1509631920,93.100,93.170,93.100,93.190,2501,144220
1509631980,93.090,93.020,93.020,93.090,2501,144220
1509632040,93.040,93.100,93.040,93.100,2501,144220
1509632100,93.090,93.180,93.090,93.220,3348,156726
1509632160,93.230,93.320,93.230,93.340,3346,156726
1509632220,93.360,93.250,93.250,93.360,3346,156726
1509632280,93.210,93.180,93.120,93.210,3346,156726
1509632340,93.150,93.150,93.120,93.150,3346,156726
1509632400,93.110,93.150,93.080,93.150,3117,173458
1509632460,93.130,93.110,93.110,93.130,3113,173458
1509632520,93.070,92.820,92.820,93.070,3113,173458
1509632580,92.810,92.780,92.780,92.820,3113,173458
1509632640,92.800,92.860,92.800,92.920,3113,173458
1509632700,92.840,92.910,92.770,92.910,2819,189027
1509632760,92.930,93.020,92.930,93.020,2817,189027
1509632820,93.100,93.060,93.060,93.110,2817,189027
1509632880,93.090,93.030,92.990,93.090,2817,189027
1509632940,92.950,93.010,92.930,93.010,2817,189027
1509633000,93.050,93.010,92.980,93.050,2470,203114
1509633060,93.010,93.130,93.010,93.130,2466,203114
1509633120,93.120,93.160,93.120,93.190,2466,203114
1509633180,93.180,93.160,93.120,93.190,2466,203114
1509633240,93.180,93.140,93.140,93.200,2466,203114
1509633300,93.150,93.020,93.020,93.150,4291,215448
1509633360,93.030,92.970,92.970,93.050,4290,215448
1509633420,92.990,93.000,92.990,93.000,4290,215448
1509633480,93.030,93.010,93.010,93.030,4290,215448
1509633540,93.020,93.040,93.010,93.040,4290,215448
1509633600,92.990,93.070,92.980,93.070,4360,236899
1509633660,93.150,93.170,93.150,93.200,4356,236899
1509633720,93.260,93.310,93.260,93.340,4356,236899
1509633780,93.300,93.170,93.160,93.300,4356,236899
1509633840,93.150,93.140,93.110,93.150,4356,236899
1509633900,93.170,93.160,93.160,93.170,1585,258683
1509633960,93.150,93.090,93.090,93.150,1581,258683
1509634020,93.110,93.180,93.110,93.180,1581,258683
1509634080,93.200,93.140,93.070,93.200,1581,258683
1509634140,93.150,93.110,93.110,93.150,1581,258683
1509634200,93.080,93.090,93.080,93.090,3983,266592
1509634260,93.110,92.940,92.940,93.110,3983,266592
1509634320,92.990,92.990,92.990,93.040,3983,266592
1509634380,92.990,93.000,92.990,93.000,3983,266592
1509634440,92.980,92.970,92.960,92.990,3983,266592
1509634500,92.960,93.010,92.960,93.030,2775,286507
1509634560,92.990,93.040,92.990,93.040,2771,286507
1509634620,93.000,93.050,93.000,93.050,2771,286507
1509634680,93.050,92.920,92.920,93.050,2771,286507
1509634740,92.920,92.850,92.850,92.930,2771,286507
1509634800,92.820,92.960,92.820,92.960,4932,300366
1509634860,92.970,93.060,92.940,93.060,4930,300366
1509634920,93.060,93.150,93.060,93.150,4930,300366
1509634980,93.190,93.310,93.190,93.320,4930,300366
1509635040,93.320,93.270,93.260,93.320,4930,300366
1509635100,93.270,93.230,93.230,93.270,3186,325018
1509635160,93.220,93.300,93.220,93.300,3186,325018
1509635220,93.300,93.230,93.230,93.300,3186,325018
1509635280,93.200,93.180,93.180,93.220,3186,325018
1509635340,93.180,93.200,93.170,93.210,3186,325018
1509635400,93.220,93.310,93.220,93.310,2522,340948
1509635460,93.300,93.190,93.190,93.300,2522,340948
1509635520,93.220,93.250,93.220,93.280,2522,340948
1509635580,93.220,93.220,93.220,93.220,2522,340948
1509635640,93.140,93.060,93.060,93.150,2522,340948
1509635700,93.070,93.050,93.050,93.110,1835,353558
1509635760,93.020,93.020,93.020,93.020,1834,353558
1509635820,93.080,92.990,92.990,93.080,1834,353558
1509635880,93.000,92.960,92.940,93.000,1834,353558
1509635940,92.920,92.910,92.910,92.920,1834,353558
1509636000,92.900,92.950,92.900,92.970,2171,362729
1509636060,93.010,93.070,93.010,93.070,2168,362729
1509636120,93.040,92.950,92.950,93.040,2168,362729
1509636180,92.980,92.950,92.950,92.990,2168,362729
1509636240,92.940,92.920,92.900,92.940,2168,362729
1509636300,92.890,92.880,92.870,92.890,2307,373572
1509636360,92.840,92.840,92.840,92.840,2304,373572
1509636420,92.820,92.820,92.820,92.820,2304,373572
1509636480,92.840,92.870,92.830,92.870,2304,373572
1509636540,92.780,92.710,92.710,92.780,2304,373572
1509636600,92.670,92.680,92.620,92.680,2357,385095
1509636660,92.730,92.620,92.620,92.730,2355,385095
1509636720,92.670,92.590,92.590,92.670,2355,385095
1509636780,92.630,92.590,92.590,92.630,2355,385095
1509636840,92.580,92.660,92.560,92.660,2355,385095
1509636900,92.620,92.600,92.600,92.630,3510,396872
1509636960,92.550,92.520,92.520,92.550,3508,396872
1509637020,92.460,92.340,92.340,92.460,3508,396872
1509637080,92.350,92.290,92.290,92.390,3508,396872
1509637140,92.360,92.390,92.350,92.390,3508,396872
1509637200,92.400,92.410,92.370,92.440,1786,414414
1509637260,92.430,92.510,92.430,92.510,1786,414414
1509637320,92.560,92.580,92.540,92.580,1786,414414
1509637380,92.620,92.670,92.620,92.670,1786,414414
1509637440,92.690,92.640,92.640,92.690,1786,414414
1509637500,92.620,92.640,92.620,92.640,2358,423344
1509637560,92.650,92.640,92.640,92.650,2357,423344
1509637620,92.610,92.500,92.500,92.610,2357,423344
1509637680,92.580,92.620,92.580,92.620,2357,423344
1509637740,92.570,92.420,92.410,92.570,2357,423344
1509637800,92.430,92.480,92.430,92.500,1494,435130
1509637860,92.570,92.590,92.570,92.590,1493,435130
1509637920,92.650,92.640,92.640,92.650,1493,435130
1509637980,92.610,92.610,92.610,92.610,1493,435130
1509638040,92.670,92.780,92.670,92.780,1493,435130
1509638100,92.770,92.820,92.770,92.820,1732,442596
1509638160,92.830,92.880,92.830,92.880,1728,442596
1509638220,92.840,92.840,92.810,92.840,1728,442596
1509638280,92.880,92.850,92.850,92.880,1728,442596
1509638340,92.840,92.900,92.830,92.900,1728,442596
1509638400,92.880,92.850,92.820,92.920,1555,451240
1509638460,92.810,92.820,92.810,92.820,1555,451240
1509638520,92.880,92.850,92.850,92.880,1555,451240
1509638580,92.900,92.870,92.870,92.900,1555,451240
1509638640,92.920,92.920,92.910,92.980,1555,451240
1509638700,92.890,92.970,92.890,92.970,1955,459015
1509638760,93.000,92.980,92.980,93.020,1954,459015
1509638820,93.030,92.990,92.980,93.030,1954,459015
1509638880,93.010,92.980,92.980,93.020,1954,459015
1509638940,92.970,92.990,92.970,93.030,1954,459015
1509639000,92.980,93.000,92.970,93.000,2342,468786
1509639060,92.980,92.980,92.980,92.990,2342,468786
1509639120,92.970,93.050,92.970,93.050,2342,468786
1509639180,93.050,92.970,92.970,93.050,2342,468786
1509639240,92.920,92.890,92.890,92.920,2342,468786
1509639300,92.920,92.930,92.920,92.940,1484,480496
1509639360,92.910,92.870,92.870,92.910,1481,480496
1509639420,92.900,92.920,92.900,92.960,1481,480496
1509639480,92.940,92.900,92.900,92.940,1481,480496
1509639540,92.900,92.900,92.900,92.900,1481,480496
1509639600,92.880,92.860,92.840,92.880,1344,487904
1509639660,92.850,92.790,92.790,92.850,1344,487904
1509639720,92.850,92.820,92.810,92.850,1344,487904
1509639780,92.870,92.870,92.870,92.870,1344,487904
1509639840,92.890,92.860,92.810,92.890,1344,487904
1509639900,92.840,92.910,92.840,92.950,3357,494624
1509639960,92.900,92.900,92.900,92.970,3353,494624
1509640020,92.970,93.000,92.960,93.000,3353,494624
1509640080,92.990,93.030,92.990,93.150,3353,494624
1509640140,93.050,93.080,93.050,93.080,3353,494624
1509640200,92.970,92.900,92.900,92.970,2301,511393
1509640260,92.900,92.980,92.900,92.980,2297,511393
1509640320,92.950,92.900,92.900,92.950,2297,511393
1509640380,92.880,92.900,92.870,92.900,2297,511393
1509640440,92.890,92.830,92.830,92.890,2297,511393
1509640500,92.880,92.780,92.780,92.880,2061,522882
1509640560,92.830,92.800,92.780,92.830,2060,522882
1509640620,92.810,92.680,92.680,92.810,2060,522882
1509640680,92.700,92.730,92.700,92.730,2060,522882
1509640740,92.720,92.650,92.650,92.720,2060,522882
1509640800,92.640,92.660,92.640,92.680,2400,533183
1509640860,92.680,92.630,92.630,92.680,2396,533183
1509640920,92.640,92.610,92.610,92.660,2396,533183
1509640980,92.650,92.590,92.570,92.650,2396,533183
1509641040,92.600,92.560,92.560,92.600,2396,533183
1509641100,92.500,92.590,92.500,92.600,2241,545167
1509641160,92.640,92.650,92.630,92.650,2241,545167
1509641220,92.670,92.710,92.670,92.710,2241,545167
1509641280,92.780,92.800,92.760,92.800,2241,545167
1509641340,92.790,92.810,92.780,92.830,2241,545167
1509641400,92.800,92.800,92.800,92.800,1199,556372
1509641460,92.880,92.920,92.870,92.920,1199,556372
1509641520,92.970,92.950,92.920,92.970,1199,556372
1509641580,92.930,92.890,92.890,92.930,1199,556372
1509641640,92.880,92.920,92.880,92.920,1199,556372
1509641700,92.920,93.010,92.920,93.010,1718,562367
1509641760,92.990,92.900,92.900,92.990,1715,562367
1509641820,92.930,92.900,92.900,92.930,1715,562367
1509641880,92.890,92.890,92.890,92.890,1715,562367
1509641940,92.890,92.900,92.890,92.900,1715,562367
1509642000,92.910,92.970,92.910,92.970,1636,570945
1509642060,92.960,92.830,92.830,92.960,1636,570945
1509642120,92.840,92.870,92.840,92.870,1636,570945
1509642180,92.920,92.890,92.890,92.930,1636,570945
1509642240,92.920,92.890,92.890,92.930,1636,570945
1509642300,92.910,92.900,92.900,92.910,1208,579125
1509642360,92.890,92.890,92.890,92.890,1207,579125
1509642420,92.880,92.860,92.860,92.890,1207,579125
1509642480,92.860,92.860,92.860,92.860,1207,579125
1509642540,92.850,92.850,92.850,92.870,1207,579125
1509642600,92.850,92.850,92.850,92.870,1002,585161
1509642660,92.920,92.970,92.920,92.980,1002,585161
1509642720,92.940,92.920,92.920,92.940,1002,585161
1509642780,92.960,92.950,92.950,92.960,1002,585161
1509642840,92.950,92.970,92.940,92.970,1002,585161
1509642900,93.040,92.990,92.990,93.050,1447,590171
1509642960,93.020,93.010,93.010,93.020,1447,590171
1509643020,93.010,93.000,93.000,93.010,1447,590171
1509643080,92.970,92.980,92.970,93.010,1447,590171
1509643140,92.980,92.980,92.980,92.980,1447,590171
1509643200,93.000,92.960,92.960,93.000,1036,597406
1509643260,93.000,93.010,92.980,93.030,1036,597406
1509643320,93.030,93.030,93.030,93.030,1036,597406
1509643380,93.010,93.010,93.010,93.010,1036,597406
1509643440,92.980,92.980,92.980,92.980,1036,597406
1509643500,92.990,92.980,92.980,92.990,1974,602586
1509643560,92.960,92.870,92.870,92.960,1971,602586
1509643620,92.870,92.840,92.840,92.870,1971,602586
1509643680,92.860,92.860,92.860,92.860,1971,602586
1509643740,92.810,92.810,92.810,92.840,1971,602586
1509643800,92.790,92.790,92.790,92.790,1031,612444
1509643860,92.820,92.820,92.820,92.820,1030,612444
1509643920,92.810,92.810,92.810,92.820,1030,612444
1509643980,92.830,92.820,92.820,92.830,1030,612444
1509644040,92.840,92.830,92.830,92.840,1030,612444
1509644100,92.840,92.830,92.830,92.840,962,617595
1509644160,92.830,92.830,92.830,92.830,960,617595
1509644220,92.870,92.870,92.870,92.870,960,617595
1509644280,92.860,92.890,92.850,92.890,960,617595
1509644340,92.910,92.890,92.890,92.910,960,617595
1509644400,92.880,92.880,92.850,92.880,1495,622397
1509644460,92.900,92.890,92.890,92.900,1491,622397
1509644520,92.890,92.940,92.890,92.960,1491,622397
1509644580,92.920,92.990,92.920,92.990,1491,622397
1509644640,92.970,92.990,92.950,93.040,1491,622397
1509644700,92.980,93.030,92.980,93.030,1733,629856
1509644760,92.980,92.960,92.940,92.980,1729,629856
1509644820,93.030,92.980,92.980,93.030,1729,629856
1509644880,92.990,93.010,92.990,93.010,1729,629856
1509644940,93.000,92.940,92.940,93.000,1729,629856
1509645000,92.900,92.920,92.900,92.940,1445,638505
1509645060,92.920,92.900,92.900,92.920,1443,638505
1509645120,92.940,92.970,92.940,92.970,1443,638505
1509645180,93.000,93.000,93.000,93.000,1443,638505
1509645240,93.000,92.980,92.980,93.010,1443,638505
1509645300,92.950,92.940,92.940,92.980,1120,645722
1509645360,92.930,92.940,92.930,92.950,1117,645722
1509645420,92.930,92.940,92.930,92.950,1117,645722
1509645480,93.010,92.970,92.970,93.010,1117,645722
1509645540,92.940,92.940,92.940,92.940,1117,645722
1509645600,92.960,92.950,92.950,92.970,2209,651310
1509645660,92.970,93.010,92.970,93.010,2205,651310
1509645720,92.990,92.990,92.990,92.990,2205,651310
1509645780,92.990,92.980,92.980,93.000,2205,651310
1509645840,93.010,93.050,93.010,93.050,2205,651310
1509645900,93.080,93.090,93.080,93.090,1432,662339
1509645960,93.080,93.080,93.080,93.080,1429,662339
1509646020,93.120,93.150,93.120,93.150,1429,662339
1509646080,93.180,93.150,93.150,93.180,1429,662339
1509646140,93.170,93.200,93.170,93.200,1429,662339
1509646200,93.190,93.190,93.180,93.200,2431,669487
1509646260,93.190,93.200,93.180,93.210,2429,669487
1509646320,93.250,93.250,93.250,93.250,2429,669487
1509646380,93.280,93.280,93.270,93.280,2429,669487
1509646440,93.290,93.280,93.270,93.290,2429,669487
1509646500,93.240,93.240,93.230,93.240,2110,681634
1509646560,93.250,93.270,93.250,93.270,2109,681634
1509646620,93.250,93.190,93.190,93.250,2109,681634
1509646680,93.200,93.190,93.190,93.220,2109,681634
1509646740,93.190,93.210,93.170,93.210,2109,681634
1509646800,93.210,93.210,93.200,93.210,1977,692180
1509646860,93.220,93.190,93.190,93.220,1975,692180
1509646920,93.210,93.160,93.160,93.210,1975,692180
1509646980,93.200,93.220,93.200,93.220,1975,692180
1509647040,93.230,93.260,93.220,93.260,1975,692180
1509647100,93.260,93.300,93.260,93.300,2297,702057
1509647160,93.270,93.250,93.230,93.270,2297,702057
1509647220,93.260,93.280,93.260,93.280,2297,702057
1509647280,93.300,93.320,93.300,93.320,2297,702057
1509647340,93.290,93.340,93.270,93.340,2297,702057
1509647400,93.330,93.270,93.270,93.330,2272,713542
1509647460,93.280,93.260,93.260,93.280,2271,713542
1509647520,93.250,93.210,93.200,93.250,2271,713542
1509647580,93.190,93.190,93.190,93.190,2271,713542
1509647640,93.190,93.180,93.180,93.230,2271,713542
1509647700,93.170,93.160,93.150,93.170,3876,724898
1509647760,93.150,93.190,93.150,93.190,3875,724898
1509647820,93.190,93.140,93.140,93.200,3875,724898
1509647880,93.170,93.130,93.130,93.170,3875,724898
1509647940,93.130,93.130,93.130,93.160,3875,724898
1509648000,93.140,93.180,93.140,93.210,4409,744274
1509648060,93.190,93.120,93.120,93.190,4409,744274
1509648120,93.090,93.080,93.070,93.090,4409,744274
1509648180,93.120,93.090,93.080,93.120,4409,744274
1509648240,93.060,93.060,93.060,93.060,4409,744274
1509648300,93.040,93.080,93.040,93.080,5717,766319
1509648360,93.070,93.090,93.060,93.090,5714,766319
1509648420,93.080,93.040,93.040,93.080,5714,766319
1509648480,93.030,93.020,93.020,93.040,5714,766319
1509648540,93.020,93.010,93.010,93.020,5714,766319
1509648600,93.000,93.030,93.000,93.030,4553,794892
1509648660,93.040,93.010,93.010,93.080,4552,794892
1509648720,93.020,93.030,93.020,93.030,4552,794892
1509648780,93.040,93.030,93.030,93.060,4552,794892
1509648840,93.030,93.000,93.000,93.040,4552,794892
1509648900,93.020,93.010,93.000,93.030,3061,817653
1509648960,93.010,93.010,93.010,93.010,3058,817653
1509649020,93.020,93.000,93.000,93.030,3058,817653
1509649080,93.000,92.980,92.980,93.030,3058,817653
1509649140,92.970,92.980,92.970,92.980,3058,817653
1509649200,93.020,93.020,93.020,93.040,16256,832946
1509649260,93.020,93.030,93.020,93.030,16253,832946
1509649320,93.040,93.050,93.040,93.060,16253,832946
1509649380,93.050,93.040,93.040,93.060,16253,832946
1509649440,93.050,93.060,93.050,93.060,16253,832946
1509649500,93.060,93.050,93.050,93.060,5497,914214
1509649560,93.070,93.090,93.070,93.090,5494,914214
1509649620,93.120,93.150,93.120,93.150,5494,914214
1509649680,93.180,93.190,93.180,93.210,5494,914214
1509649740,93.210,93.160,93.130,93.210,5494,914214
1509649800,93.180,93.220,93.180,93.250,3593,941687
1509649860,93.260,93.270,93.260,93.270,3591,941687
1509649920,93.290,93.280,93.280,93.300,3591,941687
1509649980,93.300,93.300,93.300,93.330,3591,941687
1509650040,93.340,93.360,93.340,93.390,3591,941687
1509650100,93.340,93.380,93.330,93.380,6538,959644
1509650160,93.380,93.360,93.350,93.380,6538,959644
1509650220,93.330,93.330,93.330,93.360,6538,959644
1509650280,93.350,93.320,93.310,93.350,6538,959644
1509650340,93.300,93.310,93.290,93.310,6538,959644
1509650400,93.340,93.340,93.340,93.350,3501,992334
1509650460,93.360,93.280,93.280,93.370,3500,992334
1509650520,93.290,93.330,93.290,93.330,3500,992334
1509650580,93.310,93.280,93.280,93.310,3500,992334
1509650640,93.270,93.310,93.270,93.310,3500,992334
1509650700,93.320,93.340,93.320,93.350,3074,1009835
1509650760,93.300,93.310,93.280,93.310,3070,1009835
1509650820,93.310,93.330,93.310,93.330,3070,1009835
1509650880,93.370,93.380,93.360,93.380,3070,1009835
1509650940,93.370,93.390,93.370,93.400,3070,1009835
1509651000,93.400,93.400,93.390,93.440,4121,1025189
1509651060,93.400,93.400,93.390,93.400,4117,1025189
1509651120,93.400,93.410,93.390,93.410,4117,1025189
1509651180,93.400,93.380,93.380,93.400,4117,1025189
1509651240,93.400,93.410,93.390,93.410,4117,1025189
1509651300,93.460,93.550,93.460,93.550,5521,1045778
1509651360,93.530,93.500,93.490,93.530,5518,1045778
1509651420,93.510,93.410,93.390,93.510,5518,1045778
1509651480,93.420,93.420,93.410,93.440,5518,1045778
1509651540,93.430,93.400,93.400,93.430,5518,1045778
1509651600,93.400,93.440,93.400,93.440,7505,1073371
1509651660,93.470,93.480,93.470,93.500,7505,1073371
1509651720,93.500,93.500,93.490,93.520,7505,1073371
1509651780,93.480,93.470,93.470,93.480,7505,1073371
1509651840,93.460,93.440,93.440,93.460,7505,1073371
1509651900,93.430,93.430,93.430,93.460,5921,1110896
1509651960,93.440,93.400,93.400,93.440,5920,1110896
1509652020,93.400,93.400,93.390,93.410,5920,1110896
1509652080,93.410,93.440,93.410,93.450,5920,1110896
1509652140,93.460,93.470,93.450,93.470,5920,1110896
1509652200,93.540,93.570,93.540,93.570,10684,1140497
1509652260,93.560,93.560,93.550,93.570,10684,1140497
1509652320,93.590,93.620,93.590,93.620,10684,1140497
1509652380,93.610,93.630,93.610,93.660,10684,1140497
1509652440,93.610,93.610,93.590,93.610,10684,1140497
1509652500,93.580,93.560,93.560,93.590,40805,1193917
1509652560,93.560,93.590,93.550,93.590,40804,1193917
1509652620,93.600,93.490,93.480,93.600,40804,1193917
1509652680,93.490,93.490,93.480,93.510,40804,1193917
1509652740,93.470,93.460,93.450,93.480,40804,1193917
1509715800,93.720,93.700,93.700,93.720,8554,0
1509715860,93.580,93.590,93.580,93.590,8554,0
1509715920,93.450,93.640,93.450,93.640,8554,0
1509715980,93.640,93.640,93.640,93.640,8554,0
1509716040,93.700,93.950,93.700,93.950,8554,0
1509716100,93.950,93.870,93.790,94.000,1923,42770
1509716160,93.760,93.750,93.750,93.760,1920,42770
1509716220,93.820,93.920,93.820,93.920,1920,42770
1509716280,93.990,93.990,93.980,94.020,1920,42770
1509716340,93.890,93.730,93.730,93.890,1920,42770
1509716400,93.780,93.880,93.780,93.880,1995,52373
1509716460,93.840,93.880,93.840,93.880,1992,52373
1509716520,93.750,93.750,93.750,93.750,1992,52373
1509716580,93.700,93.700,93.700,93.700,1992,52373
1509716640,93.590,93.590,93.590,93.590,1992,52373
1509716700,93.550,93.580,93.540,93.580,3261,62336
1509716760,93.520,93.590,93.520,93.590,3258,62336
1509716820,93.580,93.620,93.580,93.620,3258,62336
1509716880,93.560,93.620,93.560,93.620,3258,62336
1509716940,93.590,93.590,93.590,93.590,3258,62336
1509717000,93.580,93.580,93.580,93.580,3448,78629
1509717060,93.590,93.590,93.590,93.590,3447,78629
1509717120,93.630,93.530,93.530,93.630,3447,78629
1509717180,93.480,93.450,93.450,93.480,3447,78629
1509717240,93.460,93.400,93.370,93.460,3447,78629
1509717300,93.460,93.400,93.370,93.460,760,95865
1509717360,93.460,93.400,93.370,93.460,759,95865
1509717420,93.390,93.410,93.390,93.450,759,95865
1509717480,93.330,93.330,93.330,93.330,759,95865
1509717540,93.300,93.300,93.280,93.340,759,95865
1509717600,93.270,93.330,93.270,93.330,952,99661
1509717660,93.390,93.280,93.270,93.390,948,99661
1509717720,93.340,93.330,93.310,93.350,948,99661
1509717780,93.260,93.260,93.260,93.260,948,99661
1509717840,93.280,93.280,93.280,93.280,948,99661
1509717900,93.300,93.140,93.140,93.320,2130,104405
1509717960,93.170,93.170,93.170,93.170,2127,104405
1509718020,93.230,93.230,93.230,93.230,2127,104405
1509718080,93.230,93.230,93.230,93.230,2127,104405
1509718140,93.220,93.200,93.200,93.220,2127,104405
1509718200,93.250,93.290,93.250,93.290,10773,115043
1509718260,93.250,93.290,93.250,93.290,10771,115043
1509718320,93.390,93.330,93.320,93.390,10771,115043
1509718380,93.260,93.210,93.210,93.260,10771,115043
1509718440,93.190,93.130,93.130,93.230,10771,115043
1509718500,93.220,93.290,93.220,93.290,2064,168900
1509718560,93.280,93.280,93.280,93.280,2060,168900
1509718620,93.310,93.310,93.310,93.310,2060,168900
1509718680,93.260,93.310,93.260,93.310,2060,168900
1509718740,93.340,93.380,93.340,93.380,2060,168900
1509718800,93.390,93.440,93.390,93.440,11091,179204
1509718860,93.480,93.550,93.480,93.550,11090,179204
1509718920,93.520,93.520,93.520,93.520,11090,179204
1509718980,93.380,93.370,93.370,93.460,11090,179204
1509719040,93.450,93.410,93.410,93.450,11090,179204
1509719100,93.430,93.450,93.430,93.450,1304,234655
1509719160,93.390,93.390,93.390,93.390,1303,234655
1509719220,93.300,93.300,93.300,93.300,1303,234655
1509719280,93.280,93.280,93.280,93.280,1303,234655
1509719340,93.310,93.370,93.310,93.370,1303,234655
1509719400,93.450,93.460,93.450,93.460,1741,241171
1509719460,93.500,93.500,93.500,93.500,1738,241171
1509719520,93.500,93.400,93.390,93.500,1738,241171
1509719580,93.460,93.390,93.390,93.480,1738,241171
1509719640,93.360,93.340,93.340,93.390,1738,241171
1509719700,93.360,93.340,93.320,93.360,902,249864
1509719760,93.330,93.350,93.330,93.350,901,249864
1509719820,93.320,93.320,93.320,93.320,901,249864
1509719880,93.340,93.340,93.340,93.340,901,249864
1509719940,93.330,93.330,93.330,93.330,901,249864
1509720000,93.350,93.200,93.200,93.350,1644,254370
1509720060,93.270,93.340,93.270,93.340,1641,254370
1509720120,93.380,93.380,93.380,93.380,1641,254370
1509720180,93.320,93.320,93.320,93.320,1641,254370
1509720240,93.380,93.380,93.380,93.380,1641,254370
1509720300,93.360,93.360,93.360,93.360,3143,262578
1509720360,93.330,93.280,93.280,93.330,3143,262578
1509720420,93.310,93.310,93.310,93.310,3143,262578
1509720480,93.360,93.330,93.330,93.360,3143,262578
1509720540,93.320,93.250,93.240,93.320,3143,262578
1509720600,93.270,93.280,93.270,93.280,2853,278293
1509720660,93.290,93.280,93.280,93.290,2852,278293
1509720720,93.280,93.280,93.280,93.280,2852,278293
1509720780,93.250,93.250,93.250,93.250,2852,278293
1509720840,93.280,93.280,93.280,93.280,2852,278293
1509720900,93.310,93.360,93.310,93.360,1411,292554
1509720960,93.310,93.360,93.310,93.360,1408,292554
1509721020,93.350,93.310,93.310,93.350,1408,292554
1509721080,93.330,93.340,93.330,93.340,1408,292554
1509721140,93.410,93.410,93.380,93.410,1408,292554
1509721200,93.350,93.350,93.350,93.350,1125,299597
1509721260,93.360,93.360,93.360,93.380,1121,299597
1509721320,93.420,93.390,93.390,93.420,1121,299597
1509721380,93.420,93.390,93.390,93.420,1121,299597
1509721440,93.330,93.340,93.330,93.380,1121,299597
1509721500,93.360,93.410,93.360,93.410,1587,305206
1509721560,93.360,93.360,93.360,93.360,1584,305206
1509721620,93.340,93.340,93.340,93.340,1584,305206
1509721680,93.330,93.360,93.330,93.360,1584,305206
1509721740,93.330,93.410,93.330,93.410,1584,305206
1509721800,93.410,93.420,93.410,93.420,1488,313129
1509721860,93.410,93.470,93.410,93.470,1487,313129
1509721920,93.490,93.490,93.490,93.490,1487,313129
1509721980,93.500,93.500,93.500,93.500,1487,313129
1509722040,93.510,93.550,93.510,93.550,1487,313129
1509722100,93.530,93.530,93.530,93.530,1734,320565
1509722160,93.560,93.500,93.500,93.560,1732,320565
1509722220,93.430,93.500,93.430,93.500,1732,320565
1509722280,93.500,93.470,93.470,93.500,1732,320565
1509722340,93.470,93.490,93.470,93.500,1732,320565
1509722400,93.500,93.500,93.500,93.500,1565,329227
1509722460,93.430,93.470,93.430,93.470,1564,329227
1509722520,93.430,93.440,93.420,93.440,1564,329227
1509722580,93.420,93.420,93.420,93.450,1564,329227
1509722640,93.420,93.400,93.400,93.420,1564,329227
1509722700,93.420,93.400,93.370,93.420,2061,337048
1509722760,93.420,93.380,93.380,93.440,2060,337048
1509722820,93.380,93.420,93.380,93.420,2060,337048
1509722880,93.410,93.460,93.410,93.470,2060,337048
1509722940,93.430,93.440,93.430,93.440,2060,337048
1509723000,93.450,93.410,93.380,93.450,1200,347349
1509723060,93.410,93.370,93.370,93.420,1197,347349
1509723120,93.360,93.360,93.360,93.360,1197,347349
1509723180,93.350,93.350,93.350,93.350,1197,347349
1509723240,93.380,93.380,93.380,93.380,1197,347349
1509723300,93.340,93.320,93.290,93.340,1597,353337
1509723360,93.320,93.260,93.260,93.320,1593,353337
1509723420,93.250,93.250,93.250,93.250,1593,353337
1509723480,93.320,93.320,93.320,93.320,1593,353337
1509723540,93.280,93.290,93.280,93.290,1593,353337
1509723600,93.280,93.260,93.260,93.280,1130,361306
1509723660,93.250,93.240,93.240,93.250,1128,361306
1509723720,93.260,93.260,93.260,93.260,1128,361306
1509723780,93.260,93.260,93.260,93.260,1128,361306
1509723840,93.310,93.290,93.290,93.310,1128,361306
1509723900,93.270,93.230,93.230,93.270,4213,366948
1509723960,93.200,93.260,93.180,93.260,4211,366948
1509724020,93.200,93.260,93.180,93.260,4211,366948
1509724080,93.270,93.240,93.240,93.270,4211,366948
1509724140,93.260,93.220,93.220,93.260,4211,366948
1509724200,93.220,93.230,93.210,93.230,1306,388005
1509724260,93.220,93.230,93.220,93.250,1306,388005
1509724320,93.230,93.240,93.230,93.240,1306,388005
1509724380,93.230,93.240,93.190,93.240,1306,388005
1509724440,93.230,93.240,93.190,93.240,1306,388005
1509724500,93.250,93.230,93.230,93.270,2875,394535
1509724560,93.240,93.250,93.230,93.250,2873,394535
1509724620,93.240,93.260,93.240,93.260,2873,394535
1509724680,93.260,93.270,93.260,93.270,2873,394535
1509724740,93.270,93.260,93.260,93.270,2873,394535
1509724800,93.320,93.340,93.320,93.350,13061,408902
1509724860,93.310,93.330,93.310,93.330,13057,408902
1509724920,93.310,93.320,93.300,93.320,13057,408902
1509724980,93.310,93.350,93.310,93.350,13057,408902
1509725040,93.370,93.400,93.360,93.400,13057,408902
1509725100,93.380,93.400,93.380,93.400,1787,474191
1509725160,93.380,93.380,93.380,93.380,1786,474191
1509725220,93.410,93.410,93.410,93.410,1786,474191
1509725280,93.420,93.470,93.420,93.470,1786,474191
1509725340,93.450,93.450,93.450,93.450,1786,474191
1509725400,93.450,93.460,93.450,93.470,1202,483122
1509725460,93.450,93.390,93.390,93.450,1200,483122
1509725520,93.380,93.380,93.380,93.380,1200,483122
1509725580,93.360,93.380,93.360,93.380,1200,483122
1509725640,93.390,93.390,93.390,93.390,1200,483122
1509725700,93.420,93.420,93.420,93.420,1411,489124
1509725760,93.460,93.470,93.430,93.470,1408,489124
1509725820,93.470,93.470,93.430,93.470,1408,489124
1509725880,93.450,93.470,93.450,93.470,1408,489124
1509725940,93.460,93.460,93.440,93.460,1408,489124
1509726000,93.440,93.440,93.440,93.440,1538,496167
1509726060,93.430,93.420,93.420,93.430,1535,496167
1509726120,93.390,93.380,93.340,93.390,1535,496167
1509726180,93.370,93.420,93.370,93.420,1535,496167
1509726240,93.340,93.370,93.340,93.390,1535,496167
1509726300,93.340,93.260,93.260,93.340,741,503845
1509726360,93.340,93.260,93.260,93.340,740,503845
1509726420,93.310,93.250,93.250,93.310,740,503845
1509726480,93.280,93.310,93.280,93.310,740,503845
1509726540,93.320,93.280,93.280,93.320,740,503845
1509726600,93.320,93.300,93.290,93.320,1300,507546
1509726660,93.260,93.260,93.260,93.260,1299,507546
1509726720,93.250,93.170,93.170,93.250,1299,507546
1509726780,93.160,93.190,93.140,93.190,1299,507546
1509726840,93.140,93.150,93.140,93.160,1299,507546
1509726900,93.190,93.140,93.140,93.190,1296,514042
1509726960,93.190,93.140,93.140,93.190,1292,514042
1509727020,93.190,93.160,93.140,93.190,1292,514042
1509727080,93.190,93.160,93.140,93.190,1292,514042
1509727140,93.060,93.060,93.060,93.060,1292,514042
1509727200,93.030,93.020,93.020,93.050,2549,520506
1509727260,93.020,92.960,92.950,93.020,2549,520506
1509727320,93.020,92.960,92.950,93.020,2549,520506
1509727380,93.060,93.060,93.060,93.060,2549,520506
1509727440,93.030,92.970,92.970,93.030,2549,520506
1509727500,92.970,92.980,92.970,92.980,1946,533251
1509727560,93.000,92.990,92.970,93.010,1944,533251
1509727620,93.010,93.010,93.010,93.010,1944,533251
1509727680,92.990,93.000,92.990,93.020,1944,533251
1509727740,92.990,92.940,92.940,92.990,1944,533251
1509727800,92.930,93.000,92.930,93.000,2419,542973
1509727860,93.000,92.970,92.970,93.010,2417,542973
1509727920,92.960,92.930,92.930,92.960,2417,542973
1509727980,92.970,92.950,92.950,92.970,2417,542973
1509728040,92.930,92.930,92.920,92.940,2417,542973
1509728100,92.930,92.930,92.930,92.930,2573,555060
1509728160,92.910,92.860,92.850,92.910,2573,555060
1509728220,92.870,92.930,92.870,92.930,2573,555060
1509728280,92.900,92.920,92.900,92.920,2573,555060
1509728340,92.920,92.940,92.920,92.940,2573,555060
1509728400,92.950,92.950,92.950,92.950,1688,567925
1509728460,92.940,92.930,92.930,92.950,1688,567925
1509728520,92.950,92.980,92.950,92.980,1688,567925
1509728580,93.000,93.000,93.000,93.020,1688,567925
1509728640,92.980,92.950,92.950,92.980,1688,567925
1509728700,92.940,92.940,92.940,92.940,2350,576365
1509728760,92.970,92.970,92.970,92.970,2349,576365
1509728820,92.990,92.910,92.910,92.990,2349,576365
1509728880,92.930,92.890,92.890,92.930,2349,576365
1509728940,92.870,92.870,92.840,92.890,2349,576365
1509729000,92.880,92.860,92.860,92.880,1573,588111
1509729060,92.860,92.860,92.850,92.860,1570,588111
1509729120,92.860,92.860,92.860,92.860,1570,588111
1509729180,92.870,92.870,92.870,92.870,1570,588111
1509729240,92.880,92.880,92.870,92.880,1570,588111
1509729300,92.870,92.820,92.820,92.880,2034,595964
1509729360,92.800,92.810,92.800,92.820,2030,595964
1509729420,92.830,92.830,92.830,92.850,2030,595964
1509729480,92.810,92.800,92.800,92.830,2030,595964
1509729540,92.800,92.820,92.800,92.820,2030,595964
1509729600,92.760,92.760,92.760,92.760,1394,606118
1509729660,92.790,92.810,92.790,92.810,1392,606118
1509729720,92.790,92.810,92.790,92.810,1392,606118
1509729780,92.800,92.780,92.770,92.800,1392,606118
1509729840,92.800,92.780,92.770,92.800,1392,606118
1509729900,92.810,92.740,92.740,92.810,1735,613080
1509729960,92.770,92.780,92.770,92.780,1732,613080
1509730020,92.800,92.810,92.790,92.810,1732,613080
1509730080,92.830,92.830,92.830,92.830,1732,613080
1509730140,92.820,92.780,92.780,92.820,1732,613080
1509730200,92.810,92.800,92.800,92.810,812,621743
1509730260,92.820,92.810,92.810,92.820,812,621743
1509730320,92.790,92.790,92.790,92.790,812,621743
1509730380,92.790,92.790,92.790,92.790,812,621743
1509730440,92.760,92.760,92.760,92.760,812,621743
1509730500,92.760,92.740,92.740,92.770,5862,625803
1509730560,92.750,92.750,92.750,92.750,5861,625803
1509730620,92.720,92.740,92.720,92.740,5861,625803
1509730680,92.750,92.790,92.740,92.800,5861,625803
1509730740,92.760,93.040,92.760,93.040,5861,625803
1509730800,92.980,92.800,92.750,92.980,8286,655109
1509730860,92.840,92.910,92.840,92.930,8285,655109
1509730920,92.850,92.810,92.810,92.860,8285,655109
1509730980,92.820,92.790,92.780,92.880,8285,655109
1509731040,92.820,92.910,92.820,92.910,8285,655109
1509731100,92.870,92.670,92.660,92.870,4044,696535
1509731160,92.660,92.560,92.530,92.660,4044,696535
1509731220,92.540,92.640,92.540,92.640,4044,696535
1509731280,92.650,92.640,92.580,92.650,4044,696535
1509731340,92.660,92.580,92.550,92.660,4044,696535
1509731400,92.580,92.700,92.580,92.700,1536,716755
1509731460,92.660,92.660,92.630,92.660,1532,716755
1509731520,92.710,92.660,92.640,92.710,1532,716755
1509731580,92.730,92.770,92.730,92.770,1532,716755
1509731640,92.790,92.770,92.760,92.790,1532,716755
1509731700,92.780,92.760,92.760,92.780,2859,724419
1509731760,92.780,92.760,92.760,92.780,2856,724419
1509731820,92.760,92.810,92.760,92.820,2856,724419
1509731880,92.800,92.800,92.800,92.850,2856,724419
1509731940,92.800,92.820,92.800,92.860,2856,724419
1509732000,92.790,92.780,92.780,92.790,3538,738702
1509732060,92.860,92.830,92.790,92.860,3535,738702
1509732120,92.890,92.900,92.890,92.910,3535,738702
1509732180,92.930,92.890,92.890,92.990,3535,738702
1509732240,92.910,92.970,92.910,92.970,3535,738702
1509732300,92.980,93.010,92.950,93.010,3321,756380
1509732360,93.010,93.000,93.000,93.070,3320,756380
1509732420,93.000,93.020,93.000,93.020,3320,756380
1509732480,93.090,93.170,93.090,93.170,3320,756380
1509732540,93.090,93.120,93.000,93.120,3320,756380
1509732600,93.140,93.100,93.090,93.200,4759,772981
1509732660,93.080,92.990,92.990,93.110,4757,772981
1509732720,92.990,92.910,92.910,92.990,4757,772981
1509732780,92.970,92.980,92.970,93.000,4757,772981
1509732840,93.050,93.100,93.040,93.100,4757,772981
1509732900,93.140,93.090,93.090,93.190,3165,796768
1509732960,93.110,93.120,93.110,93.150,3165,796768
1509733020,93.100,93.150,93.100,93.150,3165,796768
1509733080,93.060,93.100,93.060,93.100,3165,796768
1509733140,93.080,93.060,93.030,93.080,3165,796768
1509733200,93.080,93.050,93.050,93.080,3301,812593
1509733260,93.080,93.070,93.060,93.090,3298,812593
1509733320,93.020,93.050,93.020,93.080,3298,812593
1509733380,93.040,93.090,93.040,93.090,3298,812593
1509733440,93.130,93.040,93.000,93.140,3298,812593
1509733500,93.020,93.090,93.010,93.090,3595,829086
1509733560,93.070,93.060,93.000,93.070,3593,829086
1509733620,93.080,93.110,93.080,93.150,3593,829086
1509733680,93.030,93.010,92.970,93.030,3593,829086
1509733740,92.940,93.040,92.940,93.040,3593,829086
1509733800,93.070,93.020,93.010,93.070,3636,847053
1509733860,93.090,93.090,93.060,93.090,3633,847053
1509733920,93.060,93.080,93.020,93.080,3633,847053
1509733980,93.080,93.130,93.080,93.150,3633,847053
1509734040,93.080,93.050,93.050,93.080,3633,847053
1509734100,93.020,93.030,93.000,93.030,4587,865221
1509734160,92.970,92.930,92.930,92.990,4587,865221
1509734220,92.930,92.970,92.930,92.970,4587,865221
1509734280,92.970,93.000,92.970,93.000,4587,865221
1509734340,92.950,92.980,92.950,93.000,4587,865221
1509734400,93.020,92.990,92.990,93.020,3407,888156
1509734460,92.980,93.010,92.980,93.020,3407,888156
1509734520,93.020,93.060,93.020,93.060,3407,888156
1509734580,93.080,92.980,92.960,93.080,3407,888156
1509734640,92.960,92.940,92.930,92.960,3407,888156
1509734700,92.960,92.940,92.940,92.960,3396,905191
1509734760,92.950,92.940,92.940,92.960,3392,905191
1509734820,92.930,92.860,92.840,92.930,3392,905191
1509734880,92.860,92.850,92.830,92.920,3392,905191
1509734940,92.830,92.910,92.830,92.910,3392,905191
1509735000,92.930,92.960,92.930,92.970,2266,922155
1509735060,92.980,92.990,92.970,92.990,2263,922155
1509735120,92.940,93.000,92.940,93.000,2263,922155
1509735180,92.960,92.960,92.960,92.960,2263,922155
1509735240,92.970,93.000,92.970,93.000,2263,922155
1509735300,93.050,93.050,93.050,93.050,2105,933473
1509735360,92.990,93.000,92.990,93.020,2105,933473
1509735420,93.000,93.000,92.990,93.000,2105,933473
1509735480,93.010,93.030,92.980,93.030,2105,933473
1509735540,93.030,93.020,93.020,93.050,2105,933473
1509735600,93.050,93.050,93.050,93.050,3553,943998
1509735660,93.050,93.080,93.050,93.110,3553,943998
1509735720,93.080,93.200,93.080,93.200,3553,943998
1509735780,93.230,93.190,93.190,93.230,3553,943998
1509735840,93.200,93.260,93.200,93.310,3553,943998
1509735900,93.290,93.240,93.240,93.290,2253,961763
1509735960,93.260,93.210,93.210,93.260,2253,961763
1509736020,93.230,93.320,93.230,93.320,2253,961763
1509736080,93.260,93.280,93.250,93.280,2253,961763
1509736140,93.290,93.280,93.280,93.290,2253,961763
1509736200,93.240,93.220,93.220,93.240,2388,973028
1509736260,93.230,93.200,93.200,93.270,2387,973028
1509736320,93.200,93.220,93.180,93.220,2387,973028
1509736380,93.200,93.220,93.180,93.220,2387,973028
1509736440,93.200,93.180,93.180,93.240,2387,973028
1509736500,93.220,93.180,93.180,93.220,2176,984964
1509736560,93.170,93.160,93.160,93.210,2175,984964
1509736620,93.170,93.200,93.170,93.200,2175,984964
1509736680,93.200,93.200,93.180,93.240,2175,984964
1509736740,93.230,93.170,93.170,93.230,2175,984964
1509736800,93.170,93.180,93.130,93.180,3157,995840
1509736860,93.150,93.140,93.140,93.160,3156,995840
1509736920,93.150,93.130,93.130,93.160,3156,995840
1509736980,93.150,93.180,93.150,93.210,3156,995840
1509737040,93.190,93.170,93.170,93.230,3156,995840
1509737100,93.180,93.190,93.180,93.190,2344,1011621
1509737160,93.220,93.260,93.220,93.260,2341,1011621
1509737220,93.270,93.290,93.250,93.290,2341,1011621
1509737280,93.290,93.310,93.290,93.310,2341,1011621
1509737340,93.280,93.290,93.280,93.290,2341,1011621
1509737400,93.300,93.340,93.300,93.340,6355,1023329
1509737460,93.330,93.300,93.300,93.330,6352,1023329
1509737520,93.310,93.350,93.310,93.350,6352,1023329
1509737580,93.370,93.370,93.340,93.380,6352,1023329
1509737640,93.370,93.380,93.370,93.400,6352,1023329
1509737700,93.360,93.380,93.360,93.380,6044,1055092
1509737760,93.370,93.290,93.290,93.370,6041,1055092
1509737820,93.300,93.300,93.290,93.320,6041,1055092
1509737880,93.270,93.230,93.230,93.270,6041,1055092
1509737940,93.260,93.300,93.260,93.300,6041,1055092
1509738000,93.310,93.310,93.300,93.340,4587,1085300
1509738060,93.310,93.330,93.310,93.330,4584,1085300
1509738120,93.350,93.370,93.330,93.370,4584,1085300
1509738180,93.360,93.380,93.360,93.380,4584,1085300
1509738240,93.380,93.420,93.360,93.420,4584,1085300
1509738300,93.430,93.430,93.420,93.430,5711,1108223
1509738360,93.440,93.470,93.440,93.480,5709,1108223
1509738420,93.480,93.520,93.480,93.520,5709,1108223
1509738480,93.530,93.530,93.510,93.530,5709,1108223
1509738540,93.520,93.510,93.510,93.530,5709,1108223
1509738600,93.590,93.570,93.560,93.590,10954,1136770
1509738660,93.560,93.550,93.540,93.570,10953,1136770
1509738720,93.530,93.550,93.530,93.550,10953,1136770
1509738780,93.530,93.530,93.500,93.540,10953,1136770
1509738840,93.530,93.530,93.520,93.530,10953,1136770
1509738900,93.530,93.530,93.520,93.540,16371,1191536
1509738960,93.530,93.560,93.520,93.560,16371,1191536
1509739020,93.580,93.550,93.550,93.580,16371,1191536
1509739080,93.540,93.600,93.520,93.600,16371,1191536
1509739140,93.590,93.660,93.570,93.660,16371,1191536
