1527859800,5.150,5.150,5.150,5.150,7155,0
1527859860,5.150,5.150,5.150,5.150,0,0
1527860040,5.170,5.170,5.170,5.170,0,0
1527860400,5.160,5.160,5.160,5.160,2692,7155
1527860700,5.170,5.170,5.170,5.170,1519,9847
1527860760,5.160,5.160,5.160,5.160,0,0
1527860880,5.200,5.200,5.200,5.200,0,0
1527861000,5.210,5.210,5.210,5.210,10032,11366
1527861060,5.210,5.210,5.210,5.210,0,0
1527861120,5.200,5.170,5.170,5.200,0,0
1527861900,5.220,5.220,5.220,5.220,12202,21398
1527862020,5.180,5.200,5.180,5.200,0,0
1527862080,5.180,5.180,5.180,5.180,0,0
1527862140,5.210,5.210,5.210,5.210,0,0
1527862500,5.180,5.180,5.180,5.180,625,33600
1527862740,5.180,5.180,5.180,5.180,0,0
1527862800,5.170,5.170,5.170,5.170,1675,34225
1527862980,5.170,5.170,5.170,5.170,0,0
1527863100,5.170,5.170,5.170,5.170,200,35900
1527863400,5.200,5.200,5.200,5.200,5982,36100
1527863580,5.200,5.200,5.200,5.200,0,0
1527863700,5.200,5.200,5.200,5.200,2870,42082
1527863880,5.200,5.200,5.200,5.200,0,0
1527864300,5.200,5.170,5.170,5.200,765,44952
1527865200,5.170,5.170,5.170,5.170,2040,45717
1527865380,5.170,5.170,5.170,5.170,0,0
1527865500,5.200,5.200,5.200,5.200,3629,47757
1527865560,5.200,5.180,5.180,5.200,0,0
1527865620,5.200,5.200,5.200,5.200,0,0
1527865680,5.180,5.180,5.180,5.180,0,0
1527866100,5.150,5.170,5.150,5.170,6526,51386
1527866220,5.150,5.170,5.150,5.170,0,0
1527866280,5.170,5.170,5.170,5.170,0,0
1527866400,5.200,5.200,5.200,5.200,1806,57912
1527866460,5.200,5.200,5.200,5.200,0,0
1527866580,5.170,5.170,5.170,5.170,0,0
1527867600,5.170,5.170,5.170,5.170,4773,59718
1527867660,5.170,5.170,5.170,5.170,0,0
1527867780,5.180,5.170,5.170,5.180,0,0
1527867900,5.170,5.180,5.170,5.180,414,64491
1527868020,5.170,5.180,5.170,5.180,0,0
1527868140,5.170,5.170,5.170,5.170,0,0
1527868200,5.170,5.170,5.170,5.170,3764,64905
1527868380,5.170,5.170,5.170,5.170,0,0
1527868500,5.170,5.170,5.170,5.170,1149,68669
1527868560,5.170,5.170,5.170,5.170,0,0
1527868680,5.170,5.170,5.170,5.170,0,0
1527869100,5.190,5.190,5.190,5.190,1300,69818
1527869400,5.170,5.170,5.170,5.170,1537,71118
1527869520,5.170,5.170,5.170,5.170,0,0
1527869700,5.180,5.180,5.180,5.180,642,72655
1527869820,5.180,5.180,5.180,5.180,0,0
1527870300,5.170,5.170,5.170,5.170,2960,73297
1527870420,5.160,5.170,5.160,5.170,0,0
1527870600,5.180,5.180,5.180,5.180,798,76257
1527870780,5.180,5.180,5.180,5.180,0,0
1527870900,5.170,5.170,5.170,5.170,500,77055
1527871200,5.160,5.160,5.160,5.160,920,77555
1527871320,5.160,5.160,5.160,5.160,0,0
1527871500,5.170,5.170,5.170,5.170,701,78475
1527871620,5.170,5.170,5.170,5.170,0,0
1527871800,5.170,5.170,5.170,5.170,1654,79176
1527871920,5.160,5.160,5.160,5.160,0,0
1527872700,5.200,5.200,5.200,5.200,2221,80830
1527872880,5.200,5.200,5.200,5.200,0,0
1527873000,5.200,5.150,5.150,5.200,1216,83051
1527873180,5.200,5.150,5.150,5.200,0,0
1527873240,5.200,5.200,5.200,5.200,0,0
1527873600,5.170,5.170,5.170,5.170,3430,84267
1527873660,5.170,5.200,5.170,5.200,0,0
1527873780,5.200,5.200,5.200,5.200,0,0
1527873840,5.190,5.190,5.190,5.190,0,0
1527873900,5.200,5.170,5.170,5.200,1300,87697
1527874200,5.170,5.200,5.170,5.200,1651,88997
1527874380,5.200,5.170,5.170,5.200,0,0
1527874500,5.200,5.200,5.200,5.200,7925,90648
1527874560,5.160,5.160,5.160,5.160,0,0
1527874800,5.170,5.170,5.170,5.170,982,98573
1527874980,5.170,5.170,5.170,5.170,0,0
1527875100,5.170,5.170,5.170,5.170,340,99555
1527875160,5.170,5.170,5.170,5.170,0,0
1527875400,5.200,5.200,5.200,5.200,702,99895
1527875520,5.200,5.200,5.200,5.200,0,0
1527875700,5.170,5.170,5.170,5.170,2859,100597
1527875760,5.180,5.180,5.180,5.180,0,0
1527875880,5.150,5.170,5.150,5.170,0,0
1527876000,5.200,5.170,5.170,5.200,631,103456
1527876240,5.200,5.170,5.170,5.200,0,0
1527876300,5.200,5.200,5.200,5.200,540,104087
1527876420,5.200,5.200,5.200,5.200,0,0
1527876600,5.200,5.200,5.200,5.200,1200,104627
1527876840,5.200,5.200,5.200,5.200,0,0
1527877200,5.200,5.200,5.200,5.200,1029,105827
1527877380,5.200,5.200,5.200,5.200,0,0
1527877500,5.170,5.170,5.170,5.170,400,106856
1527877800,5.170,5.170,5.170,5.170,1708,107256
1527878100,5.200,5.200,5.200,5.200,807,108964
1527878700,5.170,5.170,5.170,5.170,2138,109771
1527878760,5.170,5.170,5.170,5.170,0,0
1527878880,5.200,5.200,5.200,5.200,0,0
1527879300,5.250,5.220,5.220,5.250,7031,111909
1527879360,5.220,5.220,5.220,5.220,0,0
1527879420,5.200,5.200,5.200,5.200,0,0
1527879480,5.200,5.200,5.200,5.200,0,0
1527879600,5.220,5.220,5.220,5.220,1442,118940
1527879780,5.220,5.220,5.220,5.220,0,0
1527879900,5.220,5.220,5.220,5.220,2000,120382
1527880020,5.200,5.200,5.200,5.200,0,0
1527880080,5.200,5.200,5.200,5.200,0,0
1527880500,5.220,5.220,5.220,5.220,5163,122382
1527880560,5.220,5.200,5.200,5.220,0,0
1527880620,5.170,5.170,5.170,5.170,0,0
1527880680,5.200,5.200,5.200,5.200,0,0
1527880800,5.170,5.170,5.170,5.170,2345,127545
1527880920,5.170,5.170,5.170,5.170,0,0
1527881100,5.170,5.170,5.170,5.170,300,129890
1527881400,5.200,5.200,5.200,5.200,2703,130190
1527881460,5.200,5.200,5.200,5.200,0,0
1527881520,5.200,5.200,5.200,5.200,0,0
1527881580,5.170,5.180,5.170,5.180,0,0
1527881700,5.170,5.200,5.170,5.200,1592,132893
1527881760,5.170,5.200,5.170,5.200,0,0
1527881820,5.170,5.170,5.170,5.170,0,0
1527881880,5.170,5.170,5.170,5.170,0,0
1527882000,5.170,5.170,5.170,5.170,21138,134485
1527882060,5.170,5.170,5.170,5.170,0,0
1527882120,5.160,5.160,5.160,5.160,0,0
1527882240,5.180,5.140,5.140,5.180,0,0
1527882300,5.100,5.100,5.100,5.100,5272,155623
1527882360,5.100,5.120,5.100,5.120,0,0
1527882420,5.100,5.120,5.100,5.120,0,0
1527882480,5.100,5.100,5.100,5.100,0,0
1527882540,5.100,5.120,5.100,5.120,0,0
1527882600,5.100,5.120,5.100,5.120,29175,160895
1527882660,5.100,5.120,5.100,5.120,0,0
1527882720,5.100,5.080,5.050,5.100,0,0
1527882780,5.050,5.070,5.050,5.080,0,0
1527882840,5.080,5.050,5.050,5.080,0,0
1527882900,5.050,5.050,5.050,5.050,56111,190070
1527882960,5.080,5.050,5.050,5.080,0,0
1527883020,5.080,5.050,5.050,5.080,0,0
1527883080,5.080,5.050,5.050,5.080,0,0
1527883140,5.050,5.050,5.050,5.100,0,0
1528119000,5.120,5.120,5.120,5.120,0,0
1528119120,5.120,5.120,5.120,5.120,0,0
1528119300,5.150,5.150,5.150,5.150,10611,0
1528119360,5.200,5.200,5.200,5.200,0,0
1528119420,5.170,5.150,5.150,5.170,0,0
1528119540,5.190,5.190,5.190,5.190,0,0
1528120200,5.170,5.170,5.170,5.170,4720,10611
1528120320,5.150,5.150,5.150,5.150,0,0
1528120800,5.170,5.170,5.170,5.170,364,15331
1528120980,5.170,5.170,5.170,5.170,0,0
1528121700,5.170,5.170,5.170,5.170,613,15695
1528122000,5.170,5.170,5.170,5.170,200,16308
1528122180,5.170,5.170,5.170,5.170,0,0
1528122300,5.150,5.150,5.150,5.150,25883,16508
1528122360,5.150,5.150,5.150,5.150,0,0
1528122420,5.190,5.190,5.190,5.190,0,0
1528122600,5.150,5.150,5.150,5.150,2226,42391
1528122720,5.150,5.150,5.150,5.150,0,0
1528122840,5.150,5.150,5.150,5.150,0,0
1528122900,5.200,5.200,5.200,5.200,1950,44617
1528122960,5.150,5.150,5.150,5.150,0,0
1528123500,5.170,5.170,5.170,5.170,7405,46567
1528123680,5.180,5.180,5.180,5.180,0,0
1528123800,5.170,5.170,5.170,5.170,2201,53972
1528123860,5.170,5.170,5.170,5.170,0,0
1528123920,5.170,5.170,5.170,5.170,0,0
1528124100,5.170,5.180,5.170,5.180,570,56173
1528124160,5.170,5.170,5.170,5.170,0,0
1528124400,5.180,5.180,5.180,5.180,4627,56743
1528124580,5.170,5.170,5.170,5.170,0,0
1528124700,5.170,5.170,5.170,5.170,1502,61370
1528124760,5.170,5.160,5.160,5.170,0,0
1528124820,5.170,5.170,5.170,5.170,0,0
1528125000,5.170,5.170,5.170,5.170,1234,62872
1528125060,5.170,5.170,5.170,5.170,0,0
1528125120,5.150,5.170,5.150,5.170,0,0
1528125300,5.170,5.170,5.170,5.170,300,64106
1528125360,5.170,5.170,5.170,5.170,0,0
1528125600,5.170,5.170,5.170,5.170,511,64406
1528125660,5.170,5.170,5.170,5.170,0,0
1528125900,5.170,5.170,5.170,5.170,7744,64917
1528125960,5.160,5.160,5.160,5.160,0,0
1528126080,5.200,5.200,5.200,5.200,0,0
1528126140,5.220,5.220,5.220,5.220,0,0
1528126800,5.200,5.200,5.200,5.200,18098,72661
1528128300,5.230,5.220,5.220,5.230,5236,90759
1528128360,5.230,5.220,5.220,5.230,0,0
1528128600,5.220,5.220,5.220,5.220,4415,95995
1528128780,5.220,5.220,5.220,5.220,0,0
1528128900,5.220,5.220,5.220,5.220,900,100410
1528129200,5.220,5.220,5.220,5.220,1907,101310
1528129260,5.220,5.220,5.220,5.220,0,0
1528129320,5.240,5.240,5.240,5.240,0,0
1528129500,5.220,5.220,5.220,5.220,4809,103217
1528129680,5.220,5.220,5.220,5.220,0,0
1528129800,5.230,5.230,5.230,5.230,991,108026
1528129980,5.230,5.230,5.230,5.230,0,0
1528130100,5.220,5.220,5.220,5.220,1220,109017
1528130280,5.220,5.220,5.220,5.220,0,0
1528130400,5.230,5.230,5.230,5.230,2812,110237
1528130640,5.210,5.210,5.210,5.210,0,0
1528130700,5.220,5.220,5.220,5.220,8107,113049
1528130820,5.220,5.220,5.220,5.220,0,0
1528130940,5.220,5.220,5.220,5.220,0,0
1528131300,5.220,5.220,5.220,5.220,1122,121156
1528131480,5.220,5.220,5.220,5.220,0,0
1528131900,5.230,5.230,5.230,5.230,1326,122278
1528132020,5.230,5.230,5.230,5.230,0,0
1528132080,5.220,5.220,5.220,5.220,0,0
1528132200,5.210,5.210,5.210,5.210,2351,123604
1528132260,5.210,5.210,5.210,5.210,0,0
1528132320,5.220,5.220,5.220,5.220,0,0
1528132800,5.250,5.250,5.250,5.250,1555,125955
1528132860,5.250,5.250,5.250,5.250,0,0
1528133040,5.250,5.250,5.250,5.250,0,0
1528133100,5.220,5.220,5.220,5.220,400,127510
1528133160,5.250,5.220,5.220,5.250,0,0
1528133220,5.250,5.250,5.250,5.250,0,0
1528133280,5.250,5.250,5.250,5.250,0,0
1528133340,5.250,5.250,5.250,5.250,0,0
1528133400,5.250,5.250,5.250,5.250,1500,127910
1528133460,5.250,5.250,5.250,5.250,0,0
1528133520,5.250,5.250,5.250,5.250,0,0
1528133580,5.250,5.250,5.250,5.250,0,0
1528133640,5.250,5.250,5.250,5.250,0,0
1528133700,5.250,5.250,5.250,5.250,300,129410
1528133820,5.250,5.250,5.250,5.250,0,0
1528133880,5.250,5.250,5.250,5.250,0,0
1528133940,5.250,5.250,5.250,5.250,0,0
1528134000,5.250,5.250,5.250,5.250,915,129710
1528134180,5.250,5.250,5.250,5.250,0,0
1528134240,5.250,5.250,5.250,5.250,0,0
1528134300,5.220,5.220,5.220,5.220,1700,130625
1528134360,5.250,5.250,5.250,5.250,0,0
1528134420,5.250,5.250,5.250,5.250,0,0
1528134480,5.250,5.250,5.250,5.250,0,0
1528134540,5.250,5.250,5.250,5.250,0,0
1528134600,5.250,5.250,5.250,5.250,2006,132325
1528134720,5.250,5.250,5.250,5.250,0,0
1528134780,5.250,5.250,5.250,5.250,0,0
1528134840,5.250,5.250,5.250,5.250,0,0
1528134900,5.250,5.250,5.250,5.250,200,134331
1528134960,5.250,5.250,5.250,5.250,0,0
1528135020,5.250,5.250,5.250,5.250,0,0
1528135080,5.250,5.250,5.250,5.250,0,0
1528135200,5.250,5.250,5.250,5.250,880,134531
1528135320,5.250,5.250,5.250,5.250,0,0
1528135380,5.250,5.250,5.250,5.250,0,0
1528135440,5.250,5.250,5.250,5.250,0,0
1528135500,5.250,5.250,5.250,5.250,3276,135411
1528135560,5.250,5.250,5.250,5.250,0,0
1528135620,5.250,5.250,5.250,5.250,0,0
1528135680,5.250,5.250,5.250,5.250,0,0
1528135740,5.220,5.250,5.220,5.250,0,0
1528135800,5.250,5.250,5.250,5.250,570,138687
1528136040,5.220,5.220,5.220,5.220,0,0
1528136100,5.250,5.250,5.250,5.250,1605,139257
1528136160,5.250,5.250,5.250,5.250,0,0
1528136280,5.250,5.250,5.250,5.250,0,0
1528136340,5.250,5.250,5.250,5.250,0,0
1528136400,5.250,5.250,5.250,5.250,3413,140862
1528136520,5.250,5.250,5.250,5.250,0,0
1528136580,5.220,5.220,5.220,5.220,0,0
1528136640,5.250,5.250,5.250,5.250,0,0
1528136700,5.220,5.250,5.220,5.250,1308,144275
1528136880,5.250,5.250,5.250,5.250,0,0
1528137000,5.220,5.220,5.220,5.220,300,145583
1528137060,5.220,5.220,5.220,5.220,0,0
1528137120,5.250,5.250,5.250,5.250,0,0
1528137180,5.250,5.250,5.250,5.250,0,0
1528137300,5.250,5.220,5.220,5.250,2342,145883
1528137360,5.220,5.220,5.220,5.220,0,0
1528137420,5.250,5.250,5.250,5.250,0,0
1528137480,5.250,5.250,5.250,5.250,0,0
1528137540,5.250,5.250,5.250,5.250,0,0
1528137600,5.250,5.220,5.220,5.250,1438,148225
1528137720,5.250,5.250,5.250,5.250,0,0
1528137840,5.250,5.250,5.250,5.250,0,0
1528137900,5.220,5.220,5.220,5.220,2216,149663
1528137960,5.250,5.200,5.200,5.250,0,0
1528138020,5.250,5.250,5.250,5.250,0,0
1528138080,5.250,5.250,5.250,5.250,0,0
1528138140,5.220,5.220,5.220,5.220,0,0
1528138200,5.250,5.250,5.250,5.250,10450,151879
1528138260,5.220,5.220,5.220,5.220,0,0
1528138380,5.220,5.220,5.220,5.220,0,0
1528138440,5.220,5.220,5.220,5.220,0,0
1528138500,5.220,5.220,5.220,5.220,1700,162329
1528138560,5.250,5.250,5.250,5.250,0,0
1528138620,5.250,5.250,5.250,5.250,0,0
1528138680,5.220,5.250,5.220,5.250,0,0
1528138740,5.250,5.250,5.250,5.250,0,0
1528138800,5.250,5.250,5.250,5.250,700,164029
1528138860,5.250,5.250,5.250,5.250,0,0
1528138920,5.220,5.250,5.220,5.250,0,0
1528138980,5.250,5.250,5.250,5.250,0,0
1528139040,5.250,5.250,5.250,5.250,0,0
1528139100,5.250,5.220,5.220,5.250,2974,164729
1528139220,5.250,5.250,5.250,5.250,0,0
1528139280,5.250,5.250,5.250,5.250,0,0
1528139340,5.220,5.230,5.220,5.250,0,0
1528139400,5.250,5.250,5.250,5.250,2038,167703
1528139460,5.250,5.250,5.250,5.250,0,0
1528139520,5.250,5.250,5.250,5.250,0,0
1528139580,5.250,5.250,5.250,5.250,0,0
1528139640,5.250,5.250,5.250,5.250,0,0
1528139700,5.250,5.250,5.250,5.250,24790,169741
1528139760,5.220,5.250,5.220,5.250,0,0
1528139820,5.220,5.250,5.220,5.250,0,0
1528139940,5.250,5.280,5.250,5.280,0,0
1528140000,5.280,5.280,5.280,5.280,1740,194531
1528140060,5.280,5.280,5.280,5.280,0,0
1528140120,5.280,5.280,5.280,5.280,0,0
1528140180,5.280,5.300,5.280,5.300,0,0
1528140240,5.300,5.300,5.300,5.300,0,0
1528140300,5.300,5.300,5.300,5.300,7350,196271
1528140360,5.280,5.280,5.280,5.280,0,0
1528140420,5.280,5.280,5.280,5.280,0,0
1528140480,5.300,5.300,5.300,5.300,0,0
1528140540,5.280,5.290,5.280,5.290,0,0
1528140600,5.300,5.300,5.300,5.300,2670,203621
1528140660,5.300,5.300,5.300,5.300,0,0
1528140720,5.300,5.300,5.300,5.300,0,0
1528140780,5.300,5.300,5.300,5.300,0,0
1528140840,5.300,5.280,5.280,5.300,0,0
1528140900,5.300,5.300,5.300,5.300,4385,206291
1528140960,5.300,5.280,5.280,5.300,0,0
1528141020,5.300,5.280,5.280,5.300,0,0
1528141080,5.300,5.300,5.300,5.300,0,0
1528141200,5.300,5.280,5.280,5.300,10256,210676
1528141260,5.300,5.300,5.300,5.300,0,0
1528141380,5.300,5.300,5.300,5.300,0,0
1528141440,5.300,5.280,5.250,5.300,0,0
1528141500,5.300,5.300,5.300,5.300,6586,220932
1528141560,5.300,5.280,5.280,5.300,0,0
1528141620,5.300,5.280,5.280,5.300,0,0
1528141680,5.300,5.300,5.300,5.300,0,0
1528141740,5.300,5.300,5.300,5.300,0,0
1528141800,5.300,5.300,5.300,5.300,400,227518
1528141860,5.300,5.300,5.300,5.300,0,0
1528141920,5.300,5.300,5.300,5.300,0,0
1528141980,5.300,5.300,5.300,5.300,0,0
1528142040,5.300,5.300,5.300,5.300,0,0
1528142100,5.300,5.300,5.300,5.300,28404,227918
1528142160,5.300,5.300,5.300,5.300,0,0
1528142220,5.330,5.350,5.330,5.350,0,0
1528142280,5.330,5.350,5.330,5.350,0,0
1528142340,5.300,5.350,5.300,5.350,0,0
1528205400,5.300,5.250,5.250,5.300,2955,0
1528205520,5.300,5.300,5.300,5.300,0,0
1528205700,5.270,5.350,5.270,5.350,9817,2955
1528205880,5.270,5.350,5.270,5.350,0,0
1528205940,5.330,5.330,5.330,5.330,0,0
1528206000,5.300,5.330,5.300,5.330,814,12772
1528206180,5.350,5.350,5.350,5.350,0,0
1528206300,5.390,5.390,5.390,5.390,6829,13586
1528206420,5.400,5.350,5.350,5.400,0,0
1528206600,5.400,5.420,5.400,5.420,7372,20415
1528206660,5.400,5.380,5.380,5.400,0,0
1528206780,5.400,5.400,5.400,5.400,0,0
1528206900,5.370,5.370,5.370,5.370,2556,27787
1528207020,5.370,5.370,5.370,5.370,0,0
1528207140,5.380,5.380,5.380,5.380,0,0
1528207200,5.380,5.380,5.380,5.380,3903,30343
1528207260,5.380,5.380,5.380,5.380,0,0
1528207500,5.400,5.400,5.400,5.400,664,34246
1528207740,5.400,5.400,5.400,5.400,0,0
1528207800,5.400,5.400,5.400,5.400,3392,34910
1528207860,5.400,5.400,5.400,5.400,0,0
1528208040,5.380,5.380,5.380,5.380,0,0
1528208400,5.380,5.380,5.380,5.380,237,38302
1528208460,5.380,5.380,5.380,5.380,0,0
1528208580,5.380,5.380,5.380,5.380,0,0
1528208640,5.380,5.380,5.380,5.380,0,0
1528208700,5.380,5.380,5.380,5.380,3052,38539
1528208760,5.380,5.380,5.380,5.380,0,0
1528209000,5.380,5.380,5.380,5.380,407,41591
1528209240,5.380,5.380,5.380,5.380,0,0
1528209600,5.380,5.380,5.380,5.380,938,41998
1528209720,5.380,5.380,5.380,5.380,0,0
1528209900,5.400,5.400,5.400,5.400,1042,42936
1528210020,5.400,5.400,5.400,5.400,0,0
1528210500,5.380,5.380,5.380,5.380,1608,43978
1528210680,5.380,5.380,5.380,5.380,0,0
1528210800,5.380,5.380,5.380,5.380,5851,45586
1528210860,5.380,5.380,5.380,5.380,0,0
1528211040,5.400,5.400,5.400,5.400,0,0
1528211100,5.400,5.400,5.400,5.400,1200,51437
1528211160,5.400,5.400,5.400,5.400,0,0
1528211220,5.360,5.360,5.360,5.360,0,0
1528211280,5.400,5.400,5.400,5.400,0,0
1528211400,5.380,5.380,5.380,5.380,449,52637
1528211460,5.380,5.380,5.380,5.380,0,0
1528211700,5.380,5.380,5.380,5.380,340,53086
1528212000,5.400,5.400,5.400,5.400,18807,53426
1528212120,5.400,5.400,5.400,5.400,0,0
1528212180,5.400,5.400,5.400,5.400,0,0
1528212240,5.450,5.450,5.450,5.450,0,0
1528212300,5.450,5.450,5.450,5.450,1499,72233
1528212360,5.450,5.450,5.450,5.450,0,0
1528212480,5.410,5.410,5.410,5.410,0,0
1528212540,5.450,5.450,5.450,5.450,0,0
1528212600,5.450,5.440,5.440,5.450,1100,73732
1528212660,5.450,5.440,5.440,5.450,0,0
1528212720,5.420,5.420,5.420,5.420,0,0
1528212900,5.420,5.420,5.420,5.420,1500,74832
1528212960,5.420,5.420,5.420,5.420,0,0
1528213020,5.450,5.450,5.450,5.450,0,0
1528213140,5.450,5.450,5.450,5.450,0,0
1528213200,5.450,5.450,5.450,5.450,11935,76332
1528213320,5.450,5.450,5.450,5.450,0,0
1528213440,5.470,5.470,5.470,5.470,0,0
1528213500,5.470,5.470,5.470,5.470,5881,88267
1528213560,5.470,5.470,5.470,5.470,0,0
1528213620,5.490,5.490,5.490,5.490,0,0
1528213800,5.450,5.450,5.450,5.450,5663,94148
1528213980,5.450,5.450,5.450,5.450,0,0
1528214040,5.450,5.450,5.450,5.450,0,0
1528214100,5.410,5.410,5.410,5.410,8415,99811
1528214340,5.410,5.410,5.410,5.410,0,0
1528214700,5.430,5.430,5.430,5.430,16127,108226
1528214940,5.430,5.430,5.430,5.430,0,0
1528215000,5.420,5.420,5.420,5.420,2366,124353
1528215060,5.450,5.450,5.450,5.450,0,0
1528215180,5.420,5.420,5.420,5.420,0,0
1528215600,5.440,5.440,5.440,5.440,814,126719
1528215840,5.440,5.440,5.440,5.440,0,0
1528215900,5.450,5.420,5.420,5.450,550,127533
1528215960,5.450,5.420,5.420,5.450,0,0
1528216020,5.420,5.420,5.420,5.420,0,0
1528216200,5.420,5.420,5.420,5.420,109,128083
1528216260,5.420,5.420,5.420,5.420,0,0
1528217100,5.420,5.420,5.420,5.420,1302,128192
1528217220,5.420,5.420,5.420,5.420,0,0
1528217340,5.450,5.450,5.450,5.450,0,0
1528217400,5.450,5.450,5.450,5.450,301,129494
1528217520,5.450,5.450,5.450,5.450,0,0
1528217700,5.450,5.450,5.450,5.450,201,129795
1528217760,5.450,5.450,5.450,5.450,0,0
1528218000,5.450,5.450,5.450,5.450,596,129996
1528218180,5.420,5.420,5.420,5.420,0,0
1528218240,5.420,5.420,5.420,5.420,0,0
1528218300,5.450,5.450,5.450,5.450,304,130592
1528218420,5.450,5.450,5.450,5.450,0,0
1528218540,5.420,5.420,5.420,5.420,0,0
1528218600,5.430,5.420,5.420,5.430,1774,130896
1528218780,5.430,5.420,5.420,5.430,0,0
1528218840,5.420,5.450,5.420,5.450,0,0
1528218900,5.470,5.460,5.460,5.470,3669,132670
1528219140,5.470,5.460,5.460,5.470,0,0
1528219200,5.470,5.470,5.470,5.470,531,136339
1528219260,5.470,5.470,5.470,5.470,0,0
1528219500,5.470,5.480,5.470,5.480,9769,136870
1528219680,5.450,5.450,5.450,5.450,0,0
1528219800,5.450,5.450,5.450,5.450,877,146639
1528219920,5.450,5.450,5.450,5.450,0,0
1528220100,5.450,5.450,5.450,5.450,554,147516
1528220220,5.450,5.450,5.450,5.450,0,0
1528220400,5.450,5.450,5.450,5.450,1157,148070
1528220640,5.450,5.450,5.450,5.450,0,0
1528220700,5.450,5.450,5.450,5.450,6992,149227
1528220760,5.450,5.450,5.450,5.450,0,0
1528220940,5.450,5.440,5.440,5.450,0,0
1528221000,5.480,5.450,5.450,5.480,550,156219
1528221060,5.480,5.450,5.450,5.480,0,0
1528221600,5.420,5.420,5.420,5.420,4845,156769
1528221660,5.420,5.420,5.420,5.420,0,0
1528221780,5.450,5.450,5.450,5.450,0,0
1528221840,5.430,5.430,5.430,5.430,0,0
1528221900,5.420,5.420,5.420,5.420,100,161614
1528222200,5.420,5.420,5.420,5.420,2300,161714
1528222320,5.420,5.420,5.420,5.420,0,0
1528222440,5.410,5.410,5.410,5.410,0,0
1528222500,5.420,5.420,5.420,5.420,1000,164014
1528222800,5.400,5.400,5.400,5.400,18739,165014
1528222860,5.400,5.400,5.400,5.400,0,0
1528222920,5.420,5.380,5.380,5.430,0,0
1528222980,5.400,5.400,5.400,5.400,0,0
1528223100,5.420,5.420,5.420,5.420,604,183753
1528223280,5.420,5.420,5.420,5.420,0,0
1528223400,5.410,5.420,5.410,5.420,5010,184357
1528223460,5.420,5.420,5.420,5.420,0,0
1528223520,5.410,5.410,5.410,5.410,0,0
1528223580,5.400,5.400,5.400,5.400,0,0
1528223700,5.420,5.420,5.420,5.420,686,189367
1528223760,5.420,5.420,5.420,5.420,0,0
1528223820,5.400,5.400,5.400,5.400,0,0
1528224000,5.400,5.400,5.400,5.400,300,190053
1528224240,5.400,5.400,5.400,5.400,0,0
1528224300,5.410,5.410,5.410,5.410,3300,190353
1528224360,5.410,5.410,5.410,5.410,0,0
1528224420,5.410,5.410,5.410,5.410,0,0
1528224480,5.420,5.420,5.420,5.420,0,0
1528224600,5.410,5.410,5.410,5.410,1100,193653
1528224900,5.420,5.420,5.420,5.420,1810,194753
1528225140,5.420,5.420,5.420,5.420,0,0
1528225200,5.410,5.430,5.410,5.430,1836,196563
1528225260,5.410,5.430,5.410,5.430,0,0
1528225500,5.430,5.430,5.430,5.430,5629,198399
1528225560,5.430,5.430,5.430,5.430,0,0
1528225620,5.400,5.400,5.400,5.400,0,0
1528225740,5.400,5.420,5.400,5.420,0,0
1528225800,5.450,5.450,5.450,5.450,6400,204028
1528225920,5.400,5.400,5.400,5.400,0,0
1528226100,5.450,5.450,5.450,5.450,2735,210428
1528226220,5.450,5.450,5.450,5.450,0,0
1528226400,5.420,5.420,5.420,5.420,1424,213163
1528226520,5.420,5.420,5.420,5.420,0,0
1528226700,5.420,5.420,5.420,5.420,509,214587
1528226880,5.420,5.420,5.420,5.420,0,0
1528226940,5.420,5.420,5.420,5.420,0,0
1528227000,5.430,5.430,5.430,5.430,1340,215096
1528227060,5.430,5.430,5.430,5.430,0,0
1528227120,5.430,5.430,5.430,5.430,0,0
1528227300,5.400,5.400,5.400,5.400,600,216436
1528227420,5.420,5.420,5.420,5.420,0,0
1528227600,5.420,5.430,5.420,5.430,3108,217036
1528227780,5.420,5.430,5.420,5.430,0,0
1528227840,5.420,5.420,5.420,5.420,0,0
1528227900,5.400,5.420,5.400,5.420,3490,220144
1528227960,5.420,5.420,5.420,5.420,0,0
1528228080,5.450,5.400,5.400,5.450,0,0
1528228140,5.400,5.420,5.400,5.420,0,0
1528228200,5.450,5.400,5.400,5.450,1171,223634
1528228260,5.450,5.400,5.400,5.450,0,0
1528228320,5.420,5.420,5.420,5.420,0,0
1528228380,5.400,5.400,5.400,5.400,0,0
1528228440,5.420,5.420,5.420,5.420,0,0
1528228500,5.420,5.420,5.420,5.420,7196,224805
1528228560,5.400,5.450,5.400,5.450,0,0
1528228620,5.450,5.430,5.400,5.450,0,0
1528228680,5.400,5.400,5.400,5.400,0,0
1528228740,5.420,5.450,5.420,5.450,0,0
1528291800,5.350,5.350,5.350,5.350,17517,0
1528291920,5.380,5.380,5.380,5.380,0,0
1528292040,5.380,5.400,5.350,5.400,0,0
1528292100,5.380,5.380,5.380,5.380,11251,17517
1528292160,5.390,5.380,5.380,5.390,0,0
1528292280,5.360,5.360,5.360,5.360,0,0
1528292340,5.380,5.370,5.370,5.380,0,0
1528292400,5.380,5.330,5.330,5.380,13513,28768
1528292460,5.330,5.330,5.330,5.330,0,0
1528292640,5.340,5.340,5.340,5.340,0,0
1528292700,5.380,5.380,5.380,5.380,7843,42281
1528292760,5.370,5.330,5.330,5.370,0,0
1528292820,5.310,5.310,5.310,5.310,0,0
1528292880,5.320,5.320,5.320,5.320,0,0
1528293000,5.340,5.340,5.340,5.340,2015,50124
1528293120,5.340,5.340,5.340,5.340,0,0
1528293300,5.340,5.340,5.340,5.340,2859,52139
1528293480,5.340,5.340,5.340,5.340,0,0
1528293540,5.330,5.350,5.330,5.350,0,0
1528293600,5.370,5.370,5.370,5.370,8101,54998
1528293660,5.330,5.330,5.330,5.330,0,0
1528293780,5.340,5.340,5.340,5.340,0,0
1528293900,5.330,5.330,5.330,5.330,3054,63099
1528293960,5.330,5.330,5.330,5.330,0,0
1528294020,5.330,5.330,5.330,5.330,0,0
1528294080,5.340,5.330,5.330,5.340,0,0
1528294200,5.370,5.370,5.370,5.370,8334,66153
1528294260,5.370,5.370,5.370,5.370,0,0
1528294320,5.350,5.380,5.350,5.380,0,0
1528294500,5.350,5.380,5.350,5.380,1384,74487
1528294620,5.350,5.380,5.350,5.380,0,0
1528294800,5.380,5.380,5.380,5.380,200,75871
1528295100,5.380,5.380,5.380,5.380,828,76071
1528295160,5.380,5.380,5.380,5.380,0,0
1528295340,5.350,5.350,5.350,5.350,0,0
1528295400,5.380,5.380,5.380,5.380,100,76899
1528295520,5.350,5.350,5.350,5.350,0,0
1528295700,5.380,5.350,5.350,5.380,490,76999
1528295820,5.380,5.350,5.350,5.380,0,0
1528296000,5.380,5.380,5.380,5.380,420,77489
1528296180,5.380,5.380,5.380,5.380,0,0
1528296300,5.350,5.350,5.350,5.350,312,77909
1528296540,5.380,5.380,5.380,5.380,0,0
1528296600,5.380,5.350,5.350,5.380,1318,78221
1528296840,5.380,5.350,5.350,5.380,0,0
1528296900,5.380,5.380,5.380,5.380,514,79539
1528297140,5.380,5.380,5.380,5.380,0,0
1528297200,5.380,5.380,5.380,5.380,2800,80053
1528297500,5.390,5.390,5.390,5.390,2236,82853
1528297560,5.380,5.380,5.380,5.380,0,0
1528297800,5.350,5.370,5.350,5.370,3118,85089
1528297860,5.350,5.370,5.350,5.370,0,0
1528297920,5.380,5.380,5.380,5.380,0,0
1528298100,5.380,5.380,5.380,5.380,306,88207
1528298280,5.380,5.380,5.380,5.380,0,0
1528298400,5.380,5.380,5.380,5.380,427,88513
1528298640,5.380,5.380,5.380,5.380,0,0
1528298700,5.380,5.380,5.380,5.380,3401,88940
1528298820,5.380,5.380,5.380,5.380,0,0
1528298880,5.380,5.380,5.380,5.380,0,0
1528299000,5.400,5.400,5.400,5.400,790,92341
1528299060,5.400,5.400,5.400,5.400,0,0
1528299300,5.380,5.380,5.380,5.380,185,93131
1528299600,5.380,5.380,5.380,5.380,1626,93316
1528299660,5.380,5.380,5.380,5.380,0,0
1528299780,5.390,5.390,5.390,5.390,0,0
1528299900,5.380,5.380,5.380,5.380,2000,94942
1528300020,5.380,5.380,5.380,5.380,0,0
1528300080,5.390,5.390,5.390,5.390,0,0
1528300500,5.380,5.380,5.380,5.380,2580,96942
1528300560,5.380,5.380,5.380,5.380,0,0
1528300680,5.380,5.350,5.350,5.380,0,0
1528300800,5.350,5.350,5.350,5.350,5921,99522
1528300860,5.380,5.380,5.380,5.380,0,0
1528301040,5.380,5.350,5.350,5.380,0,0
1528301100,5.350,5.400,5.350,5.400,3658,105443
1528301160,5.350,5.400,5.350,5.400,0,0
1528301400,5.360,5.360,5.360,5.360,1433,109101
1528301460,5.380,5.380,5.380,5.380,0,0
1528301640,5.380,5.380,5.380,5.380,0,0
1528302000,5.370,5.370,5.370,5.370,845,110534
1528302120,5.370,5.370,5.370,5.370,0,0
1528302300,5.380,5.380,5.380,5.380,326,111379
1528302360,5.380,5.380,5.380,5.380,0,0
1528302600,5.370,5.370,5.370,5.370,968,111705
1528302660,5.370,5.370,5.370,5.370,0,0
1528302720,5.380,5.380,5.380,5.380,0,0
1528302780,5.380,5.380,5.380,5.380,0,0
1528303200,5.380,5.380,5.380,5.380,1530,112673
1528303440,5.380,5.380,5.380,5.380,0,0
1528303500,5.380,5.370,5.370,5.380,500,114203
1528303560,5.350,5.350,5.350,5.350,0,0
1528304100,5.350,5.350,5.350,5.350,545,114703
1528304220,5.350,5.350,5.350,5.350,0,0
1528304280,5.380,5.380,5.380,5.380,0,0
1528304400,5.360,5.360,5.360,5.360,1000,115248
1528304700,5.380,5.390,5.380,5.390,708,116248
1528305000,5.400,5.400,5.400,5.400,36862,116956
1528305060,5.400,5.400,5.400,5.400,0,0
1528305240,5.400,5.400,5.400,5.400,0,0
1528305300,5.400,5.400,5.400,5.400,6985,153818
1528305360,5.410,5.420,5.410,5.420,0,0
1528305600,5.420,5.420,5.420,5.420,705,160803
1528305660,5.420,5.420,5.420,5.420,0,0
1528305900,5.450,5.460,5.450,5.460,8336,161508
1528306020,5.450,5.460,5.450,5.460,0,0
1528306080,5.470,5.470,5.470,5.470,0,0
1528306200,5.470,5.450,5.450,5.470,2230,169844
1528306500,5.470,5.470,5.470,5.470,3600,172074
1528306680,5.470,5.470,5.470,5.470,0,0
1528306800,5.470,5.470,5.470,5.470,251,175674
1528306920,5.470,5.470,5.470,5.470,0,0
1528307700,5.470,5.470,5.470,5.470,1277,175925
1528307940,5.470,5.470,5.470,5.470,0,0
1528308000,5.470,5.470,5.470,5.470,4101,177202
1528308060,5.470,5.470,5.470,5.470,0,0
1528308180,5.470,5.500,5.470,5.500,0,0
1528308240,5.500,5.500,5.500,5.500,0,0
1528308300,5.500,5.520,5.500,5.520,9374,181303
1528308540,5.500,5.500,5.500,5.500,0,0
1528308600,5.500,5.500,5.500,5.500,6246,190677
1528308780,5.460,5.460,5.460,5.460,0,0
1528308900,5.450,5.450,5.450,5.450,5700,196923
1528309140,5.450,5.450,5.450,5.450,0,0
1528309200,5.480,5.480,5.480,5.480,1300,202623
1528309260,5.450,5.450,5.450,5.450,0,0
1528309800,5.470,5.470,5.470,5.470,3255,203923
1528309860,5.420,5.420,5.420,5.420,0,0
1528310100,5.420,5.420,5.420,5.420,14200,207178
1528310280,5.420,5.420,5.420,5.420,0,0
1528310340,5.420,5.420,5.420,5.420,0,0
1528310400,5.430,5.430,5.430,5.430,4275,221378
1528310580,5.430,5.450,5.430,5.450,0,0
1528310700,5.420,5.450,5.420,5.450,375,225653
1528310940,5.420,5.450,5.420,5.450,0,0
1528311000,5.400,5.400,5.400,5.400,1605,226028
1528311060,5.430,5.430,5.430,5.430,0,0
1528311600,5.400,5.400,5.400,5.400,6200,227633
1528311660,5.430,5.430,5.430,5.430,0,0
1528311780,5.380,5.400,5.380,5.400,0,0
1528312200,5.400,5.400,5.400,5.400,1726,233833
1528312440,5.400,5.400,5.400,5.400,0,0
1528312500,5.420,5.430,5.420,5.430,2422,235559
1528312680,5.420,5.430,5.420,5.430,0,0
1528312740,5.400,5.400,5.400,5.400,0,0
1528312800,5.420,5.420,5.420,5.420,5051,237981
1528312860,5.400,5.400,5.400,5.400,0,0
1528312920,5.400,5.420,5.400,5.420,0,0
1528313040,5.400,5.400,5.400,5.400,0,0
1528313100,5.420,5.420,5.420,5.420,10599,243032
1528313160,5.420,5.420,5.420,5.420,0,0
1528313220,5.420,5.410,5.410,5.420,0,0
1528313280,5.420,5.420,5.420,5.420,0,0
1528313400,5.420,5.420,5.420,5.420,517,253631
1528313460,5.420,5.420,5.420,5.420,0,0
1528313520,5.400,5.400,5.400,5.400,0,0
1528313580,5.400,5.400,5.400,5.400,0,0
1528313640,5.400,5.420,5.400,5.420,0,0
1528313700,5.420,5.420,5.420,5.420,787,254148
1528313760,5.400,5.400,5.400,5.400,0,0
1528313940,5.420,5.400,5.400,5.420,0,0
1528314000,5.420,5.420,5.420,5.420,17755,254935
1528314120,5.420,5.430,5.420,5.430,0,0
1528314240,5.400,5.350,5.350,5.400,0,0
1528314300,5.350,5.350,5.350,5.350,20385,272690
1528314360,5.380,5.380,5.380,5.380,0,0
1528314420,5.380,5.370,5.370,5.380,0,0
1528314480,5.380,5.370,5.370,5.380,0,0
1528314540,5.330,5.330,5.330,5.330,0,0
1528314600,5.330,5.300,5.300,5.330,7887,293075
1528314660,5.330,5.300,5.300,5.330,0,0
1528314720,5.300,5.300,5.300,5.300,0,0
1528314780,5.300,5.300,5.300,5.300,0,0
1528314840,5.300,5.310,5.300,5.330,0,0
1528314900,5.330,5.300,5.300,5.330,35798,300962
1528314960,5.250,5.280,5.250,5.280,0,0
1528315020,5.280,5.250,5.250,5.280,0,0
1528315080,5.260,5.280,5.260,5.280,0,0
1528315140,5.280,5.250,5.250,5.300,0,0
1528378200,5.330,5.210,5.210,5.330,13750,0
1528378440,5.330,5.210,5.210,5.330,0,0
1528378500,5.300,5.250,5.250,5.300,15791,13750
1528378560,5.200,5.200,5.200,5.200,0,0
1528378620,5.250,5.250,5.250,5.250,0,0
1528378680,5.290,5.290,5.290,5.290,0,0
1528378800,5.280,5.280,5.280,5.280,2425,29541
1528378980,5.280,5.280,5.280,5.280,0,0
1528379100,5.280,5.280,5.280,5.280,2010,31966
1528379160,5.280,5.280,5.280,5.280,0,0
1528379220,5.280,5.280,5.280,5.280,0,0
1528379400,5.260,5.260,5.260,5.260,1701,33976
1528379520,5.280,5.280,5.280,5.280,0,0
1528379640,5.280,5.280,5.280,5.280,0,0
1528379700,5.280,5.280,5.280,5.280,3569,35677
1528379760,5.280,5.280,5.280,5.280,0,0
1528380000,5.270,5.270,5.270,5.270,2200,39246
1528380060,5.270,5.270,5.270,5.270,0,0
1528380120,5.280,5.280,5.280,5.280,0,0
1528380180,5.280,5.280,5.280,5.280,0,0
1528380300,5.290,5.300,5.280,5.300,1511,41446
1528380360,5.290,5.300,5.280,5.300,0,0
1528380600,5.330,5.330,5.330,5.330,5081,42957
1528380660,5.330,5.330,5.330,5.330,0,0
1528380900,5.300,5.300,5.300,5.300,215,48038
1528381140,5.300,5.300,5.300,5.300,0,0
1528381200,5.330,5.330,5.330,5.330,2259,48253
1528381380,5.330,5.330,5.330,5.330,0,0
1528381500,5.330,5.330,5.330,5.330,617,50512
1528381680,5.330,5.330,5.330,5.330,0,0
1528381800,5.320,5.320,5.320,5.320,39158,51129
1528381860,5.330,5.350,5.330,5.350,0,0
1528381920,5.350,5.400,5.350,5.400,0,0
1528381980,5.450,5.500,5.450,5.500,0,0
1528382040,5.420,5.350,5.350,5.420,0,0
1528382100,5.300,5.250,5.250,5.300,16877,90287
1528382160,5.300,5.300,5.300,5.300,0,0
1528382220,5.280,5.280,5.280,5.280,0,0
1528382400,5.330,5.330,5.330,5.330,4678,107164
1528382520,5.330,5.330,5.330,5.330,0,0
1528382580,5.330,5.330,5.330,5.330,0,0
1528382640,5.330,5.350,5.330,5.350,0,0
1528382700,5.330,5.330,5.330,5.330,3118,111842
1528382760,5.340,5.340,5.340,5.340,0,0
1528383000,5.340,5.340,5.340,5.340,1592,114960
1528383060,5.340,5.340,5.340,5.340,0,0
1528383300,5.330,5.330,5.330,5.330,911,116552
1528383420,5.330,5.330,5.330,5.330,0,0
1528383600,5.300,5.300,5.300,5.300,519,117463
1528383720,5.300,5.300,5.300,5.300,0,0
1528383780,5.300,5.300,5.300,5.300,0,0
1528383900,5.260,5.260,5.260,5.260,12843,117982
1528384080,5.260,5.260,5.260,5.260,0,0
1528384140,5.280,5.230,5.230,5.280,0,0
1528384200,5.200,5.200,5.200,5.200,5902,130825
1528384260,5.250,5.250,5.250,5.250,0,0
1528384380,5.280,5.280,5.280,5.280,0,0
1528384440,5.280,5.280,5.280,5.280,0,0
1528384500,5.280,5.280,5.280,5.280,199,136727
1528385100,5.250,5.250,5.250,5.250,2870,136926
1528385220,5.250,5.250,5.250,5.250,0,0
1528385340,5.260,5.260,5.260,5.260,0,0
1528385700,5.250,5.250,5.250,5.250,603,139796
1528385820,5.250,5.250,5.250,5.250,0,0
1528386000,5.220,5.220,5.220,5.220,1510,140399
1528386240,5.220,5.220,5.220,5.220,0,0
1528386300,5.250,5.250,5.250,5.250,12464,141909
1528386540,5.200,5.200,5.200,5.200,0,0
1528386600,5.200,5.200,5.200,5.200,3770,154373
1528386660,5.200,5.200,5.200,5.200,0,0
1528386720,5.200,5.200,5.200,5.200,0,0
1528387200,5.220,5.220,5.220,5.220,1250,158143
1528387260,5.220,5.220,5.220,5.220,0,0
1528387440,5.200,5.200,5.200,5.200,0,0
1528387500,5.200,5.200,5.200,5.200,10207,159393
1528387620,5.200,5.200,5.200,5.200,0,0
1528387680,5.210,5.210,5.210,5.210,0,0
1528387740,5.200,5.200,5.200,5.200,0,0
1528387800,5.160,5.160,5.160,5.160,8234,169600
1528387860,5.160,5.160,5.160,5.160,0,0
1528387980,5.150,5.150,5.150,5.150,0,0
1528388100,5.150,5.150,5.150,5.150,4841,177834
1528388160,5.150,5.150,5.150,5.150,0,0
1528388340,5.170,5.170,5.170,5.170,0,0
1528388400,5.150,5.150,5.150,5.150,797,182675
1528388460,5.180,5.180,5.180,5.180,0,0
1528388580,5.170,5.150,5.150,5.170,0,0
1528388700,5.150,5.150,5.150,5.150,317,183472
1528388760,5.150,5.150,5.150,5.150,0,0
1528388880,5.170,5.170,5.170,5.170,0,0
1528388940,5.150,5.150,5.150,5.150,0,0
1528389000,5.170,5.170,5.170,5.170,2262,183789
1528389060,5.180,5.180,5.180,5.180,0,0
1528389120,5.150,5.150,5.150,5.150,0,0
1528389300,5.150,5.150,5.150,5.150,103,186051
1528389360,5.150,5.150,5.150,5.150,0,0
1528389540,5.150,5.150,5.150,5.150,0,0
1528389600,5.150,5.150,5.150,5.150,11594,186154
1528389720,5.150,5.150,5.150,5.150,0,0
1528389780,5.150,5.150,5.150,5.150,0,0
1528389840,5.110,5.110,5.110,5.110,0,0
1528390200,5.100,5.100,5.100,5.100,36451,197748
1528390260,5.100,5.100,5.100,5.100,0,0
1528390320,5.110,5.120,5.110,5.120,0,0
1528390440,5.130,5.120,5.120,5.130,0,0
1528390500,5.130,5.130,5.130,5.130,818,234199
1528390740,5.130,5.130,5.130,5.130,0,0
1528390800,5.060,5.060,5.060,5.060,23502,235017
1528390860,5.090,5.090,5.090,5.090,0,0
1528390920,5.050,5.080,5.050,5.080,0,0
1528391100,5.080,5.080,5.080,5.080,11305,258519
1528391160,5.080,5.080,5.080,5.080,0,0
1528391220,5.050,5.090,5.050,5.090,0,0
1528391400,5.090,5.090,5.090,5.090,5410,269824
1528391520,5.090,5.090,5.090,5.090,0,0
1528391640,5.090,5.090,5.090,5.090,0,0
1528391700,5.080,5.080,5.080,5.080,5852,275234
1528391760,5.080,5.080,5.080,5.080,0,0
1528392000,5.080,5.080,5.080,5.080,7103,281086
1528392180,5.080,5.080,5.080,5.080,0,0
1528392300,5.080,5.080,5.080,5.080,1353,288189
1528392480,5.080,5.100,5.080,5.100,0,0
1528392600,5.080,5.080,5.080,5.080,670,289542
1528392660,5.080,5.080,5.080,5.080,0,0
1528392720,5.100,5.100,5.100,5.100,0,0
1528392840,5.080,5.080,5.080,5.080,0,0
1528392900,5.050,5.050,5.050,5.050,136,290212
1528393020,5.080,5.080,5.080,5.080,0,0
1528393080,5.080,5.080,5.080,5.080,0,0
1528393140,5.080,5.080,5.080,5.080,0,0
1528393200,5.080,5.080,5.080,5.080,3565,290348
1528393260,5.080,5.080,5.080,5.080,0,0
1528393440,5.080,5.080,5.080,5.080,0,0
1528393500,5.080,5.080,5.080,5.080,15157,293913
1528393560,5.080,5.080,5.080,5.080,0,0
1528393620,5.050,5.080,5.050,5.080,0,0
1528393740,5.050,5.050,5.050,5.050,0,0
1528393800,5.080,5.080,5.080,5.080,3305,309070
1528393920,5.080,5.080,5.080,5.080,0,0
1528393980,5.080,5.080,5.080,5.080,0,0
1528394100,5.080,5.080,5.080,5.080,1562,312375
1528394160,5.080,5.080,5.080,5.080,0,0
1528394280,5.090,5.090,5.090,5.090,0,0
1528394340,5.080,5.080,5.080,5.080,0,0
1528394400,5.090,5.090,5.090,5.090,1752,313937
1528394520,5.090,5.090,5.090,5.090,0,0
1528394700,5.050,5.050,5.050,5.050,4735,315689
1528394760,5.100,5.100,5.100,5.100,0,0
1528394820,5.080,5.080,5.080,5.080,0,0
1528394880,5.080,5.080,5.080,5.080,0,0
1528394940,5.080,5.080,5.080,5.080,0,0
1528395000,5.080,5.080,5.080,5.080,12025,320424
1528395060,5.080,5.080,5.080,5.080,0,0
1528395180,5.060,5.080,5.060,5.080,0,0
1528395240,5.080,5.080,5.080,5.080,0,0
1528395300,5.080,5.080,5.080,5.080,3299,332449
1528395480,5.080,5.080,5.080,5.080,0,0
1528395540,5.080,5.080,5.080,5.080,0,0
1528395600,5.080,5.080,5.080,5.080,402,335748
1528395660,5.080,5.080,5.080,5.080,0,0
1528395780,5.080,5.080,5.080,5.080,0,0
1528395840,5.080,5.080,5.080,5.080,0,0
1528395900,5.080,5.080,5.080,5.080,2415,336150
1528396140,5.090,5.080,5.080,5.090,0,0
1528396200,5.050,5.050,5.050,5.050,2048,338565
1528396260,5.050,5.050,5.050,5.050,0,0
1528396440,5.080,5.080,5.080,5.080,0,0
1528396500,5.080,5.080,5.080,5.080,3800,340613
1528396560,5.100,5.100,5.100,5.100,0,0
1528396620,5.100,5.080,5.080,5.100,0,0
1528396680,5.080,5.080,5.080,5.080,0,0
1528396800,5.060,5.060,5.060,5.060,1329,344413
1528396860,5.060,5.060,5.060,5.060,0,0
1528397100,5.080,5.080,5.080,5.080,407,345742
1528397280,5.080,5.080,5.080,5.080,0,0
1528397400,5.090,5.090,5.090,5.090,4421,346149
1528397520,5.090,5.090,5.090,5.090,0,0
1528397580,5.080,5.080,5.080,5.080,0,0
1528397640,5.080,5.080,5.080,5.080,0,0
1528397700,5.090,5.090,5.090,5.090,5168,350570
1528397760,5.090,5.090,5.090,5.090,0,0
1528397820,5.070,5.070,5.070,5.070,0,0
1528397880,5.080,5.100,5.080,5.100,0,0
1528398000,5.120,5.120,5.120,5.120,53931,355738
1528398120,5.110,5.110,5.110,5.110,0,0
1528398180,5.100,5.260,5.100,5.290,0,0
1528398300,5.210,5.210,5.210,5.210,3291,409669
1528398420,5.210,5.210,5.210,5.210,0,0
1528398540,5.220,5.220,5.220,5.220,0,0
1528398600,5.220,5.220,5.220,5.220,3500,412960
1528398660,5.220,5.220,5.220,5.220,0,0
1528398780,5.220,5.200,5.200,5.220,0,0
1528398900,5.220,5.220,5.220,5.220,7455,416460
1528399140,5.220,5.220,5.220,5.220,0,0
1528399200,5.200,5.200,5.200,5.200,802,423915
1528399440,5.200,5.200,5.200,5.200,0,0
1528399500,5.230,5.230,5.230,5.230,1502,424717
1528399560,5.230,5.230,5.230,5.230,0,0
1528399680,5.220,5.220,5.220,5.220,0,0
1528399740,5.200,5.220,5.200,5.220,0,0
1528399800,5.200,5.200,5.200,5.200,4610,426219
1528399860,5.170,5.170,5.170,5.170,0,0
1528399920,5.150,5.150,5.150,5.150,0,0
1528399980,5.170,5.170,5.170,5.170,0,0
1528400040,5.150,5.150,5.150,5.150,0,0
1528400100,5.150,5.150,5.150,5.150,200,430829
1528400160,5.150,5.150,5.150,5.150,0,0
1528400280,5.150,5.150,5.150,5.150,0,0
1528400340,5.150,5.150,5.150,5.150,0,0
1528400400,5.150,5.150,5.150,5.150,2637,431029
1528400460,5.150,5.150,5.150,5.150,0,0
1528400520,5.170,5.170,5.170,5.170,0,0
1528400580,5.170,5.200,5.170,5.200,0,0
1528400640,5.200,5.200,5.200,5.200,0,0
1528400700,5.150,5.170,5.150,5.200,2523,433666
1528400760,5.200,5.200,5.200,5.200,0,0
1528400820,5.200,5.150,5.150,5.200,0,0
1528400880,5.200,5.170,5.170,5.200,0,0
1528400940,5.200,5.170,5.150,5.200,0,0
1528401000,5.200,5.170,5.150,5.200,5095,436189
1528401060,5.200,5.150,5.150,5.200,0,0
1528401120,5.150,5.180,5.150,5.200,0,0
1528401180,5.150,5.160,5.150,5.200,0,0
1528401240,5.150,5.190,5.150,5.200,0,0
1528401300,5.150,5.170,5.150,5.170,18152,441284
1528401360,5.200,5.170,5.150,5.200,0,0
1528401420,5.150,5.170,5.150,5.170,0,0
1528401480,5.200,5.150,5.150,5.200,0,0
1528401540,5.150,5.150,5.150,5.200,0,0
