1512138600,38.030,38.300,38.030,38.350,48194,0
1512138660,38.310,38.220,38.200,38.310,48190,0
1512138720,38.220,38.020,38.010,38.220,48190,0
1512138780,37.980,37.980,37.970,37.990,48190,0
1512138840,37.980,37.860,37.860,37.990,48190,0
1512138900,37.850,37.880,37.840,37.880,19463,240954
1512138960,37.920,37.980,37.920,37.990,19462,240954
1512139020,37.980,38.040,37.980,38.040,19462,240954
1512139080,38.030,38.060,38.000,38.060,19462,240954
1512139140,38.060,38.080,38.050,38.080,19462,240954
1512139200,38.080,38.000,38.000,38.080,19060,338265
1512139260,37.980,37.910,37.890,37.980,19057,338265
1512139320,37.890,37.880,37.880,37.920,19057,338265
1512139380,37.800,37.820,37.800,37.820,19057,338265
1512139440,37.800,37.840,37.790,37.850,19057,338265
1512139500,37.850,37.900,37.850,37.900,17069,433553
1512139560,37.960,37.920,37.920,37.960,17069,433553
1512139620,37.920,37.930,37.910,37.930,17069,433553
1512139680,37.960,37.950,37.920,38.000,17069,433553
1512139740,37.930,37.980,37.920,37.980,17069,433553
1512139800,37.970,37.970,37.940,37.970,13531,518898
1512139860,37.980,37.950,37.940,37.980,13528,518898
1512139920,37.930,37.920,37.920,37.930,13528,518898
1512139980,37.930,37.940,37.920,37.940,13528,518898
1512140040,37.940,37.980,37.940,37.990,13528,518898
1512140100,37.990,37.980,37.980,38.000,7084,586541
1512140160,37.990,37.990,37.970,37.990,7083,586541
1512140220,37.980,37.960,37.960,37.980,7083,586541
1512140280,37.950,37.990,37.950,37.990,7083,586541
1512140340,37.980,37.980,37.970,37.980,7083,586541
1512140400,37.990,37.990,37.980,38.020,27000,621957
1512140460,38.000,38.050,37.980,38.060,26998,621957
1512140520,38.060,38.050,38.050,38.060,26998,621957
1512140580,38.040,38.050,37.940,38.060,26998,621957
1512140640,38.060,38.080,38.060,38.080,26998,621957
1512140700,38.090,38.070,38.070,38.090,7931,756949
1512140760,38.070,38.050,38.050,38.070,7928,756949
1512140820,38.050,38.080,38.050,38.080,7928,756949
1512140880,38.090,38.110,38.090,38.110,7928,756949
1512140940,38.100,38.100,38.080,38.100,7928,756949
1512141000,38.090,38.070,38.070,38.100,16767,796592
1512141060,38.080,38.120,38.060,38.120,16763,796592
1512141120,38.100,38.110,38.090,38.110,16763,796592
1512141180,38.110,38.090,38.090,38.110,16763,796592
1512141240,38.070,38.100,38.030,38.100,16763,796592
1512141300,38.100,38.090,38.080,38.110,11248,880411
1512141360,38.090,38.090,38.090,38.100,11246,880411
1512141420,38.090,38.090,38.090,38.100,11246,880411
1512141480,38.080,38.050,38.030,38.080,11246,880411
1512141540,38.050,38.080,38.050,38.080,11246,880411
1512141600,38.090,38.060,38.060,38.090,8006,936643
1512141660,38.070,38.070,38.070,38.080,8003,936643
1512141720,38.070,38.080,38.070,38.080,8003,936643
1512141780,38.070,38.040,38.030,38.070,8003,936643
1512141840,38.040,38.030,38.030,38.040,8003,936643
1512141900,38.030,38.020,38.010,38.030,7939,976661
1512141960,38.020,38.030,38.020,38.030,7935,976661
1512142020,38.030,38.060,38.030,38.060,7935,976661
1512142080,38.070,38.050,38.050,38.080,7935,976661
1512142140,38.050,38.060,38.050,38.060,7935,976661
1512142200,38.070,38.060,38.040,38.070,7843,1016340
1512142260,38.060,38.060,38.060,38.060,7843,1016340
1512142320,38.060,38.060,38.040,38.060,7843,1016340
1512142380,38.060,38.100,38.060,38.100,7843,1016340
1512142440,38.100,38.060,38.060,38.100,7843,1016340
1512142500,38.060,38.070,38.050,38.070,10175,1055555
1512142560,38.070,38.090,38.060,38.090,10174,1055555
1512142620,38.090,38.070,38.070,38.090,10174,1055555
1512142680,38.080,38.080,38.080,38.090,10174,1055555
1512142740,38.090,38.120,38.090,38.120,10174,1055555
1512142800,38.120,38.090,38.090,38.120,51861,1106426
1512142860,38.090,38.080,38.070,38.090,51857,1106426
1512142920,38.090,38.080,38.080,38.090,51857,1106426
1512142980,38.090,38.080,38.070,38.090,51857,1106426
1512143040,38.080,38.080,38.080,38.090,51857,1106426
1512143100,38.080,38.090,38.080,38.100,19269,1365715
1512143160,38.090,38.090,38.080,38.090,19267,1365715
1512143220,38.090,38.100,38.090,38.110,19267,1365715
1512143280,38.100,38.140,38.100,38.150,19267,1365715
1512143340,38.130,38.110,38.110,38.130,19267,1365715
1512143400,38.120,38.140,38.110,38.140,10398,1462052
1512143460,38.130,38.150,38.130,38.160,10398,1462052
1512143520,38.150,38.160,38.150,38.160,10398,1462052
1512143580,38.160,38.130,38.130,38.160,10398,1462052
1512143640,38.120,38.090,38.090,38.120,10398,1462052
1512143700,38.090,38.100,38.090,38.100,4456,1514042
1512143760,38.090,38.110,38.080,38.110,4454,1514042
1512143820,38.120,38.100,38.100,38.120,4454,1514042
1512143880,38.100,38.120,38.100,38.120,4454,1514042
1512143940,38.110,38.110,38.090,38.110,4454,1514042
1512144000,38.110,38.100,38.090,38.130,8006,1536314
1512144060,38.100,38.100,38.100,38.110,8004,1536314
1512144120,38.110,38.100,38.090,38.110,8004,1536314
1512144180,38.090,38.100,38.090,38.100,8004,1536314
1512144240,38.100,38.120,38.100,38.130,8004,1536314
1512144300,38.120,38.110,38.110,38.120,6451,1576336
1512144360,38.110,38.110,38.110,38.110,6449,1576336
1512144420,38.110,38.100,38.100,38.110,6449,1576336
1512144480,38.090,38.090,38.090,38.090,6449,1576336
1512144540,38.090,38.090,38.090,38.090,6449,1576336
1512144600,38.160,38.120,38.120,38.180,17984,1608583
1512144660,38.120,38.140,38.120,38.160,17982,1608583
1512144720,38.150,38.130,38.120,38.150,17982,1608583
1512144780,38.150,38.130,38.120,38.150,17982,1608583
1512144840,38.150,38.130,38.120,38.150,17982,1608583
1512144900,38.140,38.160,38.140,38.160,24209,1698495
1512144960,38.150,38.110,38.110,38.160,24208,1698495
1512145020,38.090,38.130,38.090,38.140,24208,1698495
1512145080,38.130,38.170,38.130,38.190,24208,1698495
1512145140,38.170,38.170,38.160,38.170,24208,1698495
1512145200,38.150,38.140,38.130,38.150,8477,1819536
1512145260,38.140,38.130,38.130,38.140,8476,1819536
1512145320,38.140,38.130,38.130,38.140,8476,1819536
1512145380,38.140,38.140,38.140,38.140,8476,1819536
1512145440,38.130,38.120,38.120,38.130,8476,1819536
1512145500,38.130,38.120,38.120,38.130,8134,1861917
1512145560,38.130,38.120,38.120,38.130,8131,1861917
1512145620,38.100,38.110,38.100,38.120,8131,1861917
1512145680,38.120,38.100,38.100,38.120,8131,1861917
1512145740,38.120,38.100,38.100,38.120,8131,1861917
1512145800,38.020,38.030,38.000,38.030,14183,1902575
1512145860,38.050,38.010,38.010,38.050,14183,1902575
1512145920,37.990,37.980,37.970,37.990,14183,1902575
1512145980,37.980,38.030,37.980,38.030,14183,1902575
1512146040,38.020,38.050,38.020,38.070,14183,1902575
1512146100,38.050,38.040,38.040,38.060,12804,1973490
1512146160,38.000,37.950,37.950,38.000,12800,1973490
1512146220,37.930,37.980,37.930,37.980,12800,1973490
1512146280,37.990,37.970,37.970,37.990,12800,1973490
1512146340,37.960,38.000,37.960,38.030,12800,1973490
1512146400,38.050,38.020,38.020,38.050,11949,2037494
1512146460,38.020,38.040,38.010,38.040,11945,2037494
1512146520,38.030,38.040,38.030,38.050,11945,2037494
1512146580,38.040,38.020,38.020,38.040,11945,2037494
1512146640,38.040,38.050,38.040,38.050,11945,2037494
1512146700,38.050,38.030,38.030,38.060,10397,2097223
1512146760,38.030,38.030,38.030,38.030,10393,2097223
1512146820,38.020,38.050,38.010,38.050,10393,2097223
1512146880,38.050,38.080,38.050,38.080,10393,2097223
1512146940,38.080,38.070,38.070,38.090,10393,2097223
1512147000,38.080,38.080,38.060,38.080,13671,2149192
1512147060,38.060,38.080,38.060,38.080,13670,2149192
1512147120,38.090,38.100,38.090,38.100,13670,2149192
1512147180,38.100,38.090,38.090,38.100,13670,2149192
1512147240,38.090,38.100,38.080,38.110,13670,2149192
1512147300,38.100,38.090,38.090,38.100,32642,2217543
1512147360,38.100,38.110,38.100,38.120,32638,2217543
1512147420,38.120,38.080,38.080,38.120,32638,2217543
1512147480,38.080,38.110,38.080,38.110,32638,2217543
1512147540,38.110,38.130,38.100,38.130,32638,2217543
1512147600,38.130,38.140,38.130,38.140,28392,2380737
1512147660,38.140,38.150,38.130,38.150,28392,2380737
1512147720,38.160,38.140,38.140,38.160,28392,2380737
1512147780,38.150,38.150,38.140,38.150,28392,2380737
1512147840,38.150,38.160,38.150,38.160,28392,2380737
1512147900,38.160,38.160,38.160,38.170,13406,2522697
1512147960,38.180,38.180,38.180,38.200,13403,2522697
1512148020,38.200,38.230,38.200,38.230,13403,2522697
1512148080,38.230,38.230,38.230,38.230,13403,2522697
1512148140,38.220,38.250,38.220,38.250,13403,2522697
1512148200,38.220,38.240,38.210,38.240,8730,2589715
1512148260,38.240,38.230,38.230,38.260,8727,2589715
1512148320,38.230,38.210,38.210,38.240,8727,2589715
1512148380,38.210,38.220,38.210,38.230,8727,2589715
1512148440,38.230,38.230,38.200,38.230,8727,2589715
1512148500,38.230,38.280,38.230,38.280,11486,2633353
1512148560,38.280,38.280,38.270,38.290,11486,2633353
1512148620,38.280,38.250,38.240,38.280,11486,2633353
1512148680,38.250,38.220,38.220,38.260,11486,2633353
1512148740,38.210,38.260,38.210,38.260,11486,2633353
1512148800,38.250,38.250,38.240,38.260,8568,2690783
1512148860,38.250,38.260,38.240,38.260,8567,2690783
1512148920,38.270,38.250,38.250,38.270,8567,2690783
1512148980,38.240,38.230,38.230,38.240,8567,2690783
1512149040,38.230,38.230,38.230,38.250,8567,2690783
1512149100,38.230,38.230,38.220,38.230,5611,2733619
1512149160,38.220,38.220,38.220,38.230,5609,2733619
1512149220,38.220,38.220,38.220,38.220,5609,2733619
1512149280,38.210,38.200,38.180,38.210,5609,2733619
1512149340,38.200,38.190,38.190,38.210,5609,2733619
1512149400,38.210,38.200,38.200,38.210,4191,2761666
1512149460,38.200,38.200,38.200,38.200,4190,2761666
1512149520,38.200,38.190,38.180,38.200,4190,2761666
1512149580,38.200,38.200,38.200,38.210,4190,2761666
1512149640,38.200,38.190,38.190,38.200,4190,2761666
1512149700,38.200,38.170,38.170,38.210,21791,2782617
1512149760,38.170,38.170,38.170,38.180,21791,2782617
1512149820,38.170,38.160,38.160,38.170,21791,2782617
1512149880,38.150,38.130,38.130,38.150,21791,2782617
1512149940,38.130,38.150,38.130,38.160,21791,2782617
1512150000,38.150,38.160,38.150,38.160,5700,2891572
1512150060,38.160,38.170,38.160,38.170,5700,2891572
1512150120,38.180,38.170,38.170,38.180,5700,2891572
1512150180,38.180,38.200,38.170,38.210,5700,2891572
1512150240,38.210,38.200,38.190,38.210,5700,2891572
1512150300,38.200,38.210,38.190,38.210,6526,2920072
1512150360,38.230,38.230,38.230,38.230,6526,2920072
1512150420,38.230,38.240,38.230,38.240,6526,2920072
1512150480,38.240,38.210,38.210,38.240,6526,2920072
1512150540,38.200,38.190,38.190,38.210,6526,2920072
1512150600,38.190,38.200,38.190,38.210,5243,2952702
1512150660,38.200,38.200,38.200,38.200,5242,2952702
1512150720,38.210,38.200,38.200,38.210,5242,2952702
1512150780,38.200,38.200,38.190,38.200,5242,2952702
1512150840,38.210,38.190,38.190,38.210,5242,2952702
1512150900,38.200,38.180,38.160,38.200,5827,2978913
1512150960,38.180,38.200,38.180,38.200,5827,2978913
1512151020,38.190,38.180,38.180,38.190,5827,2978913
1512151080,38.170,38.170,38.160,38.170,5827,2978913
1512151140,38.170,38.160,38.150,38.170,5827,2978913
1512151200,38.150,38.160,38.150,38.170,2869,3008048
1512151260,38.160,38.160,38.130,38.160,2866,3008048
1512151320,38.160,38.140,38.140,38.160,2866,3008048
1512151380,38.150,38.150,38.150,38.150,2866,3008048
1512151440,38.150,38.150,38.150,38.150,2866,3008048
1512151500,38.150,38.150,38.150,38.150,6351,3022381
1512151560,38.140,38.140,38.140,38.150,6349,3022381
1512151620,38.150,38.180,38.150,38.180,6349,3022381
1512151680,38.170,38.180,38.160,38.180,6349,3022381
1512151740,38.170,38.180,38.170,38.180,6349,3022381
1512151800,38.190,38.200,38.190,38.200,2160,3054128
1512151860,38.190,38.190,38.190,38.200,2156,3054128
1512151920,38.180,38.200,38.180,38.200,2156,3054128
1512151980,38.210,38.190,38.190,38.210,2156,3054128
1512152040,38.190,38.190,38.190,38.190,2156,3054128
1512152100,38.180,38.190,38.170,38.190,4111,3064912
1512152160,38.200,38.190,38.190,38.200,4110,3064912
1512152220,38.200,38.190,38.190,38.200,4110,3064912
1512152280,38.200,38.200,38.200,38.210,4110,3064912
1512152340,38.200,38.220,38.200,38.220,4110,3064912
1512152400,38.210,38.210,38.200,38.220,6086,3085463
1512152460,38.200,38.220,38.200,38.220,6085,3085463
1512152520,38.220,38.220,38.220,38.230,6085,3085463
1512152580,38.230,38.230,38.230,38.240,6085,3085463
1512152640,38.230,38.220,38.220,38.230,6085,3085463
1512152700,38.230,38.220,38.220,38.230,19140,3115889
1512152760,38.220,38.230,38.220,38.230,19137,3115889
1512152820,38.230,38.210,38.210,38.230,19137,3115889
1512152880,38.220,38.240,38.210,38.240,19137,3115889
1512152940,38.250,38.240,38.240,38.250,19137,3115889
1512153000,38.230,38.250,38.230,38.250,9757,3211577
1512153060,38.250,38.250,38.240,38.250,9757,3211577
1512153120,38.250,38.240,38.240,38.250,9757,3211577
1512153180,38.240,38.240,38.240,38.250,9757,3211577
1512153240,38.230,38.230,38.230,38.250,9757,3211577
1512153300,38.230,38.240,38.230,38.240,8295,3260362
1512153360,38.240,38.250,38.240,38.250,8295,3260362
1512153420,38.250,38.250,38.240,38.250,8295,3260362
1512153480,38.240,38.240,38.240,38.240,8295,3260362
1512153540,38.250,38.240,38.240,38.250,8295,3260362
1512153600,38.240,38.240,38.240,38.240,8759,3301837
1512153660,38.230,38.230,38.220,38.230,8756,3301837
1512153720,38.240,38.230,38.230,38.240,8756,3301837
1512153780,38.240,38.240,38.240,38.240,8756,3301837
1512153840,38.240,38.260,38.240,38.260,8756,3301837
1512153900,38.260,38.250,38.240,38.260,13248,3345620
1512153960,38.240,38.240,38.240,38.250,13248,3345620
1512154020,38.220,38.230,38.220,38.230,13248,3345620
1512154080,38.230,38.210,38.210,38.230,13248,3345620
1512154140,38.220,38.230,38.210,38.230,13248,3345620
1512154200,38.230,38.230,38.230,38.230,8555,3411860
1512154260,38.230,38.230,38.230,38.230,8551,3411860
1512154320,38.240,38.260,38.240,38.260,8551,3411860
1512154380,38.250,38.240,38.240,38.250,8551,3411860
1512154440,38.240,38.240,38.230,38.250,8551,3411860
1512154500,38.250,38.250,38.240,38.260,13154,3454619
1512154560,38.240,38.230,38.230,38.250,13152,3454619
1512154620,38.240,38.260,38.240,38.260,13152,3454619
1512154680,38.260,38.250,38.250,38.260,13152,3454619
1512154740,38.250,38.230,38.230,38.250,13152,3454619
1512154800,38.230,38.240,38.230,38.250,2834,3520381
1512154860,38.240,38.240,38.240,38.250,2831,3520381
1512154920,38.240,38.250,38.240,38.250,2831,3520381
1512154980,38.240,38.240,38.240,38.250,2831,3520381
1512155040,38.240,38.240,38.240,38.250,2831,3520381
1512155100,38.240,38.240,38.240,38.240,6196,3534539
1512155160,38.250,38.240,38.240,38.250,6196,3534539
1512155220,38.240,38.240,38.240,38.250,6196,3534539
1512155280,38.250,38.250,38.240,38.250,6196,3534539
1512155340,38.240,38.230,38.230,38.240,6196,3534539
1512155400,38.230,38.240,38.230,38.240,11319,3565519
1512155460,38.230,38.240,38.230,38.240,11316,3565519
1512155520,38.230,38.240,38.230,38.250,11316,3565519
1512155580,38.250,38.260,38.250,38.260,11316,3565519
1512155640,38.250,38.250,38.250,38.260,11316,3565519
1512155700,38.260,38.260,38.260,38.260,9226,3622102
1512155760,38.260,38.250,38.250,38.260,9226,3622102
1512155820,38.260,38.260,38.260,38.270,9226,3622102
1512155880,38.260,38.260,38.260,38.260,9226,3622102
1512155940,38.250,38.230,38.230,38.260,9226,3622102
1512156000,38.230,38.240,38.230,38.240,5384,3668232
1512156060,38.240,38.230,38.230,38.240,5380,3668232
1512156120,38.230,38.220,38.220,38.230,5380,3668232
1512156180,38.220,38.220,38.220,38.230,5380,3668232
1512156240,38.230,38.220,38.220,38.230,5380,3668232
1512156300,38.220,38.240,38.220,38.250,12365,3695136
1512156360,38.240,38.240,38.240,38.250,12362,3695136
1512156420,38.250,38.250,38.240,38.250,12362,3695136
1512156480,38.240,38.250,38.240,38.250,12362,3695136
1512156540,38.240,38.260,38.240,38.260,12362,3695136
1512156600,38.260,38.260,38.260,38.270,27198,3756949
1512156660,38.270,38.270,38.270,38.280,27194,3756949
1512156720,38.270,38.310,38.270,38.320,27194,3756949
1512156780,38.350,38.340,38.320,38.350,27194,3756949
1512156840,38.340,38.330,38.310,38.340,27194,3756949
1512156900,38.330,38.290,38.290,38.330,17881,3892923
1512156960,38.300,38.280,38.280,38.310,17878,3892923
1512157020,38.280,38.280,38.260,38.280,17878,3892923
1512157080,38.280,38.240,38.240,38.280,17878,3892923
1512157140,38.260,38.270,38.260,38.270,17878,3892923
1512157200,38.270,38.300,38.270,38.300,18905,3982316
1512157260,38.300,38.300,38.300,38.320,18902,3982316
1512157320,38.280,38.300,38.280,38.300,18902,3982316
1512157380,38.300,38.270,38.270,38.300,18902,3982316
1512157440,38.270,38.270,38.270,38.280,18902,3982316
1512157500,38.270,38.290,38.270,38.290,13449,4076829
1512157560,38.280,38.260,38.260,38.280,13446,4076829
1512157620,38.270,38.250,38.240,38.270,13446,4076829
1512157680,38.250,38.280,38.250,38.280,13446,4076829
1512157740,38.270,38.270,38.250,38.280,13446,4076829
1512157800,38.260,38.240,38.240,38.260,15240,4144062
1512157860,38.250,38.240,38.230,38.250,15238,4144062
1512157920,38.240,38.230,38.230,38.240,15238,4144062
1512157980,38.220,38.230,38.210,38.230,15238,4144062
1512158040,38.200,38.200,38.200,38.200,15238,4144062
1512158100,38.200,38.210,38.200,38.210,6094,4220254
1512158160,38.200,38.210,38.200,38.210,6090,4220254
1512158220,38.200,38.200,38.200,38.210,6090,4220254
1512158280,38.190,38.220,38.190,38.220,6090,4220254
1512158340,38.220,38.230,38.210,38.230,6090,4220254
1512158400,38.240,38.250,38.230,38.250,8950,4250708
1512158460,38.250,38.260,38.250,38.270,8950,4250708
1512158520,38.280,38.290,38.280,38.300,8950,4250708
1512158580,38.280,38.280,38.280,38.280,8950,4250708
1512158640,38.280,38.290,38.280,38.290,8950,4250708
1512158700,38.280,38.270,38.270,38.280,26017,4295458
1512158760,38.280,38.260,38.260,38.280,26014,4295458
1512158820,38.250,38.290,38.250,38.300,26014,4295458
1512158880,38.290,38.300,38.280,38.300,26014,4295458
1512158940,38.290,38.280,38.270,38.290,26014,4295458
1512159000,38.280,38.270,38.260,38.280,13085,4425531
1512159060,38.270,38.280,38.260,38.280,13081,4425531
1512159120,38.280,38.260,38.260,38.280,13081,4425531
1512159180,38.270,38.260,38.260,38.270,13081,4425531
1512159240,38.270,38.270,38.270,38.270,13081,4425531
1512159300,38.270,38.290,38.270,38.290,20008,4490940
1512159360,38.290,38.270,38.270,38.290,20004,4490940
1512159420,38.290,38.280,38.280,38.290,20004,4490940
1512159480,38.290,38.260,38.260,38.290,20004,4490940
1512159540,38.250,38.270,38.250,38.270,20004,4490940
1512159600,38.270,38.260,38.260,38.270,9222,4590964
1512159660,38.270,38.270,38.270,38.270,9219,4590964
1512159720,38.270,38.290,38.270,38.290,9219,4590964
1512159780,38.290,38.280,38.270,38.290,9219,4590964
1512159840,38.270,38.290,38.270,38.290,9219,4590964
1512159900,38.290,38.300,38.290,38.300,17016,4637062
1512159960,38.300,38.290,38.290,38.300,17016,4637062
1512160020,38.290,38.300,38.290,38.300,17016,4637062
1512160080,38.300,38.310,38.290,38.310,17016,4637062
1512160140,38.310,38.300,38.300,38.310,17016,4637062
1512160200,38.300,38.270,38.260,38.300,19287,4722142
1512160260,38.260,38.270,38.260,38.270,19286,4722142
1512160320,38.260,38.250,38.250,38.260,19286,4722142
1512160380,38.260,38.240,38.240,38.260,19286,4722142
1512160440,38.260,38.260,38.260,38.260,19286,4722142
1512160500,38.260,38.280,38.250,38.280,26779,4818573
1512160560,38.270,38.250,38.250,38.290,26775,4818573
1512160620,38.240,38.230,38.230,38.240,26775,4818573
1512160680,38.230,38.220,38.220,38.250,26775,4818573
1512160740,38.230,38.270,38.230,38.270,26775,4818573
1512160800,38.260,38.290,38.240,38.300,15381,4952452
1512160860,38.290,38.260,38.260,38.290,15379,4952452
1512160920,38.260,38.270,38.260,38.270,15379,4952452
1512160980,38.270,38.260,38.260,38.270,15379,4952452
1512161040,38.270,38.240,38.240,38.270,15379,4952452
1512161100,38.240,38.240,38.230,38.240,15941,5029349
1512161160,38.230,38.260,38.230,38.260,15937,5029349
1512161220,38.260,38.280,38.260,38.280,15937,5029349
1512161280,38.280,38.270,38.270,38.280,15937,5029349
1512161340,38.260,38.260,38.260,38.270,15937,5029349
1512161400,38.280,38.270,38.270,38.280,38116,5109038
1512161460,38.280,38.250,38.240,38.290,38114,5109038
1512161520,38.240,38.240,38.240,38.250,38114,5109038
1512161580,38.240,38.260,38.240,38.260,38114,5109038
1512161640,38.260,38.280,38.260,38.280,38114,5109038
1512161700,38.290,38.280,38.280,38.300,119801,5299610
1512161760,38.280,38.270,38.270,38.280,119798,5299610
1512161820,38.270,38.290,38.270,38.300,119798,5299610
1512161880,38.280,38.300,38.270,38.300,119798,5299610
1512161940,38.300,38.290,38.290,38.310,119798,5299610
1512397800,38.390,38.400,38.390,38.400,23720,0
1512397860,38.390,38.400,38.380,38.400,23720,0
1512397920,38.410,38.370,38.370,38.440,23720,0
1512397980,38.350,38.310,38.310,38.350,23720,0
1512398040,38.310,38.360,38.310,38.360,23720,0
1512398100,38.330,38.330,38.320,38.340,7299,118600
1512398160,38.320,38.340,38.310,38.340,7299,118600
1512398220,38.360,38.360,38.350,38.360,7299,118600
1512398280,38.400,38.390,38.390,38.400,7299,118600
1512398340,38.380,38.380,38.370,38.380,7299,118600
1512398400,38.370,38.350,38.350,38.380,9067,155095
1512398460,38.360,38.340,38.320,38.360,9066,155095
1512398520,38.370,38.330,38.310,38.370,9066,155095
1512398580,38.320,38.290,38.290,38.330,9066,155095
1512398640,38.300,38.320,38.300,38.320,9066,155095
1512398700,38.310,38.300,38.290,38.310,8383,200426
1512398760,38.310,38.300,38.290,38.310,8380,200426
1512398820,38.300,38.280,38.280,38.300,8380,200426
1512398880,38.290,38.290,38.280,38.290,8380,200426
1512398940,38.290,38.320,38.280,38.320,8380,200426
1512399000,38.320,38.320,38.310,38.320,6607,242329
1512399060,38.320,38.320,38.320,38.330,6605,242329
1512399120,38.300,38.300,38.290,38.300,6605,242329
1512399180,38.290,38.250,38.250,38.290,6605,242329
1512399240,38.250,38.230,38.230,38.250,6605,242329
1512399300,38.230,38.180,38.180,38.230,10985,275356
1512399360,38.170,38.180,38.160,38.180,10984,275356
1512399420,38.180,38.170,38.170,38.180,10984,275356
1512399480,38.180,38.160,38.160,38.180,10984,275356
1512399540,38.150,38.170,38.150,38.170,10984,275356
1512399600,38.160,38.180,38.160,38.180,7576,330277
1512399660,38.210,38.200,38.180,38.210,7573,330277
1512399720,38.190,38.180,38.180,38.190,7573,330277
1512399780,38.200,38.230,38.200,38.230,7573,330277
1512399840,38.240,38.210,38.200,38.240,7573,330277
1512399900,38.220,38.190,38.190,38.230,8039,368145
1512399960,38.200,38.230,38.190,38.240,8037,368145
1512400020,38.220,38.220,38.220,38.230,8037,368145
1512400080,38.220,38.200,38.200,38.220,8037,368145
1512400140,38.200,38.190,38.190,38.210,8037,368145
1512400200,38.200,38.220,38.200,38.230,5979,408332
1512400260,38.220,38.210,38.210,38.220,5975,408332
1512400320,38.210,38.220,38.210,38.220,5975,408332
1512400380,38.210,38.180,38.180,38.210,5975,408332
1512400440,38.190,38.190,38.170,38.190,5975,408332
1512400500,38.190,38.200,38.190,38.200,19642,438211
1512400560,38.200,38.240,38.200,38.240,19640,438211
1512400620,38.230,38.220,38.220,38.230,19640,438211
1512400680,38.230,38.210,38.210,38.230,19640,438211
1512400740,38.200,38.210,38.200,38.220,19640,438211
1512400800,38.200,38.200,38.200,38.200,7349,536413
1512400860,38.210,38.210,38.210,38.230,7347,536413
1512400920,38.220,38.200,38.200,38.220,7347,536413
1512400980,38.210,38.230,38.210,38.230,7347,536413
1512401040,38.240,38.280,38.240,38.280,7347,536413
1512401100,38.280,38.280,38.280,38.280,8890,573150
1512401160,38.280,38.280,38.280,38.290,8887,573150
1512401220,38.280,38.280,38.270,38.280,8887,573150
1512401280,38.270,38.280,38.260,38.280,8887,573150
1512401340,38.270,38.280,38.270,38.280,8887,573150
1512401400,38.270,38.270,38.260,38.270,15406,617588
1512401460,38.260,38.260,38.260,38.260,15402,617588
1512401520,38.260,38.270,38.260,38.280,15402,617588
1512401580,38.270,38.270,38.270,38.270,15402,617588
1512401640,38.270,38.210,38.210,38.270,15402,617588
1512401700,38.200,38.200,38.180,38.210,5962,694602
1512401760,38.200,38.200,38.190,38.200,5960,694602
1512401820,38.200,38.220,38.200,38.230,5960,694602
1512401880,38.230,38.210,38.210,38.230,5960,694602
1512401940,38.200,38.220,38.200,38.220,5960,694602
1512402000,38.220,38.220,38.220,38.220,10306,724404
1512402060,38.220,38.250,38.220,38.250,10302,724404
1512402120,38.250,38.250,38.250,38.250,10302,724404
1512402180,38.250,38.220,38.220,38.250,10302,724404
1512402240,38.220,38.220,38.220,38.230,10302,724404
1512402300,38.230,38.220,38.220,38.240,5087,775918
1512402360,38.220,38.230,38.220,38.230,5083,775918
1512402420,38.230,38.240,38.230,38.250,5083,775918
1512402480,38.250,38.250,38.240,38.250,5083,775918
1512402540,38.260,38.270,38.260,38.270,5083,775918
1512402600,38.270,38.250,38.250,38.280,6354,801337
1512402660,38.250,38.250,38.250,38.250,6354,801337
1512402720,38.240,38.180,38.170,38.250,6354,801337
1512402780,38.170,38.160,38.160,38.180,6354,801337
1512402840,38.170,38.150,38.150,38.170,6354,801337
1512402900,38.160,38.140,38.130,38.160,7498,833107
1512402960,38.160,38.160,38.160,38.170,7495,833107
1512403020,38.160,38.140,38.140,38.170,7495,833107
1512403080,38.120,38.150,38.120,38.150,7495,833107
1512403140,38.140,38.160,38.130,38.160,7495,833107
1512403200,38.160,38.180,38.160,38.180,5057,870585
1512403260,38.180,38.180,38.170,38.190,5056,870585
1512403320,38.180,38.180,38.180,38.180,5056,870585
1512403380,38.180,38.190,38.180,38.190,5056,870585
1512403440,38.190,38.190,38.180,38.190,5056,870585
1512403500,38.180,38.200,38.180,38.200,5637,895866
1512403560,38.210,38.210,38.200,38.220,5635,895866
1512403620,38.200,38.200,38.200,38.200,5635,895866
1512403680,38.200,38.210,38.200,38.220,5635,895866
1512403740,38.230,38.230,38.220,38.230,5635,895866
1512403800,38.220,38.230,38.220,38.230,5371,924043
1512403860,38.230,38.250,38.220,38.250,5371,924043
1512403920,38.250,38.260,38.250,38.260,5371,924043
1512403980,38.270,38.250,38.240,38.270,5371,924043
1512404040,38.240,38.230,38.230,38.240,5371,924043
1512404100,38.250,38.260,38.250,38.260,4602,950898
1512404160,38.260,38.240,38.240,38.260,4598,950898
1512404220,38.260,38.260,38.250,38.260,4598,950898
1512404280,38.260,38.250,38.240,38.260,4598,950898
1512404340,38.250,38.270,38.240,38.270,4598,950898
1512404400,38.280,38.260,38.260,38.280,5445,973892
1512404460,38.250,38.240,38.240,38.250,5441,973892
1512404520,38.240,38.240,38.230,38.240,5441,973892
1512404580,38.240,38.250,38.240,38.260,5441,973892
1512404640,38.250,38.230,38.230,38.250,5441,973892
1512404700,38.230,38.230,38.220,38.230,7472,1001101
1512404760,38.230,38.220,38.220,38.230,7470,1001101
1512404820,38.220,38.230,38.210,38.230,7470,1001101
1512404880,38.230,38.220,38.220,38.230,7470,1001101
1512404940,38.210,38.210,38.210,38.210,7470,1001101
1512405000,38.220,38.230,38.220,38.240,5032,1038453
1512405060,38.240,38.240,38.240,38.240,5028,1038453
1512405120,38.240,38.250,38.240,38.250,5028,1038453
1512405180,38.240,38.240,38.240,38.240,5028,1038453
1512405240,38.240,38.250,38.240,38.260,5028,1038453
1512405300,38.260,38.210,38.210,38.260,11687,1063597
1512405360,38.220,38.220,38.220,38.230,11686,1063597
1512405420,38.220,38.220,38.210,38.230,11686,1063597
1512405480,38.230,38.250,38.230,38.250,11686,1063597
1512405540,38.260,38.250,38.250,38.260,11686,1063597
1512405600,38.240,38.230,38.230,38.240,6867,1122028
1512405660,38.240,38.240,38.230,38.240,6864,1122028
1512405720,38.240,38.260,38.240,38.260,6864,1122028
1512405780,38.250,38.250,38.250,38.260,6864,1122028
1512405840,38.250,38.220,38.220,38.250,6864,1122028
1512405900,38.230,38.240,38.230,38.240,14184,1156351
1512405960,38.230,38.230,38.230,38.240,14183,1156351
1512406020,38.240,38.240,38.230,38.240,14183,1156351
1512406080,38.240,38.250,38.230,38.250,14183,1156351
1512406140,38.250,38.230,38.230,38.260,14183,1156351
1512406200,38.210,38.170,38.170,38.210,8773,1227267
1512406260,38.170,38.190,38.170,38.190,8771,1227267
1512406320,38.220,38.190,38.190,38.220,8771,1227267
1512406380,38.190,38.190,38.190,38.190,8771,1227267
1512406440,38.200,38.200,38.190,38.200,8771,1227267
1512406500,38.200,38.200,38.200,38.210,6234,1271124
1512406560,38.210,38.210,38.190,38.210,6232,1271124
1512406620,38.210,38.240,38.210,38.240,6232,1271124
1512406680,38.230,38.240,38.220,38.240,6232,1271124
1512406740,38.240,38.270,38.240,38.270,6232,1271124
1512406800,38.270,38.280,38.270,38.280,3215,1302286
1512406860,38.280,38.270,38.270,38.290,3214,1302286
1512406920,38.270,38.260,38.260,38.270,3214,1302286
1512406980,38.250,38.270,38.250,38.270,3214,1302286
1512407040,38.270,38.260,38.260,38.270,3214,1302286
1512407100,38.270,38.270,38.260,38.270,5069,1318357
1512407160,38.270,38.260,38.260,38.270,5066,1318357
1512407220,38.260,38.270,38.260,38.270,5066,1318357
1512407280,38.280,38.270,38.270,38.280,5066,1318357
1512407340,38.280,38.300,38.280,38.300,5066,1318357
1512407400,38.300,38.320,38.300,38.320,5033,1343690
1512407460,38.310,38.300,38.290,38.310,5030,1343690
1512407520,38.280,38.300,38.280,38.300,5030,1343690
1512407580,38.290,38.280,38.280,38.290,5030,1343690
1512407640,38.280,38.270,38.260,38.280,5030,1343690
1512407700,38.270,38.270,38.270,38.270,2732,1368843
1512407760,38.270,38.260,38.260,38.270,2731,1368843
1512407820,38.250,38.240,38.240,38.250,2731,1368843
1512407880,38.230,38.270,38.230,38.270,2731,1368843
1512407940,38.260,38.270,38.260,38.270,2731,1368843
1512408000,38.270,38.260,38.260,38.270,4354,1382499
1512408060,38.250,38.270,38.250,38.270,4350,1382499
1512408120,38.260,38.260,38.250,38.270,4350,1382499
1512408180,38.250,38.250,38.250,38.270,4350,1382499
1512408240,38.250,38.240,38.240,38.250,4350,1382499
1512408300,38.240,38.250,38.240,38.250,4003,1404253
1512408360,38.240,38.250,38.240,38.250,3999,1404253
1512408420,38.260,38.250,38.250,38.260,3999,1404253
1512408480,38.260,38.260,38.250,38.260,3999,1404253
1512408540,38.260,38.240,38.240,38.260,3999,1404253
1512408600,38.250,38.240,38.240,38.260,8513,1424252
1512408660,38.250,38.250,38.250,38.260,8509,1424252
1512408720,38.240,38.260,38.240,38.260,8509,1424252
1512408780,38.270,38.270,38.270,38.280,8509,1424252
1512408840,38.280,38.290,38.270,38.300,8509,1424252
1512408900,38.290,38.270,38.270,38.290,5195,1466801
1512408960,38.270,38.280,38.270,38.280,5194,1466801
1512409020,38.280,38.270,38.270,38.280,5194,1466801
1512409080,38.280,38.270,38.260,38.280,5194,1466801
1512409140,38.270,38.260,38.260,38.280,5194,1466801
1512409200,38.280,38.280,38.280,38.280,3863,1492772
1512409260,38.280,38.290,38.280,38.290,3861,1492772
1512409320,38.300,38.270,38.270,38.300,3861,1492772
1512409380,38.280,38.280,38.280,38.280,3861,1492772
1512409440,38.280,38.300,38.280,38.300,3861,1492772
1512409500,38.290,38.300,38.290,38.300,4065,1512079
1512409560,38.280,38.280,38.280,38.280,4065,1512079
1512409620,38.280,38.280,38.280,38.280,4065,1512079
1512409680,38.270,38.250,38.250,38.270,4065,1512079
1512409740,38.250,38.260,38.240,38.260,4065,1512079
1512409800,38.260,38.240,38.240,38.260,4176,1532404
1512409860,38.230,38.230,38.230,38.240,4173,1532404
1512409920,38.250,38.260,38.250,38.260,4173,1532404
1512409980,38.260,38.260,38.250,38.260,4173,1532404
1512410040,38.260,38.260,38.250,38.270,4173,1532404
1512410100,38.260,38.260,38.260,38.260,7106,1553272
1512410160,38.260,38.270,38.260,38.280,7104,1553272
1512410220,38.270,38.280,38.270,38.280,7104,1553272
1512410280,38.280,38.290,38.270,38.290,7104,1553272
1512410340,38.280,38.280,38.280,38.290,7104,1553272
1512410400,38.290,38.300,38.290,38.300,3890,1588794
1512410460,38.300,38.310,38.300,38.310,3889,1588794
1512410520,38.300,38.300,38.300,38.300,3889,1588794
1512410580,38.290,38.280,38.280,38.290,3889,1588794
1512410640,38.300,38.300,38.280,38.300,3889,1588794
1512410700,38.300,38.300,38.300,38.300,4999,1608240
1512410760,38.300,38.300,38.290,38.300,4995,1608240
1512410820,38.300,38.280,38.280,38.300,4995,1608240
1512410880,38.280,38.300,38.280,38.300,4995,1608240
1512410940,38.290,38.270,38.270,38.290,4995,1608240
1512411000,38.270,38.270,38.270,38.280,2355,1633219
1512411060,38.270,38.280,38.270,38.280,2355,1633219
1512411120,38.270,38.260,38.260,38.270,2355,1633219
1512411180,38.270,38.260,38.260,38.270,2355,1633219
1512411240,38.270,38.260,38.260,38.270,2355,1633219
1512411300,38.250,38.260,38.250,38.260,2026,1644994
1512411360,38.260,38.260,38.260,38.270,2024,1644994
1512411420,38.260,38.240,38.240,38.260,2024,1644994
1512411480,38.250,38.240,38.240,38.260,2024,1644994
1512411540,38.250,38.240,38.240,38.250,2024,1644994
1512411600,38.250,38.240,38.240,38.250,2902,1655116
1512411660,38.250,38.230,38.230,38.250,2899,1655116
1512411720,38.240,38.240,38.240,38.240,2899,1655116
1512411780,38.240,38.250,38.240,38.250,2899,1655116
1512411840,38.240,38.230,38.230,38.240,2899,1655116
1512411900,38.240,38.260,38.240,38.260,6576,1669614
1512411960,38.260,38.240,38.240,38.260,6575,1669614
1512412020,38.250,38.270,38.250,38.270,6575,1669614
1512412080,38.270,38.280,38.270,38.280,6575,1669614
1512412140,38.280,38.300,38.280,38.300,6575,1669614
1512412200,38.290,38.290,38.290,38.300,2021,1702490
1512412260,38.300,38.290,38.290,38.300,2018,1702490
1512412320,38.290,38.300,38.290,38.300,2018,1702490
1512412380,38.300,38.300,38.300,38.300,2018,1702490
1512412440,38.290,38.290,38.280,38.290,2018,1702490
1512412500,38.290,38.300,38.280,38.300,18929,1712583
1512412560,38.300,38.310,38.300,38.310,18929,1712583
1512412620,38.310,38.290,38.290,38.310,18929,1712583
1512412680,38.290,38.300,38.290,38.300,18929,1712583
1512412740,38.290,38.320,38.290,38.320,18929,1712583
1512412800,38.310,38.290,38.290,38.310,5412,1807228
1512412860,38.290,38.280,38.280,38.290,5410,1807228
1512412920,38.270,38.280,38.260,38.280,5410,1807228
1512412980,38.270,38.270,38.270,38.270,5410,1807228
1512413040,38.270,38.280,38.270,38.280,5410,1807228
1512413100,38.280,38.280,38.280,38.290,2010,1834280
1512413160,38.270,38.250,38.250,38.270,2009,1834280
1512413220,38.270,38.250,38.250,38.270,2009,1834280
1512413280,38.250,38.250,38.250,38.250,2009,1834280
1512413340,38.240,38.240,38.240,38.240,2009,1834280
1512413400,38.250,38.250,38.250,38.260,3864,1844326
1512413460,38.260,38.260,38.250,38.260,3861,1844326
1512413520,38.260,38.250,38.250,38.260,3861,1844326
1512413580,38.260,38.260,38.260,38.260,3861,1844326
1512413640,38.270,38.270,38.260,38.270,3861,1844326
1512413700,38.270,38.270,38.270,38.270,3572,1863634
1512413760,38.260,38.270,38.260,38.270,3571,1863634
1512413820,38.270,38.260,38.260,38.270,3571,1863634
1512413880,38.270,38.280,38.270,38.280,3571,1863634
1512413940,38.280,38.280,38.280,38.280,3571,1863634
1512414000,38.280,38.270,38.270,38.280,6255,1881490
1512414060,38.270,38.260,38.260,38.270,6254,1881490
1512414120,38.260,38.260,38.260,38.260,6254,1881490
1512414180,38.270,38.270,38.270,38.270,6254,1881490
1512414240,38.270,38.260,38.260,38.270,6254,1881490
1512414300,38.260,38.260,38.250,38.260,4186,1912761
1512414360,38.260,38.270,38.260,38.270,4184,1912761
1512414420,38.270,38.260,38.260,38.270,4184,1912761
1512414480,38.270,38.270,38.270,38.270,4184,1912761
1512414540,38.270,38.270,38.270,38.270,4184,1912761
1512414600,38.260,38.270,38.260,38.270,3259,1933683
1512414660,38.270,38.270,38.270,38.270,3258,1933683
1512414720,38.270,38.270,38.270,38.270,3258,1933683
1512414780,38.270,38.270,38.270,38.270,3258,1933683
1512414840,38.260,38.230,38.230,38.260,3258,1933683
1512414900,38.240,38.230,38.230,38.240,5217,1949974
1512414960,38.230,38.250,38.230,38.250,5213,1949974
1512415020,38.240,38.240,38.240,38.240,5213,1949974
1512415080,38.240,38.230,38.230,38.240,5213,1949974
1512415140,38.240,38.220,38.220,38.240,5213,1949974
1512415200,38.220,38.220,38.210,38.220,5810,1976043
1512415260,38.220,38.240,38.220,38.240,5809,1976043
1512415320,38.240,38.230,38.230,38.240,5809,1976043
1512415380,38.230,38.240,38.230,38.240,5809,1976043
1512415440,38.230,38.250,38.230,38.250,5809,1976043
1512415500,38.250,38.250,38.240,38.250,4600,2005089
1512415560,38.260,38.270,38.260,38.270,4597,2005089
1512415620,38.280,38.280,38.280,38.280,4597,2005089
1512415680,38.270,38.270,38.270,38.270,4597,2005089
1512415740,38.280,38.270,38.270,38.280,4597,2005089
1512415800,38.260,38.260,38.250,38.260,5995,2028077
1512415860,38.260,38.260,38.250,38.260,5994,2028077
1512415920,38.260,38.280,38.260,38.280,5994,2028077
1512415980,38.270,38.280,38.270,38.280,5994,2028077
1512416040,38.270,38.270,38.250,38.280,5994,2028077
1512416100,38.270,38.260,38.260,38.270,5642,2058048
1512416160,38.270,38.270,38.260,38.280,5638,2058048
1512416220,38.280,38.270,38.270,38.280,5638,2058048
1512416280,38.280,38.270,38.270,38.280,5638,2058048
1512416340,38.270,38.270,38.270,38.270,5638,2058048
1512416400,38.270,38.260,38.260,38.270,4204,2086242
1512416460,38.270,38.270,38.260,38.270,4202,2086242
1512416520,38.270,38.260,38.260,38.270,4202,2086242
1512416580,38.260,38.250,38.240,38.260,4202,2086242
1512416640,38.260,38.260,38.260,38.270,4202,2086242
1512416700,38.260,38.260,38.260,38.270,5265,2107254
1512416760,38.240,38.260,38.240,38.260,5263,2107254
1512416820,38.250,38.250,38.240,38.260,5263,2107254
1512416880,38.250,38.260,38.250,38.260,5263,2107254
1512416940,38.260,38.260,38.260,38.260,5263,2107254
1512417000,38.260,38.270,38.260,38.270,6021,2133571
1512417060,38.270,38.270,38.260,38.270,6021,2133571
1512417120,38.270,38.270,38.270,38.270,6021,2133571
1512417180,38.270,38.270,38.260,38.270,6021,2133571
1512417240,38.270,38.260,38.260,38.270,6021,2133571
1512417300,38.270,38.260,38.260,38.270,6708,2163676
1512417360,38.270,38.270,38.270,38.270,6707,2163676
1512417420,38.260,38.280,38.260,38.280,6707,2163676
1512417480,38.270,38.280,38.270,38.290,6707,2163676
1512417540,38.280,38.290,38.280,38.290,6707,2163676
1512417600,38.290,38.290,38.280,38.290,4346,2197212
1512417660,38.280,38.280,38.270,38.280,4346,2197212
1512417720,38.280,38.270,38.270,38.280,4346,2197212
1512417780,38.270,38.280,38.270,38.290,4346,2197212
1512417840,38.280,38.290,38.280,38.290,4346,2197212
1512417900,38.290,38.290,38.290,38.300,4353,2218942
1512417960,38.300,38.290,38.290,38.300,4349,2218942
1512418020,38.290,38.270,38.270,38.300,4349,2218942
1512418080,38.270,38.280,38.270,38.280,4349,2218942
1512418140,38.280,38.280,38.280,38.290,4349,2218942
1512418200,38.290,38.270,38.270,38.290,4623,2240691
1512418260,38.270,38.270,38.270,38.280,4619,2240691
1512418320,38.270,38.280,38.270,38.280,4619,2240691
1512418380,38.290,38.270,38.270,38.290,4619,2240691
1512418440,38.270,38.270,38.270,38.270,4619,2240691
1512418500,38.270,38.260,38.260,38.270,5206,2263790
1512418560,38.270,38.260,38.250,38.270,5204,2263790
1512418620,38.260,38.260,38.250,38.260,5204,2263790
1512418680,38.260,38.270,38.260,38.270,5204,2263790
1512418740,38.270,38.260,38.260,38.270,5204,2263790
1512418800,38.270,38.280,38.260,38.280,10678,2289812
1512418860,38.280,38.280,38.280,38.280,10678,2289812
1512418920,38.280,38.280,38.270,38.280,10678,2289812
1512418980,38.270,38.260,38.250,38.270,10678,2289812
1512419040,38.250,38.260,38.250,38.260,10678,2289812
1512419100,38.260,38.250,38.240,38.260,10041,2343202
1512419160,38.240,38.240,38.240,38.250,10037,2343202
1512419220,38.240,38.240,38.240,38.250,10037,2343202
1512419280,38.240,38.260,38.240,38.260,10037,2343202
1512419340,38.260,38.260,38.250,38.260,10037,2343202
1512419400,38.250,38.270,38.250,38.270,7730,2393391
1512419460,38.250,38.260,38.250,38.260,7727,2393391
1512419520,38.260,38.260,38.250,38.260,7727,2393391
1512419580,38.250,38.260,38.250,38.260,7727,2393391
1512419640,38.260,38.260,38.250,38.260,7727,2393391
1512419700,38.260,38.260,38.250,38.260,10933,2432029
1512419760,38.260,38.250,38.250,38.260,10929,2432029
1512419820,38.250,38.240,38.240,38.250,10929,2432029
1512419880,38.240,38.240,38.240,38.250,10929,2432029
1512419940,38.240,38.240,38.240,38.250,10929,2432029
1512420000,38.240,38.260,38.240,38.260,25366,2486678
1512420060,38.260,38.270,38.250,38.270,25365,2486678
1512420120,38.270,38.280,38.270,38.290,25365,2486678
1512420180,38.280,38.280,38.280,38.280,25365,2486678
1512420240,38.280,38.280,38.270,38.280,25365,2486678
1512420300,38.280,38.270,38.260,38.280,30725,2613504
1512420360,38.280,38.260,38.260,38.280,30724,2613504
1512420420,38.260,38.280,38.260,38.280,30724,2613504
1512420480,38.270,38.270,38.270,38.280,30724,2613504
1512420540,38.270,38.280,38.270,38.280,30724,2613504
1512420600,38.270,38.260,38.260,38.270,32607,2767125
1512420660,38.270,38.280,38.270,38.290,32605,2767125
1512420720,38.280,38.280,38.280,38.280,32605,2767125
1512420780,38.280,38.280,38.270,38.280,32605,2767125
1512420840,38.280,38.310,38.280,38.310,32605,2767125
1512420900,38.300,38.310,38.300,38.310,68296,2930152
1512420960,38.310,38.310,38.310,38.310,68295,2930152
1512421020,38.310,38.310,38.300,38.310,68295,2930152
1512421080,38.320,38.310,38.310,38.320,68295,2930152
1512421140,38.310,38.310,38.310,38.320,68295,2930152
