1504272600,29.620,29.620,29.620,29.620,401,0
1504272660,29.620,29.620,29.620,29.620,397,0
1504272720,29.620,29.620,29.620,29.620,397,0
1504272780,29.620,29.620,29.620,29.620,397,0
1504272840,29.720,29.720,29.720,29.720,397,0
1504272900,29.820,29.640,29.640,29.850,956,1989
1504272960,29.820,29.640,29.640,29.850,952,1989
1504273020,29.820,29.640,29.640,29.850,952,1989
1504273080,29.670,29.670,29.670,29.670,952,1989
1504273140,29.720,29.720,29.720,29.720,952,1989
1504273200,29.850,29.850,29.850,29.850,1081,6753
1504273260,29.850,29.850,29.850,29.850,1080,6753
1504273320,29.890,29.870,29.870,29.890,1080,6753
1504273380,29.910,29.950,29.900,29.950,1080,6753
1504273440,29.910,29.950,29.900,29.950,1080,6753
1504273500,29.980,29.980,29.980,29.980,2253,12154
1504273560,29.980,29.980,29.980,29.980,2251,12154
1504273620,29.980,29.980,29.980,29.980,2251,12154
1504273680,29.970,29.980,29.970,29.980,2251,12154
1504273740,30.000,30.010,29.970,30.010,2251,12154
1504273800,29.970,29.950,29.930,29.970,817,23411
1504273860,29.970,29.950,29.930,29.970,813,23411
1504273920,29.930,29.930,29.930,29.930,813,23411
1504273980,29.990,29.990,29.990,29.990,813,23411
1504274040,29.920,29.920,29.920,29.920,813,23411
1504274100,29.960,29.960,29.960,29.960,308,27480
1504274160,29.920,29.920,29.920,29.920,307,27480
1504274220,29.990,29.990,29.990,29.990,307,27480
1504274280,29.990,29.990,29.990,29.990,307,27480
1504274340,29.990,29.990,29.990,29.990,307,27480
1504274400,30.020,29.960,29.960,30.020,1464,29016
1504274460,30.020,29.960,29.960,30.020,1462,29016
1504274520,29.990,29.990,29.990,29.990,1462,29016
1504274580,29.950,29.950,29.950,29.950,1462,29016
1504274640,29.970,29.980,29.970,29.980,1462,29016
1504274700,29.950,29.980,29.950,29.980,1084,36328
1504274760,29.970,29.970,29.970,29.970,1083,36328
1504274820,29.980,29.980,29.980,29.980,1083,36328
1504274880,30.000,30.000,30.000,30.000,1083,36328
1504274940,30.030,30.000,30.000,30.030,1083,36328
1504275000,30.000,30.000,30.000,30.000,545,41744
1504275060,30.000,30.000,30.000,30.000,541,41744
1504275120,30.020,30.000,30.000,30.020,541,41744
1504275180,29.970,29.970,29.970,29.970,541,41744
1504275240,29.970,29.970,29.970,29.970,541,41744
1504275300,29.950,29.950,29.950,29.950,722,44453
1504275360,29.950,30.000,29.950,30.000,718,44453
1504275420,29.950,29.950,29.950,29.950,718,44453
1504275480,29.970,29.970,29.970,29.970,718,44453
1504275540,29.910,29.910,29.910,29.910,718,44453
1504275600,29.910,29.910,29.910,29.910,720,48047
1504275660,29.940,29.940,29.940,29.940,716,48047
1504275720,29.940,29.810,29.810,29.940,716,48047
1504275780,29.800,29.800,29.800,29.800,716,48047
1504275840,29.850,29.850,29.850,29.850,716,48047
1504275900,29.830,29.840,29.820,29.840,1623,51631
1504275960,29.840,29.890,29.840,29.890,1620,51631
1504276020,29.840,29.890,29.840,29.890,1620,51631
1504276080,29.910,29.910,29.910,29.910,1620,51631
1504276140,29.920,29.930,29.920,29.930,1620,51631
1504276200,29.920,29.920,29.920,29.920,2033,59734
1504276260,29.930,29.930,29.930,29.930,2033,59734
1504276320,29.950,29.950,29.950,29.950,2033,59734
1504276380,29.980,29.980,29.980,29.980,2033,59734
1504276440,29.930,29.900,29.900,29.930,2033,59734
1504276500,29.930,29.900,29.900,29.930,858,69899
1504276560,29.860,29.860,29.860,29.860,855,69899
1504276620,29.860,29.860,29.860,29.860,855,69899
1504276680,29.860,29.880,29.860,29.900,855,69899
1504276740,29.860,29.880,29.860,29.900,855,69899
1504276800,29.870,29.870,29.870,29.870,658,74177
1504276860,29.870,29.870,29.870,29.870,654,74177
1504276920,29.910,29.910,29.880,29.910,654,74177
1504276980,29.910,29.910,29.880,29.910,654,74177
1504277040,29.930,29.950,29.930,29.950,654,74177
1504277100,29.950,29.950,29.950,29.950,1196,77451
1504277160,29.950,29.930,29.930,29.950,1196,77451
1504277220,29.950,29.930,29.930,29.950,1196,77451
1504277280,29.940,29.910,29.910,29.940,1196,77451
1504277340,29.860,29.880,29.860,29.880,1196,77451
1504277400,29.870,29.890,29.850,29.890,5531,83431
1504277460,29.890,29.840,29.840,29.890,5531,83431
1504277520,29.850,29.870,29.850,29.870,5531,83431
1504277580,29.890,29.900,29.890,29.900,5531,83431
1504277640,29.920,29.950,29.920,29.950,5531,83431
1504277700,29.910,29.930,29.910,29.930,2390,111086
1504277760,29.880,29.910,29.880,29.910,2387,111086
1504277820,29.930,29.950,29.930,29.950,2387,111086
1504277880,29.950,29.950,29.950,29.950,2387,111086
1504277940,29.930,29.950,29.920,29.950,2387,111086
1504278000,29.930,29.930,29.930,29.930,812,123024
1504278060,29.910,29.900,29.900,29.910,810,123024
1504278120,29.930,29.940,29.930,29.940,810,123024
1504278180,29.930,29.940,29.930,29.940,810,123024
1504278240,29.940,29.940,29.940,29.940,810,123024
1504278300,29.920,29.880,29.880,29.920,1201,127076
1504278360,29.870,29.870,29.870,29.870,1200,127076
1504278420,29.870,29.870,29.870,29.870,1200,127076
1504278480,29.840,29.850,29.840,29.850,1200,127076
1504278540,29.860,29.850,29.850,29.860,1200,127076
1504278600,29.860,29.850,29.850,29.860,2994,133077
1504278660,29.900,29.950,29.900,29.950,2993,133077
1504278720,29.900,29.950,29.900,29.950,2993,133077
1504278780,29.950,29.950,29.950,29.960,2993,133077
1504278840,29.930,29.900,29.900,29.930,2993,133077
1504278900,29.930,29.930,29.930,29.930,925,148043
1504278960,29.930,29.930,29.930,29.930,924,148043
1504279020,29.890,29.910,29.890,29.910,924,148043
1504279080,29.890,29.910,29.890,29.910,924,148043
1504279140,29.900,29.890,29.890,29.900,924,148043
1504279200,29.900,29.900,29.900,29.900,784,152664
1504279260,29.900,29.900,29.900,29.900,782,152664
1504279320,29.890,29.920,29.890,29.920,782,152664
1504279380,29.910,29.860,29.860,29.910,782,152664
1504279440,29.910,29.860,29.860,29.910,782,152664
1504279500,29.890,29.890,29.890,29.890,280,156576
1504279560,29.890,29.890,29.890,29.890,280,156576
1504279620,29.890,29.890,29.890,29.890,280,156576
1504279680,29.890,29.890,29.890,29.890,280,156576
1504279740,29.910,29.910,29.910,29.910,280,156576
1504279800,29.910,29.910,29.910,29.910,851,157976
1504279860,29.920,29.890,29.890,29.920,849,157976
1504279920,29.900,29.900,29.900,29.900,849,157976
1504279980,29.900,29.900,29.900,29.900,849,157976
1504280040,29.910,29.910,29.910,29.910,849,157976
1504280100,29.910,29.910,29.910,29.910,280,162223
1504280160,29.910,29.910,29.910,29.910,277,162223
1504280220,29.930,29.920,29.920,29.930,277,162223
1504280280,29.950,29.950,29.950,29.950,277,162223
1504280340,29.950,29.950,29.950,29.950,277,162223
1504280400,29.950,29.940,29.940,29.950,976,163611
1504280460,29.950,29.940,29.940,29.950,975,163611
1504280520,29.950,29.930,29.930,29.950,975,163611
1504280580,29.930,29.930,29.930,29.930,975,163611
1504280640,29.930,29.930,29.930,29.930,975,163611
1504280700,29.930,29.930,29.930,29.930,1917,168487
1504280760,29.950,29.950,29.950,29.950,1916,168487
1504280820,29.950,29.940,29.930,29.960,1916,168487
1504280880,29.940,29.940,29.940,29.940,1916,168487
1504280940,29.950,29.920,29.920,29.950,1916,168487
1504281000,29.950,29.920,29.920,29.950,552,178068
1504281060,29.940,29.940,29.940,29.940,549,178068
1504281120,29.940,29.940,29.940,29.940,549,178068
1504281180,29.950,29.940,29.940,29.950,549,178068
1504281240,29.970,29.970,29.970,29.970,549,178068
1504281300,29.990,30.010,29.990,30.010,1415,180816
1504281360,30.040,30.040,30.040,30.040,1411,180816
1504281420,30.040,30.010,30.010,30.040,1411,180816
1504281480,30.040,30.010,30.010,30.040,1411,180816
1504281540,30.000,29.980,29.980,30.000,1411,180816
1504281600,29.990,29.990,29.990,29.990,1144,187875
1504281660,29.990,29.990,29.990,29.990,1144,187875
1504281720,29.950,29.940,29.940,29.950,1144,187875
1504281780,29.900,29.900,29.900,29.900,1144,187875
1504281840,29.900,29.880,29.880,29.900,1144,187875
1504281900,29.880,29.890,29.880,29.890,1290,193595
1504281960,29.880,29.870,29.870,29.880,1286,193595
1504282020,29.870,29.880,29.870,29.900,1286,193595
1504282080,29.900,29.900,29.900,29.900,1286,193595
1504282140,29.880,29.870,29.870,29.880,1286,193595
1504282200,29.880,29.870,29.870,29.880,593,200029
1504282260,29.900,29.890,29.890,29.900,593,200029
1504282320,29.930,29.930,29.930,29.930,593,200029
1504282380,29.920,29.940,29.920,29.950,593,200029
1504282440,29.970,29.970,29.970,29.970,593,200029
1504282500,29.970,29.970,29.970,29.970,402,202994
1504282560,29.970,29.970,29.970,29.970,402,202994
1504282620,29.990,29.990,29.990,29.990,402,202994
1504282680,29.990,29.990,29.990,29.990,402,202994
1504282740,29.990,29.980,29.980,30.000,402,202994
1504282800,29.990,30.000,29.990,30.000,750,205004
1504282860,30.000,30.000,30.000,30.000,747,205004
1504282920,30.000,30.000,30.000,30.000,747,205004
1504282980,30.000,30.000,30.000,30.000,747,205004
1504283040,30.000,30.000,30.000,30.000,747,205004
1504283100,30.000,30.000,30.000,30.000,1224,208742
1504283160,30.000,30.000,30.000,30.000,1223,208742
1504283220,30.000,30.000,30.000,30.010,1223,208742
1504283280,29.990,29.960,29.960,29.990,1223,208742
1504283340,29.960,29.940,29.940,29.960,1223,208742
1504283400,29.950,29.940,29.940,29.950,1103,214858
1504283460,29.930,29.930,29.930,29.930,1103,214858
1504283520,29.930,29.930,29.930,29.930,1103,214858
1504283580,29.950,29.940,29.940,29.950,1103,214858
1504283640,29.950,29.950,29.950,29.950,1103,214858
1504283700,29.950,29.950,29.950,29.950,410,220373
1504283760,29.960,29.960,29.960,29.960,406,220373
1504283820,29.980,29.980,29.980,29.980,406,220373
1504283880,29.990,29.990,29.990,29.990,406,220373
1504283940,29.980,29.980,29.980,29.980,406,220373
1504284000,30.000,29.990,29.990,30.000,456,222407
1504284060,30.000,29.990,29.990,30.000,455,222407
1504284120,30.000,29.990,29.990,30.000,455,222407
1504284180,30.000,29.990,29.990,30.000,455,222407
1504284240,30.000,29.990,29.990,30.000,455,222407
1504284300,30.000,29.990,29.990,30.000,3805,224683
1504284360,30.000,30.000,30.000,30.000,3804,224683
1504284420,29.990,29.990,29.990,29.990,3804,224683
1504284480,29.990,29.990,29.990,29.990,3804,224683
1504284540,29.980,29.980,29.980,29.980,3804,224683
1504284600,30.000,30.000,30.000,30.000,1078,243704
1504284660,30.010,30.020,30.010,30.020,1078,243704
1504284720,30.020,30.010,30.010,30.020,1078,243704
1504284780,30.010,30.010,30.010,30.010,1078,243704
1504284840,30.010,30.010,30.010,30.010,1078,243704
1504284900,30.000,30.000,30.000,30.000,425,249094
1504284960,30.000,30.000,30.000,30.000,424,249094
1504285020,30.000,30.000,30.000,30.000,424,249094
1504285080,30.000,30.000,30.000,30.000,424,249094
1504285140,29.990,29.990,29.990,29.990,424,249094
1504285200,29.980,29.980,29.980,29.980,10029,251215
1504285260,29.990,30.010,29.990,30.010,10026,251215
1504285320,30.000,30.000,30.000,30.000,10026,251215
1504285380,30.020,30.060,30.020,30.060,10026,251215
1504285440,30.090,30.090,30.090,30.090,10026,251215
1504285500,30.060,30.080,30.060,30.090,1069,301348
1504285560,30.090,30.070,30.070,30.090,1066,301348
1504285620,30.090,30.070,30.070,30.090,1066,301348
1504285680,30.090,30.080,30.080,30.090,1066,301348
1504285740,30.090,30.090,30.090,30.090,1066,301348
1504285800,30.110,30.200,30.110,30.200,2521,306681
1504285860,30.200,30.210,30.200,30.210,2518,306681
1504285920,30.230,30.230,30.230,30.240,2518,306681
1504285980,30.220,30.180,30.180,30.220,2518,306681
1504286040,30.190,30.180,30.180,30.200,2518,306681
1504286100,30.160,30.190,30.160,30.190,252,319274
1504286160,30.180,30.170,30.170,30.180,250,319274
1504286220,30.180,30.170,30.170,30.180,250,319274
1504286280,30.180,30.170,30.170,30.180,250,319274
1504286340,30.180,30.170,30.170,30.180,250,319274
1504286400,30.170,30.240,30.170,30.240,1773,320526
1504286460,30.220,30.200,30.200,30.220,1772,320526
1504286520,30.220,30.200,30.200,30.220,1772,320526
1504286580,30.220,30.200,30.200,30.220,1772,320526
1504286640,30.210,30.150,30.150,30.210,1772,320526
1504286700,30.170,30.170,30.170,30.170,329,329387
1504286760,30.170,30.170,30.170,30.170,327,329387
1504286820,30.170,30.170,30.170,30.170,327,329387
1504286880,30.190,30.170,30.170,30.190,327,329387
1504286940,30.170,30.170,30.170,30.170,327,329387
1504287000,30.190,30.190,30.190,30.190,315,331024
1504287060,30.190,30.190,30.190,30.190,315,331024
1504287120,30.190,30.190,30.190,30.190,315,331024
1504287180,30.190,30.190,30.190,30.190,315,331024
1504287240,30.170,30.160,30.160,30.170,315,331024
1504287300,30.160,30.160,30.160,30.160,2396,332599
1504287360,30.160,30.160,30.160,30.160,2392,332599
1504287420,30.160,30.150,30.150,30.160,2392,332599
1504287480,30.170,30.170,30.170,30.170,2392,332599
1504287540,30.180,30.190,30.180,30.190,2392,332599
1504287600,30.210,30.200,30.200,30.210,672,344563
1504287660,30.210,30.210,30.210,30.210,671,344563
1504287720,30.210,30.210,30.210,30.210,671,344563
1504287780,30.240,30.240,30.240,30.240,671,344563
1504287840,30.240,30.240,30.240,30.240,671,344563
1504287900,30.240,30.260,30.240,30.260,738,347919
1504287960,30.270,30.270,30.270,30.270,734,347919
1504288020,30.270,30.270,30.270,30.270,734,347919
1504288080,30.290,30.290,30.290,30.290,734,347919
1504288140,30.290,30.290,30.290,30.290,734,347919
1504288200,30.300,30.350,30.300,30.350,2419,351593
1504288260,30.380,30.370,30.370,30.380,2417,351593
1504288320,30.350,30.370,30.350,30.370,2417,351593
1504288380,30.380,30.400,30.380,30.400,2417,351593
1504288440,30.400,30.410,30.400,30.410,2417,351593
1504288500,30.400,30.400,30.400,30.400,2634,363680
1504288560,30.420,30.400,30.400,30.420,2633,363680
1504288620,30.400,30.400,30.400,30.400,2633,363680
1504288680,30.400,30.400,30.400,30.400,2633,363680
1504288740,30.400,30.400,30.390,30.400,2633,363680
1504288800,30.400,30.400,30.400,30.400,2468,376846
1504288860,30.400,30.400,30.400,30.400,2468,376846
1504288920,30.390,30.390,30.390,30.390,2468,376846
1504288980,30.390,30.390,30.390,30.390,2468,376846
1504289040,30.400,30.390,30.390,30.420,2468,376846
1504289100,30.400,30.400,30.400,30.400,1098,389186
1504289160,30.400,30.390,30.390,30.400,1096,389186
1504289220,30.370,30.340,30.340,30.370,1096,389186
1504289280,30.370,30.340,30.340,30.370,1096,389186
1504289340,30.330,30.290,30.290,30.340,1096,389186
1504289400,30.310,30.310,30.310,30.310,952,394668
1504289460,30.290,30.290,30.290,30.290,952,394668
1504289520,30.290,30.290,30.290,30.290,952,394668
1504289580,30.300,30.340,30.300,30.340,952,394668
1504289640,30.300,30.340,30.300,30.340,952,394668
1504289700,30.350,30.350,30.350,30.350,1644,399428
1504289760,30.300,30.280,30.280,30.300,1641,399428
1504289820,30.270,30.270,30.270,30.270,1641,399428
1504289880,30.260,30.260,30.260,30.280,1641,399428
1504289940,30.280,30.280,30.280,30.280,1641,399428
1504290000,30.290,30.310,30.290,30.310,1144,407636
1504290060,30.290,30.310,30.290,30.310,1142,407636
1504290120,30.330,30.340,30.330,30.340,1142,407636
1504290180,30.370,30.360,30.340,30.370,1142,407636
1504290240,30.370,30.360,30.340,30.370,1142,407636
1504290300,30.370,30.370,30.370,30.370,1389,413348
1504290360,30.370,30.370,30.370,30.370,1385,413348
1504290420,30.380,30.380,30.370,30.380,1385,413348
1504290480,30.380,30.370,30.370,30.380,1385,413348
1504290540,30.370,30.380,30.370,30.380,1385,413348
1504290600,30.380,30.380,30.370,30.380,2159,420277
1504290660,30.380,30.380,30.380,30.380,2155,420277
1504290720,30.370,30.360,30.350,30.370,2155,420277
1504290780,30.360,30.370,30.360,30.370,2155,420277
1504290840,30.370,30.370,30.370,30.370,2155,420277
1504290900,30.370,30.370,30.370,30.370,699,431056
1504290960,30.370,30.370,30.370,30.370,697,431056
1504291020,30.370,30.370,30.370,30.370,697,431056
1504291080,30.370,30.380,30.370,30.380,697,431056
1504291140,30.380,30.380,30.380,30.380,697,431056
1504291200,30.400,30.400,30.400,30.400,1160,434543
1504291260,30.370,30.340,30.340,30.370,1159,434543
1504291320,30.340,30.340,30.340,30.340,1159,434543
1504291380,30.340,30.340,30.340,30.340,1159,434543
1504291440,30.360,30.350,30.350,30.360,1159,434543
1504291500,30.360,30.350,30.350,30.360,512,440339
1504291560,30.360,30.360,30.360,30.360,508,440339
1504291620,30.370,30.340,30.340,30.370,508,440339
1504291680,30.370,30.340,30.340,30.370,508,440339
1504291740,30.350,30.350,30.350,30.350,508,440339
1504291800,30.350,30.350,30.350,30.350,1136,442883
1504291860,30.350,30.350,30.350,30.350,1134,442883
1504291920,30.350,30.340,30.340,30.350,1134,442883
1504291980,30.330,30.290,30.290,30.330,1134,442883
1504292040,30.280,30.280,30.280,30.280,1134,442883
1504292100,30.280,30.280,30.280,30.280,640,448555
1504292160,30.280,30.260,30.260,30.280,637,448555
1504292220,30.260,30.260,30.260,30.260,637,448555
1504292280,30.280,30.290,30.270,30.290,637,448555
1504292340,30.300,30.300,30.300,30.300,637,448555
1504292400,30.300,30.300,30.300,30.300,526,451743
1504292460,30.300,30.300,30.300,30.300,526,451743
1504292520,30.300,30.310,30.300,30.320,526,451743
1504292580,30.320,30.320,30.320,30.320,526,451743
1504292640,30.320,30.320,30.320,30.320,526,451743
1504292700,30.320,30.320,30.320,30.320,1664,454373
1504292760,30.320,30.320,30.320,30.320,1663,454373
1504292820,30.310,30.320,30.310,30.320,1663,454373
1504292880,30.310,30.300,30.300,30.320,1663,454373
1504292940,30.320,30.320,30.320,30.320,1663,454373
1504293000,30.320,30.320,30.320,30.320,1669,462689
1504293060,30.320,30.350,30.310,30.350,1668,462689
1504293120,30.340,30.350,30.340,30.350,1668,462689
1504293180,30.340,30.350,30.340,30.350,1668,462689
1504293240,30.340,30.350,30.340,30.350,1668,462689
1504293300,30.360,30.360,30.360,30.360,487,471030
1504293360,30.360,30.360,30.360,30.360,486,471030
1504293420,30.370,30.370,30.370,30.370,486,471030
1504293480,30.370,30.370,30.370,30.370,486,471030
1504293540,30.370,30.370,30.370,30.370,486,471030
1504293600,30.370,30.370,30.370,30.370,2371,473461
1504293660,30.390,30.410,30.390,30.410,2371,473461
1504293720,30.430,30.420,30.420,30.430,2371,473461
1504293780,30.430,30.420,30.420,30.430,2371,473461
1504293840,30.400,30.400,30.390,30.410,2371,473461
1504293900,30.390,30.400,30.390,30.400,638,485316
1504293960,30.400,30.400,30.400,30.410,634,485316
1504294020,30.400,30.400,30.400,30.410,634,485316
1504294080,30.410,30.410,30.410,30.410,634,485316
1504294140,30.410,30.410,30.400,30.410,634,485316
1504294200,30.400,30.380,30.380,30.400,1841,488490
1504294260,30.370,30.370,30.370,30.370,1838,488490
1504294320,30.370,30.370,30.370,30.370,1838,488490
1504294380,30.340,30.360,30.330,30.360,1838,488490
1504294440,30.350,30.350,30.350,30.350,1838,488490
1504294500,30.350,30.360,30.350,30.360,2224,497683
1504294560,30.350,30.350,30.350,30.350,2221,497683
1504294620,30.330,30.320,30.320,30.330,2221,497683
1504294680,30.340,30.350,30.340,30.350,2221,497683
1504294740,30.370,30.390,30.360,30.390,2221,497683
1504294800,30.370,30.390,30.360,30.390,1332,508791
1504294860,30.390,30.370,30.370,30.390,1329,508791
1504294920,30.380,30.380,30.380,30.390,1329,508791
1504294980,30.370,30.370,30.370,30.370,1329,508791
1504295040,30.390,30.370,30.370,30.390,1329,508791
1504295100,30.380,30.350,30.340,30.380,3781,515439
1504295160,30.350,30.360,30.350,30.360,3780,515439
1504295220,30.370,30.360,30.360,30.370,3780,515439
1504295280,30.360,30.360,30.350,30.360,3780,515439
1504295340,30.370,30.370,30.370,30.380,3780,515439
1504295400,30.380,30.360,30.360,30.380,1827,534340
1504295460,30.370,30.390,30.370,30.390,1827,534340
1504295520,30.360,30.360,30.350,30.360,1827,534340
1504295580,30.350,30.360,30.350,30.360,1827,534340
1504295640,30.350,30.350,30.350,30.350,1827,534340
1504295700,30.350,30.360,30.340,30.360,21037,543475
1504295760,30.350,30.380,30.350,30.380,21033,543475
1504295820,30.370,30.430,30.370,30.430,21033,543475
1504295880,30.430,30.430,30.410,30.430,21033,543475
1504295940,30.430,30.450,30.430,30.460,21033,543475
1504618200,30.330,30.330,30.330,30.330,747,0
1504618260,30.330,30.330,30.330,30.330,745,0
1504618320,30.330,30.330,30.330,30.330,745,0
1504618380,30.500,30.500,30.500,30.500,745,0
1504618440,30.540,30.550,30.540,30.550,745,0
1504618500,30.540,30.550,30.540,30.550,753,3727
1504618560,30.540,30.550,30.540,30.550,753,3727
1504618620,30.430,30.420,30.420,30.430,753,3727
1504618680,30.430,30.420,30.420,30.430,753,3727
1504618740,30.380,30.290,30.290,30.390,753,3727
1504618800,30.370,30.370,30.370,30.370,227,7492
1504618860,30.450,30.550,30.450,30.550,223,7492
1504618920,30.450,30.550,30.450,30.550,223,7492
1504618980,30.450,30.550,30.450,30.550,223,7492
1504619040,30.450,30.550,30.450,30.550,223,7492
1504619100,30.540,30.600,30.540,30.600,564,8611
1504619160,30.570,30.570,30.570,30.570,560,8611
1504619220,30.570,30.570,30.570,30.570,560,8611
1504619280,30.570,30.570,30.570,30.570,560,8611
1504619340,30.570,30.570,30.570,30.570,560,8611
1504619400,30.450,30.510,30.450,30.510,555,11415
1504619460,30.490,30.490,30.490,30.490,552,11415
1504619520,30.450,30.450,30.450,30.450,552,11415
1504619580,30.410,30.410,30.410,30.410,552,11415
1504619640,30.410,30.410,30.410,30.410,552,11415
1504619700,30.410,30.410,30.410,30.410,530,14178
1504619760,30.360,30.380,30.360,30.380,526,14178
1504619820,30.360,30.350,30.350,30.360,526,14178
1504619880,30.430,30.430,30.430,30.430,526,14178
1504619940,30.430,30.430,30.430,30.430,526,14178
1504620000,30.430,30.430,30.430,30.430,831,16812
1504620060,30.430,30.430,30.430,30.430,829,16812
1504620120,30.330,30.330,30.330,30.330,829,16812
1504620180,30.310,30.250,30.250,30.310,829,16812
1504620240,30.310,30.250,30.250,30.310,829,16812
1504620300,30.310,30.250,30.250,30.310,1809,20959
1504620360,30.180,30.050,30.050,30.180,1805,20959
1504620420,30.080,30.080,30.080,30.080,1805,20959
1504620480,30.060,30.060,30.060,30.060,1805,20959
1504620540,30.010,30.010,30.010,30.010,1805,20959
1504620600,30.050,30.050,30.050,30.050,710,29988
1504620660,29.970,30.020,29.970,30.020,706,29988
1504620720,29.980,29.930,29.920,29.980,706,29988
1504620780,29.960,29.950,29.950,29.960,706,29988
1504620840,29.960,29.950,29.950,29.960,706,29988
1504620900,29.950,29.980,29.930,29.980,1053,33522
1504620960,29.980,29.980,29.980,29.980,1049,33522
1504621020,29.970,29.990,29.970,29.990,1049,33522
1504621080,29.960,29.930,29.930,29.960,1049,33522
1504621140,29.960,29.930,29.930,29.960,1049,33522
1504621200,29.940,29.870,29.870,29.940,2103,38771
1504621260,29.830,29.740,29.740,29.830,2100,38771
1504621320,29.750,29.780,29.710,29.780,2100,38771
1504621380,29.790,29.740,29.740,29.790,2100,38771
1504621440,29.810,29.810,29.810,29.810,2100,38771
1504621500,29.840,29.780,29.780,29.850,451,49274
1504621560,29.860,29.790,29.790,29.860,448,49274
1504621620,29.860,29.790,29.790,29.860,448,49274
1504621680,29.860,29.790,29.790,29.860,448,49274
1504621740,29.790,29.790,29.790,29.790,448,49274
1504621800,29.790,29.720,29.720,29.790,627,51517
1504621860,29.790,29.720,29.720,29.790,624,51517
1504621920,29.790,29.720,29.720,29.790,624,51517
1504621980,29.790,29.720,29.720,29.790,624,51517
1504622040,29.790,29.720,29.720,29.790,624,51517
1504622100,29.670,29.680,29.640,29.690,954,54640
1504622160,29.710,29.710,29.710,29.710,950,54640
1504622220,29.670,29.630,29.630,29.670,950,54640
1504622280,29.640,29.600,29.600,29.640,950,54640
1504622340,29.610,29.590,29.590,29.610,950,54640
1504622400,29.610,29.590,29.590,29.610,620,59394
1504622460,29.600,29.600,29.600,29.600,620,59394
1504622520,29.590,29.660,29.590,29.660,620,59394
1504622580,29.670,29.660,29.660,29.710,620,59394
1504622640,29.700,29.700,29.700,29.700,620,59394
1504622700,29.700,29.700,29.700,29.700,582,62494
1504622760,29.620,29.620,29.620,29.620,578,62494
1504622820,29.640,29.620,29.620,29.640,578,62494
1504622880,29.630,29.630,29.630,29.630,578,62494
1504622940,29.680,29.690,29.660,29.690,578,62494
1504623000,29.680,29.690,29.660,29.690,320,65388
1504623060,29.680,29.690,29.660,29.690,318,65388
1504623120,29.660,29.700,29.650,29.700,318,65388
1504623180,29.660,29.600,29.600,29.660,318,65388
1504623240,29.610,29.610,29.610,29.610,318,65388
1504623300,29.610,29.610,29.610,29.610,874,66980
1504623360,29.640,29.670,29.610,29.670,871,66980
1504623420,29.660,29.660,29.660,29.660,871,66980
1504623480,29.670,29.690,29.670,29.690,871,66980
1504623540,29.660,29.660,29.660,29.660,871,66980
1504623600,29.660,29.660,29.660,29.660,233,71338
1504623660,29.710,29.720,29.710,29.720,229,71338
1504623720,29.710,29.720,29.710,29.720,229,71338
1504623780,29.740,29.740,29.740,29.740,229,71338
1504623840,29.740,29.740,29.740,29.740,229,71338
1504623900,29.760,29.790,29.760,29.790,816,72487
1504623960,29.820,29.760,29.760,29.820,816,72487
1504624020,29.750,29.730,29.710,29.750,816,72487
1504624080,29.700,29.690,29.690,29.720,816,72487
1504624140,29.700,29.690,29.690,29.720,816,72487
1504624200,29.710,29.690,29.690,29.710,1358,76567
1504624260,29.730,29.720,29.720,29.730,1354,76567
1504624320,29.720,29.700,29.700,29.730,1354,76567
1504624380,29.720,29.720,29.720,29.720,1354,76567
1504624440,29.700,29.700,29.700,29.700,1354,76567
1504624500,29.700,29.700,29.700,29.700,448,83341
1504624560,29.670,29.650,29.620,29.670,446,83341
1504624620,29.630,29.630,29.630,29.630,446,83341
1504624680,29.640,29.640,29.640,29.640,446,83341
1504624740,29.630,29.630,29.630,29.630,446,83341
1504624800,29.610,29.560,29.560,29.610,1437,85573
1504624860,29.530,29.530,29.530,29.530,1435,85573
1504624920,29.540,29.560,29.540,29.560,1435,85573
1504624980,29.570,29.560,29.560,29.600,1435,85573
1504625040,29.600,29.620,29.600,29.620,1435,85573
1504625100,29.640,29.640,29.640,29.640,1352,92750
1504625160,29.630,29.650,29.630,29.650,1349,92750
1504625220,29.630,29.650,29.630,29.650,1349,92750
1504625280,29.640,29.640,29.640,29.640,1349,92750
1504625340,29.660,29.630,29.610,29.660,1349,92750
1504625400,29.630,29.590,29.590,29.630,542,99498
1504625460,29.600,29.620,29.600,29.620,541,99498
1504625520,29.600,29.620,29.600,29.620,541,99498
1504625580,29.560,29.560,29.560,29.560,541,99498
1504625640,29.550,29.550,29.550,29.550,541,99498
1504625700,29.550,29.570,29.540,29.570,798,102204
1504625760,29.550,29.570,29.540,29.570,795,102204
1504625820,29.550,29.550,29.550,29.550,795,102204
1504625880,29.560,29.570,29.560,29.570,795,102204
1504625940,29.530,29.530,29.530,29.530,795,102204
1504626000,29.530,29.530,29.530,29.530,1394,106182
1504626060,29.530,29.570,29.530,29.590,1390,106182
1504626120,29.530,29.570,29.530,29.590,1390,106182
1504626180,29.560,29.620,29.560,29.620,1390,106182
1504626240,29.560,29.620,29.560,29.620,1390,106182
1504626300,29.560,29.620,29.560,29.620,170,113136
1504626360,29.560,29.620,29.560,29.620,170,113136
1504626420,29.610,29.570,29.570,29.610,170,113136
1504626480,29.610,29.570,29.570,29.610,170,113136
1504626540,29.610,29.610,29.610,29.610,170,113136
1504626600,29.610,29.610,29.610,29.610,643,113986
1504626660,29.580,29.570,29.570,29.580,642,113986
1504626720,29.570,29.600,29.570,29.600,642,113986
1504626780,29.620,29.620,29.620,29.620,642,113986
1504626840,29.620,29.620,29.620,29.620,642,113986
1504626900,29.620,29.620,29.620,29.620,648,117197
1504626960,29.580,29.630,29.580,29.630,647,117197
1504627020,29.640,29.650,29.640,29.670,647,117197
1504627080,29.640,29.620,29.620,29.640,647,117197
1504627140,29.640,29.620,29.620,29.640,647,117197
1504627200,29.630,29.630,29.630,29.630,464,120433
1504627260,29.630,29.630,29.630,29.630,463,120433
1504627320,29.600,29.590,29.590,29.600,463,120433
1504627380,29.620,29.590,29.590,29.620,463,120433
1504627440,29.620,29.590,29.590,29.620,463,120433
1504627500,29.600,29.610,29.570,29.610,2269,122749
1504627560,29.570,29.550,29.550,29.570,2268,122749
1504627620,29.570,29.550,29.550,29.570,2268,122749
1504627680,29.550,29.550,29.550,29.550,2268,122749
1504627740,29.540,29.420,29.420,29.540,2268,122749
1504627800,29.540,29.420,29.420,29.540,699,134090
1504627860,29.450,29.440,29.440,29.450,695,134090
1504627920,29.450,29.440,29.440,29.450,695,134090
1504627980,29.450,29.440,29.440,29.450,695,134090
1504628040,29.440,29.440,29.440,29.440,695,134090
1504628100,29.430,29.430,29.430,29.430,2077,137569
1504628160,29.450,29.460,29.450,29.460,2073,137569
1504628220,29.480,29.450,29.450,29.480,2073,137569
1504628280,29.450,29.450,29.450,29.450,2073,137569
1504628340,29.460,29.410,29.400,29.460,2073,137569
1504628400,29.450,29.430,29.400,29.450,3239,147938
1504628460,29.430,29.480,29.430,29.480,3236,147938
1504628520,29.430,29.480,29.430,29.480,3236,147938
1504628580,29.500,29.550,29.500,29.550,3236,147938
1504628640,29.560,29.530,29.530,29.560,3236,147938
1504628700,29.540,29.560,29.540,29.560,687,164121
1504628760,29.570,29.550,29.550,29.570,687,164121
1504628820,29.570,29.550,29.550,29.570,687,164121
1504628880,29.570,29.550,29.550,29.570,687,164121
1504628940,29.540,29.530,29.530,29.540,687,164121
1504629000,29.560,29.570,29.550,29.570,3494,167556
1504629060,29.550,29.540,29.540,29.570,3490,167556
1504629120,29.560,29.570,29.560,29.570,3490,167556
1504629180,29.550,29.560,29.540,29.570,3490,167556
1504629240,29.550,29.560,29.540,29.570,3490,167556
1504629300,29.580,29.580,29.580,29.580,696,185010
1504629360,29.580,29.580,29.580,29.580,695,185010
1504629420,29.580,29.580,29.580,29.580,695,185010
1504629480,29.620,29.690,29.620,29.690,695,185010
1504629540,29.700,29.700,29.700,29.700,695,185010
1504629600,29.620,29.630,29.620,29.630,861,188486
1504629660,29.630,29.630,29.630,29.630,861,188486
1504629720,29.630,29.630,29.630,29.630,861,188486
1504629780,29.620,29.600,29.600,29.620,861,188486
1504629840,29.600,29.590,29.560,29.600,861,188486
1504629900,29.610,29.610,29.610,29.610,509,192791
1504629960,29.620,29.620,29.620,29.620,508,192791
1504630020,29.620,29.620,29.620,29.620,508,192791
1504630080,29.620,29.620,29.620,29.620,508,192791
1504630140,29.590,29.600,29.590,29.600,508,192791
1504630200,29.620,29.670,29.620,29.670,806,195332
1504630260,29.620,29.670,29.620,29.670,805,195332
1504630320,29.620,29.670,29.620,29.670,805,195332
1504630380,29.680,29.630,29.630,29.680,805,195332
1504630440,29.650,29.650,29.650,29.650,805,195332
1504630500,29.650,29.650,29.650,29.650,387,199358
1504630560,29.630,29.630,29.630,29.630,385,199358
1504630620,29.620,29.600,29.600,29.620,385,199358
1504630680,29.600,29.600,29.600,29.600,385,199358
1504630740,29.600,29.590,29.590,29.600,385,199358
1504630800,29.590,29.570,29.570,29.590,1803,201285
1504630860,29.570,29.600,29.560,29.600,1799,201285
1504630920,29.600,29.580,29.580,29.600,1799,201285
1504630980,29.630,29.630,29.630,29.630,1799,201285
1504631040,29.630,29.640,29.630,29.640,1799,201285
1504631100,29.630,29.640,29.630,29.640,467,210284
1504631160,29.630,29.640,29.630,29.640,465,210284
1504631220,29.650,29.650,29.650,29.650,465,210284
1504631280,29.660,29.610,29.610,29.660,465,210284
1504631340,29.610,29.610,29.610,29.610,465,210284
1504631400,29.590,29.590,29.590,29.590,1156,212611
1504631460,29.610,29.600,29.600,29.630,1155,212611
1504631520,29.610,29.600,29.600,29.630,1155,212611
1504631580,29.630,29.610,29.610,29.630,1155,212611
1504631640,29.630,29.610,29.610,29.630,1155,212611
1504631700,29.610,29.610,29.610,29.610,840,218387
1504631760,29.630,29.630,29.630,29.630,839,218387
1504631820,29.680,29.680,29.680,29.680,839,218387
1504631880,29.680,29.680,29.680,29.680,839,218387
1504631940,29.700,29.700,29.700,29.700,839,218387
1504632000,29.700,29.740,29.700,29.740,775,222583
1504632060,29.730,29.730,29.730,29.730,774,222583
1504632120,29.730,29.760,29.730,29.760,774,222583
1504632180,29.770,29.770,29.770,29.770,774,222583
1504632240,29.780,29.780,29.780,29.780,774,222583
1504632300,29.770,29.780,29.770,29.800,1725,226454
1504632360,29.790,29.790,29.790,29.790,1724,226454
1504632420,29.790,29.760,29.760,29.790,1724,226454
1504632480,29.790,29.760,29.760,29.790,1724,226454
1504632540,29.740,29.740,29.740,29.740,1724,226454
1504632600,29.740,29.740,29.740,29.740,1109,235075
1504632660,29.760,29.800,29.760,29.800,1108,235075
1504632720,29.760,29.710,29.700,29.760,1108,235075
1504632780,29.710,29.710,29.710,29.710,1108,235075
1504632840,29.750,29.750,29.750,29.750,1108,235075
1504632900,29.770,29.770,29.730,29.770,439,240616
1504632960,29.770,29.770,29.730,29.770,438,240616
1504633020,29.760,29.760,29.760,29.760,438,240616
1504633080,29.770,29.760,29.760,29.770,438,240616
1504633140,29.770,29.760,29.760,29.770,438,240616
1504633200,29.790,29.830,29.790,29.830,992,242807
1504633260,29.790,29.830,29.790,29.830,991,242807
1504633320,29.790,29.830,29.790,29.830,991,242807
1504633380,29.800,29.790,29.790,29.800,991,242807
1504633440,29.760,29.810,29.760,29.810,991,242807
1504633500,29.760,29.810,29.760,29.810,650,247763
1504633560,29.760,29.810,29.760,29.810,649,247763
1504633620,29.770,29.770,29.770,29.770,649,247763
1504633680,29.750,29.760,29.740,29.760,649,247763
1504633740,29.770,29.770,29.770,29.770,649,247763
1504633800,29.770,29.800,29.770,29.800,899,251009
1504633860,29.770,29.800,29.770,29.800,899,251009
1504633920,29.800,29.840,29.800,29.840,899,251009
1504633980,29.800,29.840,29.800,29.840,899,251009
1504634040,29.820,29.820,29.810,29.820,899,251009
1504634100,29.840,29.840,29.840,29.840,2409,255504
1504634160,29.860,29.870,29.860,29.870,2408,255504
1504634220,29.850,29.860,29.850,29.860,2408,255504
1504634280,29.880,29.880,29.880,29.880,2408,255504
1504634340,29.860,29.880,29.860,29.880,2408,255504
1504634400,29.860,29.860,29.860,29.860,655,267545
1504634460,29.880,29.890,29.880,29.890,655,267545
1504634520,29.900,29.900,29.900,29.900,655,267545
1504634580,29.910,29.930,29.910,29.930,655,267545
1504634640,29.910,29.930,29.910,29.930,655,267545
1504634700,29.930,29.950,29.930,29.950,1032,270820
1504634760,29.930,29.950,29.930,29.950,1028,270820
1504634820,29.920,29.860,29.860,29.920,1028,270820
1504634880,29.880,29.840,29.840,29.880,1028,270820
1504634940,29.860,29.860,29.860,29.860,1028,270820
1504635000,29.860,29.860,29.860,29.860,957,275964
1504635060,29.840,29.810,29.810,29.840,953,275964
1504635120,29.840,29.810,29.810,29.840,953,275964
1504635180,29.810,29.820,29.810,29.820,953,275964
1504635240,29.820,29.810,29.810,29.820,953,275964
1504635300,29.800,29.800,29.800,29.810,651,280733
1504635360,29.800,29.800,29.800,29.800,651,280733
1504635420,29.810,29.810,29.810,29.810,651,280733
1504635480,29.800,29.810,29.800,29.810,651,280733
1504635540,29.800,29.820,29.800,29.820,651,280733
1504635600,29.840,29.870,29.840,29.870,774,283988
1504635660,29.840,29.870,29.840,29.870,772,283988
1504635720,29.870,29.870,29.860,29.880,772,283988
1504635780,29.870,29.870,29.860,29.880,772,283988
1504635840,29.880,29.860,29.850,29.890,772,283988
1504635900,29.860,29.880,29.860,29.880,2439,287850
1504635960,29.890,29.880,29.880,29.900,2439,287850
1504636020,29.860,29.860,29.860,29.880,2439,287850
1504636080,29.860,29.870,29.860,29.870,2439,287850
1504636140,29.860,29.860,29.850,29.880,2439,287850
1504636200,29.860,29.850,29.850,29.860,509,300045
1504636260,29.840,29.840,29.840,29.840,507,300045
1504636320,29.840,29.840,29.840,29.840,507,300045
1504636380,29.830,29.840,29.830,29.840,507,300045
1504636440,29.850,29.850,29.850,29.850,507,300045
1504636500,29.820,29.860,29.820,29.860,1716,302582
1504636560,29.870,29.840,29.840,29.870,1712,302582
1504636620,29.810,29.830,29.810,29.830,1712,302582
1504636680,29.800,29.770,29.770,29.800,1712,302582
1504636740,29.750,29.780,29.750,29.780,1712,302582
1504636800,29.780,29.790,29.750,29.790,2170,311146
1504636860,29.750,29.770,29.750,29.770,2170,311146
1504636920,29.740,29.680,29.680,29.740,2170,311146
1504636980,29.730,29.730,29.730,29.730,2170,311146
1504637040,29.730,29.680,29.680,29.730,2170,311146
1504637100,29.660,29.640,29.640,29.660,1760,321996
1504637160,29.660,29.600,29.600,29.660,1760,321996
1504637220,29.680,29.660,29.660,29.680,1760,321996
1504637280,29.670,29.620,29.620,29.670,1760,321996
1504637340,29.600,29.620,29.600,29.650,1760,321996
1504637400,29.600,29.630,29.600,29.630,7551,330796
1504637460,29.600,29.630,29.600,29.630,7547,330796
1504637520,29.600,29.560,29.560,29.620,7547,330796
1504637580,29.590,29.600,29.590,29.600,7547,330796
1504637640,29.590,29.590,29.560,29.600,7547,330796
1504637700,29.590,29.580,29.570,29.590,2131,368535
1504637760,29.590,29.580,29.580,29.600,2127,368535
1504637820,29.560,29.570,29.560,29.570,2127,368535
1504637880,29.570,29.580,29.550,29.580,2127,368535
1504637940,29.560,29.560,29.560,29.570,2127,368535
1504638000,29.590,29.600,29.590,29.600,2343,379174
1504638060,29.620,29.620,29.620,29.630,2340,379174
1504638120,29.600,29.610,29.600,29.610,2340,379174
1504638180,29.600,29.590,29.590,29.620,2340,379174
1504638240,29.620,29.610,29.600,29.620,2340,379174
1504638300,29.600,29.600,29.600,29.600,4501,390877
1504638360,29.600,29.580,29.580,29.610,4499,390877
1504638420,29.570,29.600,29.550,29.600,4499,390877
1504638480,29.620,29.650,29.620,29.650,4499,390877
1504638540,29.660,29.700,29.660,29.700,4499,390877
1504638600,29.680,29.710,29.680,29.710,1704,413374
1504638660,29.710,29.710,29.710,29.710,1700,413374
1504638720,29.700,29.690,29.690,29.700,1700,413374
1504638780,29.690,29.720,29.690,29.720,1700,413374
1504638840,29.730,29.750,29.730,29.750,1700,413374
1504638900,29.770,29.780,29.760,29.780,1628,421878
1504638960,29.790,29.790,29.790,29.800,1624,421878
1504639020,29.790,29.790,29.790,29.790,1624,421878
1504639080,29.790,29.790,29.790,29.790,1624,421878
1504639140,29.790,29.800,29.790,29.800,1624,421878
1504639200,29.790,29.760,29.760,29.790,2760,430002
1504639260,29.730,29.740,29.730,29.740,2760,430002
1504639320,29.750,29.750,29.750,29.750,2760,430002
1504639380,29.730,29.720,29.690,29.730,2760,430002
1504639440,29.700,29.710,29.690,29.730,2760,430002
1504639500,29.710,29.730,29.710,29.730,1542,443802
1504639560,29.740,29.740,29.740,29.740,1540,443802
1504639620,29.740,29.760,29.740,29.760,1540,443802
1504639680,29.760,29.770,29.760,29.770,1540,443802
1504639740,29.800,29.800,29.800,29.800,1540,443802
1504639800,29.800,29.810,29.800,29.820,2623,451504
1504639860,29.800,29.810,29.800,29.810,2621,451504
1504639920,29.790,29.750,29.750,29.790,2621,451504
1504639980,29.770,29.770,29.770,29.770,2621,451504
1504640040,29.770,29.780,29.770,29.780,2621,451504
1504640100,29.790,29.780,29.780,29.790,2793,464611
1504640160,29.770,29.750,29.750,29.770,2792,464611
1504640220,29.730,29.760,29.730,29.760,2792,464611
1504640280,29.770,29.740,29.740,29.770,2792,464611
1504640340,29.740,29.730,29.730,29.740,2792,464611
1504640400,29.730,29.730,29.730,29.740,3675,478572
1504640460,29.730,29.690,29.690,29.730,3675,478572
1504640520,29.680,29.700,29.680,29.700,3675,478572
1504640580,29.700,29.680,29.680,29.700,3675,478572
1504640640,29.690,29.720,29.690,29.730,3675,478572
1504640700,29.710,29.710,29.710,29.710,3215,496947
1504640760,29.730,29.730,29.720,29.730,3211,496947
1504640820,29.730,29.730,29.720,29.730,3211,496947
1504640880,29.730,29.710,29.710,29.730,3211,496947
1504640940,29.710,29.730,29.710,29.730,3211,496947
1504641000,29.730,29.710,29.710,29.730,4489,513006
1504641060,29.710,29.700,29.700,29.720,4489,513006
1504641120,29.700,29.690,29.680,29.700,4489,513006
1504641180,29.690,29.700,29.690,29.700,4489,513006
1504641240,29.700,29.730,29.700,29.730,4489,513006
1504641300,29.730,29.730,29.710,29.730,74056,535451
1504641360,29.730,29.790,29.730,29.790,74052,535451
1504641420,29.790,29.840,29.770,29.840,74052,535451
1504641480,29.830,29.860,29.830,29.860,74052,535451
1504641540,29.860,29.850,29.850,29.860,74052,535451
1504704600,29.950,29.930,29.930,29.950,612,0
1504704660,29.950,29.930,29.930,29.950,611,0
1504704720,29.950,29.930,29.930,29.950,611,0
1504704780,29.870,29.880,29.860,29.880,611,0
1504704840,29.870,29.880,29.860,29.880,611,0
1504704900,29.910,29.910,29.910,29.910,738,3056
1504704960,29.970,29.960,29.930,29.970,735,3056
1504705020,29.970,29.960,29.930,29.970,735,3056
1504705080,29.970,29.960,29.930,29.970,735,3056
1504705140,29.970,29.960,29.930,29.970,735,3056
1504705200,29.920,29.900,29.900,29.920,600,6734
1504705260,29.810,29.810,29.810,29.810,599,6734
1504705320,29.850,29.850,29.850,29.850,599,6734
1504705380,29.870,29.870,29.870,29.870,599,6734
1504705440,29.870,29.870,29.870,29.870,599,6734
1504705500,29.890,29.870,29.870,29.890,122,9730
1504705560,29.840,29.840,29.840,29.840,120,9730
1504705620,29.840,29.840,29.840,29.840,120,9730
1504705680,29.840,29.840,29.840,29.840,120,9730
1504705740,29.840,29.840,29.840,29.840,120,9730
1504705800,29.840,29.840,29.840,29.840,273,10332
1504705860,29.810,29.840,29.810,29.840,271,10332
1504705920,29.870,29.870,29.870,29.870,271,10332
1504705980,29.880,29.880,29.880,29.880,271,10332
1504706040,29.800,29.800,29.800,29.800,271,10332
1504706100,29.840,29.840,29.840,29.840,253,11689
1504706160,29.840,29.840,29.840,29.840,250,11689
1504706220,29.840,29.840,29.840,29.840,250,11689
1504706280,29.820,29.820,29.820,29.820,250,11689
1504706340,29.910,29.870,29.870,29.910,250,11689
1504706400,29.830,29.830,29.830,29.830,426,12942
1504706460,29.830,29.830,29.830,29.830,426,12942
1504706520,29.830,29.830,29.830,29.830,426,12942
1504706580,29.850,29.890,29.850,29.890,426,12942
1504706640,29.830,29.850,29.830,29.850,426,12942
1504706700,29.830,29.850,29.830,29.850,688,15072
1504706760,29.880,29.910,29.860,29.910,684,15072
1504706820,29.880,29.880,29.840,29.900,684,15072
1504706880,29.880,29.880,29.840,29.900,684,15072
1504706940,29.820,29.820,29.820,29.820,684,15072
1504707000,29.800,29.800,29.800,29.800,220,18496
1504707060,29.800,29.800,29.800,29.800,220,18496
1504707120,29.840,29.850,29.840,29.850,220,18496
1504707180,29.840,29.850,29.840,29.850,220,18496
1504707240,29.840,29.860,29.840,29.860,220,18496
1504707300,29.830,29.820,29.820,29.830,322,19596
1504707360,29.790,29.790,29.790,29.790,322,19596
1504707420,29.770,29.770,29.770,29.770,322,19596
1504707480,29.770,29.770,29.770,29.770,322,19596
1504707540,29.770,29.770,29.770,29.770,322,19596
1504707600,29.690,29.690,29.690,29.690,1044,21206
1504707660,29.730,29.780,29.730,29.780,1043,21206
1504707720,29.730,29.780,29.730,29.780,1043,21206
1504707780,29.770,29.770,29.770,29.770,1043,21206
1504707840,29.780,29.780,29.780,29.780,1043,21206
1504707900,29.720,29.720,29.720,29.720,539,26422
1504707960,29.760,29.720,29.720,29.760,537,26422
1504708020,29.750,29.770,29.750,29.770,537,26422
1504708080,29.760,29.760,29.760,29.760,537,26422
1504708140,29.800,29.800,29.800,29.800,537,26422
1504708200,29.800,29.800,29.800,29.800,202,29109
1504708260,29.800,29.800,29.800,29.800,202,29109
1504708320,29.760,29.760,29.760,29.760,202,29109
1504708380,29.760,29.760,29.760,29.760,202,29109
1504708440,29.740,29.740,29.740,29.740,202,29109
1504708500,29.680,29.680,29.680,29.680,334,30119
1504708560,29.680,29.680,29.680,29.680,332,30119
1504708620,29.680,29.680,29.680,29.680,332,30119
1504708680,29.680,29.680,29.680,29.680,332,30119
1504708740,29.680,29.680,29.680,29.680,332,30119
1504708800,29.660,29.660,29.660,29.660,364,31781
1504708860,29.670,29.670,29.670,29.670,363,31781
1504708920,29.670,29.670,29.670,29.670,363,31781
1504708980,29.670,29.670,29.670,29.670,363,31781
1504709040,29.640,29.650,29.640,29.650,363,31781
1504709100,29.620,29.620,29.620,29.620,268,33597
1504709160,29.570,29.570,29.570,29.570,268,33597
1504709220,29.570,29.570,29.570,29.570,268,33597
1504709280,29.570,29.570,29.570,29.570,268,33597
1504709340,29.580,29.540,29.540,29.580,268,33597
1504709400,29.550,29.550,29.550,29.550,1027,34937
1504709460,29.550,29.550,29.550,29.550,1023,34937
1504709520,29.540,29.520,29.520,29.550,1023,34937
1504709580,29.540,29.520,29.520,29.550,1023,34937
1504709640,29.540,29.520,29.520,29.550,1023,34937
1504709700,29.490,29.490,29.490,29.510,717,40056
1504709760,29.490,29.490,29.490,29.510,717,40056
1504709820,29.530,29.520,29.520,29.550,717,40056
1504709880,29.540,29.540,29.540,29.540,717,40056
1504709940,29.520,29.520,29.520,29.520,717,40056
1504710000,29.520,29.520,29.520,29.520,708,43641
1504710060,29.520,29.520,29.520,29.520,707,43641
1504710120,29.520,29.520,29.520,29.520,707,43641
1504710180,29.560,29.530,29.530,29.560,707,43641
1504710240,29.540,29.510,29.510,29.550,707,43641
1504710300,29.540,29.510,29.510,29.550,403,47177
1504710360,29.510,29.530,29.500,29.530,402,47177
1504710420,29.510,29.530,29.500,29.530,402,47177
1504710480,29.520,29.520,29.520,29.520,402,47177
1504710540,29.490,29.520,29.490,29.520,402,47177
1504710600,29.530,29.540,29.530,29.540,373,49188
1504710660,29.530,29.540,29.530,29.540,373,49188
1504710720,29.560,29.500,29.500,29.560,373,49188
1504710780,29.560,29.500,29.500,29.560,373,49188
1504710840,29.500,29.500,29.500,29.500,373,49188
1504710900,29.500,29.500,29.500,29.500,247,51053
1504710960,29.500,29.500,29.500,29.500,244,51053
1504711020,29.510,29.510,29.510,29.510,244,51053
1504711080,29.510,29.510,29.510,29.510,244,51053
1504711140,29.510,29.510,29.510,29.510,244,51053
1504711200,29.510,29.490,29.490,29.520,461,52276
1504711260,29.530,29.500,29.480,29.540,461,52276
1504711320,29.480,29.480,29.480,29.480,461,52276
1504711380,29.480,29.480,29.480,29.480,461,52276
1504711440,29.480,29.480,29.480,29.480,461,52276
1504711500,29.530,29.550,29.530,29.550,522,54581
1504711560,29.530,29.550,29.530,29.550,522,54581
1504711620,29.530,29.550,29.530,29.550,522,54581
1504711680,29.570,29.570,29.570,29.570,522,54581
1504711740,29.540,29.560,29.540,29.570,522,54581
1504711800,29.540,29.560,29.540,29.570,844,57191
1504711860,29.540,29.550,29.540,29.550,840,57191
1504711920,29.560,29.570,29.550,29.570,840,57191
1504711980,29.560,29.570,29.550,29.570,840,57191
1504712040,29.560,29.570,29.550,29.570,840,57191
1504712100,29.550,29.550,29.550,29.560,1073,61395
1504712160,29.570,29.550,29.550,29.570,1070,61395
1504712220,29.550,29.550,29.520,29.550,1070,61395
1504712280,29.560,29.550,29.550,29.560,1070,61395
1504712340,29.520,29.520,29.520,29.520,1070,61395
1504712400,29.540,29.540,29.540,29.540,4611,66748
1504712460,29.560,29.560,29.560,29.560,4609,66748
1504712520,29.540,29.540,29.540,29.540,4609,66748
1504712580,29.530,29.390,29.390,29.530,4609,66748
1504712640,29.430,29.430,29.430,29.430,4609,66748
1504712700,29.410,29.400,29.400,29.420,909,89795
1504712760,29.350,29.350,29.350,29.350,905,89795
1504712820,29.350,29.350,29.350,29.350,905,89795
1504712880,29.340,29.370,29.340,29.370,905,89795
1504712940,29.370,29.380,29.370,29.380,905,89795
1504713000,29.400,29.400,29.400,29.400,279,94324
1504713060,29.380,29.400,29.380,29.400,279,94324
1504713120,29.360,29.360,29.360,29.360,279,94324
1504713180,29.360,29.360,29.360,29.360,279,94324
1504713240,29.370,29.370,29.370,29.370,279,94324
1504713300,29.350,29.390,29.350,29.390,1442,95719
1504713360,29.420,29.460,29.420,29.460,1441,95719
1504713420,29.500,29.510,29.500,29.510,1441,95719
1504713480,29.550,29.530,29.530,29.550,1441,95719
1504713540,29.540,29.550,29.540,29.560,1441,95719
1504713600,29.550,29.550,29.550,29.550,1051,102925
1504713660,29.590,29.550,29.550,29.590,1049,102925
1504713720,29.550,29.550,29.550,29.550,1049,102925
1504713780,29.550,29.550,29.550,29.550,1049,102925
1504713840,29.550,29.500,29.500,29.550,1049,102925
1504713900,29.470,29.470,29.470,29.470,359,108172
1504713960,29.460,29.460,29.460,29.460,358,108172
1504714020,29.460,29.460,29.460,29.460,358,108172
1504714080,29.440,29.440,29.440,29.440,358,108172
1504714140,29.430,29.430,29.430,29.430,358,108172
1504714200,29.440,29.450,29.440,29.450,602,109963
1504714260,29.440,29.450,29.440,29.450,602,109963
1504714320,29.490,29.490,29.490,29.490,602,109963
1504714380,29.500,29.500,29.490,29.500,602,109963
1504714440,29.500,29.530,29.500,29.530,602,109963
1504714500,29.550,29.550,29.550,29.550,1149,112973
1504714560,29.520,29.490,29.490,29.520,1149,112973
1504714620,29.490,29.490,29.490,29.490,1149,112973
1504714680,29.510,29.510,29.510,29.510,1149,112973
1504714740,29.550,29.550,29.550,29.550,1149,112973
1504714800,29.550,29.550,29.550,29.550,806,118718
1504714860,29.550,29.550,29.550,29.550,802,118718
1504714920,29.550,29.550,29.550,29.550,802,118718
1504714980,29.550,29.530,29.530,29.550,802,118718
1504715040,29.560,29.560,29.560,29.560,802,118718
1504715100,29.560,29.560,29.560,29.560,100,122732
1504715160,29.560,29.560,29.560,29.560,100,122732
1504715220,29.540,29.540,29.540,29.540,100,122732
1504715280,29.540,29.540,29.540,29.540,100,122732
1504715340,29.540,29.540,29.540,29.540,100,122732
1504715400,29.510,29.510,29.510,29.510,651,123232
1504715460,29.510,29.510,29.510,29.510,649,123232
1504715520,29.510,29.510,29.510,29.510,649,123232
1504715580,29.530,29.550,29.530,29.550,649,123232
1504715640,29.560,29.550,29.550,29.560,649,123232
1504715700,29.530,29.530,29.530,29.530,406,126479
1504715760,29.530,29.530,29.530,29.530,403,126479
1504715820,29.530,29.530,29.530,29.530,403,126479
1504715880,29.530,29.530,29.530,29.530,403,126479
1504715940,29.540,29.540,29.540,29.540,403,126479
1504716000,29.540,29.540,29.540,29.540,294,128497
1504716060,29.550,29.550,29.550,29.550,293,128497
1504716120,29.530,29.530,29.530,29.530,293,128497
1504716180,29.540,29.550,29.540,29.550,293,128497
1504716240,29.550,29.550,29.550,29.550,293,128497
1504716300,29.510,29.530,29.510,29.530,304,129963
1504716360,29.550,29.550,29.520,29.550,304,129963
1504716420,29.540,29.540,29.540,29.540,304,129963
1504716480,29.540,29.540,29.540,29.540,304,129963
1504716540,29.550,29.550,29.550,29.550,304,129963
1504716600,29.550,29.550,29.550,29.550,673,131483
1504716660,29.550,29.550,29.550,29.550,672,131483
1504716720,29.540,29.550,29.540,29.550,672,131483
1504716780,29.550,29.540,29.520,29.550,672,131483
1504716840,29.550,29.540,29.520,29.550,672,131483
1504716900,29.550,29.550,29.540,29.550,575,134844
1504716960,29.550,29.550,29.540,29.550,571,134844
1504717020,29.540,29.540,29.540,29.540,571,134844
1504717080,29.550,29.550,29.550,29.550,571,134844
1504717140,29.550,29.550,29.550,29.550,571,134844
1504717200,29.550,29.550,29.550,29.550,1456,137703
1504717260,29.550,29.550,29.550,29.550,1454,137703
1504717320,29.530,29.530,29.530,29.530,1454,137703
1504717380,29.540,29.550,29.540,29.550,1454,137703
1504717440,29.540,29.540,29.540,29.540,1454,137703
1504717500,29.540,29.540,29.540,29.540,2714,144975
1504717560,29.550,29.550,29.550,29.550,2710,144975
1504717620,29.540,29.510,29.510,29.540,2710,144975
1504717680,29.540,29.510,29.510,29.540,2710,144975
1504717740,29.550,29.550,29.550,29.560,2710,144975
1504717800,29.550,29.550,29.550,29.550,491,158529
1504717860,29.570,29.550,29.550,29.570,490,158529
1504717920,29.550,29.550,29.550,29.550,490,158529
1504717980,29.550,29.540,29.540,29.550,490,158529
1504718040,29.550,29.540,29.540,29.550,490,158529
1504718100,29.550,29.540,29.540,29.550,817,160980
1504718160,29.550,29.540,29.540,29.550,815,160980
1504718220,29.520,29.520,29.520,29.520,815,160980
1504718280,29.540,29.540,29.540,29.540,815,160980
1504718340,29.560,29.550,29.550,29.560,815,160980
1504718400,29.550,29.550,29.550,29.550,623,165057
1504718460,29.550,29.550,29.550,29.550,620,165057
1504718520,29.550,29.550,29.550,29.550,620,165057
1504718580,29.550,29.550,29.550,29.550,620,165057
1504718640,29.550,29.550,29.550,29.550,620,165057
1504718700,29.540,29.540,29.540,29.540,683,168160
1504718760,29.550,29.550,29.550,29.550,681,168160
1504718820,29.560,29.550,29.550,29.560,681,168160
1504718880,29.540,29.530,29.530,29.540,681,168160
1504718940,29.540,29.530,29.530,29.540,681,168160
1504719000,29.530,29.530,29.530,29.530,2871,171567
1504719060,29.530,29.530,29.530,29.530,2871,171567
1504719120,29.530,29.530,29.530,29.530,2871,171567
1504719180,29.540,29.550,29.540,29.560,2871,171567
1504719240,29.550,29.550,29.530,29.550,2871,171567
1504719300,29.560,29.550,29.550,29.560,1001,185922
1504719360,29.550,29.550,29.550,29.560,998,185922
1504719420,29.550,29.550,29.550,29.550,998,185922
1504719480,29.550,29.550,29.550,29.550,998,185922
1504719540,29.550,29.550,29.550,29.550,998,185922
1504719600,29.540,29.540,29.540,29.540,374,190915
1504719660,29.540,29.540,29.540,29.540,373,190915
1504719720,29.540,29.540,29.540,29.540,373,190915
1504719780,29.540,29.540,29.540,29.540,373,190915
1504719840,29.540,29.540,29.540,29.540,373,190915
1504719900,29.550,29.550,29.550,29.560,1115,192781
1504719960,29.550,29.550,29.550,29.560,1114,192781
1504720020,29.550,29.550,29.550,29.560,1114,192781
1504720080,29.550,29.540,29.540,29.550,1114,192781
1504720140,29.550,29.550,29.550,29.550,1114,192781
1504720200,29.550,29.540,29.540,29.550,542,198352
1504720260,29.550,29.550,29.550,29.550,539,198352
1504720320,29.550,29.550,29.550,29.550,539,198352
1504720380,29.530,29.530,29.530,29.530,539,198352
1504720440,29.510,29.510,29.510,29.510,539,198352
1504720500,29.510,29.510,29.510,29.510,404,201050
1504720560,29.550,29.550,29.550,29.550,402,201050
1504720620,29.550,29.540,29.540,29.550,402,201050
1504720680,29.550,29.540,29.540,29.550,402,201050
1504720740,29.540,29.540,29.540,29.540,402,201050
1504720800,29.540,29.550,29.540,29.550,643,203062
1504720860,29.540,29.550,29.540,29.550,640,203062
1504720920,29.550,29.550,29.540,29.550,640,203062
1504720980,29.550,29.550,29.540,29.550,640,203062
1504721040,29.550,29.550,29.550,29.550,640,203062
1504721100,29.550,29.550,29.550,29.550,478,206265
1504721160,29.550,29.560,29.550,29.560,478,206265
1504721220,29.550,29.550,29.550,29.560,478,206265
1504721280,29.560,29.560,29.560,29.560,478,206265
1504721340,29.560,29.560,29.560,29.560,478,206265
1504721400,29.540,29.540,29.540,29.540,1212,208655
1504721460,29.550,29.530,29.530,29.550,1212,208655
1504721520,29.550,29.530,29.530,29.550,1212,208655
1504721580,29.520,29.540,29.520,29.550,1212,208655
1504721640,29.520,29.540,29.520,29.550,1212,208655
1504721700,29.550,29.550,29.550,29.550,1096,214715
1504721760,29.540,29.540,29.540,29.540,1094,214715
1504721820,29.550,29.550,29.550,29.550,1094,214715
1504721880,29.550,29.540,29.540,29.550,1094,214715
1504721940,29.550,29.550,29.550,29.550,1094,214715
1504722000,29.540,29.530,29.530,29.550,2319,220187
1504722060,29.530,29.530,29.530,29.530,2318,220187
1504722120,29.550,29.550,29.550,29.550,2318,220187
1504722180,29.550,29.590,29.550,29.590,2318,220187
1504722240,29.600,29.580,29.580,29.600,2318,220187
1504722300,29.580,29.560,29.560,29.580,471,231778
1504722360,29.550,29.550,29.550,29.550,469,231778
1504722420,29.550,29.550,29.550,29.550,469,231778
1504722480,29.550,29.550,29.550,29.550,469,231778
1504722540,29.580,29.580,29.580,29.580,469,231778
1504722600,29.570,29.570,29.570,29.580,753,234125
1504722660,29.590,29.590,29.590,29.590,750,234125
1504722720,29.610,29.610,29.610,29.610,750,234125
1504722780,29.610,29.610,29.610,29.610,750,234125
1504722840,29.590,29.590,29.590,29.590,750,234125
1504722900,29.590,29.590,29.590,29.590,265,237878
1504722960,29.610,29.610,29.610,29.610,262,237878
1504723020,29.620,29.620,29.620,29.620,262,237878
1504723080,29.620,29.620,29.620,29.620,262,237878
1504723140,29.620,29.610,29.610,29.620,262,237878
1504723200,29.620,29.620,29.620,29.620,694,239191
1504723260,29.610,29.610,29.610,29.610,693,239191
1504723320,29.600,29.610,29.600,29.610,693,239191
1504723380,29.610,29.590,29.590,29.610,693,239191
1504723440,29.610,29.590,29.590,29.610,693,239191
1504723500,29.590,29.590,29.590,29.590,852,242657
1504723560,29.590,29.590,29.590,29.590,852,242657
1504723620,29.590,29.590,29.590,29.590,852,242657
1504723680,29.590,29.590,29.590,29.590,852,242657
1504723740,29.590,29.580,29.580,29.590,852,242657
1504723800,29.570,29.570,29.570,29.570,1164,246917
1504723860,29.570,29.560,29.560,29.570,1161,246917
1504723920,29.570,29.560,29.560,29.570,1161,246917
1504723980,29.570,29.570,29.570,29.570,1161,246917
1504724040,29.570,29.570,29.570,29.570,1161,246917
1504724100,29.570,29.580,29.570,29.580,1323,252725
1504724160,29.580,29.580,29.580,29.580,1320,252725
1504724220,29.590,29.590,29.590,29.590,1320,252725
1504724280,29.590,29.590,29.590,29.590,1320,252725
1504724340,29.590,29.570,29.570,29.590,1320,252725
1504724400,29.570,29.570,29.570,29.570,1374,259328
1504724460,29.570,29.570,29.570,29.570,1372,259328
1504724520,29.550,29.500,29.500,29.550,1372,259328
1504724580,29.510,29.520,29.510,29.520,1372,259328
1504724640,29.520,29.510,29.510,29.520,1372,259328
1504724700,29.530,29.530,29.530,29.530,930,266190
1504724760,29.520,29.520,29.520,29.520,929,266190
1504724820,29.520,29.530,29.510,29.530,929,266190
1504724880,29.540,29.540,29.540,29.540,929,266190
1504724940,29.540,29.540,29.540,29.540,929,266190
1504725000,29.540,29.530,29.530,29.540,1612,270836
1504725060,29.530,29.590,29.530,29.590,1612,270836
1504725120,29.580,29.580,29.580,29.580,1612,270836
1504725180,29.610,29.590,29.590,29.610,1612,270836
1504725240,29.610,29.610,29.610,29.610,1612,270836
1504725300,29.590,29.580,29.580,29.610,422,278896
1504725360,29.590,29.580,29.580,29.610,421,278896
1504725420,29.560,29.560,29.560,29.560,421,278896
1504725480,29.560,29.560,29.560,29.560,421,278896
1504725540,29.560,29.560,29.560,29.560,421,278896
1504725600,29.560,29.560,29.560,29.560,1837,281002
1504725660,29.580,29.570,29.560,29.580,1835,281002
1504725720,29.580,29.590,29.580,29.590,1835,281002
1504725780,29.590,29.580,29.580,29.590,1835,281002
1504725840,29.600,29.600,29.600,29.600,1835,281002
1504725900,29.600,29.600,29.600,29.600,2611,290179
1504725960,29.600,29.600,29.600,29.600,2610,290179
1504726020,29.600,29.590,29.590,29.600,2610,290179
1504726080,29.580,29.570,29.570,29.590,2610,290179
1504726140,29.560,29.580,29.560,29.580,2610,290179
1504726200,29.560,29.580,29.560,29.580,592,303230
1504726260,29.580,29.570,29.570,29.580,588,303230
1504726320,29.570,29.570,29.570,29.570,588,303230
1504726380,29.570,29.570,29.570,29.570,588,303230
1504726440,29.580,29.580,29.580,29.580,588,303230
1504726500,29.570,29.560,29.560,29.570,6094,306174
1504726560,29.550,29.560,29.550,29.560,6094,306174
1504726620,29.560,29.550,29.550,29.560,6094,306174
1504726680,29.560,29.550,29.550,29.560,6094,306174
1504726740,29.560,29.560,29.560,29.560,6094,306174
1504726800,29.550,29.560,29.550,29.560,3896,336644
1504726860,29.560,29.560,29.560,29.560,3893,336644
1504726920,29.570,29.580,29.570,29.580,3893,336644
1504726980,29.590,29.590,29.590,29.590,3893,336644
1504727040,29.590,29.580,29.580,29.590,3893,336644
1504727100,29.590,29.610,29.590,29.610,4820,356112
1504727160,29.610,29.640,29.610,29.640,4817,356112
1504727220,29.640,29.660,29.640,29.660,4817,356112
1504727280,29.670,29.680,29.670,29.680,4817,356112
1504727340,29.680,29.690,29.680,29.690,4817,356112
1504727400,29.690,29.690,29.670,29.690,1802,380200
1504727460,29.680,29.670,29.670,29.680,1802,380200
1504727520,29.670,29.660,29.660,29.670,1802,380200
1504727580,29.660,29.660,29.660,29.660,1802,380200
1504727640,29.650,29.640,29.640,29.650,1802,380200
1504727700,29.650,29.630,29.620,29.650,26403,389210
1504727760,29.630,29.640,29.620,29.640,26400,389210
1504727820,29.640,29.660,29.640,29.660,26400,389210
1504727880,29.650,29.640,29.640,29.660,26400,389210
1504727940,29.640,29.640,29.630,29.640,26400,389210
