1504272600,29.700,29.630,29.630,29.700,2545,0
1504272660,29.560,29.560,29.560,29.560,2544,0
1504272720,29.570,29.690,29.570,29.690,2544,0
1504272780,29.680,29.680,29.680,29.680,2544,0
1504272840,29.670,29.670,29.670,29.670,2544,0
1504272900,29.760,29.890,29.760,29.890,1405,12721
1504272960,29.730,29.710,29.710,29.730,1403,12721
1504273020,29.730,29.710,29.710,29.730,1403,12721
1504273080,29.730,29.710,29.710,29.730,1403,12721
1504273140,29.760,29.760,29.760,29.760,1403,12721
1504273200,29.760,29.760,29.760,29.760,757,19738
1504273260,29.730,29.800,29.730,29.800,753,19738
1504273320,29.840,29.840,29.840,29.840,753,19738
1504273380,29.820,29.800,29.800,29.820,753,19738
1504273440,29.820,29.800,29.800,29.820,753,19738
1504273500,29.650,29.690,29.650,29.690,694,23507
1504273560,29.710,29.720,29.710,29.720,692,23507
1504273620,29.770,29.770,29.770,29.770,692,23507
1504273680,29.720,29.720,29.720,29.720,692,23507
1504273740,29.720,29.720,29.720,29.720,692,23507
1504273800,29.800,29.800,29.800,29.800,941,26969
1504273860,29.770,29.770,29.770,29.770,941,26969
1504273920,29.790,29.810,29.790,29.810,941,26969
1504273980,29.830,29.830,29.830,29.830,941,26969
1504274040,29.770,29.740,29.740,29.770,941,26969
1504274100,29.790,29.790,29.790,29.790,1365,31674
1504274160,29.760,29.760,29.760,29.760,1364,31674
1504274220,29.760,29.760,29.760,29.760,1364,31674
1504274280,29.780,29.740,29.740,29.780,1364,31674
1504274340,29.780,29.740,29.740,29.780,1364,31674
1504274400,29.740,29.740,29.740,29.740,780,38495
1504274460,29.750,29.750,29.750,29.750,780,38495
1504274520,29.750,29.790,29.750,29.790,780,38495
1504274580,29.760,29.760,29.760,29.760,780,38495
1504274640,29.760,29.760,29.760,29.760,780,38495
1504274700,29.760,29.760,29.760,29.760,142,42395
1504274760,29.760,29.760,29.760,29.760,141,42395
1504274820,29.760,29.760,29.760,29.760,141,42395
1504274880,29.760,29.760,29.760,29.760,141,42395
1504274940,29.760,29.760,29.760,29.760,141,42395
1504275000,29.750,29.740,29.740,29.750,1943,43101
1504275060,29.740,29.720,29.720,29.740,1940,43101
1504275120,29.710,29.700,29.700,29.710,1940,43101
1504275180,29.710,29.710,29.710,29.710,1940,43101
1504275240,29.700,29.700,29.700,29.700,1940,43101
1504275300,29.710,29.720,29.710,29.720,748,52804
1504275360,29.710,29.720,29.710,29.720,745,52804
1504275420,29.730,29.730,29.730,29.730,745,52804
1504275480,29.740,29.760,29.740,29.760,745,52804
1504275540,29.760,29.760,29.760,29.760,745,52804
1504275600,29.760,29.750,29.750,29.780,12060,56532
1504275660,29.750,29.750,29.750,29.750,12060,56532
1504275720,29.750,29.750,29.750,29.750,12060,56532
1504275780,29.750,29.750,29.750,29.750,12060,56532
1504275840,29.690,29.710,29.690,29.710,12060,56532
1504275900,29.670,29.670,29.670,29.670,767,116832
1504275960,29.670,29.670,29.670,29.670,765,116832
1504276020,29.700,29.700,29.700,29.700,765,116832
1504276080,29.700,29.700,29.700,29.700,765,116832
1504276140,29.700,29.710,29.700,29.710,765,116832
1504276200,29.700,29.710,29.700,29.710,1274,120659
1504276260,29.700,29.710,29.700,29.710,1271,120659
1504276320,29.700,29.710,29.700,29.710,1271,120659
1504276380,29.690,29.680,29.680,29.690,1271,120659
1504276440,29.670,29.680,29.670,29.680,1271,120659
1504276500,29.670,29.680,29.670,29.680,320,127017
1504276560,29.670,29.680,29.670,29.680,320,127017
1504276620,29.710,29.710,29.710,29.710,320,127017
1504276680,29.710,29.710,29.710,29.710,320,127017
1504276740,29.710,29.710,29.710,29.710,320,127017
1504276800,29.730,29.730,29.730,29.730,721,128617
1504276860,29.730,29.740,29.730,29.740,718,128617
1504276920,29.740,29.740,29.740,29.740,718,128617
1504276980,29.730,29.730,29.730,29.730,718,128617
1504277040,29.730,29.730,29.730,29.730,718,128617
1504277100,29.730,29.720,29.720,29.730,320,132210
1504277160,29.730,29.720,29.720,29.730,317,132210
1504277220,29.720,29.710,29.710,29.720,317,132210
1504277280,29.720,29.710,29.710,29.720,317,132210
1504277340,29.720,29.710,29.710,29.720,317,132210
1504277400,29.720,29.710,29.710,29.720,933,133798
1504277460,29.690,29.710,29.690,29.710,931,133798
1504277520,29.730,29.710,29.710,29.730,931,133798
1504277580,29.730,29.710,29.710,29.730,931,133798
1504277640,29.730,29.710,29.710,29.730,931,133798
1504277700,29.690,29.700,29.690,29.700,434,138455
1504277760,29.690,29.690,29.690,29.690,430,138455
1504277820,29.710,29.710,29.710,29.710,430,138455
1504277880,29.710,29.710,29.710,29.710,430,138455
1504277940,29.730,29.730,29.730,29.730,430,138455
1504278000,29.760,29.750,29.740,29.760,1519,140609
1504278060,29.750,29.730,29.730,29.750,1516,140609
1504278120,29.740,29.740,29.740,29.740,1516,140609
1504278180,29.740,29.740,29.740,29.740,1516,140609
1504278240,29.750,29.790,29.750,29.790,1516,140609
1504278300,29.830,29.830,29.830,29.830,170,148192
1504278360,29.830,29.830,29.830,29.830,168,148192
1504278420,29.770,29.770,29.770,29.770,168,148192
1504278480,29.770,29.770,29.770,29.770,168,148192
1504278540,29.770,29.770,29.770,29.770,168,148192
1504278600,29.780,29.780,29.780,29.780,1438,149034
1504278660,29.780,29.780,29.780,29.780,1436,149034
1504278720,29.790,29.790,29.760,29.790,1436,149034
1504278780,29.770,29.770,29.770,29.770,1436,149034
1504278840,29.770,29.770,29.770,29.770,1436,149034
1504278900,29.780,29.780,29.780,29.780,276,156216
1504278960,29.750,29.750,29.750,29.750,275,156216
1504279020,29.750,29.750,29.750,29.750,275,156216
1504279080,29.760,29.760,29.760,29.760,275,156216
1504279140,29.760,29.760,29.760,29.760,275,156216
1504279200,29.750,29.740,29.740,29.750,866,157592
1504279260,29.750,29.740,29.740,29.750,863,157592
1504279320,29.740,29.740,29.740,29.740,863,157592
1504279380,29.740,29.740,29.740,29.740,863,157592
1504279440,29.740,29.740,29.740,29.740,863,157592
1504279500,29.740,29.740,29.740,29.740,527,161910
1504279560,29.740,29.740,29.740,29.740,527,161910
1504279620,29.750,29.750,29.740,29.750,527,161910
1504279680,29.750,29.750,29.750,29.750,527,161910
1504279740,29.750,29.750,29.750,29.750,527,161910
1504279800,29.770,29.770,29.770,29.770,7971,164545
1504279860,29.770,29.790,29.770,29.830,7968,164545
1504279920,29.810,29.810,29.810,29.810,7968,164545
1504279980,29.830,29.830,29.830,29.830,7968,164545
1504280040,29.840,29.840,29.840,29.840,7968,164545
1504280100,29.840,29.840,29.840,29.840,370,204388
1504280160,29.840,29.840,29.840,29.840,369,204388
1504280220,29.880,29.880,29.880,29.880,369,204388
1504280280,29.880,29.880,29.880,29.880,369,204388
1504280340,29.880,29.880,29.880,29.880,369,204388
1504280400,29.870,29.870,29.870,29.870,991,206234
1504280460,29.870,29.870,29.870,29.870,990,206234
1504280520,29.870,29.870,29.870,29.870,990,206234
1504280580,29.860,29.860,29.860,29.860,990,206234
1504280640,29.890,29.900,29.890,29.900,990,206234
1504280700,29.910,29.910,29.910,29.910,3043,211185
1504280760,29.920,29.920,29.920,29.920,3040,211185
1504280820,29.920,29.830,29.830,29.930,3040,211185
1504280880,29.800,29.840,29.800,29.840,3040,211185
1504280940,29.800,29.840,29.800,29.840,3040,211185
1504281000,29.840,29.840,29.840,29.840,1709,226388
1504281060,29.840,29.840,29.840,29.840,1707,226388
1504281120,29.840,29.770,29.770,29.840,1707,226388
1504281180,29.790,29.790,29.790,29.790,1707,226388
1504281240,29.780,29.740,29.740,29.780,1707,226388
1504281300,29.780,29.740,29.740,29.780,587,234925
1504281360,29.780,29.740,29.740,29.780,584,234925
1504281420,29.780,29.740,29.740,29.780,584,234925
1504281480,29.750,29.750,29.750,29.750,584,234925
1504281540,29.770,29.770,29.770,29.770,584,234925
1504281600,29.770,29.770,29.770,29.770,455,237848
1504281660,29.760,29.780,29.760,29.780,455,237848
1504281720,29.760,29.780,29.760,29.780,455,237848
1504281780,29.780,29.780,29.780,29.780,455,237848
1504281840,29.780,29.730,29.730,29.780,455,237848
1504281900,29.750,29.760,29.750,29.760,9032,240123
1504281960,29.760,29.770,29.760,29.770,9028,240123
1504282020,29.760,29.770,29.760,29.770,9028,240123
1504282080,29.770,29.790,29.770,29.790,9028,240123
1504282140,29.770,29.790,29.770,29.790,9028,240123
1504282200,29.820,29.840,29.820,29.840,552,285267
1504282260,29.860,29.860,29.860,29.860,548,285267
1504282320,29.860,29.860,29.860,29.860,548,285267
1504282380,29.850,29.850,29.850,29.850,548,285267
1504282440,29.850,29.850,29.850,29.850,548,285267
1504282500,29.850,29.850,29.850,29.850,377,288011
1504282560,29.850,29.850,29.850,29.850,376,288011
1504282620,29.850,29.850,29.850,29.850,376,288011
1504282680,29.830,29.830,29.830,29.830,376,288011
1504282740,29.830,29.830,29.830,29.830,376,288011
1504282800,29.830,29.830,29.830,29.830,342,289892
1504282860,29.830,29.830,29.830,29.830,341,289892
1504282920,29.820,29.820,29.820,29.820,341,289892
1504282980,29.820,29.820,29.820,29.820,341,289892
1504283040,29.820,29.820,29.820,29.820,341,289892
1504283100,29.800,29.800,29.800,29.800,462,291598
1504283160,29.810,29.820,29.810,29.820,462,291598
1504283220,29.810,29.810,29.810,29.810,462,291598
1504283280,29.840,29.840,29.840,29.840,462,291598
1504283340,29.840,29.840,29.840,29.840,462,291598
1504283400,29.840,29.840,29.840,29.840,103,293908
1504283460,29.840,29.840,29.840,29.840,103,293908
1504283520,29.840,29.840,29.840,29.840,103,293908
1504283580,29.840,29.840,29.840,29.840,103,293908
1504283640,29.820,29.820,29.820,29.820,103,293908
1504283700,29.840,29.840,29.840,29.840,343,294423
1504283760,29.840,29.840,29.840,29.840,340,294423
1504283820,29.840,29.840,29.840,29.840,340,294423
1504283880,29.840,29.840,29.840,29.840,340,294423
1504283940,29.850,29.850,29.850,29.850,340,294423
1504284000,29.870,29.870,29.870,29.870,572,296126
1504284060,29.900,29.900,29.900,29.900,570,296126
1504284120,29.900,29.900,29.900,29.900,570,296126
1504284180,29.900,29.910,29.900,29.910,570,296126
1504284240,29.910,29.910,29.910,29.910,570,296126
1504284300,29.920,29.930,29.920,29.930,581,298978
1504284360,29.920,29.930,29.920,29.930,577,298978
1504284420,29.940,29.940,29.940,29.940,577,298978
1504284480,29.940,29.950,29.940,29.950,577,298978
1504284540,29.950,29.950,29.950,29.950,577,298978
1504284600,29.950,29.950,29.950,29.950,791,301867
1504284660,29.940,29.920,29.920,29.940,791,301867
1504284720,29.930,29.930,29.930,29.930,791,301867
1504284780,29.930,29.930,29.930,29.930,791,301867
1504284840,29.920,29.910,29.910,29.920,791,301867
1504284900,29.910,29.910,29.910,29.910,755,305822
1504284960,29.910,29.920,29.910,29.920,751,305822
1504285020,29.920,29.920,29.920,29.920,751,305822
1504285080,29.920,29.920,29.920,29.920,751,305822
1504285140,29.940,29.940,29.940,29.940,751,305822
1504285200,29.940,29.950,29.940,29.950,330,309581
1504285260,29.940,29.950,29.940,29.950,326,309581
1504285320,29.940,29.950,29.940,29.950,326,309581
1504285380,29.940,29.950,29.940,29.950,326,309581
1504285440,29.950,29.950,29.950,29.950,326,309581
1504285500,29.970,29.970,29.970,29.970,624,311215
1504285560,29.960,29.940,29.940,29.960,624,311215
1504285620,29.960,29.940,29.940,29.960,624,311215
1504285680,29.960,29.940,29.940,29.960,624,311215
1504285740,29.920,29.920,29.920,29.920,624,311215
1504285800,29.910,29.910,29.910,29.910,386,314335
1504285860,29.930,29.930,29.930,29.930,383,314335
1504285920,29.930,29.930,29.930,29.930,383,314335
1504285980,29.930,29.930,29.930,29.930,383,314335
1504286040,29.930,29.930,29.930,29.930,383,314335
1504286100,29.930,29.930,29.930,29.930,955,316253
1504286160,29.940,29.960,29.940,29.960,952,316253
1504286220,29.970,29.970,29.970,29.970,952,316253
1504286280,29.960,29.960,29.960,29.960,952,316253
1504286340,29.960,29.960,29.960,29.960,952,316253
1504286400,29.960,29.960,29.960,29.960,1355,321016
1504286460,29.960,29.960,29.960,29.960,1355,321016
1504286520,29.960,29.960,29.960,29.960,1355,321016
1504286580,29.960,29.960,29.960,29.960,1355,321016
1504286640,29.970,29.950,29.950,29.970,1355,321016
1504286700,29.970,29.970,29.970,29.980,619,327791
1504286760,29.970,29.970,29.970,29.980,616,327791
1504286820,29.970,29.970,29.970,29.980,616,327791
1504286880,29.980,29.980,29.980,29.980,616,327791
1504286940,30.000,30.000,30.000,30.000,616,327791
1504287000,29.980,29.980,29.980,29.980,304,330874
1504287060,29.980,29.980,29.980,29.980,302,330874
1504287120,29.980,29.980,29.980,29.980,302,330874
1504287180,29.980,29.980,29.980,29.980,302,330874
1504287240,29.980,29.980,29.980,29.980,302,330874
1504287300,29.980,29.980,29.970,29.980,932,332386
1504287360,29.980,29.980,29.970,29.980,929,332386
1504287420,29.980,29.980,29.980,29.980,929,332386
1504287480,29.950,29.950,29.950,29.950,929,332386
1504287540,29.940,29.950,29.940,29.950,929,332386
1504287600,29.940,29.950,29.940,29.950,231,337034
1504287660,29.940,29.950,29.940,29.950,228,337034
1504287720,29.940,29.950,29.940,29.950,228,337034
1504287780,29.920,29.920,29.920,29.920,228,337034
1504287840,29.920,29.920,29.920,29.920,228,337034
1504287900,29.940,29.960,29.940,29.960,981,338177
1504287960,29.970,29.970,29.970,29.970,977,338177
1504288020,29.970,29.970,29.970,29.970,977,338177
1504288080,29.970,29.970,29.970,29.970,977,338177
1504288140,29.940,29.960,29.940,29.960,977,338177
1504288200,29.940,29.960,29.940,29.960,499,343066
1504288260,29.950,29.960,29.950,29.960,496,343066
1504288320,29.960,29.930,29.930,29.960,496,343066
1504288380,29.910,29.910,29.910,29.910,496,343066
1504288440,29.910,29.910,29.910,29.910,496,343066
1504288500,29.910,29.910,29.910,29.910,425,345549
1504288560,29.910,29.910,29.910,29.930,425,345549
1504288620,29.930,29.900,29.900,29.930,425,345549
1504288680,29.930,29.900,29.900,29.930,425,345549
1504288740,29.930,29.900,29.900,29.930,425,345549
1504288800,29.930,29.930,29.930,29.930,933,347674
1504288860,29.940,29.950,29.940,29.950,932,347674
1504288920,29.960,29.960,29.960,29.960,932,347674
1504288980,29.960,29.950,29.950,29.960,932,347674
1504289040,29.960,29.950,29.950,29.960,932,347674
1504289100,29.940,29.930,29.930,29.940,652,352335
1504289160,29.940,29.930,29.930,29.940,652,352335
1504289220,29.940,29.930,29.930,29.940,652,352335
1504289280,29.940,29.930,29.930,29.940,652,352335
1504289340,29.960,29.930,29.930,29.960,652,352335
1504289400,29.960,29.930,29.930,29.960,376,355595
1504289460,29.960,29.930,29.930,29.960,376,355595
1504289520,29.960,29.930,29.930,29.960,376,355595
1504289580,29.960,29.930,29.930,29.960,376,355595
1504289640,29.960,29.960,29.960,29.960,376,355595
1504289700,29.960,29.960,29.960,29.960,989,357475
1504289760,29.950,29.960,29.950,29.960,988,357475
1504289820,29.970,29.970,29.970,29.970,988,357475
1504289880,29.960,29.970,29.960,29.970,988,357475
1504289940,29.950,29.950,29.950,29.950,988,357475
1504290000,29.960,29.960,29.960,29.960,594,362416
1504290060,29.950,29.950,29.950,29.950,594,362416
1504290120,29.950,29.950,29.950,29.950,594,362416
1504290180,29.950,29.950,29.950,29.950,594,362416
1504290240,29.950,29.950,29.940,29.950,594,362416
1504290300,29.950,29.950,29.950,29.950,714,365386
1504290360,29.950,29.940,29.940,29.950,710,365386
1504290420,29.930,29.930,29.930,29.930,710,365386
1504290480,29.910,29.910,29.910,29.910,710,365386
1504290540,29.910,29.910,29.910,29.910,710,365386
1504290600,29.910,29.910,29.910,29.910,995,368940
1504290660,29.930,29.930,29.930,29.930,994,368940
1504290720,29.930,29.930,29.930,29.930,994,368940
1504290780,29.930,29.930,29.930,29.930,994,368940
1504290840,29.920,29.930,29.920,29.930,994,368940
1504290900,29.920,29.930,29.920,29.930,516,373911
1504290960,29.920,29.920,29.920,29.920,516,373911
1504291020,29.920,29.920,29.920,29.920,516,373911
1504291080,29.940,29.940,29.940,29.940,516,373911
1504291140,29.940,29.940,29.940,29.940,516,373911
1504291200,29.940,29.940,29.940,29.940,368,376491
1504291260,29.940,29.940,29.940,29.940,365,376491
1504291320,29.940,29.940,29.940,29.940,365,376491
1504291380,29.930,29.930,29.930,29.930,365,376491
1504291440,29.940,29.940,29.940,29.940,365,376491
1504291500,29.940,29.940,29.940,29.940,1180,378319
1504291560,29.940,29.940,29.940,29.940,1178,378319
1504291620,29.950,29.960,29.950,29.970,1178,378319
1504291680,29.960,29.960,29.960,29.960,1178,378319
1504291740,29.970,29.970,29.970,29.970,1178,378319
1504291800,29.950,29.940,29.940,29.950,1384,384211
1504291860,29.950,29.950,29.950,29.950,1382,384211
1504291920,29.940,29.930,29.930,29.940,1382,384211
1504291980,29.910,29.910,29.910,29.910,1382,384211
1504292040,29.920,29.920,29.920,29.920,1382,384211
1504292100,29.920,29.930,29.920,29.930,922,391123
1504292160,29.920,29.930,29.920,29.930,918,391123
1504292220,29.920,29.930,29.920,29.930,918,391123
1504292280,29.920,29.920,29.920,29.920,918,391123
1504292340,29.930,29.930,29.930,29.930,918,391123
1504292400,29.930,29.920,29.920,29.930,1182,395717
1504292460,29.940,29.950,29.940,29.950,1178,395717
1504292520,29.940,29.950,29.940,29.950,1178,395717
1504292580,29.950,29.940,29.940,29.950,1178,395717
1504292640,29.930,29.930,29.930,29.930,1178,395717
1504292700,29.930,29.930,29.930,29.930,939,401611
1504292760,29.930,29.930,29.930,29.930,935,401611
1504292820,29.920,29.920,29.920,29.920,935,401611
1504292880,29.920,29.930,29.920,29.930,935,401611
1504292940,29.930,29.920,29.920,29.930,935,401611
1504293000,29.930,29.920,29.920,29.930,347,406290
1504293060,29.920,29.920,29.920,29.920,345,406290
1504293120,29.920,29.920,29.920,29.920,345,406290
1504293180,29.920,29.920,29.920,29.920,345,406290
1504293240,29.920,29.930,29.920,29.930,345,406290
1504293300,29.920,29.920,29.920,29.920,2341,408017
1504293360,29.930,29.930,29.930,29.930,2339,408017
1504293420,29.920,29.930,29.920,29.930,2339,408017
1504293480,29.920,29.960,29.920,29.960,2339,408017
1504293540,29.920,29.960,29.920,29.960,2339,408017
1504293600,29.950,29.950,29.950,29.950,1108,419714
1504293660,29.960,29.960,29.960,29.960,1106,419714
1504293720,29.960,29.960,29.960,29.960,1106,419714
1504293780,29.980,29.980,29.980,29.980,1106,419714
1504293840,29.980,29.980,29.980,29.980,1106,419714
1504293900,29.980,29.980,29.980,29.980,993,425246
1504293960,29.980,29.980,29.970,29.980,989,425246
1504294020,29.980,29.980,29.970,29.980,989,425246
1504294080,29.960,29.970,29.960,29.970,989,425246
1504294140,29.960,29.970,29.960,29.970,989,425246
1504294200,29.980,29.970,29.960,29.980,2315,430195
1504294260,29.980,29.980,29.980,29.990,2311,430195
1504294320,29.990,29.980,29.980,29.990,2311,430195
1504294380,29.990,29.980,29.980,29.990,2311,430195
1504294440,29.990,29.980,29.980,29.990,2311,430195
1504294500,29.980,29.980,29.980,29.980,1175,441754
1504294560,29.980,29.980,29.980,29.980,1171,441754
1504294620,29.980,29.980,29.980,29.980,1171,441754
1504294680,29.980,29.980,29.980,29.980,1171,441754
1504294740,29.980,29.980,29.980,29.980,1171,441754
1504294800,29.980,29.960,29.950,29.980,3332,447613
1504294860,29.950,29.950,29.950,29.950,3328,447613
1504294920,29.950,29.950,29.950,29.960,3328,447613
1504294980,29.950,29.970,29.950,29.970,3328,447613
1504295040,29.960,29.970,29.960,29.970,3328,447613
1504295100,29.960,29.920,29.920,29.960,4608,464257
1504295160,29.910,29.930,29.910,29.930,4604,464257
1504295220,29.920,29.930,29.920,29.930,4604,464257
1504295280,29.930,29.940,29.930,29.940,4604,464257
1504295340,29.940,29.940,29.930,29.940,4604,464257
1504295400,29.940,29.930,29.930,29.940,3073,487281
1504295460,29.940,29.950,29.930,29.950,3072,487281
1504295520,29.950,29.950,29.940,29.950,3072,487281
1504295580,29.940,29.940,29.940,29.950,3072,487281
1504295640,29.950,29.950,29.940,29.950,3072,487281
1504295700,29.950,29.920,29.920,29.950,7831,502642
1504295760,29.930,29.920,29.920,29.930,7831,502642
1504295820,29.930,29.920,29.910,29.930,7831,502642
1504295880,29.930,29.950,29.930,29.950,7831,502642
1504295940,29.950,29.950,29.940,29.950,7831,502642
1504618200,30.040,30.040,30.040,30.040,3362,0
1504618260,30.040,30.040,30.040,30.040,3362,0
1504618320,30.020,30.000,30.000,30.020,3362,0
1504618380,30.000,29.770,29.770,30.000,3362,0
1504618440,30.000,29.770,29.770,30.000,3362,0
1504618500,30.000,29.770,29.770,30.000,939,16810
1504618560,29.800,29.760,29.760,29.800,938,16810
1504618620,29.680,29.670,29.670,29.680,938,16810
1504618680,29.680,29.670,29.670,29.680,938,16810
1504618740,29.570,29.570,29.570,29.570,938,16810
1504618800,29.610,29.520,29.520,29.610,2690,21501
1504618860,29.600,29.580,29.580,29.600,2688,21501
1504618920,29.420,29.520,29.420,29.520,2688,21501
1504618980,29.520,29.520,29.520,29.520,2688,21501
1504619040,29.530,29.650,29.530,29.690,2688,21501
1504619100,29.730,29.660,29.660,29.730,2176,34943
1504619160,29.640,29.640,29.640,29.660,2175,34943
1504619220,29.670,29.730,29.670,29.730,2175,34943
1504619280,29.660,29.660,29.660,29.660,2175,34943
1504619340,29.670,29.660,29.660,29.670,2175,34943
1504619400,29.670,29.660,29.660,29.670,2107,45819
1504619460,29.640,29.620,29.620,29.640,2104,45819
1504619520,29.620,29.570,29.570,29.620,2104,45819
1504619580,29.510,29.510,29.510,29.510,2104,45819
1504619640,29.480,29.570,29.480,29.570,2104,45819
1504619700,29.480,29.570,29.480,29.570,868,56342
1504619760,29.570,29.530,29.530,29.570,865,56342
1504619820,29.510,29.510,29.510,29.510,865,56342
1504619880,29.560,29.560,29.560,29.560,865,56342
1504619940,29.560,29.560,29.560,29.560,865,56342
1504620000,29.530,29.530,29.530,29.530,1068,60670
1504620060,29.510,29.490,29.490,29.510,1068,60670
1504620120,29.510,29.490,29.490,29.510,1068,60670
1504620180,29.430,29.360,29.360,29.430,1068,60670
1504620240,29.340,29.330,29.330,29.340,1068,60670
1504620300,29.390,29.390,29.390,29.390,2609,66010
1504620360,29.390,29.430,29.380,29.430,2607,66010
1504620420,29.390,29.430,29.380,29.430,2607,66010
1504620480,29.430,29.430,29.430,29.430,2607,66010
1504620540,29.440,29.410,29.410,29.450,2607,66010
1504620600,29.450,29.400,29.400,29.450,1041,79047
1504620660,29.390,29.390,29.390,29.390,1040,79047
1504620720,29.390,29.390,29.390,29.430,1040,79047
1504620780,29.400,29.400,29.400,29.400,1040,79047
1504620840,29.370,29.360,29.360,29.390,1040,79047
1504620900,29.350,29.320,29.320,29.350,6880,84248
1504620960,29.310,29.310,29.310,29.310,6876,84248
1504621020,29.360,29.320,29.320,29.360,6876,84248
1504621080,29.320,29.310,29.310,29.320,6876,84248
1504621140,29.320,29.310,29.310,29.330,6876,84248
1504621200,29.330,29.350,29.320,29.360,18143,118632
1504621260,29.340,29.370,29.340,29.380,18143,118632
1504621320,29.410,29.390,29.390,29.410,18143,118632
1504621380,29.390,29.400,29.390,29.400,18143,118632
1504621440,29.410,29.390,29.390,29.410,18143,118632
1504621500,29.410,29.420,29.410,29.420,2604,209347
1504621560,29.400,29.400,29.380,29.400,2603,209347
1504621620,29.370,29.370,29.370,29.380,2603,209347
1504621680,29.370,29.260,29.260,29.370,2603,209347
1504621740,29.230,29.190,29.180,29.230,2603,209347
1504621800,29.150,29.050,29.050,29.150,4431,222363
1504621860,29.090,29.110,29.090,29.120,4430,222363
1504621920,29.090,29.010,29.010,29.090,4430,222363
1504621980,29.020,29.040,28.990,29.040,4430,222363
1504622040,29.090,29.070,29.070,29.090,4430,222363
1504622100,29.090,29.100,29.070,29.100,1793,244514
1504622160,29.100,29.210,29.100,29.210,1793,244514
1504622220,29.200,29.200,29.200,29.200,1793,244514
1504622280,29.200,29.150,29.150,29.200,1793,244514
1504622340,29.150,29.090,29.090,29.150,1793,244514
1504622400,29.110,29.080,29.080,29.110,4996,253479
1504622460,29.050,28.960,28.930,29.050,4992,253479
1504622520,28.970,29.000,28.970,29.000,4992,253479
1504622580,29.070,29.070,29.070,29.070,4992,253479
1504622640,29.060,29.060,29.060,29.060,4992,253479
1504622700,29.060,29.060,29.060,29.060,1727,278443
1504622760,29.040,29.040,29.040,29.040,1725,278443
1504622820,29.000,29.020,28.990,29.020,1725,278443
1504622880,29.020,29.020,29.020,29.020,1725,278443
1504622940,29.000,29.010,29.000,29.010,1725,278443
1504623000,28.980,28.970,28.960,28.980,2163,287070
1504623060,28.960,28.960,28.960,28.960,2160,287070
1504623120,29.000,28.990,28.990,29.000,2160,287070
1504623180,28.990,28.950,28.950,28.990,2160,287070
1504623240,28.990,28.990,28.990,28.990,2160,287070
1504623300,28.980,28.980,28.980,28.980,1472,297873
1504623360,28.970,28.970,28.970,28.970,1472,297873
1504623420,28.950,28.940,28.940,28.950,1472,297873
1504623480,28.950,28.950,28.950,28.950,1472,297873
1504623540,28.960,28.940,28.940,28.960,1472,297873
1504623600,28.930,28.920,28.920,28.930,2360,305233
1504623660,28.910,28.890,28.890,28.940,2360,305233
1504623720,28.890,28.890,28.890,28.900,2360,305233
1504623780,28.910,28.900,28.890,28.910,2360,305233
1504623840,28.890,28.880,28.860,28.890,2360,305233
1504623900,28.850,28.790,28.790,28.860,4534,317033
1504623960,28.800,28.770,28.770,28.800,4532,317033
1504624020,28.780,28.830,28.770,28.830,4532,317033
1504624080,28.830,28.860,28.830,28.860,4532,317033
1504624140,28.860,28.870,28.860,28.870,4532,317033
1504624200,28.940,28.920,28.920,28.940,2615,339695
1504624260,28.890,28.880,28.880,28.890,2614,339695
1504624320,28.880,28.910,28.880,28.910,2614,339695
1504624380,28.880,28.910,28.880,28.910,2614,339695
1504624440,28.930,28.980,28.920,28.980,2614,339695
1504624500,28.980,29.000,28.980,29.010,2282,352766
1504624560,29.020,29.050,29.020,29.050,2279,352766
1504624620,29.050,29.040,29.040,29.050,2279,352766
1504624680,29.040,29.040,29.040,29.040,2279,352766
1504624740,29.040,29.000,29.000,29.040,2279,352766
1504624800,29.000,29.000,29.000,29.000,2854,364164
1504624860,29.040,29.020,29.020,29.040,2852,364164
1504624920,29.020,29.030,29.020,29.030,2852,364164
1504624980,29.020,29.030,29.020,29.030,2852,364164
1504625040,29.050,29.070,29.050,29.070,2852,364164
1504625100,29.090,29.090,29.090,29.090,2598,378426
1504625160,29.090,29.090,29.090,29.110,2594,378426
1504625220,29.090,29.080,29.080,29.090,2594,378426
1504625280,29.080,29.070,29.070,29.080,2594,378426
1504625340,29.060,29.100,29.060,29.100,2594,378426
1504625400,29.090,29.100,29.080,29.100,1222,391400
1504625460,29.100,29.100,29.100,29.100,1220,391400
1504625520,29.080,29.060,29.060,29.080,1220,391400
1504625580,29.030,29.040,29.030,29.040,1220,391400
1504625640,29.030,29.000,29.000,29.030,1220,391400
1504625700,29.010,29.000,29.000,29.010,1544,397502
1504625760,28.970,28.940,28.940,28.970,1544,397502
1504625820,28.920,28.920,28.920,28.920,1544,397502
1504625880,28.890,28.870,28.850,28.890,1544,397502
1504625940,28.870,28.870,28.870,28.870,1544,397502
1504626000,28.900,28.900,28.900,28.900,2535,405222
1504626060,28.940,29.000,28.940,29.000,2533,405222
1504626120,29.000,29.020,29.000,29.020,2533,405222
1504626180,29.020,29.020,29.020,29.020,2533,405222
1504626240,29.020,29.030,29.020,29.040,2533,405222
1504626300,29.070,29.080,29.070,29.080,1298,417889
1504626360,29.070,29.080,29.070,29.080,1295,417889
1504626420,29.080,29.070,29.070,29.080,1295,417889
1504626480,29.070,29.070,29.070,29.070,1295,417889
1504626540,29.070,29.110,29.070,29.110,1295,417889
1504626600,29.120,29.140,29.120,29.140,1075,424367
1504626660,29.120,29.120,29.120,29.120,1073,424367
1504626720,29.110,29.130,29.110,29.130,1073,424367
1504626780,29.130,29.120,29.120,29.130,1073,424367
1504626840,29.110,29.120,29.110,29.120,1073,424367
1504626900,29.100,29.100,29.100,29.100,1166,429734
1504626960,29.100,29.100,29.100,29.100,1162,429734
1504627020,29.100,29.110,29.090,29.110,1162,429734
1504627080,29.090,29.100,29.090,29.100,1162,429734
1504627140,29.080,29.080,29.080,29.080,1162,429734
1504627200,29.070,29.090,29.070,29.110,2047,435548
1504627260,29.110,29.130,29.110,29.140,2044,435548
1504627320,29.120,29.120,29.120,29.120,2044,435548
1504627380,29.100,29.080,29.050,29.100,2044,435548
1504627440,28.970,29.010,28.970,29.010,2044,435548
1504627500,29.020,29.030,28.990,29.030,1082,445771
1504627560,28.980,28.980,28.980,28.980,1078,445771
1504627620,29.010,29.010,29.010,29.010,1078,445771
1504627680,28.980,28.990,28.980,28.990,1078,445771
1504627740,28.980,28.980,28.980,28.980,1078,445771
1504627800,28.930,28.890,28.890,28.930,2032,451165
1504627860,28.850,28.860,28.830,28.860,2030,451165
1504627920,28.850,28.850,28.850,28.850,2030,451165
1504627980,28.840,28.850,28.840,28.850,2030,451165
1504628040,28.820,28.840,28.820,28.840,2030,451165
1504628100,28.840,28.860,28.840,28.860,1947,461317
1504628160,28.840,28.870,28.840,28.870,1943,461317
1504628220,28.880,28.950,28.860,28.950,1943,461317
1504628280,28.900,28.900,28.900,28.900,1943,461317
1504628340,28.910,28.890,28.890,28.910,1943,461317
1504628400,28.880,28.880,28.880,28.880,1185,471036
1504628460,28.870,28.890,28.870,28.890,1185,471036
1504628520,28.890,28.890,28.890,28.900,1185,471036
1504628580,28.900,28.940,28.900,28.940,1185,471036
1504628640,28.910,28.910,28.910,28.910,1185,471036
1504628700,28.920,28.920,28.920,28.920,964,476961
1504628760,28.890,28.890,28.890,28.890,960,476961
1504628820,28.890,28.870,28.870,28.890,960,476961
1504628880,28.880,28.890,28.880,28.900,960,476961
1504628940,28.890,28.890,28.890,28.890,960,476961
1504629000,28.860,28.850,28.850,28.860,1108,481765
1504629060,28.860,28.850,28.850,28.860,1106,481765
1504629120,28.850,28.840,28.840,28.850,1106,481765
1504629180,28.830,28.830,28.830,28.830,1106,481765
1504629240,28.820,28.820,28.820,28.820,1106,481765
1504629300,28.840,28.850,28.840,28.850,1277,487297
1504629360,28.850,28.840,28.840,28.850,1275,487297
1504629420,28.850,28.910,28.850,28.910,1275,487297
1504629480,28.850,28.910,28.850,28.910,1275,487297
1504629540,28.900,28.900,28.900,28.900,1275,487297
1504629600,28.910,28.890,28.890,28.910,1139,493674
1504629660,28.870,28.870,28.870,28.870,1135,493674
1504629720,28.880,28.890,28.880,28.890,1135,493674
1504629780,28.890,28.910,28.890,28.910,1135,493674
1504629840,28.890,28.910,28.890,28.910,1135,493674
1504629900,28.900,28.900,28.900,28.900,1463,499353
1504629960,28.910,28.880,28.880,28.910,1460,499353
1504630020,28.890,28.900,28.890,28.930,1460,499353
1504630080,28.930,28.920,28.920,28.930,1460,499353
1504630140,28.920,28.930,28.920,28.930,1460,499353
1504630200,28.930,28.940,28.930,28.940,1830,506656
1504630260,28.920,28.950,28.920,28.950,1828,506656
1504630320,28.940,28.980,28.940,28.980,1828,506656
1504630380,28.960,29.000,28.960,29.010,1828,506656
1504630440,28.990,29.020,28.990,29.020,1828,506656
1504630500,29.020,29.020,29.020,29.020,1778,515798
1504630560,29.020,29.040,29.020,29.040,1776,515798
1504630620,29.040,29.040,29.040,29.040,1776,515798
1504630680,29.040,29.040,29.040,29.050,1776,515798
1504630740,29.020,29.020,29.020,29.040,1776,515798
1504630800,29.060,29.100,29.060,29.110,4366,524680
1504630860,29.060,29.050,29.020,29.060,4364,524680
1504630920,29.040,29.020,29.000,29.040,4364,524680
1504630980,29.010,29.030,29.010,29.030,4364,524680
1504631040,29.040,29.010,29.010,29.040,4364,524680
1504631100,29.020,29.010,29.000,29.020,5009,546502
1504631160,28.980,28.960,28.960,28.980,5006,546502
1504631220,28.940,28.880,28.880,28.940,5006,546502
1504631280,28.880,28.830,28.830,28.880,5006,546502
1504631340,28.780,28.680,28.680,28.780,5006,546502
1504631400,28.680,28.660,28.660,28.680,1927,571535
1504631460,28.650,28.580,28.580,28.650,1925,571535
1504631520,28.550,28.600,28.550,28.600,1925,571535
1504631580,28.590,28.650,28.590,28.650,1925,571535
1504631640,28.590,28.650,28.590,28.650,1925,571535
1504631700,28.610,28.650,28.610,28.650,2454,581162
1504631760,28.670,28.670,28.670,28.670,2451,581162
1504631820,28.690,28.700,28.690,28.700,2451,581162
1504631880,28.700,28.690,28.690,28.710,2451,581162
1504631940,28.720,28.750,28.720,28.750,2451,581162
1504632000,28.760,28.760,28.760,28.760,889,593420
1504632060,28.760,28.760,28.760,28.760,889,593420
1504632120,28.760,28.730,28.730,28.760,889,593420
1504632180,28.720,28.720,28.720,28.720,889,593420
1504632240,28.720,28.710,28.710,28.720,889,593420
1504632300,28.710,28.680,28.680,28.710,1198,597865
1504632360,28.660,28.680,28.660,28.680,1195,597865
1504632420,28.680,28.690,28.680,28.690,1195,597865
1504632480,28.680,28.690,28.680,28.690,1195,597865
1504632540,28.700,28.690,28.690,28.700,1195,597865
1504632600,28.700,28.660,28.660,28.710,2614,603843
1504632660,28.660,28.580,28.580,28.660,2612,603843
1504632720,28.510,28.500,28.500,28.510,2612,603843
1504632780,28.540,28.540,28.540,28.540,2612,603843
1504632840,28.500,28.560,28.500,28.560,2612,603843
1504632900,28.570,28.580,28.570,28.580,1728,616905
1504632960,28.570,28.620,28.570,28.620,1725,616905
1504633020,28.650,28.650,28.650,28.650,1725,616905
1504633080,28.620,28.620,28.620,28.620,1725,616905
1504633140,28.620,28.630,28.620,28.630,1725,616905
1504633200,28.620,28.630,28.620,28.630,1398,625533
1504633260,28.610,28.610,28.610,28.610,1398,625533
1504633320,28.560,28.560,28.560,28.560,1398,625533
1504633380,28.560,28.560,28.560,28.560,1398,625533
1504633440,28.580,28.580,28.570,28.580,1398,625533
1504633500,28.580,28.580,28.570,28.580,1321,632523
1504633560,28.580,28.580,28.580,28.590,1317,632523
1504633620,28.580,28.580,28.580,28.590,1317,632523
1504633680,28.580,28.570,28.570,28.580,1317,632523
1504633740,28.570,28.570,28.570,28.570,1317,632523
1504633800,28.570,28.570,28.570,28.570,2060,639112
1504633860,28.570,28.570,28.570,28.570,2058,639112
1504633920,28.580,28.580,28.580,28.580,2058,639112
1504633980,28.580,28.580,28.570,28.580,2058,639112
1504634040,28.570,28.600,28.570,28.600,2058,639112
1504634100,28.600,28.640,28.600,28.650,2074,649404
1504634160,28.630,28.650,28.630,28.650,2071,649404
1504634220,28.650,28.680,28.650,28.680,2071,649404
1504634280,28.680,28.680,28.680,28.680,2071,649404
1504634340,28.680,28.680,28.680,28.680,2071,649404
1504634400,28.690,28.700,28.690,28.700,1496,659762
1504634460,28.700,28.720,28.700,28.720,1492,659762
1504634520,28.750,28.730,28.730,28.750,1492,659762
1504634580,28.750,28.730,28.730,28.750,1492,659762
1504634640,28.700,28.700,28.700,28.700,1492,659762
1504634700,28.700,28.700,28.700,28.700,1075,667226
1504634760,28.700,28.700,28.700,28.700,1072,667226
1504634820,28.730,28.730,28.730,28.730,1072,667226
1504634880,28.720,28.710,28.710,28.720,1072,667226
1504634940,28.690,28.690,28.690,28.690,1072,667226
1504635000,28.690,28.690,28.690,28.690,1599,672589
1504635060,28.690,28.690,28.690,28.690,1595,672589
1504635120,28.680,28.700,28.680,28.700,1595,672589
1504635180,28.690,28.690,28.690,28.690,1595,672589
1504635240,28.690,28.680,28.680,28.690,1595,672589
1504635300,28.690,28.690,28.670,28.690,2012,680568
1504635360,28.670,28.690,28.670,28.690,2009,680568
1504635420,28.660,28.650,28.650,28.660,2009,680568
1504635480,28.640,28.660,28.640,28.660,2009,680568
1504635540,28.660,28.660,28.660,28.660,2009,680568
1504635600,28.660,28.660,28.660,28.660,1820,690616
1504635660,28.670,28.710,28.670,28.710,1817,690616
1504635720,28.720,28.720,28.720,28.720,1817,690616
1504635780,28.710,28.720,28.710,28.720,1817,690616
1504635840,28.710,28.720,28.710,28.720,1817,690616
1504635900,28.730,28.840,28.730,28.840,2647,699704
1504635960,28.840,28.840,28.840,28.840,2644,699704
1504636020,28.830,28.830,28.830,28.830,2644,699704
1504636080,28.830,28.830,28.830,28.830,2644,699704
1504636140,28.840,28.950,28.840,28.950,2644,699704
1504636200,28.890,28.860,28.860,28.890,1177,712927
1504636260,28.880,28.880,28.880,28.880,1174,712927
1504636320,28.880,28.880,28.880,28.880,1174,712927
1504636380,28.880,28.860,28.860,28.880,1174,712927
1504636440,28.870,28.840,28.840,28.870,1174,712927
1504636500,28.850,28.850,28.850,28.850,2199,718800
1504636560,28.850,28.850,28.850,28.850,2196,718800
1504636620,28.840,28.840,28.840,28.840,2196,718800
1504636680,28.840,28.840,28.840,28.840,2196,718800
1504636740,28.830,28.810,28.810,28.830,2196,718800
1504636800,28.800,28.800,28.800,28.800,2601,729783
1504636860,28.800,28.800,28.800,28.800,2601,729783
1504636920,28.800,28.840,28.800,28.840,2601,729783
1504636980,28.850,28.840,28.840,28.850,2601,729783
1504637040,28.830,28.850,28.830,28.850,2601,729783
1504637100,28.850,28.860,28.850,28.860,1928,742788
1504637160,28.850,28.860,28.850,28.860,1927,742788
1504637220,28.850,28.850,28.850,28.860,1927,742788
1504637280,28.850,28.860,28.850,28.860,1927,742788
1504637340,28.850,28.850,28.850,28.850,1927,742788
1504637400,28.860,28.860,28.840,28.860,5382,752424
1504637460,28.850,28.850,28.850,28.850,5379,752424
1504637520,28.860,28.930,28.860,28.950,5379,752424
1504637580,28.940,28.940,28.940,28.950,5379,752424
1504637640,28.960,28.940,28.940,28.960,5379,752424
1504637700,28.940,28.940,28.940,28.940,2083,779322
1504637760,28.940,28.950,28.940,28.950,2080,779322
1504637820,28.950,28.950,28.950,28.950,2080,779322
1504637880,28.960,28.960,28.960,28.960,2080,779322
1504637940,28.950,28.960,28.950,28.960,2080,779322
1504638000,28.970,29.030,28.970,29.040,2126,789725
1504638060,29.050,29.050,29.050,29.050,2126,789725
1504638120,29.050,29.040,29.040,29.050,2126,789725
1504638180,29.040,29.040,29.040,29.040,2126,789725
1504638240,29.030,29.030,29.030,29.030,2126,789725
1504638300,29.030,29.010,29.010,29.030,1934,800355
1504638360,29.000,29.000,29.000,29.000,1932,800355
1504638420,29.000,28.970,28.970,29.000,1932,800355
1504638480,28.980,28.980,28.980,28.980,1932,800355
1504638540,28.990,28.990,28.990,28.990,1932,800355
1504638600,29.000,28.990,28.980,29.000,3738,810017
1504638660,28.970,28.960,28.950,28.970,3737,810017
1504638720,28.950,28.980,28.950,28.980,3737,810017
1504638780,29.000,29.010,29.000,29.010,3737,810017
1504638840,29.010,29.040,29.010,29.040,3737,810017
1504638900,29.040,29.060,29.040,29.060,2577,828703
1504638960,29.050,29.050,29.050,29.050,2577,828703
1504639020,29.060,29.020,29.020,29.060,2577,828703
1504639080,29.020,29.000,29.000,29.020,2577,828703
1504639140,29.010,28.990,28.990,29.010,2577,828703
1504639200,29.000,28.960,28.960,29.000,3743,841588
1504639260,28.950,28.940,28.940,28.960,3740,841588
1504639320,28.950,28.970,28.950,28.970,3740,841588
1504639380,28.960,28.980,28.960,28.980,3740,841588
1504639440,28.980,28.980,28.980,28.980,3740,841588
1504639500,28.990,29.050,28.990,29.050,3565,860291
1504639560,29.080,29.080,29.080,29.100,3565,860291
1504639620,29.090,29.100,29.090,29.100,3565,860291
1504639680,29.100,29.110,29.100,29.110,3565,860291
1504639740,29.100,29.120,29.100,29.120,3565,860291
1504639800,29.120,29.120,29.120,29.130,3968,878116
1504639860,29.110,29.090,29.090,29.110,3965,878116
1504639920,29.090,29.100,29.080,29.100,3965,878116
1504639980,29.090,29.100,29.090,29.100,3965,878116
1504640040,29.090,29.100,29.090,29.100,3965,878116
1504640100,29.100,29.070,29.070,29.100,2432,897944
1504640160,29.060,29.060,29.060,29.060,2430,897944
1504640220,29.060,29.050,29.050,29.060,2430,897944
1504640280,29.020,29.020,29.020,29.020,2430,897944
1504640340,29.020,29.020,29.020,29.020,2430,897944
1504640400,29.020,29.000,29.000,29.020,4549,910096
1504640460,28.980,28.980,28.980,28.980,4547,910096
1504640520,28.980,28.990,28.980,28.990,4547,910096
1504640580,28.980,29.000,28.980,29.000,4547,910096
1504640640,29.000,29.000,29.000,29.000,4547,910096
1504640700,29.010,29.030,29.010,29.030,2856,932833
1504640760,29.010,29.030,29.010,29.030,2856,932833
1504640820,29.020,29.020,29.020,29.030,2856,932833
1504640880,29.030,29.020,29.020,29.030,2856,932833
1504640940,29.020,29.030,29.020,29.030,2856,932833
1504641000,29.020,29.020,29.020,29.030,3437,947113
1504641060,29.020,29.020,29.020,29.030,3434,947113
1504641120,29.020,29.030,29.020,29.030,3434,947113
1504641180,29.020,29.030,29.020,29.030,3434,947113
1504641240,29.030,29.020,29.020,29.030,3434,947113
1504641300,29.030,29.040,29.020,29.040,21767,964286
1504641360,29.060,29.080,29.060,29.080,21765,964286
1504641420,29.080,29.090,29.080,29.090,21765,964286
1504641480,29.090,29.110,29.090,29.110,21765,964286
1504641540,29.110,29.100,29.080,29.110,21765,964286
1504704780,29.530,29.410,29.410,29.530,0,0
1504704840,29.460,29.440,29.310,29.460,0,0
1504704900,29.250,29.380,29.250,29.400,702,6210
1504704960,29.240,29.220,29.220,29.240,702,6210
1504705020,29.260,29.140,29.140,29.260,702,6210
1504705080,29.200,29.200,29.130,29.200,702,6210
1504705140,29.230,29.220,29.180,29.230,702,6210
1504705200,29.260,29.260,29.260,29.260,1418,9720
1504705260,29.210,29.260,29.210,29.260,1415,9720
1504705320,29.220,29.220,29.220,29.270,1415,9720
1504705380,29.240,29.240,29.240,29.240,1415,9720
1504705440,29.270,29.250,29.250,29.270,1415,9720
1504705500,29.290,29.290,29.280,29.290,1024,16798
1504705560,29.280,29.290,29.280,29.290,1022,16798
1504705620,29.280,29.290,29.280,29.290,1022,16798
1504705680,29.260,29.260,29.240,29.270,1022,16798
1504705740,29.300,29.300,29.300,29.300,1022,16798
1504705800,29.320,29.350,29.320,29.380,799,21910
1504705860,29.320,29.350,29.320,29.380,799,21910
1504705920,29.380,29.380,29.380,29.380,799,21910
1504705980,29.380,29.380,29.380,29.380,799,21910
1504706040,29.400,29.380,29.380,29.400,799,21910
1504706100,29.380,29.380,29.380,29.380,797,25905
1504706160,29.330,29.330,29.330,29.330,793,25905
1504706220,29.330,29.330,29.330,29.330,793,25905
1504706280,29.330,29.330,29.330,29.330,793,25905
1504706340,29.330,29.330,29.330,29.330,793,25905
1504706400,29.330,29.330,29.330,29.330,1000,29874
1504706460,29.320,29.310,29.310,29.320,1000,29874
1504706520,29.330,29.330,29.330,29.330,1000,29874
1504706580,29.350,29.350,29.350,29.350,1000,29874
1504706640,29.360,29.340,29.340,29.360,1000,29874
1504706700,29.360,29.340,29.340,29.360,771,34874
1504706760,29.350,29.350,29.350,29.350,771,34874
1504706820,29.350,29.350,29.350,29.350,771,34874
1504706880,29.340,29.340,29.340,29.340,771,34874
1504706940,29.340,29.340,29.340,29.340,771,34874
1504707000,29.290,29.270,29.250,29.290,1432,38729
1504707060,29.270,29.270,29.270,29.270,1430,38729
1504707120,29.240,29.250,29.210,29.250,1430,38729
1504707180,29.240,29.250,29.210,29.250,1430,38729
1504707240,29.230,29.220,29.220,29.230,1430,38729
1504707300,29.230,29.220,29.220,29.230,1253,45881
1504707360,29.230,29.220,29.220,29.230,1252,45881
1504707420,29.220,29.190,29.190,29.220,1252,45881
1504707480,29.160,29.130,29.130,29.160,1252,45881
1504707540,29.120,29.090,29.090,29.120,1252,45881
1504707600,29.090,29.050,29.050,29.090,2121,52142
1504707660,29.050,29.060,29.050,29.060,2119,52142
1504707720,29.070,29.060,29.060,29.070,2119,52142
1504707780,29.070,29.080,29.070,29.100,2119,52142
1504707840,29.070,29.070,29.070,29.070,2119,52142
1504707900,29.020,29.050,29.020,29.050,1557,62739
1504707960,29.030,29.030,29.030,29.030,1556,62739
1504708020,29.060,29.050,29.050,29.060,1556,62739
1504708080,29.050,29.040,29.040,29.050,1556,62739
1504708140,29.070,29.070,29.070,29.070,1556,62739
1504708200,29.070,29.070,29.070,29.070,9696,70520
1504708260,29.090,29.090,29.090,29.090,9693,70520
1504708320,29.070,29.080,29.070,29.080,9693,70520
1504708380,29.080,29.090,29.080,29.090,9693,70520
1504708440,29.080,29.090,29.080,29.090,9693,70520
1504708500,29.110,29.070,29.070,29.110,1614,118988
1504708560,29.040,29.060,29.040,29.060,1613,118988
1504708620,29.030,29.040,29.030,29.050,1613,118988
1504708680,29.020,28.980,28.980,29.020,1613,118988
1504708740,29.000,29.000,29.000,29.000,1613,118988
1504708800,29.000,29.000,29.000,29.000,312,127054
1504708860,29.000,29.020,29.000,29.020,312,127054
1504708920,29.000,29.000,29.000,29.000,312,127054
1504708980,29.000,29.000,29.000,29.000,312,127054
1504709040,29.020,29.020,29.020,29.020,312,127054
1504709100,29.040,29.010,29.010,29.040,1062,128614
1504709160,29.020,29.020,29.020,29.020,1059,128614
1504709220,29.040,29.010,29.010,29.040,1059,128614
1504709280,29.010,29.010,29.010,29.010,1059,128614
1504709340,29.020,29.020,29.020,29.020,1059,128614
1504709400,29.020,29.020,29.020,29.020,859,133912
1504709460,28.990,29.000,28.970,29.000,855,133912
1504709520,28.970,28.970,28.970,28.970,855,133912
1504709580,28.970,28.970,28.970,28.970,855,133912
1504709640,28.980,29.000,28.980,29.000,855,133912
1504709700,28.980,29.000,28.980,29.000,514,138191
1504709760,28.980,29.000,28.980,29.000,514,138191
1504709820,29.000,29.000,28.990,29.000,514,138191
1504709880,28.970,28.970,28.970,28.970,514,138191
1504709940,28.980,28.960,28.960,28.980,514,138191
1504710000,28.990,28.980,28.980,28.990,1434,140761
1504710060,28.970,28.970,28.970,28.970,1434,140761
1504710120,28.980,28.980,28.980,28.980,1434,140761
1504710180,28.960,28.950,28.940,28.960,1434,140761
1504710240,28.940,28.940,28.940,28.940,1434,140761
1504710300,28.940,28.940,28.940,28.940,1146,147931
1504710360,28.940,28.940,28.940,28.940,1143,147931
1504710420,28.940,28.940,28.940,28.940,1143,147931
1504710480,28.930,28.870,28.870,28.930,1143,147931
1504710540,28.860,28.860,28.860,28.860,1143,147931
1504710600,28.830,28.850,28.830,28.850,231,153649
1504710660,28.830,28.850,28.830,28.850,227,153649
1504710720,28.830,28.850,28.830,28.850,227,153649
1504710780,28.830,28.850,28.830,28.850,227,153649
1504710840,28.860,28.860,28.860,28.860,227,153649
1504710900,28.850,28.840,28.840,28.850,869,154788
1504710960,28.860,28.850,28.830,28.860,866,154788
1504711020,28.860,28.850,28.830,28.860,866,154788
1504711080,28.850,28.850,28.850,28.850,866,154788
1504711140,28.850,28.850,28.850,28.850,866,154788
1504711200,28.850,28.850,28.850,28.850,451,159121
1504711260,28.850,28.850,28.850,28.850,447,159121
1504711320,28.850,28.850,28.850,28.850,447,159121
1504711380,28.850,28.850,28.850,28.850,447,159121
1504711440,28.860,28.860,28.860,28.860,447,159121
1504711500,28.850,28.850,28.850,28.850,2086,161360
1504711560,28.860,28.870,28.860,28.870,2084,161360
1504711620,28.870,28.860,28.860,28.870,2084,161360
1504711680,28.830,28.840,28.820,28.840,2084,161360
1504711740,28.820,28.820,28.820,28.820,2084,161360
1504711800,28.820,28.830,28.820,28.830,693,171782
1504711860,28.820,28.820,28.820,28.830,689,171782
1504711920,28.820,28.820,28.820,28.830,689,171782
1504711980,28.850,28.850,28.850,28.850,689,171782
1504712040,28.840,28.850,28.840,28.850,689,171782
1504712100,28.840,28.850,28.840,28.850,809,175231
1504712160,28.840,28.840,28.840,28.840,808,175231
1504712220,28.850,28.850,28.850,28.850,808,175231
1504712280,28.860,28.860,28.860,28.860,808,175231
1504712340,28.870,28.870,28.870,28.870,808,175231
1504712400,28.870,28.870,28.870,28.870,285,179272
1504712460,28.870,28.870,28.870,28.870,281,179272
1504712520,28.870,28.870,28.870,28.870,281,179272
1504712580,28.870,28.850,28.850,28.870,281,179272
1504712640,28.870,28.850,28.850,28.870,281,179272
1504712700,28.870,28.850,28.850,28.870,297,180681
1504712760,28.870,28.850,28.850,28.870,296,180681
1504712820,28.870,28.850,28.850,28.870,296,180681
1504712880,28.870,28.850,28.850,28.870,296,180681
1504712940,28.850,28.850,28.850,28.850,296,180681
1504713000,28.850,28.850,28.850,28.850,1219,182162
1504713060,28.860,28.870,28.850,28.870,1216,182162
1504713120,28.860,28.870,28.850,28.870,1216,182162
1504713180,28.860,28.870,28.850,28.870,1216,182162
1504713240,28.870,28.850,28.850,28.870,1216,182162
1504713300,28.850,28.850,28.850,28.850,437,188245
1504713360,28.860,28.860,28.860,28.860,435,188245
1504713420,28.860,28.860,28.860,28.860,435,188245
1504713480,28.860,28.860,28.860,28.860,435,188245
1504713540,28.880,28.880,28.880,28.880,435,188245
1504713600,28.880,28.880,28.880,28.880,800,190422
1504713660,28.880,28.880,28.880,28.880,797,190422
1504713720,28.900,28.910,28.900,28.910,797,190422
1504713780,28.910,28.910,28.910,28.910,797,190422
1504713840,28.900,28.890,28.890,28.900,797,190422
1504713900,28.900,28.890,28.890,28.900,237,194410
1504713960,28.910,28.910,28.910,28.910,235,194410
1504714020,28.910,28.910,28.910,28.910,235,194410
1504714080,28.910,28.910,28.910,28.910,235,194410
1504714140,28.910,28.910,28.910,28.910,235,194410
1504714200,28.910,28.910,28.910,28.910,95,195587
1504714260,28.910,28.910,28.910,28.910,92,195587
1504714320,28.910,28.910,28.910,28.910,92,195587
1504714380,28.910,28.910,28.910,28.910,92,195587
1504714440,28.910,28.910,28.910,28.910,92,195587
1504714500,28.900,28.900,28.900,28.900,1405,196050
1504714560,28.890,28.870,28.870,28.890,1403,196050
1504714620,28.860,28.840,28.840,28.860,1403,196050
1504714680,28.830,28.830,28.830,28.830,1403,196050
1504714740,28.780,28.780,28.780,28.780,1403,196050
1504714800,28.770,28.770,28.770,28.770,3913,203067
1504714860,28.770,28.800,28.770,28.800,3911,203067
1504714920,28.790,28.760,28.760,28.790,3911,203067
1504714980,28.780,28.780,28.780,28.780,3911,203067
1504715040,28.780,28.780,28.770,28.790,3911,203067
1504715100,28.770,28.770,28.770,28.770,46,222624
1504715160,28.770,28.770,28.770,28.770,44,222624
1504715220,28.770,28.770,28.770,28.770,44,222624
1504715280,28.770,28.770,28.770,28.770,44,222624
1504715340,28.770,28.770,28.770,28.770,44,222624
1504715400,28.770,28.770,28.770,28.770,769,222846
1504715460,28.770,28.770,28.770,28.770,769,222846
1504715520,28.760,28.740,28.740,28.760,769,222846
1504715580,28.760,28.740,28.740,28.760,769,222846
1504715640,28.760,28.740,28.740,28.760,769,222846
1504715700,28.770,28.750,28.750,28.770,1727,226691
1504715760,28.750,28.770,28.750,28.770,1725,226691
1504715820,28.770,28.770,28.770,28.770,1725,226691
1504715880,28.770,28.770,28.770,28.770,1725,226691
1504715940,28.770,28.770,28.770,28.770,1725,226691
1504716000,28.770,28.770,28.770,28.770,821,235318
1504716060,28.770,28.770,28.770,28.770,820,235318
1504716120,28.770,28.770,28.770,28.770,820,235318
1504716180,28.790,28.790,28.790,28.790,820,235318
1504716240,28.800,28.800,28.800,28.800,820,235318
1504716300,28.790,28.780,28.780,28.790,1285,239419
1504716360,28.780,28.780,28.780,28.780,1283,239419
1504716420,28.780,28.780,28.780,28.780,1283,239419
1504716480,28.780,28.780,28.780,28.780,1283,239419
1504716540,28.780,28.780,28.780,28.780,1283,239419
1504716600,28.800,28.800,28.800,28.800,301,245836
1504716660,28.800,28.800,28.800,28.800,301,245836
1504716720,28.790,28.790,28.790,28.790,301,245836
1504716780,28.800,28.800,28.800,28.800,301,245836
1504716840,28.800,28.800,28.800,28.800,301,245836
1504716900,28.800,28.800,28.800,28.800,362,247341
1504716960,28.800,28.800,28.800,28.800,358,247341
1504717020,28.800,28.810,28.800,28.810,358,247341
1504717080,28.800,28.800,28.800,28.800,358,247341
1504717140,28.810,28.810,28.810,28.810,358,247341
1504717200,28.800,28.810,28.800,28.810,1628,249135
1504717260,28.800,28.820,28.800,28.820,1625,249135
1504717320,28.820,28.820,28.820,28.820,1625,249135
1504717380,28.820,28.840,28.820,28.840,1625,249135
1504717440,28.820,28.840,28.820,28.840,1625,249135
1504717500,28.820,28.820,28.820,28.820,8323,257263
1504717560,28.820,28.820,28.820,28.820,8320,257263
1504717620,28.830,28.810,28.800,28.830,8320,257263
1504717680,28.810,28.820,28.810,28.820,8320,257263
1504717740,28.820,28.820,28.820,28.820,8320,257263
1504717800,28.820,28.820,28.820,28.820,1607,298866
1504717860,28.830,28.820,28.820,28.830,1606,298866
1504717920,28.840,28.810,28.810,28.840,1606,298866
1504717980,28.840,28.810,28.810,28.840,1606,298866
1504718040,28.810,28.800,28.800,28.810,1606,298866
1504718100,28.800,28.770,28.770,28.800,1644,306897
1504718160,28.770,28.800,28.770,28.800,1644,306897
1504718220,28.770,28.800,28.770,28.800,1644,306897
1504718280,28.770,28.800,28.770,28.800,1644,306897
1504718340,28.770,28.800,28.770,28.800,1644,306897
1504718400,28.820,28.840,28.820,28.840,748,315117
1504718460,28.850,28.860,28.850,28.860,745,315117
1504718520,28.840,28.840,28.840,28.840,745,315117
1504718580,28.820,28.820,28.820,28.820,745,315117
1504718640,28.820,28.820,28.820,28.820,745,315117
1504718700,28.820,28.820,28.820,28.820,630,318845
1504718760,28.820,28.820,28.820,28.820,628,318845
1504718820,28.820,28.820,28.820,28.820,628,318845
1504718880,28.820,28.820,28.820,28.820,628,318845
1504718940,28.820,28.820,28.820,28.820,628,318845
1504719000,28.820,28.820,28.820,28.820,1048,321987
1504719060,28.820,28.820,28.820,28.820,1046,321987
1504719120,28.800,28.800,28.800,28.800,1046,321987
1504719180,28.810,28.800,28.790,28.810,1046,321987
1504719240,28.810,28.800,28.800,28.810,1046,321987
1504719300,28.810,28.850,28.810,28.850,2390,327219
1504719360,28.840,28.840,28.840,28.840,2389,327219
1504719420,28.860,28.840,28.840,28.860,2389,327219
1504719480,28.850,28.850,28.850,28.850,2389,327219
1504719540,28.860,28.850,28.850,28.860,2389,327219
1504719600,28.860,28.840,28.840,28.860,636,339165
1504719660,28.840,28.840,28.840,28.840,636,339165
1504719720,28.820,28.820,28.820,28.820,636,339165
1504719780,28.820,28.820,28.820,28.820,636,339165
1504719840,28.810,28.810,28.810,28.810,636,339165
1504719900,28.800,28.800,28.800,28.800,306,342345
1504719960,28.800,28.800,28.800,28.800,303,342345
1504720020,28.820,28.810,28.810,28.820,303,342345
1504720080,28.820,28.810,28.810,28.820,303,342345
1504720140,28.820,28.820,28.820,28.820,303,342345
1504720200,28.830,28.820,28.820,28.830,901,343863
1504720260,28.830,28.830,28.830,28.830,900,343863
1504720320,28.800,28.800,28.800,28.800,900,343863
1504720380,28.800,28.800,28.800,28.800,900,343863
1504720440,28.800,28.790,28.790,28.800,900,343863
1504720500,28.800,28.790,28.790,28.800,225,348364
1504720560,28.800,28.790,28.790,28.800,224,348364
1504720620,28.800,28.800,28.800,28.800,224,348364
1504720680,28.800,28.800,28.800,28.800,224,348364
1504720740,28.800,28.780,28.780,28.800,224,348364
1504720800,28.800,28.780,28.780,28.800,817,349485
1504720860,28.800,28.780,28.780,28.800,813,349485
1504720920,28.800,28.820,28.800,28.820,813,349485
1504720980,28.810,28.810,28.810,28.820,813,349485
1504721040,28.840,28.840,28.840,28.840,813,349485
1504721100,28.830,28.820,28.820,28.830,500,353554
1504721160,28.830,28.830,28.830,28.830,500,353554
1504721220,28.830,28.830,28.830,28.830,500,353554
1504721280,28.830,28.830,28.830,28.830,500,353554
1504721340,28.840,28.830,28.830,28.840,500,353554
1504721400,28.840,28.830,28.830,28.840,440,356054
1504721460,28.840,28.830,28.830,28.840,439,356054
1504721520,28.830,28.830,28.830,28.830,439,356054
1504721580,28.830,28.830,28.830,28.830,439,356054
1504721640,28.830,28.830,28.830,28.830,439,356054
1504721700,28.840,28.840,28.840,28.840,2336,358250
1504721760,28.820,28.820,28.820,28.830,2333,358250
1504721820,28.790,28.770,28.770,28.790,2333,358250
1504721880,28.770,28.780,28.770,28.780,2333,358250
1504721940,28.800,28.800,28.800,28.800,2333,358250
1504722000,28.810,28.810,28.810,28.810,376,369918
1504722060,28.810,28.810,28.810,28.810,372,369918
1504722120,28.810,28.810,28.810,28.810,372,369918
1504722180,28.820,28.820,28.820,28.820,372,369918
1504722240,28.830,28.830,28.830,28.830,372,369918
1504722300,28.820,28.820,28.820,28.820,629,371782
1504722360,28.810,28.810,28.810,28.810,626,371782
1504722420,28.810,28.810,28.810,28.810,626,371782
1504722480,28.800,28.800,28.800,28.810,626,371782
1504722540,28.800,28.800,28.800,28.800,626,371782
1504722600,28.800,28.800,28.800,28.800,1204,374915
1504722660,28.800,28.810,28.800,28.810,1203,374915
1504722720,28.800,28.790,28.790,28.800,1203,374915
1504722780,28.770,28.750,28.750,28.770,1203,374915
1504722840,28.770,28.770,28.770,28.770,1203,374915
1504722900,28.770,28.770,28.770,28.770,438,380931
1504722960,28.770,28.770,28.770,28.770,437,380931
1504723020,28.750,28.750,28.750,28.750,437,380931
1504723080,28.750,28.750,28.750,28.750,437,380931
1504723140,28.750,28.750,28.750,28.750,437,380931
1504723200,28.750,28.750,28.750,28.750,531,383117
1504723260,28.760,28.760,28.750,28.760,530,383117
1504723320,28.750,28.750,28.750,28.750,530,383117
1504723380,28.750,28.750,28.750,28.750,530,383117
1504723440,28.750,28.750,28.750,28.750,530,383117
1504723500,28.720,28.730,28.720,28.730,905,385768
1504723560,28.740,28.740,28.740,28.740,904,385768
1504723620,28.740,28.740,28.740,28.740,904,385768
1504723680,28.740,28.740,28.740,28.740,904,385768
1504723740,28.740,28.720,28.720,28.740,904,385768
1504723800,28.730,28.740,28.730,28.740,1093,390289
1504723860,28.750,28.750,28.750,28.750,1093,390289
1504723920,28.750,28.750,28.750,28.750,1093,390289
1504723980,28.750,28.750,28.750,28.750,1093,390289
1504724040,28.740,28.770,28.740,28.770,1093,390289
1504724100,28.770,28.790,28.770,28.790,505,395754
1504724160,28.780,28.770,28.770,28.780,504,395754
1504724220,28.780,28.770,28.770,28.780,504,395754
1504724280,28.780,28.770,28.770,28.780,504,395754
1504724340,28.770,28.770,28.770,28.770,504,395754
1504724400,28.780,28.770,28.770,28.780,737,398275
1504724460,28.750,28.740,28.740,28.760,735,398275
1504724520,28.740,28.750,28.740,28.750,735,398275
1504724580,28.740,28.740,28.740,28.740,735,398275
1504724640,28.740,28.740,28.740,28.740,735,398275
1504724700,28.750,28.760,28.750,28.760,4488,401952
1504724760,28.750,28.760,28.750,28.760,4486,401952
1504724820,28.750,28.760,28.750,28.760,4486,401952
1504724880,28.750,28.750,28.750,28.750,4486,401952
1504724940,28.760,28.750,28.750,28.780,4486,401952
1504725000,28.760,28.750,28.750,28.780,615,424384
1504725060,28.750,28.750,28.750,28.750,614,424384
1504725120,28.750,28.750,28.750,28.750,614,424384
1504725180,28.750,28.760,28.750,28.760,614,424384
1504725240,28.750,28.750,28.750,28.750,614,424384
1504725300,28.740,28.740,28.740,28.740,2625,427455
1504725360,28.740,28.740,28.740,28.740,2622,427455
1504725420,28.740,28.740,28.740,28.740,2622,427455
1504725480,28.740,28.740,28.740,28.740,2622,427455
1504725540,28.740,28.740,28.740,28.750,2622,427455
1504725600,28.740,28.760,28.740,28.760,1899,440568
1504725660,28.750,28.760,28.750,28.760,1896,440568
1504725720,28.760,28.760,28.760,28.760,1896,440568
1504725780,28.760,28.760,28.760,28.760,1896,440568
1504725840,28.750,28.750,28.750,28.750,1896,440568
1504725900,28.770,28.770,28.760,28.770,1265,450051
1504725960,28.770,28.770,28.770,28.770,1261,450051
1504726020,28.770,28.770,28.760,28.770,1261,450051
1504726080,28.770,28.770,28.770,28.770,1261,450051
1504726140,28.770,28.770,28.770,28.770,1261,450051
1504726200,28.770,28.760,28.760,28.770,2182,456360
1504726260,28.750,28.740,28.740,28.750,2179,456360
1504726320,28.740,28.740,28.740,28.740,2179,456360
1504726380,28.740,28.740,28.740,28.740,2179,456360
1504726440,28.740,28.750,28.740,28.750,2179,456360
1504726500,28.740,28.740,28.740,28.750,19123,467258
1504726560,28.750,28.750,28.750,28.750,19120,467258
1504726620,28.750,28.750,28.740,28.750,19120,467258
1504726680,28.750,28.750,28.750,28.750,19120,467258
1504726740,28.750,28.750,28.740,28.750,19120,467258
1504726800,28.740,28.710,28.710,28.750,5677,562861
1504726860,28.690,28.680,28.680,28.690,5674,562861
1504726920,28.670,28.630,28.630,28.670,5674,562861
1504726980,28.620,28.630,28.620,28.630,5674,562861
1504727040,28.630,28.610,28.610,28.630,5674,562861
1504727100,28.600,28.580,28.580,28.600,5262,591234
1504727160,28.590,28.580,28.580,28.590,5261,591234
1504727220,28.580,28.580,28.580,28.590,5261,591234
1504727280,28.580,28.580,28.580,28.590,5261,591234
1504727340,28.580,28.540,28.540,28.580,5261,591234
1504727400,28.540,28.540,28.530,28.540,7137,617540
1504727460,28.530,28.540,28.530,28.540,7136,617540
1504727520,28.540,28.550,28.540,28.550,7136,617540
1504727580,28.550,28.550,28.540,28.550,7136,617540
1504727640,28.550,28.540,28.540,28.550,7136,617540
1504727700,28.540,28.520,28.520,28.540,18448,653221
1504727760,28.520,28.510,28.510,28.520,18446,653221
1504727820,28.510,28.520,28.510,28.520,18446,653221
1504727880,28.520,28.510,28.510,28.520,18446,653221
1504727940,28.520,28.520,28.510,28.520,18446,653221
1504791060,28.780,28.780,28.780,28.780,0,0
1504791120,28.780,28.780,28.780,28.780,0,0
1504791180,28.620,28.610,28.610,28.620,0,0
1504791240,28.610,28.610,28.610,28.610,0,0
1504791300,28.590,28.580,28.580,28.590,1216,6959
1504791360,28.560,28.570,28.560,28.570,1216,6959
1504791420,28.540,28.580,28.540,28.580,1216,6959
1504791480,28.530,28.530,28.530,28.530,1216,6959
1504791540,28.510,28.510,28.510,28.510,1216,6959
1504791600,28.550,28.550,28.550,28.550,899,13039
1504791660,28.540,28.570,28.540,28.570,895,13039
1504791720,28.540,28.570,28.540,28.570,895,13039
1504791780,28.640,28.700,28.640,28.700,895,13039
1504791840,28.640,28.700,28.640,28.700,895,13039
1504791900,28.660,28.660,28.660,28.660,1093,17518
1504791960,28.600,28.590,28.590,28.600,1090,17518
1504792020,28.580,28.680,28.570,28.680,1090,17518
1504792080,28.610,28.600,28.600,28.610,1090,17518
1504792140,28.610,28.620,28.610,28.620,1090,17518
1504792200,28.630,28.620,28.620,28.630,161,22971
1504792260,28.630,28.620,28.620,28.630,157,22971
1504792320,28.610,28.610,28.610,28.610,157,22971
1504792380,28.610,28.610,28.610,28.610,157,22971
1504792440,28.610,28.610,28.610,28.610,157,22971
1504792500,28.630,28.640,28.630,28.660,1638,23760
1504792560,28.650,28.650,28.650,28.650,1637,23760
1504792620,28.650,28.650,28.650,28.650,1637,23760
1504792680,28.740,28.740,28.740,28.740,1637,23760
1504792740,28.810,28.810,28.810,28.810,1637,23760
1504792800,28.790,28.810,28.780,28.810,2440,31946
1504792860,28.800,28.800,28.800,28.800,2440,31946
1504792920,28.800,28.820,28.800,28.820,2440,31946
1504792980,28.820,28.820,28.820,28.820,2440,31946
1504793040,28.840,28.790,28.790,28.840,2440,31946
1504793100,28.800,28.800,28.800,28.800,1482,44146
1504793160,28.820,28.840,28.820,28.840,1478,44146
1504793220,28.820,28.840,28.820,28.840,1478,44146
1504793280,28.840,28.860,28.840,28.880,1478,44146
1504793340,28.840,28.860,28.840,28.880,1478,44146
1504793400,28.840,28.860,28.840,28.880,924,51540
1504793460,28.870,28.850,28.850,28.870,920,51540
1504793520,28.860,28.850,28.850,28.870,920,51540
1504793580,28.880,28.880,28.880,28.880,920,51540
1504793640,28.900,28.900,28.900,28.900,920,51540
1504793700,28.890,28.910,28.890,28.910,2943,56144
1504793760,28.930,28.930,28.930,28.930,2941,56144
1504793820,28.950,28.980,28.950,28.980,2941,56144
1504793880,28.990,29.050,28.990,29.050,2941,56144
1504793940,29.030,29.030,29.020,29.030,2941,56144
1504794000,29.020,29.020,29.020,29.020,2890,70851
1504794060,29.010,28.990,28.990,29.010,2888,70851
1504794120,28.960,28.950,28.950,28.960,2888,70851
1504794180,28.960,28.950,28.950,28.960,2888,70851
1504794240,29.000,29.000,28.990,29.000,2888,70851
1504794300,28.990,29.000,28.990,29.000,3345,85293
1504794360,28.990,29.000,28.990,29.000,3344,85293
1504794420,29.000,28.990,28.980,29.000,3344,85293
1504794480,28.980,28.990,28.980,28.990,3344,85293
1504794540,29.000,29.000,29.000,29.000,3344,85293
1504794600,29.050,29.040,29.040,29.050,1350,102014
1504794660,29.020,28.990,28.990,29.020,1347,102014
1504794720,29.010,29.010,29.010,29.010,1347,102014
1504794780,29.060,29.060,29.060,29.060,1347,102014
1504794840,29.060,29.060,29.060,29.060,1347,102014
1504794900,29.090,29.100,29.090,29.100,2840,108752
1504794960,29.100,29.090,29.090,29.100,2840,108752
1504795020,29.090,29.060,29.050,29.090,2840,108752
1504795080,29.060,29.080,29.060,29.080,2840,108752
1504795140,29.090,29.090,29.090,29.100,2840,108752
1504795200,29.090,29.090,29.090,29.100,11944,122952
1504795260,29.090,29.100,29.080,29.100,11942,122952
1504795320,29.110,29.130,29.110,29.140,11942,122952
1504795380,29.120,29.120,29.120,29.130,11942,122952
1504795440,29.120,29.110,29.110,29.120,11942,122952
1504795500,29.110,29.110,29.110,29.110,3111,182664
1504795560,29.110,29.110,29.110,29.120,3110,182664
1504795620,29.120,29.110,29.110,29.120,3110,182664
1504795680,29.110,29.110,29.110,29.120,3110,182664
1504795740,29.110,29.110,29.110,29.110,3110,182664
1504795800,29.090,29.100,29.090,29.100,1484,198215
1504795860,29.090,29.080,29.080,29.090,1481,198215
1504795920,29.100,29.100,29.100,29.100,1481,198215
1504795980,29.100,29.100,29.100,29.110,1481,198215
1504796040,29.110,29.110,29.110,29.110,1481,198215
1504796100,29.110,29.110,29.110,29.110,2101,205623
1504796160,29.110,29.110,29.110,29.110,2101,205623
1504796220,29.110,29.140,29.110,29.140,2101,205623
1504796280,29.140,29.130,29.130,29.140,2101,205623
1504796340,29.130,29.140,29.130,29.140,2101,205623
1504796400,29.140,29.140,29.140,29.140,2058,216128
1504796460,29.140,29.130,29.130,29.140,2058,216128
1504796520,29.140,29.130,29.130,29.140,2058,216128
1504796580,29.140,29.130,29.130,29.140,2058,216128
1504796640,29.120,29.120,29.120,29.120,2058,216128
1504796700,29.120,29.130,29.120,29.130,1218,226418
1504796760,29.130,29.130,29.130,29.130,1218,226418
1504796820,29.110,29.100,29.100,29.110,1218,226418
1504796880,29.070,29.070,29.070,29.070,1218,226418
1504796940,29.040,29.000,29.000,29.040,1218,226418
1504797000,29.000,29.000,29.000,29.000,1432,232508
1504797060,29.000,29.000,29.000,29.000,1428,232508
1504797120,29.000,29.010,29.000,29.010,1428,232508
1504797180,29.000,29.010,29.000,29.010,1428,232508
1504797240,29.020,29.030,29.020,29.030,1428,232508
1504797300,29.020,29.030,29.020,29.030,1321,239652
1504797360,29.030,29.050,29.020,29.050,1319,239652
1504797420,29.070,29.040,29.040,29.070,1319,239652
1504797480,29.020,29.010,29.000,29.030,1319,239652
1504797540,29.020,29.020,29.020,29.020,1319,239652
1504797600,29.000,29.000,29.000,29.000,481,246249
1504797660,29.020,29.030,29.020,29.030,478,246249
1504797720,29.020,29.030,29.020,29.030,478,246249
1504797780,29.030,29.030,29.030,29.030,478,246249
1504797840,29.030,29.030,29.030,29.030,478,246249
1504797900,29.040,29.020,29.020,29.040,1161,248642
1504797960,29.010,29.000,29.000,29.010,1159,248642
1504798020,29.000,29.020,29.000,29.020,1159,248642
1504798080,29.020,29.020,29.020,29.020,1159,248642
1504798140,29.020,29.020,29.020,29.020,1159,248642
1504798200,29.020,29.020,29.020,29.020,1668,254439
1504798260,29.010,29.010,29.010,29.010,1667,254439
1504798320,29.000,29.000,29.000,29.000,1667,254439
1504798380,29.000,29.000,29.000,29.000,1667,254439
1504798440,29.000,29.000,29.000,29.000,1667,254439
1504798500,29.010,29.040,29.010,29.040,960,262775
1504798560,29.040,29.050,29.040,29.050,957,262775
1504798620,29.040,29.040,29.040,29.040,957,262775
1504798680,29.040,29.040,29.040,29.040,957,262775
1504798740,29.040,29.040,29.040,29.040,957,262775
1504798800,29.040,29.040,29.040,29.040,554,267563
1504798860,29.070,29.030,29.030,29.070,554,267563
1504798920,29.070,29.030,29.030,29.070,554,267563
1504798980,29.070,29.030,29.030,29.070,554,267563
1504799040,29.020,29.020,29.020,29.020,554,267563
1504799100,29.020,29.020,29.020,29.020,572,270333
1504799160,29.030,29.030,29.030,29.030,572,270333
1504799220,29.030,29.030,29.030,29.030,572,270333
1504799280,29.020,29.000,29.000,29.020,572,270333
1504799340,29.020,29.000,29.000,29.020,572,270333
1504799400,29.020,29.000,29.000,29.020,870,273193
1504799460,29.010,29.010,29.010,29.010,868,273193
1504799520,29.030,29.000,29.000,29.030,868,273193
1504799580,29.040,29.040,29.040,29.040,868,273193
1504799640,29.030,29.030,29.030,29.030,868,273193
1504799700,29.030,29.030,29.030,29.030,410,277535
1504799760,29.050,29.040,29.040,29.050,409,277535
1504799820,29.040,29.060,29.040,29.060,409,277535
1504799880,29.040,29.060,29.040,29.060,409,277535
1504799940,29.040,29.060,29.040,29.060,409,277535
1504800000,29.040,29.040,29.040,29.040,747,279581
1504800060,29.040,29.040,29.040,29.040,747,279581
1504800120,29.040,29.060,29.040,29.060,747,279581
1504800180,29.040,29.060,29.040,29.060,747,279581
1504800240,29.050,29.030,29.030,29.050,747,279581
1504800300,29.050,29.030,29.030,29.050,548,283316
1504800360,29.070,29.070,29.070,29.070,547,283316
1504800420,29.070,29.070,29.070,29.070,547,283316
1504800480,29.080,29.100,29.080,29.100,547,283316
1504800540,29.080,29.100,29.080,29.100,547,283316
1504800600,29.080,29.080,29.080,29.080,479,286052
1504800660,29.080,29.080,29.080,29.080,478,286052
1504800720,29.080,29.070,29.070,29.080,478,286052
1504800780,29.080,29.070,29.070,29.080,478,286052
1504800840,29.080,29.070,29.070,29.090,478,286052
1504800900,29.070,29.070,29.070,29.070,257,288443
1504800960,29.070,29.070,29.070,29.070,257,288443
1504801020,29.070,29.070,29.070,29.070,257,288443
1504801080,29.070,29.070,29.070,29.070,257,288443
1504801140,29.070,29.070,29.070,29.070,257,288443
1504801200,29.070,29.070,29.070,29.070,621,289728
1504801260,29.080,29.060,29.060,29.080,620,289728
1504801320,29.050,29.050,29.050,29.050,620,289728
1504801380,29.050,29.050,29.050,29.050,620,289728
1504801440,29.050,29.050,29.050,29.050,620,289728
1504801500,29.050,29.050,29.050,29.050,1080,292829
1504801560,29.060,29.070,29.060,29.070,1077,292829
1504801620,29.070,29.070,29.070,29.070,1077,292829
1504801680,29.070,29.060,29.060,29.070,1077,292829
1504801740,29.060,29.050,29.050,29.060,1077,292829
1504801800,29.050,29.070,29.050,29.070,484,298217
1504801860,29.050,29.070,29.050,29.070,483,298217
1504801920,29.050,29.070,29.050,29.070,483,298217
1504801980,29.040,29.040,29.040,29.040,483,298217
1504802040,29.040,29.040,29.040,29.040,483,298217
1504802100,29.030,29.010,29.010,29.030,2691,300633
1504802160,29.010,29.020,29.010,29.020,2687,300633
1504802220,29.010,29.010,29.010,29.020,2687,300633
1504802280,29.000,29.020,29.000,29.020,2687,300633
1504802340,29.020,29.030,29.020,29.030,2687,300633
1504802400,29.030,29.050,29.030,29.050,1999,314072
1504802460,29.050,29.080,29.050,29.080,1999,314072
1504802520,29.080,29.070,29.070,29.080,1999,314072
1504802580,29.060,29.070,29.060,29.070,1999,314072
1504802640,29.060,29.070,29.060,29.070,1999,314072
1504802700,29.070,29.050,29.050,29.070,2514,324067
1504802760,29.040,29.030,29.020,29.040,2510,324067
1504802820,29.040,29.020,29.010,29.040,2510,324067
1504802880,29.020,29.020,29.020,29.020,2510,324067
1504802940,29.020,29.020,29.020,29.020,2510,324067
1504803000,29.020,29.020,29.020,29.030,1090,336621
1504803060,29.020,29.020,29.020,29.020,1089,336621
1504803120,29.020,29.020,29.020,29.020,1089,336621
1504803180,29.020,29.020,29.020,29.020,1089,336621
1504803240,29.020,29.020,29.020,29.020,1089,336621
1504803300,29.020,29.040,29.020,29.040,1550,342067
1504803360,29.030,29.040,29.030,29.040,1548,342067
1504803420,29.040,29.060,29.040,29.060,1548,342067
1504803480,29.050,29.050,29.050,29.050,1548,342067
1504803540,29.050,29.050,29.050,29.050,1548,342067
1504803600,29.050,29.050,29.050,29.050,1053,349809
1504803660,29.050,29.050,29.050,29.050,1051,349809
1504803720,29.060,29.050,29.050,29.060,1051,349809
1504803780,29.050,29.050,29.050,29.050,1051,349809
1504803840,29.050,29.050,29.050,29.050,1051,349809
1504803900,29.060,29.050,29.050,29.060,1394,355066
1504803960,29.050,29.050,29.050,29.050,1393,355066
1504804020,29.060,29.070,29.050,29.070,1393,355066
1504804080,29.080,29.080,29.080,29.080,1393,355066
1504804140,29.090,29.090,29.090,29.090,1393,355066
1504804200,29.090,29.100,29.090,29.100,1609,362032
1504804260,29.110,29.110,29.110,29.110,1607,362032
1504804320,29.110,29.130,29.110,29.130,1607,362032
1504804380,29.140,29.140,29.140,29.140,1607,362032
1504804440,29.150,29.170,29.150,29.170,1607,362032
1504804500,29.160,29.160,29.160,29.160,2694,370069
1504804560,29.170,29.220,29.170,29.220,2693,370069
1504804620,29.250,29.270,29.250,29.280,2693,370069
1504804680,29.270,29.270,29.270,29.270,2693,370069
1504804740,29.290,29.290,29.290,29.290,2693,370069
1504804800,29.290,29.320,29.290,29.320,1704,383535
1504804860,29.320,29.320,29.320,29.320,1703,383535
1504804920,29.320,29.330,29.320,29.330,1703,383535
1504804980,29.320,29.300,29.300,29.330,1703,383535
1504805040,29.320,29.300,29.300,29.330,1703,383535
1504805100,29.320,29.300,29.300,29.330,387,392051
1504805160,29.320,29.300,29.300,29.330,385,392051
1504805220,29.310,29.320,29.310,29.320,385,392051
1504805280,29.310,29.320,29.310,29.320,385,392051
1504805340,29.320,29.310,29.310,29.320,385,392051
1504805400,29.310,29.300,29.300,29.310,1176,393978
1504805460,29.310,29.310,29.310,29.310,1173,393978
1504805520,29.310,29.310,29.310,29.310,1173,393978
1504805580,29.320,29.320,29.320,29.320,1173,393978
1504805640,29.330,29.330,29.330,29.330,1173,393978
1504805700,29.350,29.350,29.350,29.350,2856,399846
1504805760,29.360,29.360,29.350,29.360,2852,399846
1504805820,29.360,29.360,29.360,29.360,2852,399846
1504805880,29.360,29.370,29.360,29.370,2852,399846
1504805940,29.380,29.390,29.380,29.390,2852,399846
1504806000,29.380,29.390,29.380,29.390,2136,414110
1504806060,29.390,29.400,29.390,29.410,2134,414110
1504806120,29.410,29.400,29.400,29.410,2134,414110
1504806180,29.400,29.390,29.380,29.400,2134,414110
1504806240,29.390,29.380,29.380,29.390,2134,414110
1504806300,29.390,29.390,29.390,29.390,1054,424782
1504806360,29.400,29.430,29.390,29.430,1052,424782
1504806420,29.450,29.430,29.430,29.450,1052,424782
1504806480,29.420,29.420,29.420,29.420,1052,424782
1504806540,29.420,29.420,29.420,29.420,1052,424782
1504806600,29.410,29.420,29.410,29.430,3573,430044
1504806660,29.430,29.420,29.420,29.430,3573,430044
1504806720,29.390,29.340,29.340,29.390,3573,430044
1504806780,29.340,29.340,29.340,29.340,3573,430044
1504806840,29.320,29.310,29.310,29.320,3573,430044
1504806900,29.300,29.300,29.290,29.300,559,447909
1504806960,29.300,29.300,29.290,29.300,556,447909
1504807020,29.300,29.300,29.290,29.300,556,447909
1504807080,29.300,29.300,29.290,29.300,556,447909
1504807140,29.300,29.300,29.300,29.300,556,447909
1504807200,29.300,29.300,29.300,29.300,1074,450692
1504807260,29.290,29.320,29.290,29.320,1071,450692
1504807320,29.320,29.330,29.320,29.330,1071,450692
1504807380,29.330,29.320,29.320,29.330,1071,450692
1504807440,29.350,29.350,29.350,29.350,1071,450692
1504807500,29.360,29.360,29.350,29.360,1987,456050
1504807560,29.360,29.360,29.360,29.360,1985,456050
1504807620,29.370,29.390,29.370,29.390,1985,456050
1504807680,29.390,29.450,29.390,29.450,1985,456050
1504807740,29.450,29.440,29.440,29.450,1985,456050
1504807800,29.450,29.440,29.440,29.450,1854,465977
1504807860,29.450,29.450,29.450,29.450,1852,465977
1504807920,29.460,29.440,29.440,29.460,1852,465977
1504807980,29.450,29.480,29.450,29.480,1852,465977
1504808040,29.480,29.480,29.480,29.480,1852,465977
1504808100,29.480,29.500,29.480,29.510,1653,475239
1504808160,29.500,29.510,29.500,29.510,1649,475239
1504808220,29.510,29.520,29.510,29.520,1649,475239
1504808280,29.530,29.530,29.530,29.540,1649,475239
1504808340,29.530,29.530,29.530,29.530,1649,475239
1504808400,29.530,29.530,29.530,29.530,2163,483488
1504808460,29.510,29.500,29.500,29.510,2159,483488
1504808520,29.510,29.520,29.510,29.530,2159,483488
1504808580,29.510,29.510,29.510,29.510,2159,483488
1504808640,29.510,29.540,29.510,29.540,2159,483488
1504808700,29.530,29.530,29.530,29.530,1256,494287
1504808760,29.520,29.540,29.520,29.540,1256,494287
1504808820,29.550,29.540,29.540,29.550,1256,494287
1504808880,29.520,29.530,29.520,29.530,1256,494287
1504808940,29.550,29.550,29.550,29.550,1256,494287
1504809000,29.550,29.550,29.550,29.550,2234,500567
1504809060,29.550,29.550,29.550,29.550,2230,500567
1504809120,29.550,29.550,29.550,29.550,2230,500567
1504809180,29.550,29.550,29.550,29.550,2230,500567
1504809240,29.550,29.560,29.550,29.570,2230,500567
1504809300,29.550,29.510,29.510,29.550,1140,511721
1504809360,29.510,29.500,29.500,29.510,1136,511721
1504809420,29.480,29.480,29.480,29.480,1136,511721
1504809480,29.480,29.480,29.480,29.480,1136,511721
1504809540,29.480,29.480,29.480,29.480,1136,511721
1504809600,29.480,29.490,29.480,29.490,1401,517405
1504809660,29.500,29.500,29.500,29.500,1400,517405
1504809720,29.500,29.490,29.490,29.500,1400,517405
1504809780,29.500,29.500,29.500,29.500,1400,517405
1504809840,29.510,29.510,29.510,29.510,1400,517405
1504809900,29.510,29.520,29.510,29.520,1557,524406
1504809960,29.520,29.510,29.510,29.520,1553,524406
1504810020,29.510,29.520,29.510,29.520,1553,524406
1504810080,29.520,29.510,29.510,29.520,1553,524406
1504810140,29.520,29.530,29.520,29.540,1553,524406
1504810200,29.530,29.550,29.530,29.550,2274,532175
1504810260,29.560,29.570,29.560,29.570,2271,532175
1504810320,29.570,29.580,29.570,29.590,2271,532175
1504810380,29.580,29.580,29.580,29.600,2271,532175
1504810440,29.580,29.580,29.580,29.580,2271,532175
1504810500,29.580,29.570,29.570,29.580,1942,543533
1504810560,29.570,29.550,29.550,29.570,1941,543533
1504810620,29.540,29.540,29.540,29.540,1941,543533
1504810680,29.540,29.550,29.540,29.550,1941,543533
1504810740,29.550,29.540,29.540,29.550,1941,543533
1504810800,29.520,29.520,29.520,29.520,1777,553239
1504810860,29.520,29.520,29.520,29.520,1775,553239
1504810920,29.510,29.500,29.500,29.510,1775,553239
1504810980,29.480,29.480,29.470,29.480,1775,553239
1504811040,29.470,29.450,29.450,29.470,1775,553239
1504811100,29.440,29.450,29.440,29.450,3797,562116
1504811160,29.450,29.430,29.430,29.450,3793,562116
1504811220,29.430,29.440,29.430,29.440,3793,562116
1504811280,29.420,29.410,29.410,29.420,3793,562116
1504811340,29.410,29.380,29.380,29.410,3793,562116
1504811400,29.360,29.360,29.360,29.360,4171,581085
1504811460,29.360,29.360,29.360,29.360,4169,581085
1504811520,29.350,29.370,29.350,29.370,4169,581085
1504811580,29.340,29.320,29.320,29.340,4169,581085
1504811640,29.320,29.330,29.320,29.350,4169,581085
1504811700,29.330,29.320,29.320,29.330,3694,601932
1504811760,29.310,29.300,29.300,29.310,3691,601932
1504811820,29.300,29.290,29.290,29.300,3691,601932
1504811880,29.290,29.290,29.280,29.300,3691,601932
1504811940,29.290,29.280,29.270,29.290,3691,601932
1504812000,29.270,29.270,29.270,29.270,2155,620390
1504812060,29.270,29.260,29.260,29.270,2153,620390
1504812120,29.260,29.250,29.250,29.260,2153,620390
1504812180,29.250,29.260,29.250,29.260,2153,620390
1504812240,29.250,29.230,29.230,29.250,2153,620390
1504812300,29.240,29.230,29.230,29.240,2599,631157
1504812360,29.230,29.230,29.230,29.240,2598,631157
1504812420,29.240,29.230,29.230,29.240,2598,631157
1504812480,29.230,29.240,29.230,29.250,2598,631157
1504812540,29.250,29.270,29.250,29.270,2598,631157
1504812600,29.270,29.270,29.270,29.270,4348,644148
1504812660,29.270,29.300,29.270,29.300,4346,644148
1504812720,29.300,29.300,29.290,29.300,4346,644148
1504812780,29.300,29.290,29.290,29.300,4346,644148
1504812840,29.290,29.290,29.290,29.290,4346,644148
1504812900,29.290,29.300,29.290,29.300,3535,665880
1504812960,29.290,29.300,29.290,29.300,3532,665880
1504813020,29.300,29.300,29.300,29.300,3532,665880
1504813080,29.300,29.310,29.300,29.310,3532,665880
1504813140,29.310,29.310,29.290,29.320,3532,665880
1504813200,29.320,29.350,29.320,29.350,3556,683543
1504813260,29.360,29.380,29.360,29.380,3553,683543
1504813320,29.380,29.360,29.360,29.380,3553,683543
1504813380,29.360,29.360,29.360,29.360,3553,683543
1504813440,29.360,29.360,29.360,29.360,3553,683543
1504813500,29.360,29.360,29.360,29.370,3821,701311
1504813560,29.360,29.370,29.360,29.370,3820,701311
1504813620,29.370,29.370,29.360,29.370,3820,701311
1504813680,29.370,29.390,29.370,29.390,3820,701311
1504813740,29.410,29.410,29.410,29.410,3820,701311
1504813800,29.410,29.420,29.410,29.420,5116,720412
1504813860,29.410,29.420,29.410,29.420,5113,720412
1504813920,29.410,29.420,29.410,29.420,5113,720412
1504813980,29.410,29.430,29.410,29.430,5113,720412
1504814040,29.430,29.450,29.420,29.450,5113,720412
1504814100,29.440,29.460,29.440,29.460,9779,745980
1504814160,29.460,29.460,29.450,29.460,9777,745980
1504814220,29.460,29.460,29.460,29.460,9777,745980
1504814280,29.470,29.460,29.460,29.470,9777,745980
1504814340,29.470,29.460,29.460,29.470,9777,745980
1504877700,29.270,29.300,29.270,29.300,1550,0
1504877760,29.290,29.290,29.290,29.290,1549,0
1504877820,29.290,29.290,29.290,29.290,1549,0
1504877880,29.320,29.320,29.320,29.320,1549,0
1504877940,29.370,29.310,29.310,29.370,1549,0
1504878000,29.260,29.260,29.260,29.260,333,7746
1504878060,29.260,29.260,29.260,29.260,329,7746
1504878120,29.260,29.260,29.260,29.260,329,7746
1504878180,29.260,29.260,29.260,29.260,329,7746
1504878240,29.280,29.280,29.280,29.280,329,7746
1504878300,29.280,29.280,29.280,29.280,447,9395
1504878360,29.230,29.220,29.220,29.230,444,9395
1504878420,29.210,29.210,29.210,29.210,444,9395
1504878480,29.210,29.200,29.200,29.210,444,9395
1504878540,29.210,29.200,29.200,29.210,444,9395
1504878600,29.210,29.200,29.200,29.210,591,11618
1504878660,29.150,29.130,29.130,29.150,587,11618
1504878720,29.090,29.090,29.090,29.090,587,11618
1504878780,29.090,29.090,29.090,29.090,587,11618
1504878840,29.090,29.090,29.090,29.090,587,11618
1504878900,29.090,29.090,29.090,29.120,683,14557
1504878960,29.110,29.110,29.110,29.110,679,14557
1504879020,29.150,29.150,29.150,29.150,679,14557
1504879080,29.150,29.150,29.150,29.150,679,14557
1504879140,29.150,29.150,29.150,29.150,679,14557
1504879200,29.180,29.190,29.180,29.190,406,17956
1504879260,29.240,29.210,29.210,29.240,403,17956
1504879320,29.240,29.210,29.210,29.240,403,17956
1504879380,29.240,29.210,29.210,29.240,403,17956
1504879440,29.190,29.190,29.190,29.190,403,17956
1504879500,29.200,29.200,29.200,29.200,396,19974
1504879560,29.220,29.220,29.220,29.220,393,19974
1504879620,29.240,29.230,29.230,29.240,393,19974
1504879680,29.260,29.260,29.260,29.260,393,19974
1504879740,29.280,29.280,29.280,29.280,393,19974
1504879800,29.280,29.280,29.280,29.280,313,21942
1504879860,29.280,29.280,29.280,29.280,313,21942
1504879920,29.270,29.260,29.260,29.270,313,21942
1504879980,29.270,29.260,29.260,29.270,313,21942
1504880040,29.270,29.260,29.260,29.270,313,21942
1504880100,29.270,29.260,29.260,29.270,406,23507
1504880160,29.210,29.230,29.210,29.230,404,23507
1504880220,29.210,29.230,29.210,29.230,404,23507
1504880280,29.210,29.230,29.210,29.230,404,23507
1504880340,29.170,29.170,29.170,29.170,404,23507
1504880400,29.170,29.170,29.170,29.170,883,25529
1504880460,29.170,29.170,29.170,29.170,880,25529
1504880520,29.200,29.190,29.190,29.200,880,25529
1504880580,29.200,29.200,29.200,29.200,880,25529
1504880640,29.200,29.270,29.200,29.270,880,25529
1504880700,29.200,29.270,29.200,29.270,610,29932
1504880760,29.270,29.260,29.260,29.270,607,29932
1504880820,29.270,29.260,29.260,29.270,607,29932
1504880880,29.290,29.290,29.290,29.290,607,29932
1504880940,29.240,29.240,29.240,29.240,607,29932
1504881000,29.280,29.280,29.280,29.280,435,32970
1504881060,29.280,29.280,29.280,29.280,433,32970
1504881120,29.280,29.290,29.280,29.290,433,32970
1504881180,29.280,29.280,29.280,29.280,433,32970
1504881240,29.270,29.270,29.270,29.270,433,32970
1504881300,29.270,29.270,29.270,29.270,340,35137
1504881360,29.280,29.280,29.280,29.280,340,35137
1504881420,29.280,29.280,29.280,29.280,340,35137
1504881480,29.260,29.260,29.260,29.260,340,35137
1504881540,29.260,29.260,29.260,29.260,340,35137
1504881600,29.230,29.270,29.230,29.270,857,36837
1504881660,29.260,29.260,29.260,29.260,857,36837
1504881720,29.260,29.260,29.260,29.260,857,36837
1504881780,29.280,29.280,29.280,29.280,857,36837
1504881840,29.270,29.310,29.270,29.310,857,36837
1504881900,29.320,29.330,29.320,29.330,1594,41122
1504881960,29.320,29.320,29.310,29.350,1594,41122
1504882020,29.320,29.320,29.310,29.350,1594,41122
1504882080,29.330,29.320,29.320,29.340,1594,41122
1504882140,29.320,29.320,29.320,29.320,1594,41122
1504882200,29.320,29.320,29.320,29.320,282,49092
1504882260,29.320,29.320,29.320,29.320,280,49092
1504882320,29.330,29.320,29.320,29.330,280,49092
1504882380,29.330,29.320,29.320,29.330,280,49092
1504882440,29.300,29.320,29.300,29.320,280,49092
1504882500,29.340,29.370,29.340,29.370,425,50494
1504882560,29.450,29.460,29.450,29.460,421,50494
1504882620,29.450,29.460,29.450,29.460,421,50494
1504882680,29.450,29.450,29.450,29.450,421,50494
1504882740,29.440,29.440,29.440,29.440,421,50494
1504882800,29.460,29.460,29.460,29.460,1139,52603
1504882860,29.460,29.480,29.460,29.480,1139,52603
1504882920,29.470,29.490,29.470,29.490,1139,52603
1504882980,29.500,29.500,29.500,29.500,1139,52603
1504883040,29.500,29.500,29.500,29.500,1139,52603
1504883100,29.500,29.500,29.500,29.500,826,58298
1504883160,29.530,29.530,29.530,29.530,823,58298
1504883220,29.510,29.510,29.510,29.510,823,58298
1504883280,29.520,29.520,29.520,29.520,823,58298
1504883340,29.500,29.480,29.480,29.500,823,58298
1504883400,29.500,29.480,29.480,29.500,183,62416
1504883460,29.500,29.480,29.480,29.500,180,62416
1504883520,29.500,29.480,29.480,29.500,180,62416
1504883580,29.490,29.480,29.480,29.490,180,62416
1504883640,29.480,29.480,29.480,29.480,180,62416
1504883700,29.450,29.450,29.450,29.450,662,63319
1504883760,29.450,29.450,29.450,29.450,659,63319
1504883820,29.400,29.400,29.400,29.400,659,63319
1504883880,29.410,29.410,29.410,29.410,659,63319
1504883940,29.370,29.370,29.370,29.370,659,63319
1504884000,29.380,29.380,29.380,29.380,478,66617
1504884060,29.400,29.380,29.380,29.400,477,66617
1504884120,29.400,29.380,29.380,29.400,477,66617
1504884180,29.410,29.390,29.390,29.410,477,66617
1504884240,29.410,29.410,29.410,29.410,477,66617
1504884300,29.410,29.410,29.410,29.410,595,69003
1504884360,29.390,29.390,29.390,29.390,592,69003
1504884420,29.360,29.410,29.360,29.410,592,69003
1504884480,29.390,29.390,29.390,29.390,592,69003
1504884540,29.390,29.390,29.390,29.390,592,69003
1504884600,29.390,29.390,29.390,29.390,129,71966
1504884660,29.410,29.410,29.410,29.410,125,71966
1504884720,29.410,29.410,29.410,29.410,125,71966
1504884780,29.390,29.390,29.390,29.390,125,71966
1504884840,29.390,29.390,29.390,29.390,125,71966
1504884900,29.400,29.400,29.400,29.400,336,72595
1504884960,29.400,29.420,29.400,29.420,333,72595
1504885020,29.420,29.420,29.420,29.420,333,72595
1504885080,29.420,29.410,29.410,29.420,333,72595
1504885140,29.420,29.410,29.410,29.420,333,72595
1504885200,29.430,29.430,29.430,29.430,429,74263
1504885260,29.430,29.430,29.430,29.430,426,74263
1504885320,29.430,29.430,29.430,29.430,426,74263
1504885380,29.410,29.410,29.410,29.410,426,74263
1504885440,29.410,29.400,29.400,29.410,426,74263
1504885500,29.410,29.410,29.410,29.410,273,76396
1504885560,29.410,29.410,29.410,29.410,271,76396
1504885620,29.410,29.410,29.410,29.410,271,76396
1504885680,29.380,29.380,29.380,29.380,271,76396
1504885740,29.380,29.380,29.380,29.380,271,76396
1504885800,29.380,29.380,29.380,29.380,549,77753
1504885860,29.380,29.390,29.380,29.390,548,77753
1504885920,29.400,29.400,29.400,29.400,548,77753
1504885980,29.400,29.400,29.400,29.400,548,77753
1504886040,29.410,29.410,29.410,29.410,548,77753
1504886100,29.400,29.400,29.400,29.400,433,80494
1504886160,29.400,29.400,29.400,29.400,432,80494
1504886220,29.400,29.400,29.400,29.400,432,80494
1504886280,29.390,29.390,29.390,29.390,432,80494
1504886340,29.390,29.390,29.390,29.390,432,80494
1504886400,29.390,29.390,29.390,29.390,1074,82655
1504886460,29.390,29.390,29.390,29.390,1073,82655
1504886520,29.390,29.390,29.390,29.390,1073,82655
1504886580,29.390,29.370,29.370,29.390,1073,82655
1504886640,29.360,29.360,29.360,29.360,1073,82655
1504886700,29.320,29.320,29.320,29.320,791,88021
1504886760,29.320,29.320,29.310,29.320,788,88021
1504886820,29.320,29.320,29.310,29.320,788,88021
1504886880,29.290,29.310,29.290,29.310,788,88021
1504886940,29.310,29.300,29.300,29.310,788,88021
1504887000,29.290,29.300,29.280,29.300,591,91964
1504887060,29.290,29.300,29.280,29.300,587,91964
1504887120,29.290,29.300,29.280,29.300,587,91964
1504887180,29.290,29.300,29.280,29.300,587,91964
1504887240,29.290,29.300,29.280,29.300,587,91964
1504887300,29.300,29.300,29.300,29.300,1508,94903
1504887360,29.300,29.300,29.300,29.300,1505,94903
1504887420,29.300,29.300,29.300,29.300,1505,94903
1504887480,29.300,29.300,29.300,29.300,1505,94903
1504887540,29.300,29.300,29.300,29.300,1505,94903
1504887600,29.300,29.300,29.300,29.300,2674,102431
1504887660,29.300,29.300,29.300,29.300,2671,102431
1504887720,29.300,29.300,29.300,29.300,2671,102431
1504887780,29.300,29.300,29.300,29.300,2671,102431
1504887840,29.310,29.310,29.310,29.310,2671,102431
1504887900,29.310,29.310,29.310,29.310,804,115789
1504887960,29.280,29.270,29.270,29.290,801,115789
1504888020,29.230,29.230,29.230,29.230,801,115789
1504888080,29.250,29.200,29.200,29.250,801,115789
1504888140,29.200,29.200,29.200,29.200,801,115789
1504888200,29.200,29.200,29.200,29.200,1170,119797
1504888260,29.210,29.230,29.200,29.230,1168,119797
1504888320,29.210,29.230,29.200,29.230,1168,119797
1504888380,29.240,29.230,29.230,29.240,1168,119797
1504888440,29.200,29.230,29.200,29.230,1168,119797
1504888500,29.210,29.210,29.210,29.210,331,125639
1504888560,29.210,29.210,29.210,29.210,331,125639
1504888620,29.210,29.210,29.210,29.210,331,125639
1504888680,29.200,29.200,29.200,29.200,331,125639
1504888740,29.200,29.200,29.200,29.200,331,125639
1504888800,29.200,29.200,29.200,29.200,534,127294
1504888860,29.200,29.200,29.200,29.200,533,127294
1504888920,29.200,29.200,29.200,29.200,533,127294
1504888980,29.200,29.200,29.200,29.200,533,127294
1504889040,29.220,29.210,29.210,29.220,533,127294
1504889100,29.230,29.220,29.220,29.230,282,129960
1504889160,29.230,29.220,29.220,29.230,280,129960
1504889220,29.220,29.220,29.220,29.220,280,129960
1504889280,29.210,29.200,29.200,29.210,280,129960
1504889340,29.210,29.200,29.200,29.210,280,129960
1504889400,29.210,29.200,29.200,29.210,528,131362
1504889460,29.220,29.220,29.220,29.220,526,131362
1504889520,29.220,29.240,29.220,29.240,526,131362
1504889580,29.260,29.250,29.250,29.260,526,131362
1504889640,29.260,29.250,29.250,29.260,526,131362
1504889700,29.230,29.230,29.230,29.230,464,133994
1504889760,29.230,29.230,29.230,29.230,462,133994
1504889820,29.230,29.230,29.230,29.230,462,133994
1504889880,29.230,29.230,29.230,29.230,462,133994
1504889940,29.220,29.220,29.220,29.220,462,133994
1504890000,29.220,29.200,29.200,29.220,308,136306
1504890060,29.220,29.200,29.200,29.220,307,136306
1504890120,29.220,29.200,29.200,29.220,307,136306
1504890180,29.200,29.200,29.200,29.200,307,136306
1504890240,29.200,29.200,29.200,29.200,307,136306
1504890300,29.200,29.200,29.200,29.200,617,137842
1504890360,29.210,29.200,29.200,29.210,616,137842
1504890420,29.210,29.210,29.210,29.210,616,137842
1504890480,29.210,29.220,29.210,29.220,616,137842
1504890540,29.230,29.230,29.230,29.230,616,137842
1504890600,29.220,29.220,29.220,29.220,15452,140923
1504890660,29.210,29.210,29.210,29.210,15452,140923
1504890720,29.200,29.200,29.200,29.200,15452,140923
1504890780,29.200,29.200,29.200,29.200,15452,140923
1504890840,29.210,29.210,29.210,29.210,15452,140923
1504890900,29.210,29.220,29.210,29.220,2042,218183
1504890960,29.220,29.210,29.210,29.220,2040,218183
1504891020,29.190,29.190,29.190,29.190,2040,218183
1504891080,29.190,29.190,29.190,29.190,2040,218183
1504891140,29.180,29.150,29.150,29.180,2040,218183
1504891200,29.110,29.050,29.030,29.110,4175,228385
1504891260,29.050,29.050,29.050,29.050,4174,228385
1504891320,28.970,28.970,28.970,28.970,4174,228385
1504891380,29.020,29.020,29.020,29.020,4174,228385
1504891440,28.980,28.980,28.980,28.980,4174,228385
1504891500,29.020,29.000,29.000,29.030,1217,249256
1504891560,29.000,29.000,29.000,29.000,1215,249256
1504891620,28.990,28.910,28.910,28.990,1215,249256
1504891680,28.990,28.910,28.910,28.990,1215,249256
1504891740,28.890,28.890,28.890,28.890,1215,249256
1504891800,28.930,28.930,28.930,28.930,468,255333
1504891860,28.900,28.900,28.900,28.900,466,255333
1504891920,28.900,28.910,28.900,28.910,466,255333
1504891980,28.880,28.880,28.880,28.880,466,255333
1504892040,28.880,28.880,28.880,28.880,466,255333
1504892100,28.900,28.880,28.880,28.900,780,257665
1504892160,28.890,28.890,28.880,28.890,778,257665
1504892220,28.890,28.890,28.880,28.890,778,257665
1504892280,28.900,28.900,28.900,28.900,778,257665
1504892340,28.880,28.880,28.880,28.880,778,257665
1504892400,28.870,28.870,28.870,28.870,254,261557
1504892460,28.880,28.860,28.860,28.880,254,261557
1504892520,28.880,28.860,28.860,28.880,254,261557
1504892580,28.850,28.850,28.850,28.850,254,261557
1504892640,28.870,28.870,28.870,28.870,254,261557
1504892700,28.870,28.880,28.870,28.880,5353,262827
1504892760,28.870,28.880,28.870,28.880,5352,262827
1504892820,28.830,28.830,28.830,28.830,5352,262827
1504892880,28.840,28.750,28.750,28.840,5352,262827
1504892940,28.750,28.700,28.660,28.750,5352,262827
1504893000,28.690,28.590,28.590,28.690,4723,289588
1504893060,28.600,28.590,28.590,28.600,4722,289588
1504893120,28.590,28.580,28.580,28.590,4722,289588
1504893180,28.570,28.510,28.490,28.570,4722,289588
1504893240,28.530,28.550,28.500,28.550,4722,289588
1504893300,28.550,28.450,28.450,28.550,10269,313199
1504893360,28.450,28.400,28.400,28.450,10267,313199
1504893420,28.390,28.400,28.380,28.400,10267,313199
1504893480,28.400,28.400,28.400,28.400,10267,313199
1504893540,28.400,28.400,28.400,28.400,10267,313199
1504893600,28.400,28.400,28.400,28.400,2342,364536
1504893660,28.400,28.400,28.400,28.400,2342,364536
1504893720,28.400,28.400,28.400,28.400,2342,364536
1504893780,28.400,28.430,28.400,28.430,2342,364536
1504893840,28.450,28.470,28.450,28.470,2342,364536
1504893900,28.490,28.530,28.490,28.530,1685,376246
1504893960,28.520,28.530,28.520,28.530,1682,376246
1504894020,28.540,28.540,28.540,28.540,1682,376246
1504894080,28.560,28.590,28.560,28.590,1682,376246
1504894140,28.580,28.580,28.580,28.580,1682,376246
1504894200,28.560,28.560,28.560,28.560,824,384659
1504894260,28.570,28.570,28.570,28.570,820,384659
1504894320,28.560,28.600,28.560,28.600,820,384659
1504894380,28.560,28.600,28.560,28.600,820,384659
1504894440,28.560,28.600,28.560,28.600,820,384659
1504894500,28.560,28.600,28.560,28.600,546,388763
1504894560,28.590,28.580,28.580,28.600,543,388763
1504894620,28.590,28.580,28.580,28.600,543,388763
1504894680,28.580,28.570,28.570,28.580,543,388763
1504894740,28.580,28.570,28.570,28.580,543,388763
1504894800,28.580,28.570,28.570,28.580,657,391481
1504894860,28.570,28.570,28.570,28.570,657,391481
1504894920,28.570,28.560,28.560,28.570,657,391481
1504894980,28.560,28.570,28.560,28.580,657,391481
1504895040,28.570,28.570,28.570,28.570,657,391481
1504895100,28.570,28.540,28.540,28.570,866,394766
1504895160,28.570,28.540,28.540,28.570,863,394766
1504895220,28.520,28.520,28.520,28.520,863,394766
1504895280,28.520,28.520,28.520,28.520,863,394766
1504895340,28.530,28.520,28.520,28.530,863,394766
1504895400,28.520,28.530,28.520,28.530,1242,399084
1504895460,28.530,28.530,28.530,28.530,1241,399084
1504895520,28.520,28.520,28.520,28.530,1241,399084
1504895580,28.520,28.520,28.520,28.530,1241,399084
1504895640,28.510,28.510,28.510,28.510,1241,399084
1504895700,28.500,28.510,28.500,28.510,1843,405290
1504895760,28.520,28.520,28.520,28.520,1843,405290
1504895820,28.530,28.520,28.520,28.530,1843,405290
1504895880,28.530,28.540,28.520,28.540,1843,405290
1504895940,28.540,28.540,28.540,28.540,1843,405290
1504896000,28.550,28.540,28.540,28.550,1577,414505
1504896060,28.520,28.490,28.490,28.520,1577,414505
1504896120,28.490,28.480,28.480,28.490,1577,414505
1504896180,28.490,28.480,28.480,28.490,1577,414505
1504896240,28.500,28.510,28.500,28.510,1577,414505
1504896300,28.480,28.480,28.480,28.480,1368,422390
1504896360,28.490,28.490,28.490,28.490,1364,422390
1504896420,28.490,28.480,28.480,28.490,1364,422390
1504896480,28.480,28.500,28.480,28.500,1364,422390
1504896540,28.480,28.500,28.480,28.500,1364,422390
1504896600,28.470,28.470,28.470,28.470,1380,429214
1504896660,28.480,28.480,28.480,28.480,1378,429214
1504896720,28.490,28.480,28.480,28.500,1378,429214
1504896780,28.490,28.480,28.480,28.500,1378,429214
1504896840,28.500,28.500,28.500,28.500,1378,429214
1504896900,28.510,28.510,28.510,28.510,2571,436106
1504896960,28.510,28.500,28.500,28.510,2570,436106
1504897020,28.510,28.500,28.500,28.510,2570,436106
1504897080,28.500,28.490,28.490,28.500,2570,436106
1504897140,28.490,28.500,28.480,28.500,2570,436106
1504897200,28.480,28.450,28.450,28.480,3184,448957
1504897260,28.450,28.450,28.450,28.450,3181,448957
1504897320,28.440,28.410,28.400,28.440,3181,448957
1504897380,28.420,28.430,28.420,28.430,3181,448957
1504897440,28.420,28.420,28.420,28.420,3181,448957
1504897500,28.420,28.420,28.410,28.420,2679,464865
1504897560,28.430,28.450,28.430,28.450,2677,464865
1504897620,28.450,28.460,28.450,28.460,2677,464865
1504897680,28.450,28.410,28.410,28.450,2677,464865
1504897740,28.410,28.410,28.410,28.410,2677,464865
1504897800,28.400,28.400,28.400,28.400,2622,478252
1504897860,28.400,28.420,28.400,28.420,2620,478252
1504897920,28.410,28.410,28.410,28.410,2620,478252
1504897980,28.360,28.380,28.360,28.390,2620,478252
1504898040,28.370,28.330,28.330,28.370,2620,478252
1504898100,28.340,28.350,28.340,28.360,2832,491354
1504898160,28.350,28.350,28.340,28.360,2828,491354
1504898220,28.340,28.350,28.340,28.350,2828,491354
1504898280,28.350,28.370,28.350,28.370,2828,491354
1504898340,28.380,28.370,28.370,28.380,2828,491354
1504898400,28.360,28.360,28.360,28.360,2457,505498
1504898460,28.350,28.350,28.350,28.350,2454,505498
1504898520,28.360,28.360,28.360,28.360,2454,505498
1504898580,28.370,28.360,28.360,28.370,2454,505498
1504898640,28.350,28.340,28.340,28.350,2454,505498
1504898700,28.340,28.340,28.340,28.350,2092,517771
1504898760,28.350,28.350,28.350,28.350,2090,517771
1504898820,28.340,28.350,28.340,28.350,2090,517771
1504898880,28.340,28.350,28.340,28.350,2090,517771
1504898940,28.350,28.350,28.350,28.350,2090,517771
1504899000,28.350,28.390,28.350,28.390,3788,528223
1504899060,28.390,28.380,28.380,28.390,3785,528223
1504899120,28.360,28.370,28.360,28.370,3785,528223
1504899180,28.390,28.390,28.390,28.390,3785,528223
1504899240,28.400,28.420,28.400,28.420,3785,528223
1504899300,28.430,28.430,28.430,28.430,1879,547151
1504899360,28.440,28.430,28.430,28.440,1879,547151
1504899420,28.430,28.430,28.430,28.440,1879,547151
1504899480,28.440,28.430,28.430,28.440,1879,547151
1504899540,28.440,28.430,28.420,28.440,1879,547151
1504899600,28.430,28.430,28.430,28.430,2511,556546
1504899660,28.430,28.430,28.430,28.430,2508,556546
1504899720,28.430,28.470,28.430,28.470,2508,556546
1504899780,28.470,28.470,28.470,28.480,2508,556546
1504899840,28.470,28.480,28.470,28.480,2508,556546
1504899900,28.490,28.480,28.480,28.490,3109,569089
1504899960,28.490,28.510,28.490,28.510,3105,569089
1504900020,28.510,28.510,28.510,28.510,3105,569089
1504900080,28.530,28.540,28.520,28.540,3105,569089
1504900140,28.540,28.540,28.540,28.540,3105,569089
1504900200,28.540,28.520,28.510,28.540,4362,584618
1504900260,28.520,28.510,28.510,28.520,4359,584618
1504900320,28.510,28.530,28.510,28.530,4359,584618
1504900380,28.540,28.540,28.540,28.540,4359,584618
1504900440,28.540,28.540,28.530,28.540,4359,584618
1504900500,28.540,28.540,28.530,28.540,14081,606416
1504900560,28.540,28.540,28.530,28.540,14079,606416
1504900620,28.540,28.540,28.530,28.540,14079,606416
1504900680,28.540,28.540,28.540,28.540,14079,606416
1504900740,28.540,28.540,28.530,28.540,14079,606416
