1522675800,19.550,19.550,19.550,19.550,4645,0
1522675860,19.550,19.550,19.550,19.550,0,0
1522675920,19.820,19.820,19.820,19.820,0,0
1522676700,19.790,19.790,19.790,19.790,1975,4645
1522676760,19.790,19.790,19.790,19.790,0,0
1522677000,19.790,19.790,19.790,19.790,673,6620
1522677240,19.780,19.790,19.780,19.790,0,0
1522677300,19.770,19.770,19.770,19.770,1155,7293
1522677600,19.750,19.750,19.750,19.750,4008,8448
1522677660,19.750,19.750,19.750,19.750,0,0
1522677720,19.710,19.710,19.710,19.710,0,0
1522677780,19.740,19.740,19.740,19.740,0,0
1522677900,19.620,19.620,19.620,19.620,675,12456
1522678140,19.620,19.620,19.620,19.620,0,0
1522678200,19.570,19.570,19.570,19.570,5495,13131
1522678260,19.580,19.570,19.570,19.580,0,0
1522678800,19.600,19.600,19.600,19.600,1757,18626
1522679100,19.640,19.640,19.640,19.640,300,20383
1522679220,19.640,19.640,19.640,19.640,0,0
1522680000,19.670,19.670,19.670,19.670,3312,20683
1522680300,19.640,19.640,19.640,19.640,3094,23995
1522680540,19.640,19.640,19.640,19.640,0,0
1522680900,19.590,19.590,19.590,19.590,1287,27089
1522681020,19.590,19.590,19.590,19.590,0,0
1522681500,19.640,19.640,19.640,19.640,2555,28376
1522681620,19.640,19.640,19.640,19.640,0,0
1522681740,19.630,19.610,19.610,19.630,0,0
1522681800,19.600,19.600,19.600,19.600,350,30931
1522681920,19.600,19.600,19.600,19.600,0,0
1522682700,19.590,19.590,19.590,19.590,2282,31281
1522682820,19.590,19.590,19.590,19.590,0,0
1522682940,19.580,19.580,19.580,19.580,0,0
1522683300,19.560,19.560,19.560,19.560,430,33563
1522683480,19.560,19.560,19.560,19.560,0,0
1522683900,19.540,19.540,19.540,19.540,633,33993
1522684080,19.540,19.540,19.540,19.540,0,0
1522684200,19.530,19.530,19.530,19.530,440,34626
1522684440,19.530,19.530,19.530,19.530,0,0
1522685700,19.590,19.590,19.590,19.590,1038,35066
1522685940,19.590,19.590,19.590,19.590,0,0
1522686000,19.590,19.630,19.590,19.630,1403,36104
1522686240,19.590,19.630,19.590,19.630,0,0
1522686300,19.630,19.630,19.630,19.630,100,37507
1522686420,19.630,19.630,19.630,19.630,0,0
1522688700,19.640,19.610,19.610,19.640,1191,37607
1522688940,19.640,19.610,19.610,19.640,0,0
1522689000,19.650,19.650,19.650,19.650,1105,38798
1522689180,19.650,19.650,19.650,19.650,0,0
1522689240,19.520,19.520,19.520,19.520,0,0
1522689300,19.600,19.600,19.600,19.600,1522,39903
1522689420,19.600,19.600,19.600,19.600,0,0
1522689600,19.570,19.570,19.570,19.570,200,41425
1522689660,19.570,19.570,19.570,19.570,0,0
1522690500,19.590,19.590,19.590,19.590,1025,41625
1522691100,19.540,19.540,19.540,19.540,100,42650
1522691220,19.540,19.540,19.540,19.540,0,0
1522691400,19.540,19.540,19.540,19.540,755,42750
1522691580,19.540,19.540,19.540,19.540,0,0
1522694100,19.570,19.570,19.570,19.570,1644,43505
1522694400,19.500,19.500,19.500,19.500,1745,45149
1522694460,19.500,19.500,19.500,19.500,0,0
1522694700,19.550,19.550,19.550,19.550,700,46894
1522694940,19.550,19.550,19.550,19.550,0,0
1522695000,19.520,19.520,19.520,19.520,1198,47594
1522695180,19.520,19.520,19.520,19.520,0,0
1522695240,19.560,19.560,19.560,19.560,0,0
1522695300,19.600,19.600,19.600,19.600,1400,48792
1522695540,19.600,19.600,19.600,19.600,0,0
1522696200,19.610,19.610,19.610,19.610,983,50192
1522696380,19.610,19.610,19.610,19.610,0,0
1522696800,19.560,19.560,19.560,19.560,806,51175
1522696920,19.560,19.560,19.560,19.560,0,0
1522697400,19.620,19.580,19.580,19.620,2007,51981
1522697460,19.570,19.570,19.570,19.570,0,0
1522697580,19.570,19.540,19.540,19.570,0,0
1522697640,19.520,19.550,19.510,19.550,0,0
1522697700,19.540,19.540,19.540,19.540,316,53988
1522697880,19.540,19.540,19.540,19.540,0,0
1522698000,19.520,19.520,19.520,19.520,1128,54304
1522698120,19.540,19.540,19.540,19.540,0,0
1522698300,19.580,19.580,19.580,19.580,4453,55432
1522698480,19.620,19.620,19.620,19.620,0,0
1522698600,19.720,19.720,19.720,19.720,2047,59885
1522698660,19.710,19.710,19.710,19.710,0,0
1522698780,19.650,19.650,19.650,19.650,0,0
1522698900,19.630,19.630,19.630,19.630,6156,61932
1522699020,19.630,19.630,19.630,19.630,0,0
1522699080,19.650,19.660,19.620,19.690,0,0
1522699140,19.620,19.610,19.610,19.620,0,0
1522762200,19.750,19.750,19.750,19.750,0,0
1522762320,19.750,19.750,19.750,19.750,0,0
1522762380,19.750,19.750,19.750,19.750,0,0
1522762500,19.750,19.750,19.750,19.750,4929,0
1522762560,19.750,19.750,19.750,19.750,0,0
1522762620,19.790,19.730,19.730,19.790,0,0
1522762680,19.770,19.770,19.770,19.770,0,0
1522762800,19.820,19.820,19.820,19.820,1666,4929
1522762860,19.760,19.760,19.760,19.760,0,0
1522763100,19.810,19.810,19.810,19.810,702,6595
1522763160,19.790,19.790,19.790,19.790,0,0
1522763220,19.770,19.760,19.760,19.770,0,0
1522763400,19.700,19.730,19.700,19.730,7772,7297
1522763460,19.700,19.730,19.700,19.730,0,0
1522763520,19.730,19.840,19.730,19.840,0,0
1522763580,19.850,19.850,19.850,19.850,0,0
1522763700,19.800,19.800,19.800,19.800,100,15069
1522763760,19.800,19.800,19.800,19.800,0,0
1522764300,19.800,19.800,19.800,19.800,1630,15169
1522764360,19.840,19.840,19.840,19.840,0,0
1522764420,19.800,19.800,19.800,19.800,0,0
1522764480,19.780,19.780,19.780,19.780,0,0
1522764540,19.800,19.800,19.800,19.800,0,0
1522764600,19.800,20.000,19.800,20.000,24100,16799
1522764660,19.990,19.990,19.990,19.990,0,0
1522764900,20.010,20.040,20.010,20.040,2905,40899
1522765020,20.060,20.060,20.060,20.060,0,0
1522765140,20.080,20.060,20.060,20.080,0,0
1522765200,20.000,20.000,20.000,20.000,4409,43804
1522765260,20.070,20.070,20.070,20.070,0,0
1522765320,20.020,20.130,20.020,20.130,0,0
1522765440,20.200,20.200,20.200,20.200,0,0
1522765500,20.150,20.150,20.150,20.150,2755,48213
1522765680,20.150,20.150,20.150,20.150,0,0
1522765740,20.070,20.050,20.050,20.070,0,0
1522765800,20.070,20.070,20.070,20.070,200,50968
1522765860,20.070,20.070,20.070,20.070,0,0
1522766100,20.150,20.150,20.150,20.150,2722,51168
1522766220,20.150,20.150,20.150,20.150,0,0
1522766280,20.150,20.120,20.090,20.150,0,0
1522766400,20.090,20.090,20.090,20.090,1011,53890
1522766460,20.090,20.090,20.090,20.090,0,0
1522766700,20.020,20.020,20.020,20.020,802,54901
1522766820,20.020,20.020,20.020,20.020,0,0
1522767000,20.060,20.060,20.060,20.060,19237,55703
1522767060,20.050,20.130,20.050,20.130,0,0
1522767120,20.050,20.040,20.040,20.050,0,0
1522767180,20.050,20.030,20.030,20.090,0,0
1522767240,20.030,19.940,19.940,20.030,0,0
1522767300,19.950,19.970,19.950,19.970,4520,74940
1522767360,19.950,19.970,19.950,19.970,0,0
1522767420,19.950,19.980,19.930,19.980,0,0
1522767480,20.000,20.050,20.000,20.050,0,0
1522767600,20.000,20.000,20.000,20.000,2300,79460
1522767660,19.970,19.970,19.970,19.970,0,0
1522767840,19.980,19.950,19.950,19.980,0,0
1522767900,20.000,20.000,20.000,20.000,700,81760
1522768020,20.000,20.000,20.000,20.000,0,0
1522768080,19.980,19.980,19.980,19.980,0,0
1522768200,19.980,19.950,19.950,19.980,3891,82460
1522768320,19.960,20.000,19.960,20.000,0,0
1522768440,19.950,20.010,19.950,20.010,0,0
1522768500,19.970,19.970,19.970,19.970,100,86351
1522768620,19.970,19.970,19.970,19.970,0,0
1522768800,19.980,19.990,19.980,19.990,1948,86451
1522768920,19.980,19.990,19.980,19.990,0,0
1522768980,20.000,20.000,20.000,20.000,0,0
1522769100,19.970,19.970,19.970,19.970,504,88399
1522769160,19.990,19.990,19.990,19.990,0,0
1522769220,20.000,20.000,20.000,20.000,0,0
1522769400,20.000,20.010,20.000,20.010,1600,88903
1522769640,20.000,20.000,20.000,20.000,0,0
1522769700,20.000,20.000,20.000,20.000,820,90503
1522769760,20.000,20.000,20.000,20.000,0,0
1522769820,20.000,20.000,20.000,20.000,0,0
1522769940,20.000,20.000,20.000,20.000,0,0
1522770000,20.000,19.980,19.980,20.000,3110,91323
1522770240,19.980,19.940,19.940,19.980,0,0
1522770300,19.990,19.990,19.990,19.990,130,94433
1522770360,19.990,19.990,19.990,19.990,0,0
1522770600,19.940,19.970,19.930,19.970,5541,94563
1522770660,19.940,19.970,19.930,19.970,0,0
1522770720,19.970,19.970,19.970,19.970,0,0
1522771200,19.950,19.950,19.950,19.950,5664,100104
1522771260,19.950,19.950,19.950,19.950,0,0
1522771320,19.970,19.950,19.950,19.980,0,0
1522771500,19.920,19.980,19.920,19.980,1200,105768
1522771560,19.920,19.980,19.920,19.980,0,0
1522771620,19.950,19.950,19.950,19.950,0,0
1522771800,19.950,19.980,19.940,19.980,6394,106968
1522771860,19.950,19.980,19.940,19.980,0,0
1522771920,19.970,19.950,19.950,19.970,0,0
1522772040,19.940,19.960,19.940,19.960,0,0
1522772100,19.930,19.930,19.930,19.930,1400,113362
1522772160,19.930,19.930,19.930,19.930,0,0
1522772220,19.950,19.960,19.950,19.980,0,0
1522772400,19.910,19.910,19.910,19.910,5785,114762
1522772520,19.910,19.910,19.910,19.910,0,0
1522772580,19.950,19.960,19.950,19.960,0,0
1522772640,19.980,19.950,19.930,19.980,0,0
1522772700,19.930,19.930,19.930,19.930,1300,120547
1522772760,19.900,19.860,19.860,19.900,0,0
1522773000,19.770,19.810,19.770,19.810,1802,121847
1522773060,19.770,19.810,19.770,19.810,0,0
1522773180,19.770,19.770,19.770,19.770,0,0
1522773240,19.760,19.760,19.760,19.760,0,0
1522773300,19.760,19.760,19.760,19.760,310,123649
1522773420,19.760,19.760,19.760,19.760,0,0
1522773900,19.660,19.660,19.660,19.660,702,123959
1522774080,19.660,19.660,19.660,19.660,0,0
1522774200,19.720,19.720,19.720,19.720,100,124661
1522774320,19.660,19.660,19.660,19.660,0,0
1522774800,19.530,19.530,19.530,19.530,11010,124761
1522774860,19.450,19.450,19.450,19.450,0,0
1522775400,19.480,19.480,19.480,19.480,4300,135771
1522775460,19.480,19.480,19.480,19.480,0,0
1522775580,19.470,19.500,19.470,19.500,0,0
1522775700,19.490,19.490,19.490,19.490,1252,140071
1522775820,19.530,19.530,19.530,19.530,0,0
1522775880,19.580,19.580,19.580,19.580,0,0
1522776000,19.540,19.540,19.540,19.540,2100,141323
1522776060,19.540,19.540,19.540,19.540,0,0
1522776300,19.480,19.480,19.480,19.480,1500,143423
1522776360,19.480,19.480,19.480,19.480,0,0
1522776600,19.550,19.550,19.550,19.550,800,144923
1522776720,19.500,19.500,19.500,19.500,0,0
1522776900,19.520,19.520,19.520,19.520,1420,145723
1522777140,19.520,19.520,19.520,19.520,0,0
1522777200,19.480,19.540,19.480,19.540,306,147143
1522777380,19.480,19.540,19.480,19.540,0,0
1522777500,19.410,19.480,19.410,19.480,7600,147449
1522777680,19.410,19.480,19.410,19.480,0,0
1522777740,19.490,19.490,19.490,19.490,0,0
1522778100,19.410,19.470,19.410,19.470,204,155049
1522778160,19.410,19.470,19.410,19.470,0,0
1522778340,19.490,19.490,19.490,19.490,0,0
1522778400,19.430,19.430,19.430,19.430,4010,155253
1522778520,19.430,19.430,19.430,19.430,0,0
1522778640,19.450,19.500,19.450,19.500,0,0
1522778700,19.500,19.450,19.450,19.500,492,159263
1522779000,19.480,19.480,19.480,19.480,1287,159755
1522779180,19.500,19.500,19.500,19.500,0,0
1522779600,19.480,19.480,19.480,19.480,1990,161042
1522779720,19.480,19.480,19.480,19.480,0,0
1522779780,19.480,19.480,19.480,19.480,0,0
1522779840,19.460,19.460,19.460,19.460,0,0
1522779900,19.500,19.500,19.500,19.500,1912,163032
1522780020,19.500,19.500,19.500,19.500,0,0
1522780140,19.500,19.500,19.500,19.500,0,0
1522780200,19.470,19.490,19.470,19.490,3200,164944
1522780260,19.480,19.480,19.480,19.480,0,0
1522780500,19.500,19.500,19.500,19.500,710,168144
1522780560,19.500,19.500,19.500,19.500,0,0
1522780620,19.490,19.490,19.490,19.490,0,0
1522780800,19.500,19.500,19.500,19.500,640,168854
1522780860,19.500,19.500,19.500,19.500,0,0
1522781040,19.490,19.490,19.490,19.490,0,0
1522781100,19.540,19.540,19.540,19.540,1401,169494
1522781160,19.540,19.540,19.540,19.540,0,0
1522781220,19.570,19.580,19.570,19.580,0,0
1522782000,19.650,19.650,19.650,19.650,1332,170895
1522782060,19.590,19.590,19.590,19.590,0,0
1522782180,19.580,19.580,19.580,19.580,0,0
1522782300,19.670,19.700,19.670,19.700,1301,172227
1522782480,19.670,19.700,19.670,19.700,0,0
1522782600,19.640,19.640,19.640,19.640,1347,173528
1522782720,19.610,19.610,19.610,19.610,0,0
1522782900,19.530,19.520,19.520,19.530,360,174875
1522782960,19.590,19.590,19.590,19.590,0,0
1522783200,19.660,19.660,19.660,19.660,701,175235
1522783260,19.660,19.660,19.660,19.660,0,0
1522783320,19.660,19.660,19.660,19.660,0,0
1522783500,19.640,19.640,19.640,19.640,500,175936
1522783680,19.640,19.640,19.640,19.640,0,0
1522783740,19.630,19.630,19.630,19.630,0,0
1522783800,19.620,19.620,19.620,19.620,492,176436
1522783980,19.620,19.620,19.620,19.620,0,0
1522784100,19.530,19.530,19.530,19.530,710,176928
1522784220,19.530,19.530,19.530,19.530,0,0
1522784400,19.560,19.560,19.560,19.560,707,177638
1522784460,19.540,19.540,19.540,19.540,0,0
1522784580,19.540,19.540,19.540,19.540,0,0
1522784700,19.520,19.520,19.520,19.520,978,178345
1522784940,19.550,19.540,19.540,19.560,0,0
1522785000,19.500,19.490,19.490,19.500,5897,179323
1522785120,19.500,19.490,19.490,19.500,0,0
1522785240,19.480,19.480,19.480,19.480,0,0
1522785300,19.520,19.520,19.520,19.520,5410,185220
1522785360,19.490,19.550,19.490,19.550,0,0
1522785420,19.540,19.620,19.540,19.620,0,0
1522785480,19.590,19.590,19.590,19.590,0,0
1522785540,19.540,19.530,19.530,19.540,0,0
1522848600,18.910,18.910,18.910,18.910,5534,0
1522848720,19.110,19.080,19.080,19.110,0,0
1522848780,19.200,19.200,19.200,19.200,0,0
1522848840,19.070,19.070,19.070,19.070,0,0
1522848900,19.210,19.250,19.210,19.250,2564,5534
1522848960,19.260,19.260,19.260,19.260,0,0
1522849200,19.200,19.200,19.200,19.200,1881,8098
1522849320,19.200,19.200,19.200,19.200,0,0
1522849380,19.160,19.160,19.160,19.160,0,0
1522849500,19.280,19.280,19.280,19.280,1500,9979
1522849620,19.280,19.280,19.280,19.280,0,0
1522849800,19.370,19.420,19.370,19.420,3537,11479
1522849860,19.370,19.420,19.370,19.420,0,0
1522849920,19.500,19.500,19.500,19.500,0,0
1522850100,19.690,19.690,19.690,19.690,7595,15016
1522850160,19.690,19.690,19.690,19.690,0,0
1522850220,19.720,19.720,19.720,19.720,0,0
1522850340,19.640,19.640,19.640,19.640,0,0
1522850700,19.530,19.530,19.530,19.530,400,22611
1522850820,19.530,19.530,19.530,19.530,0,0
1522851000,19.580,19.580,19.580,19.580,800,23011
1522851300,19.570,19.570,19.570,19.570,353,23811
1522851420,19.570,19.570,19.570,19.570,0,0
1522851480,19.600,19.600,19.600,19.600,0,0
1522851600,19.610,19.610,19.610,19.610,562,24164
1522851660,19.610,19.610,19.610,19.610,0,0
1522851900,19.540,19.540,19.540,19.540,850,24726
1522852500,19.500,19.500,19.500,19.500,2117,25576
1522853100,19.560,19.560,19.560,19.560,1274,27693
1522853220,19.560,19.560,19.560,19.560,0,0
1522853400,19.530,19.530,19.530,19.530,563,28967
1522853520,19.530,19.530,19.530,19.530,0,0
1522855500,19.610,19.610,19.610,19.610,3216,29530
1522855620,19.610,19.610,19.610,19.610,0,0
1522855800,19.650,19.650,19.650,19.650,2765,32746
1522855980,19.650,19.650,19.650,19.650,0,0
1522856100,19.700,19.700,19.700,19.700,9145,35511
1522856220,19.730,19.730,19.730,19.730,0,0
1522856340,19.680,19.680,19.680,19.680,0,0
1522857000,19.600,19.600,19.600,19.600,1122,44656
1522857300,19.630,19.630,19.630,19.630,949,45778
1522857360,19.630,19.630,19.630,19.630,0,0
1522858500,19.600,19.600,19.600,19.600,1040,46727
1522858620,19.600,19.600,19.600,19.600,0,0
1522858800,19.570,19.570,19.570,19.570,700,47767
1522859040,19.570,19.570,19.570,19.570,0,0
1522859100,19.600,19.600,19.600,19.600,1528,48467
1522860300,19.600,19.600,19.600,19.600,3462,49995
1522861500,19.600,19.600,19.600,19.600,3196,53457
1522861560,19.600,19.600,19.600,19.600,0,0
1522861680,19.560,19.560,19.560,19.560,0,0
1522861740,19.530,19.530,19.530,19.530,0,0
1522862700,19.570,19.570,19.570,19.570,941,56653
1522863300,19.590,19.590,19.590,19.590,169,57594
1522863420,19.590,19.590,19.590,19.590,0,0
1522864800,19.600,19.600,19.600,19.600,343,57763
1522864980,19.600,19.600,19.600,19.600,0,0
1522867500,19.600,19.600,19.600,19.600,1137,58106
1522867680,19.600,19.600,19.600,19.600,0,0
1522867800,19.600,19.600,19.600,19.600,739,59243
1522867860,19.600,19.600,19.600,19.600,0,0
1522868040,19.570,19.570,19.570,19.570,0,0
1522870200,19.560,19.560,19.560,19.560,3305,59982
1522870320,19.560,19.560,19.560,19.560,0,0
1522870380,19.560,19.560,19.560,19.560,0,0
1522870440,19.560,19.560,19.560,19.560,0,0
1522870500,19.570,19.570,19.570,19.570,408,63287
1522870620,19.570,19.570,19.570,19.570,0,0
1522870800,19.600,19.600,19.600,19.600,1257,63695
1522870860,19.600,19.600,19.600,19.600,0,0
1522871100,19.550,19.560,19.550,19.560,8101,64952
1522871160,19.550,19.560,19.550,19.560,0,0
1522871220,19.500,19.500,19.500,19.500,0,0
1522871280,19.530,19.530,19.530,19.530,0,0
1522871400,19.540,19.540,19.540,19.540,1041,73053
1522871580,19.550,19.570,19.550,19.570,0,0
1522871700,19.600,19.600,19.600,19.600,5834,74094
1522871760,19.590,19.590,19.590,19.590,0,0
1522871820,19.600,19.600,19.600,19.600,0,0
1522871940,19.600,19.600,19.600,19.600,0,0
1522935000,19.710,19.710,19.710,19.710,0,0
1522935240,19.710,19.710,19.710,19.710,0,0
1522935300,19.690,19.660,19.660,19.690,4988,0
1522935420,19.690,19.660,19.660,19.690,0,0
1522935600,19.640,19.640,19.640,19.640,400,4988
1522936200,19.670,19.670,19.670,19.670,2405,5388
1522936260,19.630,19.630,19.630,19.630,0,0
1522936320,19.620,19.620,19.620,19.620,0,0
1522936440,19.630,19.630,19.630,19.630,0,0
1522936500,19.680,19.680,19.680,19.680,500,7793
1522936800,19.650,19.540,19.540,19.650,11909,8293
1522936860,19.650,19.540,19.540,19.650,0,0
1522936980,19.640,19.640,19.640,19.640,0,0
1522937100,19.640,19.640,19.640,19.640,1437,20202
1522937280,19.640,19.640,19.640,19.640,0,0
1522937400,19.610,19.610,19.610,19.610,1809,21639
1522937520,19.560,19.570,19.560,19.570,0,0
1522937700,19.540,19.500,19.500,19.540,7873,23448
1522937760,19.500,19.460,19.460,19.500,0,0
1522937940,19.470,19.470,19.470,19.470,0,0
1522938000,19.490,19.490,19.490,19.490,901,31321
1522938060,19.490,19.490,19.490,19.490,0,0
1522938120,19.440,19.440,19.440,19.440,0,0
1522938240,19.510,19.510,19.510,19.510,0,0
1522938600,19.620,19.600,19.600,19.620,3424,32222
1522938660,19.620,19.600,19.600,19.620,0,0
1522938900,19.500,19.500,19.500,19.500,1033,35646
1522939140,19.500,19.500,19.500,19.500,0,0
1522939500,19.500,19.500,19.500,19.500,1418,36679
1522939620,19.500,19.500,19.500,19.500,0,0
1522940400,19.560,19.560,19.560,19.560,3944,38097
1522940460,19.560,19.560,19.560,19.560,0,0
1522940580,19.540,19.540,19.540,19.540,0,0
1522940700,19.540,19.540,19.540,19.540,2919,42041
1522940760,19.600,19.560,19.560,19.600,0,0
1522941000,19.560,19.560,19.560,19.560,1249,44960
1522941300,19.560,19.560,19.560,19.560,101,46209
1522941420,19.560,19.560,19.560,19.560,0,0
1522943100,19.560,19.560,19.560,19.560,3172,46310
1522943160,19.560,19.560,19.560,19.560,0,0
1522943280,19.570,19.570,19.570,19.570,0,0
1522943700,19.520,19.520,19.520,19.520,300,49482
1522943880,19.520,19.520,19.520,19.520,0,0
1522944300,19.530,19.500,19.500,19.530,4425,49782
1522944480,19.500,19.500,19.500,19.500,0,0
1522944540,19.530,19.530,19.530,19.530,0,0
1522944600,19.580,19.580,19.580,19.580,779,54207
1522944840,19.580,19.580,19.580,19.580,0,0
1522944900,19.510,19.510,19.510,19.510,818,54986
1522944960,19.510,19.510,19.510,19.510,0,0
1522945140,19.540,19.540,19.540,19.540,0,0
1522945200,19.550,19.550,19.550,19.550,100,55804
1522945440,19.550,19.550,19.550,19.550,0,0
1522947000,19.600,19.600,19.600,19.600,1514,55904
1522947300,19.560,19.560,19.560,19.560,624,57418
1522947420,19.560,19.560,19.560,19.560,0,0
1522948200,19.550,19.550,19.550,19.550,1014,58042
1522948260,19.550,19.550,19.550,19.550,0,0
1522948380,19.540,19.540,19.540,19.540,0,0
1522949400,19.540,19.540,19.540,19.540,912,59056
1522949700,19.580,19.580,19.580,19.580,454,59968
1522949760,19.580,19.580,19.580,19.580,0,0
1522950600,19.590,19.580,19.580,19.590,1080,60422
1522950780,19.590,19.580,19.580,19.590,0,0
1522950900,19.580,19.580,19.580,19.580,1405,61502
1522951140,19.580,19.580,19.580,19.580,0,0
1522952700,19.590,19.590,19.590,19.590,1191,62907
1522952760,19.590,19.590,19.590,19.590,0,0
1522953000,19.600,19.600,19.600,19.600,2328,64098
1522953060,19.600,19.600,19.600,19.600,0,0
1522953120,19.600,19.580,19.580,19.600,0,0
1522953300,19.550,19.550,19.550,19.550,1312,66426
1522953540,19.550,19.550,19.550,19.550,0,0
1522953600,19.560,19.560,19.560,19.560,129,67738
1522953780,19.560,19.560,19.560,19.560,0,0
1522954200,19.600,19.600,19.600,19.600,986,67867
1522954440,19.600,19.600,19.600,19.600,0,0
1522954500,19.570,19.570,19.570,19.570,902,68853
1522954740,19.570,19.570,19.570,19.570,0,0
1522954800,19.550,19.550,19.550,19.550,1000,69755
1522954920,19.550,19.550,19.550,19.550,0,0
1522955400,19.600,19.600,19.600,19.600,3150,70755
1522955520,19.600,19.600,19.600,19.600,0,0
1522955700,19.600,19.600,19.600,19.600,120,73905
1522956600,19.570,19.570,19.570,19.570,1585,74025
1522956660,19.570,19.570,19.570,19.570,0,0
1522956840,19.570,19.570,19.570,19.570,0,0
1522956900,19.540,19.540,19.540,19.540,1500,75610
1522957080,19.530,19.530,19.530,19.530,0,0
1522957200,19.550,19.550,19.550,19.550,2606,77110
1522957440,19.580,19.580,19.580,19.580,0,0
1522957500,19.600,19.600,19.600,19.600,653,79716
1522957560,19.600,19.600,19.600,19.600,0,0
1522957680,19.580,19.580,19.580,19.580,0,0
1522957800,19.600,19.600,19.600,19.600,3912,80369
1522958040,19.570,19.570,19.570,19.570,0,0
1522958100,19.590,19.520,19.520,19.590,1890,84281
1522958160,19.530,19.530,19.530,19.530,0,0
1522958220,19.540,19.540,19.540,19.540,0,0
1522958280,19.530,19.570,19.530,19.570,0,0
1522958340,19.570,19.570,19.570,19.570,0,0
1523022000,19.480,19.480,19.480,19.480,0,0
1523024100,19.490,19.490,19.490,19.490,6074,0
1523024220,19.490,19.490,19.490,19.490,0,0
1523025600,19.490,19.490,19.490,19.490,1585,6074
1523025780,19.490,19.490,19.490,19.490,0,0
1523025900,19.490,19.490,19.490,19.490,1150,7659
1523025960,19.440,19.440,19.440,19.440,0,0
1523026140,19.440,19.440,19.440,19.440,0,0
1523026200,19.490,19.490,19.490,19.490,303,8809
1523026320,19.490,19.490,19.490,19.490,0,0
1523026500,19.480,19.480,19.480,19.480,1715,9112
1523026560,19.470,19.470,19.470,19.470,0,0
1523026800,19.450,19.450,19.450,19.450,2331,10827
1523026860,19.450,19.450,19.450,19.450,0,0
1523026920,19.450,19.450,19.450,19.450,0,0
1523026980,19.430,19.430,19.430,19.430,0,0
1523027100,19.450,19.450,19.450,19.450,3462,13158
1523027160,19.450,19.450,19.450,19.450,0,0
1523027280,19.450,19.480,19.450,19.480,0,0
1523028300,19.590,19.590,19.590,19.590,930,16620
1523028540,19.590,19.590,19.590,19.590,0,0
1523028600,19.550,19.550,19.550,19.550,450,17550
1523028660,19.550,19.550,19.550,19.550,0,0
1523028720,19.490,19.490,19.490,19.490,0,0
1523028900,19.480,19.480,19.480,19.480,890,18000
1523028960,19.480,19.480,19.480,19.480,0,0
1523029140,19.530,19.530,19.530,19.530,0,0
1523029500,19.510,19.510,19.510,19.510,300,18890
1523029800,19.500,19.480,19.480,19.500,811,19190
1523029860,19.500,19.480,19.480,19.500,0,0
1523030100,19.590,19.560,19.560,19.590,1201,20001
1523030280,19.590,19.560,19.560,19.590,0,0
1523030700,19.570,19.560,19.560,19.570,558,21202
1523030820,19.570,19.560,19.560,19.570,0,0
1523030940,19.550,19.550,19.550,19.550,0,0
1523031000,19.630,19.630,19.630,19.630,200,21760
1523031060,19.630,19.630,19.630,19.630,0,0
1523031900,19.530,19.530,19.530,19.530,1513,21960
1523031960,19.530,19.530,19.530,19.530,0,0
1523032140,19.530,19.530,19.530,19.530,0,0
1523033100,19.550,19.550,19.550,19.550,733,23473
1523033220,19.550,19.550,19.550,19.550,0,0
1523036100,19.490,19.490,19.490,19.490,2247,24206
1523036340,19.480,19.500,19.480,19.500,0,0
1523036400,19.500,19.500,19.500,19.500,200,26453
1523037000,19.450,19.450,19.450,19.450,1185,26653
1523037120,19.450,19.450,19.450,19.450,0,0
1523037300,19.430,19.430,19.430,19.430,225,27838
1523037420,19.430,19.430,19.430,19.430,0,0
1523037600,19.450,19.480,19.450,19.480,2712,28063
1523037660,19.450,19.480,19.450,19.480,0,0
1523037780,19.480,19.430,19.430,19.480,0,0
1523038200,19.410,19.410,19.410,19.410,6732,30775
1523038260,19.390,19.440,19.390,19.470,0,0
1523038500,19.430,19.460,19.430,19.460,2824,37507
1523038560,19.430,19.460,19.430,19.460,0,0
1523038800,19.430,19.390,19.350,19.430,2300,40331
1523038860,19.390,19.480,19.390,19.480,0,0
1523039100,19.440,19.440,19.440,19.440,900,42631
1523039160,19.440,19.440,19.440,19.440,0,0
1523039340,19.460,19.480,19.460,19.480,0,0
1523039400,19.480,19.480,19.480,19.480,2299,43531
1523039520,19.480,19.480,19.480,19.480,0,0
1523039580,19.450,19.450,19.450,19.450,0,0
1523039700,19.430,19.430,19.430,19.430,1343,45830
1523039940,19.430,19.430,19.430,19.430,0,0
1523040300,19.460,19.460,19.460,19.460,1050,47173
1523040540,19.460,19.460,19.460,19.460,0,0
1523040600,19.500,19.500,19.500,19.500,1100,48223
1523040720,19.480,19.480,19.480,19.480,0,0
1523041200,19.480,19.480,19.480,19.480,2710,49323
1523041320,19.480,19.480,19.480,19.480,0,0
1523041380,19.480,19.480,19.480,19.480,0,0
1523041500,19.500,19.500,19.500,19.500,2426,52033
1523041680,19.500,19.500,19.500,19.500,0,0
1523041740,19.500,19.500,19.500,19.500,0,0
1523041800,19.490,19.480,19.480,19.490,769,54459
1523041920,19.490,19.480,19.480,19.490,0,0
1523042400,19.470,19.440,19.440,19.470,2403,55228
1523042460,19.480,19.480,19.480,19.480,0,0
1523042640,19.410,19.410,19.410,19.410,0,0
1523042700,19.460,19.460,19.460,19.460,1700,57631
1523042760,19.460,19.460,19.460,19.460,0,0
1523042880,19.450,19.450,19.450,19.450,0,0
1523043000,19.450,19.480,19.450,19.480,1902,59331
1523043060,19.450,19.480,19.450,19.480,0,0
1523043180,19.480,19.480,19.480,19.480,0,0
1523043300,19.490,19.490,19.490,19.490,899,61233
1523043480,19.490,19.490,19.490,19.490,0,0
1523043600,19.530,19.530,19.530,19.530,1309,62132
1523043900,19.450,19.450,19.450,19.450,1261,63441
1523044020,19.450,19.450,19.450,19.450,0,0
1523044140,19.510,19.510,19.510,19.510,0,0
1523044200,19.510,19.510,19.510,19.510,100,64702
1523044500,19.550,19.580,19.550,19.580,7621,64802
1523044560,19.550,19.580,19.550,19.580,0,0
1523044680,19.560,19.560,19.560,19.560,0,0
1523044740,19.590,19.510,19.510,19.590,0,0
1523280900,19.560,19.560,19.560,19.560,2848,0
1523281080,19.560,19.560,19.560,19.560,0,0
1523281140,19.500,19.500,19.500,19.500,0,0
1523282100,20.140,20.100,20.100,20.170,13937,0
1523282220,20.140,20.100,20.100,20.170,0,0
1523282280,20.170,20.170,20.170,20.170,0,0
1523282400,19.930,19.980,19.930,19.980,14911,30624
1523282460,19.900,19.900,19.900,19.900,0,0
1523282520,19.970,19.970,19.970,19.970,0,0
1523282700,19.920,19.920,19.920,19.920,2090,45535
1523282940,19.890,19.870,19.870,19.910,0,0
1523283000,19.820,19.820,19.820,19.820,6700,47625
1523283060,19.820,19.820,19.820,19.820,0,0
1523283300,19.830,19.830,19.830,19.830,1300,54325
1523283600,19.650,19.680,19.650,19.680,3050,55625
1523283660,19.650,19.680,19.650,19.680,0,0
1523283900,19.730,19.730,19.730,19.730,700,58675
1523283960,19.730,19.730,19.730,19.730,0,0
1523284140,19.730,19.730,19.730,19.730,0,0
1523284200,19.680,19.680,19.680,19.680,5000,59375
1523284320,19.770,19.770,19.770,19.770,0,0
1523284440,19.840,19.840,19.840,19.840,0,0
1523284500,19.770,19.770,19.770,19.770,2250,64375
1523284620,19.770,19.770,19.770,19.770,0,0
1523284800,19.970,20.000,19.970,20.000,5946,66625
1523284860,20.020,20.020,20.020,20.020,0,0
1523284980,19.970,19.970,19.970,19.970,0,0
1523285400,19.910,19.910,19.910,19.910,1263,72571
1523285700,19.930,19.930,19.930,19.930,1823,73834
1523285940,19.930,19.930,19.930,19.930,0,0
1523286000,19.830,19.830,19.830,19.830,900,75657
1523286180,19.830,19.830,19.830,19.830,0,0
1523286300,19.810,19.810,19.810,19.810,1100,76557
1523286360,19.810,19.810,19.810,19.810,0,0
1523286540,19.830,19.830,19.830,19.830,0,0
1523286600,19.820,19.820,19.820,19.820,3011,77657
1523286780,19.820,19.820,19.820,19.820,0,0
1523286900,19.890,19.890,19.890,19.890,2000,80668
1523286960,19.890,19.890,19.890,19.890,0,0
1523287200,20.040,20.040,20.040,20.040,1400,82668
1523287500,19.830,19.830,19.830,19.830,3201,84068
1523287680,19.830,19.830,19.830,19.830,0,0
1523287800,19.940,19.940,19.940,19.940,900,87269
1523288400,19.910,19.890,19.890,19.910,1610,88169
1523288700,19.800,19.800,19.800,19.800,1925,89779
1523288760,19.910,19.910,19.910,19.910,0,0
1523289300,19.830,19.830,19.830,19.830,4914,91704
1523289420,19.840,19.840,19.840,19.840,0,0
1523289480,19.860,19.930,19.860,19.930,0,0
1523289600,19.950,19.950,19.950,19.950,800,96618
1523289900,19.930,19.930,19.930,19.930,2372,97418
1523290080,19.930,19.930,19.930,19.930,0,0
1523290140,19.930,19.930,19.930,19.930,0,0
1523290800,19.930,19.930,19.930,19.930,1502,99790
1523290860,19.930,19.930,19.930,19.930,0,0
1523291400,19.900,19.900,19.900,19.900,1909,101292
1523291520,19.900,19.900,19.900,19.900,0,0
1523291700,19.920,19.920,19.920,19.920,2111,103201
1523291760,19.920,19.920,19.920,19.920,0,0
1523291880,19.920,19.920,19.920,19.920,0,0
1523292300,19.930,19.930,19.930,19.930,480,105312
1523293800,19.880,19.840,19.840,19.880,5783,105792
1523293920,19.880,19.840,19.840,19.880,0,0
1523294040,19.840,19.840,19.840,19.840,0,0
1523294100,19.840,19.840,19.840,19.840,1638,111575
1523294160,19.840,19.840,19.840,19.840,0,0
1523294340,19.800,19.800,19.800,19.800,0,0
1523295300,19.830,19.830,19.830,19.830,1872,113213
1523295420,19.830,19.830,19.830,19.830,0,0
1523295480,19.870,19.870,19.870,19.870,0,0
1523295600,19.820,19.820,19.820,19.820,636,115085
1523295660,19.820,19.820,19.820,19.820,0,0
1523295780,19.850,19.850,19.850,19.850,0,0
1523296200,19.830,19.830,19.830,19.830,1481,115721
1523296380,19.830,19.830,19.830,19.830,0,0
1523297100,19.710,19.710,19.710,19.710,1132,117202
1523297700,19.750,19.750,19.750,19.750,1148,118334
1523297940,19.790,19.920,19.790,19.920,0,0
1523298000,19.840,19.840,19.840,19.840,1420,119482
1523298180,19.840,19.840,19.840,19.840,0,0
1523299800,19.740,19.740,19.740,19.740,2176,120902
1523300400,19.770,19.770,19.770,19.770,771,123078
1523300640,19.770,19.770,19.770,19.770,0,0
1523300700,19.780,19.750,19.750,19.780,1850,123849
1523300880,19.750,19.750,19.750,19.750,0,0
1523301000,19.700,19.700,19.700,19.700,900,125699
1523301240,19.700,19.700,19.700,19.700,0,0
1523301600,19.700,19.700,19.700,19.700,300,126599
1523301900,19.740,19.740,19.740,19.740,400,126899
1523302140,19.740,19.740,19.740,19.740,0,0
1523302200,19.910,19.800,19.800,19.910,11512,127299
1523302380,19.910,19.800,19.800,19.910,0,0
1523302500,19.810,19.700,19.700,19.810,3000,138811
1523302620,19.810,19.700,19.700,19.810,0,0
1523302800,19.750,19.750,19.750,19.750,1960,141811
1523302980,19.750,19.750,19.750,19.750,0,0
1523303100,19.770,19.770,19.770,19.770,1483,143771
1523303280,19.760,19.760,19.760,19.760,0,0
1523303400,19.790,19.790,19.790,19.790,1582,145254
1523303460,19.790,19.790,19.790,19.790,0,0
1523303580,19.750,19.750,19.750,19.750,0,0
1523303640,19.790,19.790,19.790,19.790,0,0
1523303700,19.700,19.700,19.700,19.700,6344,146836
1523303760,19.700,19.700,19.700,19.700,0,0
1523303820,19.700,19.700,19.700,19.700,0,0
1523303880,19.700,19.710,19.700,19.710,0,0
1523303940,19.710,19.730,19.710,19.740,0,0
1523367000,19.930,19.960,19.930,19.960,3842,0
1523367120,20.030,20.030,20.030,20.030,0,0
1523367180,19.980,19.980,19.980,19.980,0,0
1523367240,19.980,19.980,19.980,19.980,0,0
1523367300,19.980,19.980,19.980,19.980,10265,3842
1523367360,20.040,20.040,20.040,20.040,0,0
1523367540,20.260,20.230,20.230,20.260,0,0
1523367600,20.350,20.350,20.350,20.350,1565,14107
1523367660,20.350,20.350,20.350,20.350,0,0
1523367840,20.350,20.350,20.350,20.350,0,0
1523367900,20.200,20.260,20.200,20.260,4111,15672
1523367960,20.250,20.330,20.250,20.330,0,0
1523368140,20.330,20.330,20.330,20.330,0,0
1523368200,20.410,20.350,20.350,20.410,8609,19783
1523368260,20.420,20.420,20.420,20.420,0,0
1523368380,20.400,20.400,20.400,20.400,0,0
1523368440,20.380,20.380,20.380,20.380,0,0
1523368500,20.400,20.400,20.400,20.400,4994,28392
1523368560,20.400,20.400,20.400,20.400,0,0
1523368620,20.400,20.390,20.390,20.400,0,0
1523368740,20.410,20.410,20.410,20.410,0,0
1523368800,20.350,20.350,20.350,20.350,14618,33386
1523368860,20.320,20.390,20.320,20.390,0,0
1523368920,20.440,20.440,20.440,20.440,0,0
1523369040,20.530,20.550,20.520,20.550,0,0
1523369100,20.700,20.710,20.700,20.710,5218,48004
1523369160,20.650,20.650,20.650,20.650,0,0
1523369280,20.670,20.670,20.670,20.670,0,0
1523369340,20.640,20.640,20.640,20.640,0,0
1523369400,20.650,20.650,20.650,20.650,1695,53222
1523369460,20.650,20.650,20.650,20.650,0,0
1523369520,20.460,20.500,20.460,20.500,0,0
1523369580,20.510,20.510,20.510,20.510,0,0
1523369700,20.460,20.460,20.460,20.460,3367,54917
1523369760,20.460,20.460,20.460,20.460,0,0
1523370000,20.390,20.390,20.390,20.390,500,58284
1523370060,20.390,20.390,20.390,20.390,0,0
1523370300,20.400,20.400,20.400,20.400,3950,58784
1523370480,20.380,20.360,20.360,20.380,0,0
1523370540,20.330,20.330,20.330,20.330,0,0
1523370900,20.100,20.150,20.100,20.150,9952,62734
1523370960,20.100,20.150,20.100,20.150,0,0
1523371080,20.050,20.050,20.050,20.050,0,0
1523371200,20.120,20.120,20.120,20.120,990,72686
1523371260,20.120,20.120,20.120,20.120,0,0
1523371500,20.260,20.270,20.260,20.270,2528,73676
1523371560,20.260,20.270,20.260,20.270,0,0
1523371800,20.200,20.200,20.200,20.200,1200,76204
1523371860,20.200,20.200,20.200,20.200,0,0
1523372100,20.160,20.160,20.160,20.160,330,77404
1523372280,20.160,20.160,20.160,20.160,0,0
1523372400,20.120,20.120,20.120,20.120,329,77734
1523372460,20.120,20.120,20.120,20.120,0,0
1523372700,20.110,20.110,20.110,20.110,100,78063
1523373300,20.000,20.000,20.000,20.000,3370,78163
1523373360,20.000,20.000,20.000,20.000,0,0
1523373540,19.980,20.000,19.980,20.000,0,0
1523373600,19.970,19.970,19.970,19.970,100,81533
1523373660,19.970,19.970,19.970,19.970,0,0
1523373900,20.020,20.020,20.020,20.020,1067,81633
1523373960,19.980,19.980,19.980,19.980,0,0
1523374200,20.070,20.070,20.070,20.070,229,82700
1523374380,20.070,20.070,20.070,20.070,0,0
1523374800,19.990,19.990,19.990,19.990,2231,82929
1523375040,19.990,19.990,19.990,19.990,0,0
1523375400,20.020,20.020,20.020,20.020,530,85160
1523375460,20.020,20.020,20.020,20.020,0,0
1523375700,20.060,20.060,20.060,20.060,346,85690
1523375820,20.060,20.060,20.060,20.060,0,0
1523376300,20.040,20.040,20.040,20.040,535,86036
1523376540,20.040,20.040,20.040,20.040,0,0
1523376900,20.050,20.050,20.050,20.050,702,86571
1523376960,20.050,20.050,20.050,20.050,0,0
1523377200,20.010,20.010,20.010,20.010,1970,87273
1523377320,20.010,20.010,20.010,20.010,0,0
1523377500,20.010,20.010,20.010,20.010,500,89243
1523377620,20.010,20.010,20.010,20.010,0,0
1523378700,20.100,20.100,20.100,20.100,630,89743
1523378940,20.100,20.100,20.100,20.100,0,0
1523379000,20.070,20.070,20.070,20.070,1077,90373
1523379060,20.070,20.070,20.070,20.070,0,0
1523379240,19.980,19.980,19.980,19.980,0,0
1523379600,20.070,20.070,20.070,20.070,691,91450
1523379840,20.070,20.070,20.070,20.070,0,0
1523380200,20.090,20.090,20.090,20.090,601,92141
1523380320,20.090,20.090,20.090,20.090,0,0
1523380800,20.060,20.060,20.060,20.060,2010,92742
1523380920,20.060,20.060,20.060,20.060,0,0
1523381700,20.060,20.060,20.060,20.060,212,94752
1523382000,20.060,20.060,20.060,20.060,300,94964
1523382300,20.050,20.050,20.050,20.050,385,95264
1523382480,20.050,20.050,20.050,20.050,0,0
1523383200,20.050,20.050,20.050,20.050,809,95649
1523383320,20.050,20.050,20.050,20.050,0,0
1523383500,20.090,20.100,20.090,20.100,351,96458
1523383680,20.090,20.100,20.090,20.100,0,0
1523383800,20.100,20.100,20.100,20.100,2620,96809
1523384040,20.100,20.100,20.100,20.100,0,0
1523384100,20.100,20.100,20.100,20.100,3201,99429
1523384160,20.100,20.100,20.100,20.100,0,0
1523384280,20.070,20.070,20.070,20.070,0,0
1523384700,20.050,20.050,20.050,20.050,520,102630
1523384880,20.050,20.050,20.050,20.050,0,0
1523385000,20.070,20.070,20.070,20.070,160,103150
1523385120,20.070,20.070,20.070,20.070,0,0
1523385300,20.070,20.070,20.070,20.070,320,103310
1523385420,20.070,20.070,20.070,20.070,0,0
1523385600,20.040,20.040,20.040,20.040,1438,103630
1523385660,20.040,20.040,20.040,20.040,0,0
1523385900,20.000,20.000,20.000,20.000,773,105068
1523386200,20.000,20.000,20.000,20.000,200,105841
1523386260,20.000,20.000,20.000,20.000,0,0
1523386440,20.000,20.000,20.000,20.000,0,0
1523386500,20.010,20.010,20.010,20.010,3889,106041
1523386620,19.930,19.930,19.930,19.930,0,0
1523387100,20.000,20.000,20.000,20.000,101,109930
1523387280,20.000,20.000,20.000,20.000,0,0
1523387700,19.990,19.990,19.990,19.990,637,110031
1523387760,19.990,19.990,19.990,19.990,0,0
1523388000,20.040,20.040,20.040,20.040,930,110668
1523388060,20.040,20.040,20.040,20.040,0,0
1523388120,20.030,20.030,20.030,20.030,0,0
1523388300,20.060,20.060,20.060,20.060,720,111598
1523388540,20.060,20.060,20.060,20.060,0,0
1523388600,20.090,20.080,20.080,20.090,3132,112318
1523388660,20.090,20.080,20.080,20.090,0,0
1523388780,20.050,20.050,20.050,20.050,0,0
1523388840,20.010,20.010,20.010,20.010,0,0
1523388900,20.040,20.040,20.040,20.040,1600,115450
1523389020,20.040,20.040,20.040,20.040,0,0
1523389800,20.060,20.060,20.060,20.060,2706,117050
1523389920,20.060,20.060,20.060,20.060,0,0
1523389980,20.070,20.030,20.030,20.070,0,0
1523390040,20.040,20.040,20.040,20.040,0,0
1523390100,20.060,20.060,20.060,20.060,7839,119756
1523390160,20.060,20.060,20.060,20.060,0,0
1523390220,20.030,20.030,20.030,20.030,0,0
1523390280,20.040,20.040,20.040,20.040,0,0
1523390340,19.990,20.060,19.990,20.060,0,0
1523453400,20.090,20.260,20.090,20.260,7558,0
1523453580,20.410,20.410,20.410,20.410,0,0
1523453700,20.340,20.340,20.340,20.340,1000,7558
1523453760,20.340,20.340,20.340,20.340,0,0
1523453820,20.400,20.350,20.350,20.400,0,0
1523454000,20.300,20.300,20.300,20.300,2616,8558
1523454180,20.300,20.300,20.300,20.300,0,0
1523454600,20.280,20.280,20.280,20.280,1400,11174
1523454660,20.280,20.280,20.280,20.280,0,0
1523454720,20.260,20.260,20.260,20.260,0,0
1523454780,20.330,20.330,20.330,20.330,0,0
1523454900,20.260,20.220,20.220,20.260,1600,12574
1523455020,20.260,20.220,20.220,20.260,0,0
1523455080,20.260,20.260,20.260,20.260,0,0
1523455140,20.270,20.270,20.270,20.270,0,0
1523455200,20.220,20.220,20.220,20.220,1101,14174
1523455440,20.150,20.150,20.150,20.150,0,0
1523455500,20.090,20.090,20.090,20.090,500,15275
1523455620,20.090,20.090,20.090,20.090,0,0
1523455800,20.050,20.050,20.050,20.050,851,15775
1523455920,20.050,20.050,20.050,20.050,0,0
1523456100,20.110,20.110,20.110,20.110,1839,16626
1523456280,20.110,20.110,20.110,20.110,0,0
1523456400,20.100,20.100,20.100,20.100,2397,18465
1523456520,20.100,20.100,20.100,20.100,0,0
1523456580,20.070,20.070,20.070,20.070,0,0
1523456640,20.060,20.100,20.060,20.100,0,0
1523457000,20.090,20.090,20.090,20.090,2379,20862
1523457060,20.100,20.100,20.100,20.100,0,0
1523457600,20.090,20.090,20.090,20.090,2799,23241
1523457660,20.090,20.090,20.090,20.090,0,0
1523457780,20.040,20.040,20.040,20.040,0,0
1523458200,20.030,20.040,20.030,20.040,2989,26040
1523458320,20.030,20.040,20.030,20.040,0,0
1523458380,20.040,20.040,20.040,20.040,0,0
1523458800,19.960,19.920,19.920,19.960,9332,29029
1523458920,19.960,19.920,19.920,19.960,0,0
1523459040,19.920,19.920,19.920,19.920,0,0
1523459100,19.840,19.840,19.840,19.840,2231,38361
1523459220,19.860,19.860,19.860,19.860,0,0
1523459280,19.870,19.890,19.870,19.890,0,0
1523459400,19.950,19.950,19.950,19.950,181,40592
1523459580,19.950,19.950,19.950,19.950,0,0
1523459700,20.010,20.010,20.010,20.010,209,40773
1523460000,19.990,19.990,19.990,19.990,700,40982
1523460240,19.990,19.990,19.990,19.990,0,0
1523460300,20.040,20.040,20.040,20.040,300,41682
1523460360,20.040,20.040,20.040,20.040,0,0
1523460600,20.000,20.000,20.000,20.000,300,41982
1523460720,20.000,20.000,20.000,20.000,0,0
1523460900,19.990,19.990,19.990,19.990,312,42282
1523461140,19.990,19.990,19.990,19.990,0,0
1523461800,20.030,20.030,20.030,20.030,822,42594
1523461980,20.030,20.030,20.030,20.030,0,0
1523462100,20.050,20.050,20.050,20.050,400,43416
1523462280,20.050,20.050,20.050,20.050,0,0
1523462400,20.020,20.020,20.020,20.020,1102,43816
1523463000,20.040,20.040,20.040,20.040,1091,44918
1523463060,20.040,20.040,20.040,20.040,0,0
1523463180,20.010,20.010,20.010,20.010,0,0
1523463900,20.060,20.060,20.060,20.060,930,46009
1523464020,20.060,20.060,20.060,20.060,0,0
1523464200,19.990,19.990,19.990,19.990,691,46939
1523464440,19.990,19.990,19.990,19.990,0,0
1523465100,19.970,19.970,19.970,19.970,640,47630
1523465160,19.970,19.970,19.970,19.970,0,0
1523465400,19.900,19.900,19.900,19.900,900,48270
1523465520,19.900,19.900,19.900,19.900,0,0
1523466000,19.950,19.950,19.950,19.950,205,49170
1523466120,19.950,19.950,19.950,19.950,0,0
1523466900,20.020,20.020,20.020,20.020,709,49375
1523467020,20.020,20.020,20.020,20.020,0,0
1523467140,20.040,20.040,20.040,20.040,0,0
1523468100,20.090,20.090,20.090,20.090,556,50084
1523468700,20.110,20.110,20.110,20.110,110,50640
1523468880,20.110,20.110,20.110,20.110,0,0
1523469600,20.070,20.070,20.070,20.070,1072,50750
1523469840,20.070,20.070,20.070,20.070,0,0
1523469900,20.020,20.020,20.020,20.020,206,51822
1523470080,20.020,20.020,20.020,20.020,0,0
1523470200,20.000,20.000,20.000,20.000,800,52028
1523470260,20.000,20.000,20.000,20.000,0,0
1523470320,20.010,20.010,20.010,20.010,0,0
1523470800,20.140,20.140,20.140,20.140,377,52828
1523471400,20.190,20.190,20.190,20.190,2705,53205
1523471520,20.210,20.210,20.210,20.210,0,0
1523471700,20.160,20.160,20.160,20.160,604,55910
1523471760,20.160,20.160,20.160,20.160,0,0
1523472000,20.180,20.180,20.180,20.180,293,56514
1523473200,20.080,20.080,20.080,20.080,1652,56807
1523473260,20.080,20.080,20.080,20.080,0,0
1523473800,20.070,20.070,20.070,20.070,900,58459
1523473920,20.070,20.070,20.070,20.070,0,0
1523474400,20.100,20.100,20.100,20.100,485,59359
1523474520,20.100,20.100,20.100,20.100,0,0
1523474700,20.070,20.070,20.070,20.070,612,59844
1523474760,20.070,20.070,20.070,20.070,0,0
1523475600,20.100,20.100,20.100,20.100,712,60456
1523475720,20.100,20.100,20.100,20.100,0,0
1523476200,20.080,20.080,20.080,20.080,1172,61168
1523476260,20.090,20.060,20.060,20.090,0,0
1523476380,20.040,20.040,20.040,20.040,0,0
1523476500,20.040,20.040,20.040,20.040,3030,62340
1523476560,20.030,20.030,20.030,20.030,0,0
1523476620,19.950,19.960,19.950,19.960,0,0
1523476680,19.930,19.930,19.930,19.930,0,0
1523476740,19.930,19.970,19.930,19.970,0,0
1523539800,19.920,19.920,19.920,19.920,0,0
1523540100,19.830,19.830,19.830,19.830,2521,0
1523540160,19.830,19.830,19.830,19.830,0,0
1523540220,19.890,19.890,19.890,19.890,0,0
1523540280,19.810,19.800,19.800,19.810,0,0
1523541300,19.890,19.890,19.890,19.890,1973,2521
1523541360,19.890,19.890,19.890,19.890,0,0
1523541600,19.860,19.860,19.860,19.860,860,4494
1523541720,19.860,19.860,19.860,19.860,0,0
1523541900,19.770,19.770,19.770,19.770,1756,5354
1523541960,19.770,19.770,19.770,19.770,0,0
1523542800,19.790,19.790,19.790,19.790,600,7110
1523543400,19.840,19.840,19.840,19.840,2671,7710
1523543520,19.840,19.840,19.840,19.840,0,0
1523544000,19.930,19.930,19.930,19.930,2848,10381
1523544240,19.930,19.930,19.930,19.930,0,0
1523544300,19.890,19.890,19.890,19.890,1140,13229
1523544540,19.890,19.890,19.890,19.890,0,0
1523544600,19.760,19.760,19.760,19.760,2170,14369
1523544720,19.760,19.760,19.760,19.760,0,0
1523544840,19.640,19.700,19.640,19.700,0,0
1523545500,19.840,19.840,19.840,19.840,1111,16539
1523545800,19.800,19.800,19.800,19.800,3154,17650
1523546040,19.770,19.770,19.770,19.770,0,0
1523546100,19.810,19.810,19.810,19.810,14706,20804
1523546160,19.910,19.870,19.870,19.910,0,0
1523546400,19.880,19.880,19.880,19.880,1465,35510
1523546580,19.880,19.880,19.880,19.880,0,0
1523547000,19.920,19.920,19.920,19.920,300,36975
1523547060,19.920,19.920,19.920,19.920,0,0
1523547600,19.930,19.930,19.930,19.930,250,37275
1523547660,19.930,19.930,19.930,19.930,0,0
1523548500,20.000,20.000,20.000,20.000,1553,37525
1523548620,20.000,20.000,20.000,20.000,0,0
1523549400,20.010,20.010,20.010,20.010,2100,39078
1523549460,20.010,20.010,20.010,20.010,0,0
1523549580,19.980,19.980,19.980,19.980,0,0
1523550300,20.020,20.020,20.020,20.020,900,41178
1523550360,20.020,20.020,20.020,20.020,0,0
1523551500,20.060,20.060,20.060,20.060,1512,42078
1523551620,20.060,20.060,20.060,20.060,0,0
1523552100,19.950,19.950,19.950,19.950,1800,43590
1523552220,19.950,19.950,19.950,19.950,0,0
1523552400,19.990,19.990,19.990,19.990,608,45390
1523552520,19.990,19.990,19.990,19.990,0,0
1523552700,19.990,19.990,19.990,19.990,120,45998
1523552880,19.990,19.990,19.990,19.990,0,0
1523553000,19.960,19.960,19.960,19.960,299,46118
1523553240,19.960,19.960,19.960,19.960,0,0
1523553300,19.840,19.840,19.840,19.840,801,46417
1523553480,19.840,19.840,19.840,19.840,0,0
1523554200,19.840,19.920,19.840,19.920,5450,47218
1523554320,20.020,20.020,20.020,20.020,0,0
1523554500,19.920,19.920,19.920,19.920,500,52668
1523554620,19.920,19.920,19.920,19.920,0,0
1523554680,19.910,19.910,19.910,19.910,0,0
1523555100,19.930,19.930,19.930,19.930,608,53168
1523555280,19.930,19.930,19.930,19.930,0,0
1523555400,19.850,19.850,19.850,19.850,1705,53776
1523555520,19.850,19.850,19.850,19.850,0,0
1523555700,19.760,19.760,19.760,19.760,5036,55481
1523555940,19.760,19.760,19.760,19.760,0,0
1523556000,19.690,19.760,19.690,19.760,15968,60517
1523556120,19.630,19.680,19.630,19.680,0,0
1523556180,19.640,19.640,19.640,19.640,0,0
1523556240,19.670,19.670,19.670,19.670,0,0
1523556300,19.670,19.670,19.670,19.670,1400,76485
1523556600,19.700,19.700,19.700,19.700,1103,77885
1523556840,19.730,19.730,19.730,19.730,0,0
1523556900,19.700,19.610,19.610,19.700,16239,78988
1523556960,19.700,19.610,19.610,19.700,0,0
1523557020,19.570,19.590,19.560,19.590,0,0
1523557080,19.620,19.620,19.620,19.620,0,0
1523557800,19.690,19.690,19.690,19.690,1201,95227
1523558400,19.660,19.660,19.660,19.660,600,96428
1523558580,19.660,19.660,19.660,19.660,0,0
1523558700,19.640,19.500,19.500,19.640,11406,97028
1523558820,19.640,19.500,19.500,19.640,0,0
1523558940,19.530,19.500,19.500,19.530,0,0
1523559000,19.500,19.590,19.500,19.590,7060,108434
1523559240,19.500,19.590,19.500,19.590,0,0
1523559300,19.570,19.580,19.570,19.580,4410,115494
1523559480,19.610,19.610,19.610,19.610,0,0
1523559540,19.650,19.650,19.650,19.650,0,0
1523559600,19.630,19.630,19.630,19.630,1947,119904
1523559840,19.630,19.630,19.630,19.630,0,0
1523559900,19.590,19.590,19.590,19.590,1554,121851
1523560020,19.590,19.590,19.590,19.590,0,0
1523560140,19.590,19.600,19.590,19.600,0,0
1523560200,19.590,19.590,19.590,19.590,3455,123405
1523560260,19.610,19.610,19.610,19.610,0,0
1523560380,19.690,19.690,19.690,19.690,0,0
1523560500,19.710,19.710,19.710,19.710,201,126860
1523560680,19.710,19.710,19.710,19.710,0,0
1523561400,19.760,19.760,19.760,19.760,2520,127061
1523561460,19.760,19.760,19.760,19.760,0,0
1523561520,19.750,19.750,19.750,19.750,0,0
1523561700,19.730,19.730,19.730,19.730,1415,129581
1523561760,19.730,19.730,19.730,19.730,0,0
1523561880,19.720,19.720,19.720,19.720,0,0
1523562000,19.740,19.740,19.740,19.740,100,130996
1523562300,19.700,19.700,19.700,19.700,2755,131096
1523562360,19.690,19.710,19.690,19.710,0,0
1523562420,19.620,19.620,19.620,19.620,0,0
1523562600,19.660,19.660,19.660,19.660,1500,133851
1523562780,19.650,19.650,19.650,19.650,0,0
1523562840,19.670,19.670,19.670,19.670,0,0
1523562900,19.710,19.700,19.700,19.710,5955,135351
1523562960,19.710,19.700,19.700,19.710,0,0
1523563020,19.690,19.690,19.690,19.690,0,0
1523563080,19.680,19.700,19.680,19.700,0,0
1523563140,19.700,19.750,19.690,19.750,0,0
